id,url,autor_nome,autor_handle,data,texto,eh_resposta,respostas,retweets,curtidas,visualizacoes,erro
1619834814756171777,https://x.com/i/web/status/1619834814756171777,Jair M. Bolsonaro,@jairbolsonaro,2023-01-29T23:08:09.000Z,"- Implementado pelo Governo 
@jairbolsonaro
 o Pix movimentou R$ 10,9 trilhões em 2022.

- A ferramenta de interesse mundial evita gastos com taxas bancárias, aliviando o bolso do Brasileiro e desburocratiza mais um serviço no Brasil.",nao,5284 Replies. Reply,6224 reposts. Repost,43086 Likes. Like,"1.7M
 Views",
1619693539373486080,https://x.com/i/web/status/1619693539373486080,Jair M. Bolsonaro,@jairbolsonaro,2023-01-29T13:46:46.000Z,"- Contas do Governo 
@jairbolsonaro
 registraram superávit primário de R$54,1 bilhões em 2022.

- É o 1• resultado positivo nas contas públicas em 8 anos. 

- O fato considera todas as receitas e despesas do governo, excluindo os gastos com o pagamento de juros da dívida pública.",nao,3020 Replies. Reply,5461 reposts. Repost,31758 Likes. Like,"1M
 Views",
1619432905306157056,https://x.com/i/web/status/1619432905306157056,Jair M. Bolsonaro,@jairbolsonaro,2023-01-28T20:31:06.000Z,"- A verdade Yanomami: nunca um Governo dispensou tanta atenção e meios aos indígenas como Jair Bolsonaro. 
bityli.com/AtPB0",nao,7732 Replies. Reply,9158 reposts. Repost,52080 Likes. Like,"2.7M
 Views",
1619306494452981760,https://x.com/i/web/status/1619306494452981760,Jair M. Bolsonaro,@jairbolsonaro,2023-01-28T12:08:48.000Z,"- É uma grande revolução, que vai ajudar muito o cidadão comum além do o pequeno e grande empresário, facilitando negócios como a compra da casa própria, já que custos cartoriais serão reduzidos e feitura de certidões de nascimento com as mamães ainda na maternidade.",nao,321 Replies. Reply,2157 reposts. Repost,14252 Likes. Like,"335.7K
 Views",
1619306492544577536,https://x.com/i/web/status/1619306492544577536,Jair M. Bolsonaro,@jairbolsonaro,2023-01-28T12:08:47.000Z,"- A matéria muda a concepção do sistema, saindo de um sistema cartorial local para um sistema cartorial nacional.",nao,147 Replies. Reply,1779 reposts. Repost,13861 Likes. Like,"354.2K
 Views",
1619306491030405122,https://x.com/i/web/status/1619306491030405122,Jair M. Bolsonaro,@jairbolsonaro,2023-01-28T12:08:47.000Z,"- Todo brasileiro poderá acessar registros públicos pela internet, dentro da sua casa. Até hoje mais da metade dos cartórios do país sequer têm página na internet, o que obriga as pessoas a irem aos locais físicos.",nao,144 Replies. Reply,2302 reposts. Repost,14010 Likes. Like,"267K
 Views",
1619306489432375301,https://x.com/i/web/status/1619306489432375301,Jair M. Bolsonaro,@jairbolsonaro,2023-01-28T12:08:46.000Z,"- The Electronic System of Public Records (Serp) modernizes notarial services in the country.

- The MP, transformed into Law 14.382/2022 and drafted by the Jair Bolsonaro Government, establishes the implementation of the Serp, allowing notarial service users to be served via the internet.",nao,114 Replies. Reply,1496 reposts. Repost,10033 Likes. Like,"237.8K
 Views",
1619306487863734272,https://x.com/i/web/status/1619306487863734272,Jair M. Bolsonaro,@jairbolsonaro,2023-01-28T12:08:46.000Z,"- Online notaries system comes into effect on 01/31/2023;

- This is one of the most important microeconomic measures implemented in Brazil: debureaucratization, ease, simplification in the lives of people and companies. It will also boost credit and reduce interest rates.",nao,3508 Replies. Reply,6999 reposts. Repost,43879 Likes. Like,"1.7M
 Views",
1618951282861154304,https://x.com/i/web/status/1618951282861154304,Jair M. Bolsonaro,@jairbolsonaro,2023-01-27T12:37:19.000Z,"- Reformas microeconômicas importam. Elas melhoram o ambiente de negócios, fortalecem a segurança jurídica e atraem investimento privado gerando emprego e renda.",nao,525 Replies. Reply,2399 reposts. Repost,15277 Likes. Like,"340.9K
 Views",
1618951281141493760,https://x.com/i/web/status/1618951281141493760,Jair M. Bolsonaro,@jairbolsonaro,2023-01-27T12:37:18.000Z,"- Investimento nacional e estrangeiro diretos no país em 2022 foi o maior em 10 anos. 

- Na comparação com o tamanho da economia brasileira, os aportes alcançaram o maior nível em 22 anos.

- Crescimento de 95% em relação a 2021.",nao,4117 Replies. Reply,5061 reposts. Repost,34091 Likes. Like,"1.1M
 Views",
1618571308132110336,https://x.com/i/web/status/1618571308132110336,Jair M. Bolsonaro,@jairbolsonaro,2023-01-26T11:27:26.000Z,". 11 mil KM de malha ferroviária em reabilitação.

- Tudo que barateia e desenvolve uma estrutura sólida de infraestrutura para distribuição de insumos e alimentos para a população, criando nova logística nacional de transporte beneficiando a todos.",nao,456 Replies. Reply,2453 reposts. Repost,14305 Likes. Like,"291.2K
 Views",
1618571305120567296,https://x.com/i/web/status/1618571305120567296,Jair M. Bolsonaro,@jairbolsonaro,2023-01-26T11:27:25.000Z,"- Governo 
@jairbolsonaro
 :

. Marco das Ferrovias: milhares de kms de trilhos na infraestrutura nacional gerando logística, emprego, desenvolvimento e preservação ao meio ambiente.

. 30 contratos para a construção de ferrovias;

 . 10 mil KM de malha ferroviária em construção;",nao,3617 Replies. Reply,5045 reposts. Repost,33598 Likes. Like,"940.2K
 Views",
1618207769441751047,https://x.com/i/web/status/1618207769441751047,Jair M. Bolsonaro,@jairbolsonaro,2023-01-25T11:22:51.000Z,"-Trata-se de exigência da Organização para a Cooperação e De senvolvimento Econômico (OCDE) para a entrada do  no grupo.

-A alíquota, que estava em 6,38%, caiu para 5,38% e cairá 1 ponto porcentual por ano até 2027, quando atingirá 1,38%. A partir de 2028 a alíquota é zerada.",nao,515 Replies. Reply,2291 reposts. Repost,13809 Likes. Like,"336K
 Views",
1618207768099590144,https://x.com/i/web/status/1618207768099590144,Jair M. Bolsonaro,@jairbolsonaro,2023-01-25T11:22:51.000Z,"-Imposto sobre Operações Financeiras (IOF) está mais barato a partir de Decreto do Presidente Bolsonaro. 

-O tributo passa a ter reduções progressivas ano a ano e incide sobre compras internacionais no cartão, compras nacionais, transferências ao exterior e saques internacionais",nao,3910 Replies. Reply,5300 reposts. Repost,35264 Likes. Like,"1.3M
 Views",
1617926972352651264,https://x.com/i/web/status/1617926972352651264,Jair M. Bolsonaro,@jairbolsonaro,2023-01-24T16:47:04.000Z,"Notícias em nosso canal no GETTR atualizadas também todos os dias! Inscreva-se: 
gettr.com/user/jairbolso
…",nao,349 Replies. Reply,1930 reposts. Repost,10230 Likes. Like,"282.3K
 Views",
1617872602311327745,https://x.com/i/web/status/1617872602311327745,Jair M. Bolsonaro,@jairbolsonaro,2023-01-24T13:11:01.000Z,"- Mais de 763 mil venezuelanos já entraram no País e 301 mil solicitaram regularização migratória para buscar oportunidades de emprego, dignidade e melhores condições de vida.",nao,661 Replies. Reply,3824 reposts. Repost,21736 Likes. Like,"423.9K
 Views",
1617872600587460608,https://x.com/i/web/status/1617872600587460608,Jair M. Bolsonaro,@jairbolsonaro,2023-01-24T13:11:01.000Z,"- Para garantir o atendimento humanitário aos refugiados e migrantes venezuelanos em Roraima, principal porta de entrada da Venezuela no Brasil, o governo federal criou a Operação Acolhida.",nao,510 Replies. Reply,3495 reposts. Repost,21428 Likes. Like,"466K
 Views",
1617872598993629184,https://x.com/i/web/status/1617872598993629184,Jair M. Bolsonaro,@jairbolsonaro,2023-01-24T13:11:00.000Z,"- A Operação Acolhida (RORAIMA)  FUGA DA DITADURA VENEZUELANA que geram fome, miséria e violência:

- De acordo com agências da ONU, o número de venezuelanos que deixou o país ultrapassa 5 milhões de pessoas e o Brasil é um dos destinos mais procurados por eles.",nao,5619 Replies. Reply,9115 reposts. Repost,49462 Likes. Like,"1.7M
 Views",
1616768541109223424,https://x.com/i/web/status/1616768541109223424,Jair M. Bolsonaro,@jairbolsonaro,2023-01-21T12:03:52.000Z,". Defendemos até o fim a não descriminalização do aborto e impedimos avanços na erotização de crianças nas escolas;

. Recursos do BNDES ficavam no  para investimento em energia limpa, Agronegócio, marco do saneamento básico, infraestrutura e consequentemente; saúde e emprego.",nao,1198 Replies. Reply,5175 reposts. Repost,26770 Likes. Like,"592.1K
 Views",
1616768539997659137,https://x.com/i/web/status/1616768539997659137,Jair M. Bolsonaro,@jairbolsonaro,2023-01-21T12:03:52.000Z,. Recorde de apreensões de drogas causando prejuízo ao crime organizado agilizando também a venda dos bens oriundos do tráfico revertidos no equipamento de agentes de segurança pública;,nao,697 Replies. Reply,3537 reposts. Repost,21945 Likes. Like,"560.1K
 Views",
1616768538089226240,https://x.com/i/web/status/1616768538089226240,Jair M. Bolsonaro,@jairbolsonaro,2023-01-21T12:03:52.000Z,". Redução de impostos de produtos da cesta básica, combustíveis, IPI, medicamentos de combate ao HIV e câncer, materiais hospitalares, de geração de energia limpa e de games;

. Redução histórica de desemprego em 4 anos (desburocratizações, privatizações e desestatizações);",nao,335 Replies. Reply,2204 reposts. Repost,12802 Likes. Like,"283.7K
 Views",
1616768536675860480,https://x.com/i/web/status/1616768536675860480,Jair M. Bolsonaro,@jairbolsonaro,2023-01-21T12:03:51.000Z,". Aumento histórico de 33,24% para os professores do ensino básico;

. Impostos do diesel e do gás do cozinha zerados em nossa gestão;

. Desconto de cerca de 92% da dívida do FIES e facilitação máxima no pagamento restante (programa criado na década de 80);",nao,8756 Replies. Reply,9330 reposts. Repost,59529 Likes. Like,"2M
 Views",
1616580168750927872,https://x.com/i/web/status/1616580168750927872,Jair M. Bolsonaro,@jairbolsonaro,2023-01-20T23:35:21.000Z,"- Informações de nosso canal no Telegram atualizadas. Confira: 
t.me/jairbolsonarob
…",nao,5355 Replies. Reply,4137 reposts. Repost,38240 Likes. Like,"2M
 Views",
1616409832751525888,https://x.com/i/web/status/1616409832751525888,Jair M. Bolsonaro,@jairbolsonaro,2023-01-20T12:18:30.000Z,"- Saiba detalhes: 
gov.br/casacivil/pt-b
…",nao,374 Replies. Reply,1849 reposts. Repost,12236 Likes. Like,"339.9K
 Views",
1616409831128055808,https://x.com/i/web/status/1616409831128055808,Jair M. Bolsonaro,@jairbolsonaro,2023-01-20T12:18:29.000Z,"- With this, we contribute to the economic-financial sustainability of institutions and to the continuity of services for those who need them.",nao,366 Replies. Reply,1977 reposts. Repost,15187 Likes. Like,"424.2K
 Views",
1616409829781737478,https://x.com/i/web/status/1616409829781737478,Jair M. Bolsonaro,@jairbolsonaro,2023-01-20T12:18:29.000Z,"- LEGISLAÇÃO dezembro / 22: Contribuindo com a manutenção dos serviços prestados pelos HOSPITAIS e SANTAS CASAS que atuam de forma complementar junto ao Sistema Único de Saúde (SUS), o Governo 
@jairbolsonaro
 repassou recursos na ordem de R$ 2 bilhões a esses setores.",nao,2442 Replies. Reply,4721 reposts. Repost,31036 Likes. Like,"1M
 Views",
1616045766367133698,https://x.com/i/web/status/1616045766367133698,Jair M. Bolsonaro,@jairbolsonaro,2023-01-19T12:11:50.000Z,"- Dados oriundos do do Boletim Mensal de Energia.

. Detalhes 1: 
bityli.com/Y4sIB

. Detalhes 2: 
bityli.com/vJJXF",nao,214 Replies. Reply,1570 reposts. Repost,10379 Likes. Like,"302.1K
 Views",
1616045765213782016,https://x.com/i/web/status/1616045765213782016,Jair M. Bolsonaro,@jairbolsonaro,2023-01-19T12:11:49.000Z,"- Governo 
@jairbolsonaro
 : com a diminuição de impostos em produtos geradores de energia solar, com o marco legal da geração própria de energia, além do investimento que tornará a região mais humilde do país em exportadora de energia limpa também para o mundo.",nao,348 Replies. Reply,2846 reposts. Repost,16632 Likes. Like,"405.7K
 Views",
1616045763947073537,https://x.com/i/web/status/1616045763947073537,Jair M. Bolsonaro,@jairbolsonaro,2023-01-19T12:11:49.000Z,"- Geração de energia por fontes renováveis (hidráulica, solar e eólica) cresceu gigantescamente em 2022.

- Desde 2020, o BNDES já financiou mais de R$ 3 bilhões em projetos de parques eólicos no nordeste brasileiro (PI, PE) e MG, sendo mais de 14 unidades em território nacional.",nao,3099 Replies. Reply,6383 reposts. Repost,42281 Likes. Like,"1.4M
 Views",
1615645545120387077,https://x.com/i/web/status/1615645545120387077,Jair M. Bolsonaro,@jairbolsonaro,2023-01-18T09:41:29.000Z,"- Outro dado positivo foi que 85% da comunidade respondeu satisfatoriamente ao ambiente escoltar após a mudança para o modelo do Pecim.

- 202 escolas atendendo cerca de 120 mil alunos. Programa é nacional com presença em todas as unidades da federação.
bityli.com/uwK9Z",nao,646 Replies. Reply,3912 reposts. Repost,24345 Likes. Like,"532.1K
 Views",
1615645543698685952,https://x.com/i/web/status/1615645543698685952,Jair M. Bolsonaro,@jairbolsonaro,2023-01-18T09:41:29.000Z,"- Dados do MEC apontam que a violência física foi reduzida em 82%, a violência verbal diminuída em 75% e a violência patrimonial em 82%. A mesma pesquisa constatou que a evasão e o abandono escolar diminuíram em quase 80%.",nao,631 Replies. Reply,3894 reposts. Repost,24278 Likes. Like,"575.4K
 Views",
1615645542326870020,https://x.com/i/web/status/1615645542326870020,Jair M. Bolsonaro,@jairbolsonaro,2023-01-18T09:41:29.000Z,"- 2022 / Educação| O Modelo de Escola Cívico-Militar (Pecim) atende estudantes em situação de vulnerabilidade socioeconômica, com o objetivo de reduzir a evasão, a repetência e o abandono escolar.",nao,4302 Replies. Reply,6662 reposts. Repost,44730 Likes. Like,"2M
 Views",
1615335692464160768,https://x.com/i/web/status/1615335692464160768,Jair M. Bolsonaro,@jairbolsonaro,2023-01-17T13:10:15.000Z,"- Government 
@jairbolsonaro
 (19/22).  
Even with all the historical difficulties faced (war, pandemic, and many other factors), here are some more advances from our administration. Watch!",nao,8083 Replies. Reply,8980 reposts. Repost,55690 Likes. Like,"1.4M
 Views",
1614964930179989504,https://x.com/i/web/status/1614964930179989504,Jair M. Bolsonaro,@jairbolsonaro,2023-01-16T12:36:58.000Z,"- MAIS UMA HERANÇA BENDITA: Governo 
@jairbolsonaro
 deixa R$ 82 bilhões em investimentos contratados para 2023.

- O Programa de Parcerias de Investimentos (PPI) contribuindo para o PIB em 2023.

- Avanços jamais vistos em Empregos, no desenvolvimento e na infraestrutura!",nao,7228 Replies. Reply,9501 reposts. Repost,59826 Likes. Like,"2.5M
 Views",
1614624803503341575,https://x.com/i/web/status/1614624803503341575,Jair M. Bolsonaro,@jairbolsonaro,2023-01-15T14:05:26.000Z,"- RIO GRANDE DO NORTE / Barragem de Oiticica: Casas novas, águas da transposição do Rio São Francisco e relatos de moradores com as benfeitorias. ASSISTA:",nao,4662 Replies. Reply,8478 reposts. Repost,47689 Likes. Like,"1.4M
 Views",
1614251551496732673,https://x.com/i/web/status/1614251551496732673,Jair M. Bolsonaro,@jairbolsonaro,2023-01-14T13:22:15.000Z,- Sem canetadas e conchavos (19/22):,nao,8260 Replies. Reply,12047 reposts. Repost,63832 Likes. Like,"2.2M
 Views",
1613852059752693761,https://x.com/i/web/status/1613852059752693761,Jair M. Bolsonaro,@jairbolsonaro,2023-01-13T10:54:49.000Z,"- PELA PRIMEIRA VEZ NA HISTÓRIA a inflação brasileira fecha o ano ABAIXO da inflação dos EUA e da zona do Euro.

- Resultado direto de nossa política econômica de consolidação fiscal, redução de impostos, desburocratizações e reformas pró-mercado para aumento da produtividade.",nao,16054 Replies. Reply,14194 reposts. Repost,91074 Likes. Like,"4.5M
 Views",
1613470830222270464,https://x.com/i/web/status/1613470830222270464,Jair M. Bolsonaro,@jairbolsonaro,2023-01-12T09:39:57.000Z,"- Ações beneficiarão 30 milhões de pessoas com água tratada, esgotamento sanitário e gestão de residuos sólidos (meio ambiente, emprego, saúde, desenvolvimento e educação)

- Detalhes: 
gov.br/pt-br/noticias
…",nao,1671 Replies. Reply,6059 reposts. Repost,35144 Likes. Like,"1.1M
 Views",
1613470828829593600,https://x.com/i/web/status/1613470828829593600,Jair M. Bolsonaro,@jairbolsonaro,2023-01-12T09:39:57.000Z,"- The Government 
@jairbolsonaro
 leveraged investments in sanitation through the Legal Framework and delivered more than 640 works across the Country.",nao,12441 Replies. Reply,9130 reposts. Repost,66724 Likes. Like,"3.8M
 Views",
1613308476805218304,https://x.com/i/web/status/1613308476805218304,Jair M. Bolsonaro,@jairbolsonaro,2023-01-11T22:54:49.000Z,"- Telegram do dia atualizado. Junte-se a nós! 
t.me/jairbolsonarob
…",nao,1198 Replies. Reply,2748 reposts. Repost,21003 Likes. Like,"687.5K
 Views",
1613153065846161411,https://x.com/i/web/status/1613153065846161411,Jair M. Bolsonaro,@jairbolsonaro,2023-01-11T12:37:16.000Z,"- AGRONEGÓCIO: Regularização fundiária durante o Governo Jair Bolsonaro alcançou mais um recorde e beneficiou quase meio milhão de famílias no Brasil (agricultura familiar).

- Foram mais títulos de propriedade entregues que todos os governos anteriores somados desde 2002.",nao,8920 Replies. Reply,8452 reposts. Repost,59476 Likes. Like,"2.6M
 Views",
1612802036520685569,https://x.com/i/web/status/1612802036520685569,Jair M. Bolsonaro,@jairbolsonaro,2023-01-10T13:22:24.000Z,"- A moeda brasileira terminou o ano passado com elevação de 5,62%. O movimento ocorreu a despeito das turbulências globais.

- Mais uma prova do acerto da política econômica implementada no Brasil entre 2019 e 2022.",nao,1460 Replies. Reply,3359 reposts. Repost,23676 Likes. Like,"995.7K
 Views",
1612802035195183106,https://x.com/i/web/status/1612802035195183106,Jair M. Bolsonaro,@jairbolsonaro,2023-01-10T13:22:24.000Z,"- Real tem a melhor performance em 2022 entre 33 moedas globais.

- O real é a moeda que mais se valorizou em relação ao dólar em 2022, numa cesta com 33 das principais divisas globais.",nao,9997 Replies. Reply,6896 reposts. Repost,52182 Likes. Like,"3.1M
 Views",
1612600119504814081,https://x.com/i/web/status/1612600119504814081,Jair M. Bolsonaro,@jairbolsonaro,2023-01-10T00:00:03.000Z,"- After the stabbing I suffered in Juiz de Fora/MG, I underwent 5 surgeries. Since the last one, twice I had adhesions that led me to other medical procedures.
- Yesterday, a new adhesion and hospital discharge in Orlando/USA.
- Grateful for the prayers and messages for a prompt recovery.",nao,50069 Replies. Reply,22597 reposts. Repost,143304 Likes. Like,"10M
 Views",
1612444120701714435,https://x.com/i/web/status/1612444120701714435,Jair M. Bolsonaro,@jairbolsonaro,2023-01-09T13:40:10.000Z,"35- 130 Escolas Cívico-Militares

36- mais de 2.500 Obras Escolares

37- Revogaço (23 mil atos revogados)",nao,2504 Replies. Reply,2963 reposts. Repost,22124 Likes. Like,"1.1M
 Views",
1612444119154184195,https://x.com/i/web/status/1612444119154184195,Jair M. Bolsonaro,@jairbolsonaro,2023-01-09T13:40:10.000Z,"32- Nova Lei Rouneat (encaminhamento de recursos para quem realmente necessita)

33- Programa Lixão Zero (mais de 800 lixões fechados e ordenamento para reciclagem)

34- Programa Wi-Fi Brasil (14,5 mil pontos) (escolas, hospitais e locais públicos)",nao,624 Replies. Reply,2658 reposts. Repost,21139 Likes. Like,"1.1M
 Views",
1612444117547499522,https://x.com/i/web/status/1612444117547499522,Jair M. Bolsonaro,@jairbolsonaro,2023-01-09T13:40:10.000Z,"27- DTe Caminhoneiros (desburocratizações e economia ao usuário)

28- mais 1000 Obras de Infraestruturas Turísticas Concluídas

29- Convite OCDE

30- Disque Direitos Humanos (Disque 100)

31- Central de Atendimento à Mulher (Disque 180)",nao,324 Replies. Reply,1688 reposts. Repost,12411 Likes. Like,"607.8K
 Views",
1612444116004261890,https://x.com/i/web/status/1612444116004261890,Jair M. Bolsonaro,@jairbolsonaro,2023-01-09T13:40:09.000Z,"23- Over 231 thousand homes in the Northeast

24- IMF: Smart Reallocation of Pandemic Resources

25- Debt Levels Pre-Pandemic (government accounts closed in the black after 9 years in the red)

26- Cabotage Framework (BR do Mar)",nao,190 Replies. Reply,1582 reposts. Repost,11908 Likes. Like,"543.3K
 Views",
1612444113940488193,https://x.com/i/web/status/1612444113940488193,Jair M. Bolsonaro,@jairbolsonaro,2023-01-09T13:40:09.000Z,"20- Programa Guardiões do Bioma (recordes de aplicações de recursos e operações no combate aos crimes ambientais)

21- Marco do câmbio (aumento do limite de $10.000 em viagens / redução gradativa do IOF)

22- Leilão 5G (tecnologia e desenvolvimento)",nao,171 Replies. Reply,1587 reposts. Repost,11560 Likes. Like,"524.5K
 Views",
1612444112648560640,https://x.com/i/web/status/1612444112648560640,Jair M. Bolsonaro,@jairbolsonaro,2023-01-09T13:40:08.000Z,"18- Programa de Apoio à Elaboração de Planos de Mobilidade Urbana Municipais (investimento direito nas cidades)

19- Programa Brasil M.A.I.S - Apoio de perícias, investigações e operações policiais (ex: expansão recorde do Banco Nacional de perfis genéticos p/ soluções de crimes)",nao,89 Replies. Reply,1143 reposts. Repost,8414 Likes. Like,"361.5K
 Views",
1612444110480379911,https://x.com/i/web/status/1612444110480379911,Jair M. Bolsonaro,@jairbolsonaro,2023-01-09T13:40:08.000Z,"15- TranformaGov - Moderniza a Gestão da Administração Pública (menos gastos ao povo e estado)

16- Auxílio-Emergencial (R$ 600,00) “fecha tudo”

17- Venda/Transferência de Veículos por meio Digital (economia e tempo)",nao,111 Respostas. Resposta,1178 reposts. Repost,8285 Curtidas. Curtida,"360,2 mil
 Visualizações",
1612444108236394496,https://x.com/i/web/status/1612444108236394496,Jair M. Bolsonaro,@jairbolsonaro,2023-01-09T13:40:07.000Z,"11-  CNH 10 Anos

12- mais de 80 Leilões / Ministério da Infraestrutura.

13- De 124ª para 65ª no Ranking Doing Business do Banco Mundial

14- Projeto de Desestatização de Portos (menos estado e interferência política na logística do dinheiro do contribuinte)",nao,118 Respostas. Resposta,1182 reposts. Repost,8260 Curtidas. Curtida,"353 mil
 Visualizações",
1612444106709426178,https://x.com/i/web/status/1612444106709426178,Jair M. Bolsonaro,@jairbolsonaro,2023-01-09T13:40:07.000Z,"6- Privatização da BR Distribuidora e Gaspetro

7- Início da Privatização dos Correios

8- Encaminhamento da Privatização TAG (Petrobras)

9- Privatização da Companhia Energética Manauara e Termoelétrica Potiguar

10- Digitalização recorde de Serviços (Reconhecimento mundial)",nao,226 Respostas. Resposta,1191 reposts. Repost,7876 Curtidas. Curtida,"367,5 mil
 Visualizações",
1612444105207947266,https://x.com/i/web/status/1612444105207947266,Jair M. Bolsonaro,@jairbolsonaro,2023-01-09T13:40:07.000Z,"MAIS SOBRE 2019-2022:

1- Extinção de 27 mil cargos

2- Privatização CODESA (Portos) (1• na história / Espírito Santo)

3- Programa Pró-Trilhos (recuperação histórica com iniciativa privada)

4- CNH 40 pontos

5- Marco do Gás (imposto federal zerado sob o gás de cozinha)",nao,10627 Respostas. Resposta,7462 reposts. Repost,46875 Curtidas. Curtida,"3,4 mi
 Visualizações",
1612242022143762433,https://x.com/i/web/status/1612242022143762433,Jair M. Bolsonaro,@jairbolsonaro,2023-01-09T00:17:06.000Z,"- No mais, repudio as acusações, sem provas, a mim atribuídas por parte do atual chefe do executivo do Brasil.",nao,12030 Respostas. Resposta,14485 reposts. Repost,107557 Curtidas. Curtida,"4,5 mi
 Visualizações",
1612242020961062912,https://x.com/i/web/status/1612242020961062912,Jair M. Bolsonaro,@jairbolsonaro,2023-01-09T00:17:06.000Z,"- Ao longo do meu mandato, sempre estive dentro das quatro linhas da Constituição respeitando e defendendo as leis, a democracia, a transparência e a nossa sagrada liberdade.",nao,7156 Respostas. Resposta,12632 reposts. Repost,98395 Curtidas. Curtida,"4,4 mi
 Visualizações",
1612242019564548097,https://x.com/i/web/status/1612242019564548097,Jair M. Bolsonaro,@jairbolsonaro,2023-01-09T00:17:06.000Z,"- Manifestações pacíficas, na forma da lei, fazem parte da democracia. Contudo, depredações e invasões de prédios públicos como ocorridos no dia de hoje, assim como os praticados pela esquerda em 2013 e 2017, fogem à regra.",nao,53106 Respostas. Resposta,35937 reposts. Repost,188300 Curtidas. Curtida,"17 mi
 Visualizações",
1612095792076005377,https://x.com/i/web/status/1612095792076005377,Jair M. Bolsonaro,@jairbolsonaro,2023-01-08T14:36:02.000Z,- Aplicação de recursos públicos e contratação de investimentos privados asseguram modernização da logística nacional de transporte em todo o Brasil e geram 2 milhões de novos empregos nos próximos anos.,nao,1190 Respostas. Resposta,3200 reposts. Repost,27436 Curtidas. Curtida,"1,6 mi
 Visualizações",
1612095788796071938,https://x.com/i/web/status/1612095788796071938,Jair M. Bolsonaro,@jairbolsonaro,2023-01-08T14:36:01.000Z,"- Em quatro anos, o Ministério da Infraestrutura do Governo Jair Bolsonaro conclui 364 obras e garante cerca de R$ 117 bilhões para infraestrutura de transportes.",nao,9111 Respostas. Resposta,8162 reposts. Repost,64773 Curtidas. Curtida,"3,8 mi
 Visualizações",
1611310678496923655,https://x.com/i/web/status/1611310678496923655,Jair M. Bolsonaro,@jairbolsonaro,2023-01-06T10:36:17.000Z,"- O  é um dos países com maior reserva de grafite, fonte do grafeno, ao lado da China e do Canadá.",nao,854 Respostas. Resposta,4319 reposts. Repost,32594 Curtidas. Curtida,"964,7 mil
 Visualizações",
1611310677297172481,https://x.com/i/web/status/1611310677297172481,Jair M. Bolsonaro,@jairbolsonaro,2023-01-06T10:36:16.000Z,"- O grafeno tem incríveis propriedades físicas, além de ser o mais leve e fino material existente, é 200 vezes mais forte do que o aço e considerado o melhor material condutor de calor e de eletricidade.",nao,468 Respostas. Resposta,3549 reposts. Repost,29048 Curtidas. Curtida,"1 mi
 Visualizações",
1611310676047466497,https://x.com/i/web/status/1611310676047466497,Jair M. Bolsonaro,@jairbolsonaro,2023-01-06T10:36:16.000Z,- A portaria prevê o desenvolvimento de nanocompósitos poliméricos com grafeno para aplicação em tratamentos cutâneos e medicina regenerativa com apoio da FINEP.,nao,214 Respostas. Resposta,2539 reposts. Repost,20408 Curtidas. Curtida,"456,7 mil
 Visualizações",
1611310674700812288,https://x.com/i/web/status/1611310674700812288,Jair M. Bolsonaro,@jairbolsonaro,2023-01-06T10:36:16.000Z,"- Em 2021, portaria do Ministério da Ciência, Tecnologia e Inovações instituiu o programa Inova Grafeno e parceria para tornar a UCSGRAPHENE uma unidade EMBRAPII, organização social do MCTI.",nao,275 Respostas. Resposta,2215 reposts. Repost,18799 Curtidas. Curtida,"451,8 mil
 Visualizações",
1611310673526493184,https://x.com/i/web/status/1611310673526493184,Jair M. Bolsonaro,@jairbolsonaro,2023-01-06T10:36:15.000Z,"- A maior fábrica de Grafeno da América Latina! É o Brasil saindo na frente!

- A UCSGRAPHENE é vinculada à Universidade de Caxias do Sul (UCS) e atua nos campos de desenvolvimento e inovação com a finalidade de utilizar o grafeno para atender a demandas da indústria nacional.",nao,7856 Respostas. Resposta,10818 reposts. Repost,72260 Curtidas. Curtida,"3,1 mi
 Visualizações",
1610965343576686594,https://x.com/i/web/status/1610965343576686594,Jair M. Bolsonaro,@jairbolsonaro,2023-01-05T11:44:02.000Z,"- Detalhes em nosso canal no Telegram: 
t.me/jairbolsonarob
…",nao,1794 Respostas. Resposta,3573 reposts. Repost,32243 Curtidas. Curtida,"1,2 mi
 Visualizações",
1610965335464710148,https://x.com/i/web/status/1610965335464710148,Jair M. Bolsonaro,@jairbolsonaro,2023-01-05T11:44:00.000Z,"- No final de 2022, assinamos MP que mantém a garantia da isenção do DPVAT 2023 beneficiando milhões de motoristas brasileiros.",nao,9434 Respostas. Resposta,9916 reposts. Repost,75971 Curtidas. Curtida,"3,3 mi
 Visualizações",
1610619140171255809,https://x.com/i/web/status/1610619140171255809,Jair M. Bolsonaro,@jairbolsonaro,2023-01-04T12:48:21.000Z,"…, intensificar o acompanhamento remoto de pacientes, facilitar triagens para evitar superlotação desnecessária e o oferecimento de opções de atendimento de saúde virtual possa aumentar o acesso das populações aos serviços de saúde.

Detalhes no Telegram: “Jair M. Bolsonaro 1”",nao,1213 Respostas. Resposta,3943 reposts. Repost,32109 Curtidas. Curtida,"1,1 mi
 Visualizações",
1610619138590011392,https://x.com/i/web/status/1610619138590011392,Jair M. Bolsonaro,@jairbolsonaro,2023-01-04T12:48:21.000Z,"- A telemedicina aparece como alternativa para permitir o acesso de mais pacientes ao sistema de saúde (seja público ou privado).

- Alcançar territórios mais distantes, otimizar a utilização de mão-de-obra especializada, evitar desperdício de recursos,…",nao,775 Respostas. Resposta,3624 reposts. Repost,30995 Curtidas. Curtida,"1,2 mi
 Visualizações",
1610619136815538177,https://x.com/i/web/status/1610619136815538177,Jair M. Bolsonaro,@jairbolsonaro,2023-01-04T12:48:20.000Z,"- Em dezembro de 2022 sancionamos o Projeto de Lei que regulamenta a prática de telessaúde em todo território nacional.

- Medida possibilitará intensificar o acompanhamento remoto de pacientes e ampliar o acesso ao atendimento médico.",nao,11199 Respostas. Resposta,9593 reposts. Repost,69399 Curtidas. Curtida,"3,5 mi
 Visualizações",
1610252406125916160,https://x.com/i/web/status/1610252406125916160,Jair M. Bolsonaro,@jairbolsonaro,2023-01-03T12:31:05.000Z,"- Além disso, a nova tarifa reflete a redução do serviço da dívida da usina e do Custo Unitário dos Serviços de Eletricidade (Cuse). Em 2019, a dívida de Itaipu era de US$ 2,07 bilhões. Em 2023, cairá para US$ 277,3 milhões.",nao,1455 Respostas. Resposta,4264 reposts. Repost,35297 Curtidas. Curtida,"1,8 mi
 Visualizações",
1610252404125237248,https://x.com/i/web/status/1610252404125237248,Jair M. Bolsonaro,@jairbolsonaro,2023-01-03T12:31:04.000Z,"- As reduções representam uma redução de mais de R$ 9 bilhões na conta paga pelos consumidores da energia gerada pela usina e destacam o compromisso da atual gestão em garantir aos consumidores brasileiros energia limpa, segura e barata.",nao,891 Respostas. Resposta,4113 reposts. Repost,35485 Curtidas. Curtida,"2,1 mi
 Visualizações",
1610252402351038469,https://x.com/i/web/status/1610252402351038469,Jair M. Bolsonaro,@jairbolsonaro,2023-01-03T12:31:04.000Z,"- O valor representa redução de 38,9% em relação a 2022 (US$ 20,75/kW) e de 43,9% em comparação com o valor de 2019 (US$ 22,60/kW), pago pelos consumidores desde 2009.",nao,843 Respostas. Resposta,2486 reposts. Repost,21089 Curtidas. Curtida,"1,2 mi
 Visualizações",
1610252400945954825,https://x.com/i/web/status/1610252400945954825,Jair M. Bolsonaro,@jairbolsonaro,2023-01-03T12:31:04.000Z,"- O GOVERNO JAIR BOLSONARO ANUNCIA REDUÇÃO DE 38,9% NA TARIFA DE ITAIPU PARA 2023; No final de 2022, O Ministério de Minas e Energia anunciou a tarifa de Itaipu para 2023: US$ 12,67/kW.",nao,22932 Respostas. Resposta,18781 reposts. Repost,87114 Curtidas. Curtida,"11,3 mi
 Visualizações",
1609914589919207427,https://x.com/i/web/status/1609914589919207427,Jair M. Bolsonaro,@jairbolsonaro,2023-01-02T14:08:43.000Z,"4.1- ÁGUA NO NORDESTE: Desde 2019, Governo Federal investiu mais de R$ 4,7 bilhões para ampliar oferta de água no Nordeste.

4.2- Nos últimos 4 anos, MDR concluiu o Eixo Norte da Transposição do São Francisco, levando as águas do Velho Chico, pela 1a vez, ao CE e ao RN.",nao,1720 Respostas. Resposta,5646 reposts. Repost,40710 Curtidas. Curtida,"1,5 mi
 Visualizações",
1609914588312600577,https://x.com/i/web/status/1609914588312600577,Jair M. Bolsonaro,@jairbolsonaro,2023-01-02T14:08:43.000Z,"2.2- PPI: capitalização da Eletrobras, concessões de aeroportos e reforçou apoio a estados e municípios.

3.1- Governo Federal investiu mais de R$ 540 bi para o enfrentamento da pandemia no País.

3.2- Ministério da Saúde aplicou mais de R$ 38 bilhões para aquisição de vacinas.",nao,757 Respostas. Resposta,4307 reposts. Repost,35808 Curtidas. Curtida,"1,6 mi
 Visualizações",
1609914586937065476,https://x.com/i/web/status/1609914586937065476,Jair M. Bolsonaro,@jairbolsonaro,2023-01-02T14:08:42.000Z,"1.1- NOVO CAGED: Brasil tem novo recorde histórico de empregos formais no pais: 43,1 milhões.

2.1- BALANÇO 2022: Secretaria Especial do PPI concluiu 48 projetos em 2022 e assegurou R$ 101 bilhões em novos investimentos.",nao,11794 Replies. Reply,11355 reposts. Repost,79480 Likes. Like,"4.6M
 Views",
1609634996267933697,https://x.com/i/web/status/1609634996267933697,Jair M. Bolsonaro,@jairbolsonaro,2023-01-01T19:37:43.000Z,"- Atualizações do dia realizadas no Telegram. Seja bem-vindo: 
t.me/jairbolsonarob
…",nao,10776 Replies. Reply,6213 reposts. Repost,58964 Likes. Like,"3.2M
 Views",
1609175406581522432,https://x.com/i/web/status/1609175406581522432,Jair M. Bolsonaro,@jairbolsonaro,2022-12-31T13:11:28.000Z,"- O Papa Bento, ao contrário, fundamentou  todos os seus escritos e ensinamentos na Verdade que liberta (João, 8,32).

- Que seu exemplo e sua obra magistral de grande teólogo e Pastor possam educar e iluminar a todos nós.""",nao,791 Replies. Reply,3089 reposts. Repost,34676 Likes. Like,"1M
 Views",
1609175404937641984,https://x.com/i/web/status/1609175404937641984,Jair M. Bolsonaro,@jairbolsonaro,2022-12-31T13:11:28.000Z,"- Orientou sua missão pelo lema: “Cooperadores da Verdade”. Foi um servidor dedicado da Verdade.

- Em defesa da verdade do Evangelho, criticou sem medo os erros da chamada “teologia da libertação”, que pretende confundir o Cristianismo com conceitos equivocados do marxismo.",nao,535 Replies. Reply,2959 reposts. Repost,33303 Likes. Like,"1.1M
 Views",
1609175403498815490,https://x.com/i/web/status/1609175403498815490,Jair M. Bolsonaro,@jairbolsonaro,2022-12-31T13:11:27.000Z,"Papa Bento XVI

- Recebi, com grande pesar, a notícia do falecimento do Papa (emérito) Bento XVI.

- Embora seu pontificado tenha sido curto, deixa um legado imenso para a Igreja católica, para todos os cristãos e para a humanidade.",nao,4254 Replies. Reply,6771 reposts. Repost,75339 Likes. Like,"2.7M
 Views",
1608793098666278912,https://x.com/i/web/status/1608793098666278912,Jair M. Bolsonaro,@jairbolsonaro,2022-12-30T11:52:19.000Z,"Today, the number of property titles exceeds 420 thousand, historically enabling small farmers to enter the income logistics of family farming production.",nao,8376 Replies. Reply,7927 reposts. Repost,57554 Likes. Like,"1.8M
 Views",
1608594778979184640,https://x.com/i/web/status/1608594778979184640,Jair M. Bolsonaro,@jairbolsonaro,2022-12-29T22:44:16.000Z,"- Com pesar o passamento de um homem, que pelo futebol, levou o nome do Brasil para o mundo. Transformou o futebol em arte e alegria.

- Que Deus conforte sua família e que o acolha na sua infinita misericórdia.",nao,3907 Replies. Reply,14474 reposts. Repost,143767 Likes. Like,"3.7M
 Views",
1608438380865687553,https://x.com/i/web/status/1608438380865687553,Jair M. Bolsonaro,@jairbolsonaro,2022-12-29T12:22:47.000Z,"- Fewer taxes, greater revenue-generating capacity, and returns for the people!",nao,7491 Replies. Reply,15727 reposts. Repost,87951 Likes. Like,"2.3M
 Views",
1607698776050778120,https://x.com/i/web/status/1607698776050778120,Jair M. Bolsonaro,@jairbolsonaro,2022-12-27T11:23:52.000Z,TRANSPOSIÇÃO DO RIO SÃO FRANCISCO / PERNAMBUCO: bombeamento do Eixo Norte funcionando a todo VAPOR.,nao,6910 Replies. Reply,11174 reposts. Repost,74942 Likes. Like,"2M
 Views",
1607336522084229122,https://x.com/i/web/status/1607336522084229122,Jair M. Bolsonaro,@jairbolsonaro,2022-12-26T11:24:24.000Z,"- Por fim, mesmo com a redução do ICMS a arrecadação bate recorde histórico no país.",nao,1477 Replies. Reply,7285 reposts. Repost,53879 Likes. Like,"1.1M
 Views",
1607336521065009152,https://x.com/i/web/status/1607336521065009152,Jair M. Bolsonaro,@jairbolsonaro,2022-12-26T11:24:24.000Z,"- Vitória esta conseguida mesmo com o voto contrário de parlamentares do PT, bem como a reprovação da redução de impostos por lula.

- Frisamos que também zeramos o imposto de produtos da cesta básica assim como permanentemente o imposto federal do gás de cozinha.",nao,979 Replies. Reply,6097 reposts. Repost,48417 Likes. Like,"1.1M
 Views",
1607336520024825856,https://x.com/i/web/status/1607336520024825856,Jair M. Bolsonaro,@jairbolsonaro,2022-12-26T11:24:23.000Z,"- Thanks to the national standardization of the ICMS levied by the states on the value of fuels, mobile telephony, internet, and electricity, the price per liter of fuel to the consumer has been falling, and consequently, the entire logistics chain up to the reduction in food prices.",nao,499 Replies. Reply,3711 reposts. Repost,27567 Likes. Like,"532.3K
 Views",
1607336518405742593,https://x.com/i/web/status/1607336518405742593,Jair M. Bolsonaro,@jairbolsonaro,2022-12-26T11:24:23.000Z,"- PREÇO DA GASOLINA CAI NO BRASIL PELA QUINTA SEMANA CONSECUTIVA:

- A Agência Nacional do Petróleo, Gás Natural e Biocombustíveis anunciou a 5a redução seguida no preço da gasolina.

- O relatório da agência é divulgado semanalmente e, desta vez, a queda foi de 0,20% nas bombas.",nao,7980 Replies. Reply,13491 reposts. Repost,94780 Likes. Like,"3.3M
 Views",
1601959104939184128,https://x.com/i/web/status/1601959104939184128,Jair M. Bolsonaro,@jairbolsonaro,2022-12-11T15:16:28.000Z,"- Atualizações todos os dias:

. Telegram: 
t.me/jairbolsonarob
…

. GETTR: 
gettr.com/user/jairbolso
…

. TikTok: 
bityli.com/xHIFePiGZ

. LinkedIn: 
bityli.com/rKlqanwk

. Kwai: 
bityli.com/yxpMfKoEk

. Aplicativo: 
app.bolsonaro.tv",nao,4541 Replies. Reply,5656 reposts. Repost,30340 Likes. Like,,
1600797401434185729,https://x.com/i/web/status/1600797401434185729,Jair M. Bolsonaro,@jairbolsonaro,2022-12-08T10:20:16.000Z,"- Faça download de nosso APP e obtenha atualizações de informações em tempo real: 
app.bolsonaro.tv",nao,2417 Replies. Reply,5665 reposts. Repost,39137 Likes. Like,,
1600609888400449540,https://x.com/i/web/status/1600609888400449540,Jair M. Bolsonaro,@jairbolsonaro,2022-12-07T21:55:09.000Z,"- Informações do dia atualizadas no Telegram: 
t.me/jairbolsonarob
…",nao,914 Replies. Reply,1980 reposts. Repost,19113 Likes. Like,,
1600435321182703616,https://x.com/i/web/status/1600435321182703616,Jair M. Bolsonaro,@jairbolsonaro,2022-12-07T10:21:29.000Z,"- Parabéns por seu aniversário! Um forte abraço, Garoto! 
@CarlosBolsonaro",nao,11983 Replies. Reply,11793 reposts. Repost,132994 Likes. Like,,
1599418036212989953,https://x.com/i/web/status/1599418036212989953,Jair M. Bolsonaro,@jairbolsonaro,2022-12-04T14:59:10.000Z,"- Siga-nos no LinkedIn. Informações atualizadas todos os dias. 
linkedin.com/in/jairmessias
…",nao,1792 Replies. Reply,4357 reposts. Repost,46110 Likes. Like,,
1598657762371706881,https://x.com/i/web/status/1598657762371706881,Jair M. Bolsonaro,@jairbolsonaro,2022-12-02T12:38:06.000Z,"- Siga nosso perfil no GETTR com informações atualizadas todos os dias: 
gettr.com/user/jairbolso
…",nao,2040 Replies. Reply,6316 reposts. Repost,50948 Likes. Like,,
1598306922284961793,https://x.com/i/web/status/1598306922284961793,Jair M. Bolsonaro,@jairbolsonaro,2022-12-01T13:24:00.000Z,"- Informações atualizadas todos os dias em nosso Telegram: 
t.me/jairbolsonarob
…",nao,1334 Replies. Reply,3719 reposts. Repost,31287 Likes. Like,,
1592913225343201280,https://x.com/i/web/status/1592913225343201280,Jair M. Bolsonaro,@jairbolsonaro,2022-11-16T16:11:22.000Z,"- Publicações atualizadas diariamente:

. Telegram: 
t.me/jairbolsonarob
…

. GETTR: 
gettr.com/user/jairbolso
…

. TikTok: 
bityli.com/xHIFePiGZ

. LinkedIn: 
bityli.com/rKlqanwk

. Kwai: 
bityli.com/yxpMfKoEk

. Aplicativo: 
app.bolsonaro.tv",nao,13060 Replies. Reply,16029 reposts. Repost,80459 Likes. Like,,
1586553183584780289,https://x.com/i/web/status/1586553183584780289,Jair M. Bolsonaro,@jairbolsonaro,2022-10-30T02:58:50.000Z,"""Vistam toda a armadura de Deus, para poderem ficar firmes contra as ciladas do Diabo, pois a nossa luta não é contra humanos, mas contra os poderes e autoridades, contra os dominadores deste mundo de trevas..."" Efésios 6:11-12

- QUE DEUS ABENCOE O NOSSO AMADO BRASIL! ",nao,49971 Replies. Reply,47615 reposts. Repost,269584 Likes. Like,,
1586540865618591744,https://x.com/i/web/status/1586540865618591744,Jair M. Bolsonaro,@jairbolsonaro,2022-10-30T02:09:53.000Z,"- Meu obrigado a Donald Trump pelo apoio! Sinto orgulho por ver que nosso trabalho por um Brasil mais seguro e mais livre é respeitado no mundo todo e que, hoje, contamos com o apoio de nações democráticas e não de ditaduras socialistas como no passado. Que a liberdade prevaleça!",nao,9592 Replies. Reply,35572 reposts. Repost,192730 Likes. Like,,
1586481733393858560,https://x.com/i/web/status/1586481733393858560,Jair M. Bolsonaro,@jairbolsonaro,2022-10-29T22:14:55.000Z,- BRASIL ACIMA DE TUDO; DEUS ACIMA DE TODOS! ,nao,5155 Replies. Reply,15890 reposts. Repost,92915 Likes. Like,,
1586481731657695232,https://x.com/i/web/status/1586481731657695232,Jair M. Bolsonaro,@jairbolsonaro,2022-10-29T22:14:54.000Z,- Existe muito mais além. Reconstruir um país continental e que foi abandonado por décadas demanda tempo e muito esforço. Mas hoje posso garantir que somos capazes de alcançar os nossos  objetivos e finalmente transformar o Brasil na nação que sempre sonhamos. Até a vitória!,nao,1678 Replies. Reply,10058 reposts. Repost,68190 Likes. Like,,
1586481729723850752,https://x.com/i/web/status/1586481729723850752,Jair M. Bolsonaro,@jairbolsonaro,2022-10-29T22:14:54.000Z,"22. Do not expand the number of ministers of the Federal Supreme Court; appoint ministers committed to the Protection of Life from conception and Freedom; and respect the independence between the powers and the Federal Constitution, our Charter of Democracy.",nao,758 Replies. Reply,7697 reposts. Repost,47936 Likes. Like,,
1586481728147058691,https://x.com/i/web/status/1586481728147058691,Jair M. Bolsonaro,@jairbolsonaro,2022-10-29T22:14:54.000Z,"21. Not control or interfere with the press and preserve freedom of expression, including on the Internet.",nao,574 Replies. Reply,7789 reposts. Repost,48200 Likes. Like,,
1586481726225715200,https://x.com/i/web/status/1586481726225715200,Jair M. Bolsonaro,@jairbolsonaro,2022-10-29T22:14:53.000Z,"20. Implementar o Programa Educação para o Futuro, que pretende, com base no sucesso que tivemos com os cursos de alfabetização, disponibilizar para a população também o ensino de Programação, Inglês e Educação Financeira, essenciais para o crescimento profissional.",nao,381 Replies. Reply,6538 reposts. Repost,40570 Likes. Like,,
1586481724300541952,https://x.com/i/web/status/1586481724300541952,Jair M. Bolsonaro,@jairbolsonaro,2022-10-29T22:14:53.000Z,"19. Implementar o FIES/TEC, para financiar cursos técnicos e profissionalizantes, permitindo aos brasileiros uma inserção maior no mercado de trabalho e um retorno financeiro mais rápido ao estudante.",nao,319 Replies. Reply,6209 reposts. Repost,37987 Likes. Like,,
1586481722253668352,https://x.com/i/web/status/1586481722253668352,Jair M. Bolsonaro,@jairbolsonaro,2022-10-29T22:14:52.000Z,"18. Make the Northeast the world's center for green energy generation and convert royalties into social benefits for the population, such as Bolsa Família.",nao,816 Replies. Reply,9417 reposts. Repost,53145 Likes. Like,,
1586481720336928768,https://x.com/i/web/status/1586481720336928768,Jair M. Bolsonaro,@jairbolsonaro,2022-10-29T22:14:52.000Z,"17. Corrigir Tabela do IRPF; com isenção para quem ganha até cinco salários mínimos; e implementar o IRPF familiar, que permite um imposto de renda menor para quem realizar a declaração em família.",nao,440 Replies. Reply,8722 reposts. Repost,48670 Likes. Like,,
1586481718571286529,https://x.com/i/web/status/1586481718571286529,Jair M. Bolsonaro,@jairbolsonaro,2022-10-29T22:14:51.000Z,16. Promover a desoneração da folha de pagamento para profissionais de saúde e buscar a desoneração gradual para os demais profissionais.,nao,247 Replies. Reply,7515 reposts. Repost,44179 Likes. Like,,
1586481716415242241,https://x.com/i/web/status/1586481716415242241,Jair M. Bolsonaro,@jairbolsonaro,2022-10-29T22:14:51.000Z,"15. Criar e implementar o SUS Online: Modernização dos serviços de saúde pública, com agendamento, pré-triagem e prontuário digital, visando reduzir e zerar as filas nos hospitais (Zap da Saúde).",nao,236 Replies. Reply,7193 reposts. Repost,40288 Likes. Like,,
1586481714570104833,https://x.com/i/web/status/1586481714570104833,Jair M. Bolsonaro,@jairbolsonaro,2022-10-29T22:14:50.000Z,"14. Manter uma política econômica pautada no livre mercado e na responsabilidade fiscal, propiciando um ambiente favorável à atração de investimentos e à geração de pelo menos mais 6 milhões de empregos.",nao,207 Replies. Reply,7035 reposts. Repost,39044 Likes. Like,,
1586481712778838016,https://x.com/i/web/status/1586481712778838016,Jair M. Bolsonaro,@jairbolsonaro,2022-10-29T22:14:50.000Z,"13. Seguir indicando de forma independente nomes técnicos e de Ficha Limpa para Ministérios, bancos públicos e estatais, impedindo que interesses escusos façam florescer a corrupção sistêmica no Governo.",nao,258 Replies. Reply,7064 reposts. Repost,38658 Likes. Like,,
1586481710778064896,https://x.com/i/web/status/1586481710778064896,Jair M. Bolsonaro,@jairbolsonaro,2022-10-29T22:14:49.000Z,"11. Democratizar os serviços digitais, por meio da isenção de impostos para compra de aparelhos celulares populares e do estabelecimento de uma tarifa social para planos de dados.

12. Aumentar o salário mínimo para 1400 reais em 2023 e acima da inflação todos os anos até 2026.",nao,274 Replies. Reply,7383 reposts. Repost,39287 Likes. Like,,
1586481708517539840,https://x.com/i/web/status/1586481708517539840,Jair M. Bolsonaro,@jairbolsonaro,2022-10-29T22:14:49.000Z,"9. Garantir o bônus de produtividade de 200 reais adicionais para beneficiários do Auxílio Brasil permanente de no mínimo 600 reais, para estimular o trabalho produtividade e a ascensão dos mais pobres.

10. Entregar no mínimo mais 2 milhões de moradias a famílias de baixa renda.",nao,209 Replies. Reply,7003 reposts. Repost,37559 Likes. Like,,
1586481706739154946,https://x.com/i/web/status/1586481706739154946,Jair M. Bolsonaro,@jairbolsonaro,2022-10-29T22:14:48.000Z,"8. Implementar uma Política Nacional de Fortalecimento dos Laços Familiares, um conjunto de medidas e diretrizes que visam incentivar a criação e preservação das famílias, que são a base da sociedade.",nao,266 Replies. Reply,7447 reposts. Repost,37939 Likes. Like,,
1586481704847302657,https://x.com/i/web/status/1586481704847302657,Jair M. Bolsonaro,@jairbolsonaro,2022-10-29T22:14:48.000Z,"7. Com as medidas de combate à impunidade apresentadas acima, buscaremos reduzir em mais 20% os homicídios nos próximos 4 anos, chegando a uma queda de 50% do pico de mortes violentas atingido no último ano de governo do PT.",nao,201 Replies. Reply,7084 reposts. Repost,37636 Likes. Like,,
1586481702813110272,https://x.com/i/web/status/1586481702813110272,Jair M. Bolsonaro,@jairbolsonaro,2022-10-29T22:14:48.000Z,"5. Garantir retaguarda jurídica e excludente de ilicitude para agentes de segurança, respaldando nossos policiais no combate ao crime.

6. Aumentar o Fundo Nacional de Segurança Pública para garantir a aparelhagem e a modernização das Forças de Segurança.",nao,168 Replies. Reply,6487 reposts. Repost,33133 Likes. Like,,
1586481700942778368,https://x.com/i/web/status/1586481700942778368,Jair M. Bolsonaro,@jairbolsonaro,2022-10-29T22:14:47.000Z,"4. Criar o Estatuto de Direitos das Vítimas, em contrapartida à crescente inversão de valores percebida nas últimas décadas, onde o bandido é a vítima e a polícia e os cidadãos são os vilões.",nao,220 Replies. Reply,6980 reposts. Repost,35232 Likes. Like,,
1586481698488950785,https://x.com/i/web/status/1586481698488950785,Jair M. Bolsonaro,@jairbolsonaro,2022-10-29T22:14:46.000Z,"1. Reduce the age of criminal majority for heinous crimes, such as rape, homicide, and latrociny.

2. Abolish the custody hearing, today one of the biggest incentives for impunity in the country.

3. Toughen penalties for violent crimes and the criteria for progression of
regime.",nao,486 Replies. Reply,9208 reposts. Repost,42053 Likes. Like,,
1586481696345452544,https://x.com/i/web/status/1586481696345452544,Jair M. Bolsonaro,@jairbolsonaro,2022-10-29T22:14:46.000Z,"- Starting from 2023, with a Congress in tune with the Government, it will be possible to advance on new proposals and those good measures that were stalled along the way. That said, below follow 22 COMMITMENTS that will make Brazil a more prosperous, freer, and safer country for all:",nao,620 Replies. Reply,8726 reposts. Repost,39674 Likes. Like,,
1586481694294835200,https://x.com/i/web/status/1586481694294835200,Jair M. Bolsonaro,@jairbolsonaro,2022-10-29T22:14:45.000Z,"- It is necessary to understand those who have not yet decided and offer them security so that they can make the best choice for the future of our nation. More than empty and abstract promises, Brazil needs a solid path, guided by concrete actions and, above all, by principles.",nao,14861 Replies. Reply,22045 reposts. Repost,122244 Likes. Like,,
1586471646688264192,https://x.com/i/web/status/1586471646688264192,Jair M. Bolsonaro,@jairbolsonaro,2022-10-29T21:34:50.000Z,"- Later today, at 7 PM, we'll be making an important announcement on our social media channels. I ask that you share this invitation with all of your contacts so that our announcement reaches all Brazilians. We'll be back soon!",nao,16613 Replies. Reply,30466 reposts. Repost,168716 Likes. Like,,
1586462228340801542,https://x.com/i/web/status/1586462228340801542,Jair M. Bolsonaro,@jairbolsonaro,2022-10-29T20:57:24.000Z,"- Belo Horizonte/MG.
- Presidente Jair Bolsonaro.
- Obrigado Minas Gerais.
- Sábado, 29/outubro.
- Os vovôs, as vovós e os nossos jovens serão decisivos amanhã, assim como as tias do zap.",nao,1767 Replies. Reply,9375 reposts. Repost,48427 Likes. Like,,
1586314469323448320,https://x.com/i/web/status/1586314469323448320,Jair M. Bolsonaro,@jairbolsonaro,2022-10-29T11:10:16.000Z,- É preciso reconhecer que eles estão se esforçando. Ainda dá tempo de explicarem também como Lula é contra o aborto sendo a favor...,nao,5418 Replies. Reply,17599 reposts. Repost,81667 Likes. Like,,
1586296170183278592,https://x.com/i/web/status/1586296170183278592,Jair M. Bolsonaro,@jairbolsonaro,2022-10-29T09:57:33.000Z,"- With the Economic Freedom Law, the debureaucratizations, the tax reductions, a larger and broader income transfer program that rewards the citizen who seeks a job, etc., we consolidate a new era of independence for our people and this is a source of pride for us!",nao,652 Replies. Reply,7919 reposts. Repost,44214 Likes. Like,,
1586296168606212096,https://x.com/i/web/status/1586296168606212096,Jair M. Bolsonaro,@jairbolsonaro,2022-10-29T09:57:33.000Z,"-The problem with Lula is that he stopped in time. He's stuck in the era when the Brazilian barely received the fish and was enslaved. Today, people not only receive a much bigger fish but are also taught and encouraged to fish. The entrepreneur has become valued, no longer demonized!",nao,844 Replies. Reply,10273 reposts. Repost,54688 Likes. Like,,
1586296166660341761,https://x.com/i/web/status/1586296166660341761,Jair M. Bolsonaro,@jairbolsonaro,2022-10-29T09:57:32.000Z,"- Unlike Lula, we are proud of the nearly 14 million individual micro-entrepreneurs (MEIs) spread across Brazil. They are no less hardworking because they decided to start their own business. On the contrary, besides working their tails off, they also generate hundreds of thousands of jobs!",nao,6484 Replies. Reply,26254 reposts. Repost,126234 Likes. Like,,
1586206631703982080,https://x.com/i/web/status/1586206631703982080,Jair M. Bolsonaro,@jairbolsonaro,2022-10-29T04:01:45.000Z,- Some truths straight from the studios of our wonderful Rede Globo! Good night to everyone! ,nao,4740 Replies. Reply,22828 reposts. Repost,100498 Likes. Like,,
1586203153304719360,https://x.com/i/web/status/1586203153304719360,Jair M. Bolsonaro,@jairbolsonaro,2022-10-29T03:47:56.000Z,- OBRIGADO* .,nao,1365 Replies. Reply,5581 reposts. Repost,32213 Likes. Like,,
1586200156047028224,https://x.com/i/web/status/1586200156047028224,Jair M. Bolsonaro,@jairbolsonaro,2022-10-29T03:36:02.000Z,"- Muito brigado a você que nos acompanhou até essa hora! Pudemos restabelecer a verdade dos fatos sobre o que de bom fez o nosso Governo e acabar com o terrorismo eleitoral do PT. Ficou claro quem é o pai da mentira, segundo o próprio:",nao,4271 Replies. Reply,14617 reposts. Repost,76656 Likes. Like,,
1586125413868134401,https://x.com/i/web/status/1586125413868134401,Jair M. Bolsonaro,@jairbolsonaro,2022-10-28T22:39:02.000Z,Tarcísio é 10!!!,nao,380 Replies. Reply,2105 reposts. Repost,22868 Likes. Like,,
1586123840945782786,https://x.com/i/web/status/1586123840945782786,Jair M. Bolsonaro,@jairbolsonaro,2022-10-28T22:32:47.000Z,"- Hoje tem. Daqui a pouco, às 21H30, na querida Rede Globo. Até lá! ",nao,5901 Replies. Reply,11147 reposts. Repost,69669 Likes. Like,,
1585969559336427520,https://x.com/i/web/status/1585969559336427520,Jair M. Bolsonaro,@jairbolsonaro,2022-10-28T12:19:43.000Z,"- Brazil, world champion in energy generation.
- Reindustrialization of the Northeast and more jobs for the region.",nao,2235 Replies. Reply,12450 reposts. Repost,49363 Likes. Like,,
1585943067911426051,https://x.com/i/web/status/1585943067911426051,Jair M. Bolsonaro,@jairbolsonaro,2022-10-28T10:34:27.000Z,"- Governo Jair Bolsonaro: Desemprego recua para 8,7% e atinge menor taxa em quase uma década. Isso com uma pandemia e uma guerra que afeta toda a economia mundial.

- Privatizações, concessões, desburocratizações e confiança no Governo Federal.

- Ainda há muito o que fazer!",nao,5772 Replies. Reply,14938 reposts. Repost,68397 Likes. Like,,
1585775769153781760,https://x.com/i/web/status/1585775769153781760,Jair M. Bolsonaro,@jairbolsonaro,2022-10-27T23:29:40.000Z,- O PT e o risco de você perder sua aposentadoria:,nao,5808 Replies. Reply,21554 reposts. Repost,84652 Likes. Like,,
1585738719717367812,https://x.com/i/web/status/1585738719717367812,Jair M. Bolsonaro,@jairbolsonaro,2022-10-27T21:02:27.000Z,- Campo Grande / Rio de Janeiro (28/10/22),nao,2043 Replies. Reply,9584 reposts. Repost,43647 Likes. Like,,
1585688477038825472,https://x.com/i/web/status/1585688477038825472,Jair M. Bolsonaro,@jairbolsonaro,2022-10-27T17:42:48.000Z,Share and restore the truth!,nao,4514 Replies. Reply,24360 reposts. Repost,72943 Likes. Like,,
1585575578526154759,https://x.com/i/web/status/1585575578526154759,Jair M. Bolsonaro,@jairbolsonaro,2022-10-27T10:14:11.000Z,"- Enquanto todo o mundo atravessa uma crise econômica histórica diante de reflexos da pandemia e a guerra entre Ucrânia e Rússia, o Governo Brasileiro demonstra seriedade e compromisso com seu povo!",nao,1367 Replies. Reply,8875 reposts. Repost,41466 Likes. Like,,
1585575572146733056,https://x.com/i/web/status/1585575572146733056,Jair M. Bolsonaro,@jairbolsonaro,2022-10-27T10:14:09.000Z,"- Driven by the ICMS reduction on fuels, which leads to lower food prices.

- It's worth remembering that all PT parliamentarians in the Senate voted against it, and Lula positioned himself against this tax cut that benefits everyone, especially the humblest.",nao,3294 Replies. Reply,11961 reposts. Repost,53271 Likes. Like,,
1585378361442193409,https://x.com/i/web/status/1585378361442193409,Jair M. Bolsonaro,@jairbolsonaro,2022-10-26T21:10:30.000Z,"- Uberlândia/MG, 26 Out 22
- com 
@RomeuZema",nao,3129 Replies. Reply,10989 reposts. Repost,54975 Likes. Like,,
1585204671597056000,https://x.com/i/web/status/1585204671597056000,Jair M. Bolsonaro,@jairbolsonaro,2022-10-26T09:40:20.000Z,- AINDA HÁ MUITO O QUE FAZER DIANTE DESSA HERANÇA MALDITA DEIXADA POR GOVERNOS ANTERIORES!,nao,1229 Replies. Reply,6696 reposts. Repost,38309 Likes. Like,,
1585204669542195202,https://x.com/i/web/status/1585204669542195202,Jair M. Bolsonaro,@jairbolsonaro,2022-10-26T09:40:19.000Z,"- Incrementos na política de Segurança Pública, como agilização na venda de bens apreendidos do tráfico, são um dos principais fatores para equipamento e investimento. Jamais podemos esquecer a resiliência dos bravos guerreiros das Forças Estaduais e Municipais de Segurança.",nao,531 Replies. Reply,5125 reposts. Repost,31484 Likes. Like,,
1585204664328675328,https://x.com/i/web/status/1585204664328675328,Jair M. Bolsonaro,@jairbolsonaro,2022-10-26T09:40:18.000Z,"- NOVO RECORDE: O Brasil apresentou redução nos crimes violentos letais nos primeiros 6 meses do ano, em comparação com o mesmo período do ano passado. Até o fim de 2022, mais de  R$ 3 bilhões serão investidos em equipamentos e tecnologias para o combate ao crime.",nao,2544 Replies. Reply,12290 reposts. Repost,54932 Likes. Like,,
1585053774561038337,https://x.com/i/web/status/1585053774561038337,Jair M. Bolsonaro,@jairbolsonaro,2022-10-25T23:40:43.000Z,- BARREIRAS / BAHIA (25OUT22),nao,2630 Replies. Reply,12232 reposts. Repost,60681 Likes. Like,,
1584978633466458112,https://x.com/i/web/status/1584978633466458112,Jair M. Bolsonaro,@jairbolsonaro,2022-10-25T18:42:08.000Z,- BAHIA 25/10/2022,nao,2048 Replies. Reply,9196 reposts. Repost,41281 Likes. Like,,
1584932266194522112,https://x.com/i/web/status/1584932266194522112,Jair M. Bolsonaro,@jairbolsonaro,2022-10-25T15:37:53.000Z,"- Conversei, na última quinta-feira, com o jornalista e escritor americano 
@benshapiro
 , dono de um dos maiores podcasts dos EUA. Mostramos a verdade sobre o Brasil e sobre o que está em jogo nestas eleições. Assistam, com legenda em português, no YouTube: 
youtu.be/N5QaIObDemU",nao,2514 Replies. Reply,13829 reposts. Repost,51547 Likes. Like,,
1584920511666159618,https://x.com/i/web/status/1584920511666159618,Jair M. Bolsonaro,@jairbolsonaro,2022-10-25T14:51:11.000Z,"- Assentamento Nova Jerusalém.
- Samambaia/DF, 24/outubro/22.",nao,1571 Replies. Reply,8793 reposts. Repost,40072 Likes. Like,,
1584858778205159424,https://x.com/i/web/status/1584858778205159424,Jair M. Bolsonaro,@jairbolsonaro,2022-10-25T10:45:52.000Z,"- Antes, o documento só era obtido presencialmente, nas unidades físicas do Incra ou naquelas mantidas em parceria com as prefeituras.

- Emprego, renda, dignidade e liberdade para o povo trabalhador Brasileiro.",nao,360 Replies. Reply,3706 reposts. Repost,21183 Likes. Like,,
1584858775889985537,https://x.com/i/web/status/1584858775889985537,Jair M. Bolsonaro,@jairbolsonaro,2022-10-25T10:45:52.000Z,"- Com o CCU, os assentados têm a garantia de permanecer e explorar o lote, podendo acessar o Crédito Instalação para investimento em atividades produtivas e construção ou reforma de habitações, além dos programas governamentais de apoio à agricultura familiar.",nao,318 Replies. Reply,3713 reposts. Repost,22069 Likes. Like,,
1584858773570564096,https://x.com/i/web/status/1584858773570564096,Jair M. Bolsonaro,@jairbolsonaro,2022-10-25T10:45:51.000Z,"- O Contrato de Concessão de Uso (CCU), documento de titulação expedido pelo instituto, já pode ser obtido na Plataforma de Governança Territorial (PGT).",nao,145 Replies. Reply,2481 reposts. Repost,13693 Likes. Like,,
1584858771670831106,https://x.com/i/web/status/1584858771670831106,Jair M. Bolsonaro,@jairbolsonaro,2022-10-25T10:45:51.000Z,"- Ferramenta Inovadora: O agricultor da reforma agrária já pode emitir contrato de concessão do lote pela internet. 

- Desburocratizações e digitalizações recordes, meio ambiente, recordes de entrega de títulos de propriedade e inclusão.",nao,2196 Replies. Reply,10019 reposts. Repost,54212 Likes. Like,,
1584585031439495168,https://x.com/i/web/status/1584585031439495168,Jair M. Bolsonaro,@jairbolsonaro,2022-10-24T16:38:06.000Z,- Diário Oficial da União de hoje (24) publica decreto que regulamenta o Programa de Desenvolvimento Ferroviário.,nao,726 Respostas. Resposta,4979 reposts. Repost,25006 Curtidas. Curtida,,
1584585025605234688,https://x.com/i/web/status/1584585025605234688,Jair M. Bolsonaro,@jairbolsonaro,2022-10-24T16:38:04.000Z,"- NOVO DECRETO: Multiplicação de empregos pelo Brasil, sem mencionar os recordes já alcançados junto à iniciativa privada, desenvolvimento do modal e dos locais que o empreendimento cruzar por todo país e barateamento do valor final no preço de alimentos e produtos ao consumidor.",nao,2549 Respostas. Resposta,11907 reposts. Repost,47050 Curtidas. Curtida,,
1584524047554990080,https://x.com/i/web/status/1584524047554990080,Jair M. Bolsonaro,@jairbolsonaro,2022-10-24T12:35:46.000Z,- Considerações finais / Sabatina Rede Record (23/10/2022),nao,3617 Respostas. Resposta,11233 reposts. Repost,50046 Curtidas. Curtida,,
1584380725779759104,https://x.com/i/web/status/1584380725779759104,Jair M. Bolsonaro,@jairbolsonaro,2022-10-24T03:06:16.000Z,- Hoje vamos conversar com um abortista cristão:,nao,3193 Respostas. Resposta,8917 reposts. Repost,50867 Curtidas. Curtida,,
1584367345656827905,https://x.com/i/web/status/1584367345656827905,Jair M. Bolsonaro,@jairbolsonaro,2022-10-24T02:13:05.000Z,"- No Brasil que estamos construindo não há divisão entre essa ou aquela cor, esse ou aquele sexo, essa ou aquela classe, existem brasileiros que amam e querem o melhor para o seu país. Sempre trabalharemos pelo bem estar, pela segurança e pela liberdade de TODOS OS BRASILEIROS!",nao,3118 Respostas. Resposta,10523 reposts. Repost,44668 Curtidas. Curtida,,
1584306781530230784,https://x.com/i/web/status/1584306781530230784,Jair M. Bolsonaro,@jairbolsonaro,2022-10-23T22:12:26.000Z,- Prisão do criminoso Roberto Jefferson.,nao,16091 Respostas. Resposta,20681 reposts. Repost,101039 Curtidas. Curtida,,
1584244307619237888,https://x.com/i/web/status/1584244307619237888,Jair M. Bolsonaro,@jairbolsonaro,2022-10-23T18:04:11.000Z,"- Conversa com 
@gusttavo_lima
 .",nao,1716 Respostas. Resposta,4316 reposts. Repost,24295 Curtidas. Curtida,,
1584223235121377281,https://x.com/i/web/status/1584223235121377281,Jair M. Bolsonaro,@jairbolsonaro,2022-10-23T16:40:27.000Z,- Determinei a ida do Ministro da Justiça ao Rio de Janeiro para acompanhar o andamento deste lamentável episódio.,nao,3354 Respostas. Resposta,11123 reposts. Repost,73344 Curtidas. Curtida,,
1584223233167200256,https://x.com/i/web/status/1584223233167200256,Jair M. Bolsonaro,@jairbolsonaro,2022-10-23T16:40:26.000Z,"- Repudio as falas do Sr. Roberto Jefferson contra a Ministra Carmen Lúcia e sua ação armada contra agentes da PF, bem como a existência de inquéritos sem nenhum respaldo na Constituição e sem a atuação do MP.",nao,15100 Respostas. Resposta,23850 reposts. Repost,124323 Curtidas. Curtida,,
1584168688822804480,https://x.com/i/web/status/1584168688822804480,Jair M. Bolsonaro,@jairbolsonaro,2022-10-23T13:03:42.000Z,- Jair Bolsonaro e as obras no Paraná.,nao,1861 Respostas. Resposta,8773 reposts. Repost,36777 Curtidas. Curtida,,
1583912078875963392,https://x.com/i/web/status/1583912078875963392,Jair M. Bolsonaro,@jairbolsonaro,2022-10-22T20:04:01.000Z,"- Bate-papo com 
@neymarjr
 , posicionamento de muitas outras personalidades e amigos. .",nao,2272 Respostas. Resposta,8458 reposts. Repost,42454 Curtidas. Curtida,,
1583870527244226560,https://x.com/i/web/status/1583870527244226560,Jair M. Bolsonaro,@jairbolsonaro,2022-10-22T17:18:55.000Z,"-Mensagem do Governador Mineiro 
@RomeuZema
 aos Brasileiros:",nao,2329 Respostas. Resposta,13330 reposts. Repost,50447 Curtidas. Curtida,,
1583760112707342336,https://x.com/i/web/status/1583760112707342336,Jair M. Bolsonaro,@jairbolsonaro,2022-10-22T10:00:10.000Z,"- Com a criação da Secretaria de Alfabetização, o uso do Graphogame, aplicativo referência mundial.
 
- Alfabetização em 6 meses.
- No passado levava-se 3 anos.
- Uso também para adultos.
- No exemplo, a satisfação de um pai com filho autista aprendendo a ler e escrever em casa.",nao,2215 Respostas. Resposta,9061 reposts. Repost,38483 Curtidas. Curtida,,
1583645320801505280,https://x.com/i/web/status/1583645320801505280,Jair M. Bolsonaro,@jairbolsonaro,2022-10-22T02:24:01.000Z,"- Fake News se combate com a verdade! Quando um veículo realiza um trabalho sério, com um jornalismo de qualidade, ele ganha credibilidade perante o público. Logo, cada vez mais, a mentira perde espaço. É assim que se constrói um ambiente saudável e ao mesmo tempo livre!",nao,3100 Respostas. Resposta,13102 reposts. Repost,51278 Curtidas. Curtida,,
1583566232724250624,https://x.com/i/web/status/1583566232724250624,Jair M. Bolsonaro,@jairbolsonaro,2022-10-21T21:09:45.000Z,"- Apesar da pandemia e da guerra, colocamos a economia nos trilhos. Estamos arrecadando mais, mesmo com menos impostos, o que nos permite garantir, a partir de 2023, um reajuste acima da inflação para servidores, aposentados e pensionistas, e um aumento real do salário mínimo.",nao,4327 Respostas. Resposta,16948 reposts. Repost,64579 Curtidas. Curtida,,
1583509371979374592,https://x.com/i/web/status/1583509371979374592,Jair M. Bolsonaro,@jairbolsonaro,2022-10-21T17:23:49.000Z,"- Felipeh, você pode ter sido o primeiro, mas não foi o único kkkkkkkkkkk. Satisfação falar contigo, forte abraço!  
x.com/fcfelipehcampo
…",nao,1420 Respostas. Resposta,6293 reposts. Repost,42868 Curtidas. Curtida,,
1583475637016141826,https://x.com/i/web/status/1583475637016141826,Jair M. Bolsonaro,@jairbolsonaro,2022-10-21T15:09:46.000Z,"- MARCO DO SANEAMENTO BÁSICO: saúde à população, real proteção ao meio ambiente, empregos e muito mais.",nao,1352 Respostas. Resposta,6598 reposts. Repost,25200 Curtidas. Curtida,,
1583420672922959872,https://x.com/i/web/status/1583420672922959872,Jair M. Bolsonaro,@jairbolsonaro,2022-10-21T11:31:21.000Z,"- ""Não tenhas medo, porque eu estou contigo"" Isaías 41:10

- A força de vontade dos que querem destruir a liberdade em nosso país é grande, mas jamais será maior do que a determinação e a coragem daqueles que estão dispostos a protegê-la de todo o mal!

- Bom dia a todos! ",nao,7290 Respostas. Resposta,17473 reposts. Repost,79271 Curtidas. Curtida,,
1583305775266811905,https://x.com/i/web/status/1583305775266811905,Jair M. Bolsonaro,@jairbolsonaro,2022-10-21T03:54:47.000Z,"- Quem precisa mentir quando seu adversário defende aborto, drogas, ladrões de celular, foi preso por assaltar o povo, é querido por facções, é amigo de ditadores que perseguem cristãos e foi o responsável pelo maior esquema de corrupção da história? Contra o PT basta a verdade!",nao,2025 Respostas. Resposta,13036 reposts. Repost,50837 Curtidas. Curtida,,
1583271655014473730,https://x.com/i/web/status/1583271655014473730,Jair M. Bolsonaro,@jairbolsonaro,2022-10-21T01:39:12.000Z,"- Muito obrigado a todos por mais uma audiência histórica! Apesar da agenda apertada, pudemos responder todas as perguntas com paciência e humildade. É assim que seguiremos trabalhando pelo futuro do nosso Brasil! ",nao,5571 Respostas. Resposta,18832 reposts. Repost,121353 Curtidas. Curtida,,
1583217927666380800,https://x.com/i/web/status/1583217927666380800,Jair M. Bolsonaro,@jairbolsonaro,2022-10-20T22:05:43.000Z,"- Tudo pronto. Compartilhe com os amigos e acompanhe ao vivo: 
youtu.be/qbTzhB0akt8",nao,2038 Respostas. Resposta,8663 reposts. Repost,43232 Curtidas. Curtida,,
1583196586011930624,https://x.com/i/web/status/1583196586011930624,Jair M. Bolsonaro,@jairbolsonaro,2022-10-20T20:40:55.000Z,"- É daqui a pouco! LINK: 
youtu.be/qbTzhB0akt8",nao,1602 Respostas. Resposta,6284 reposts. Repost,28061 Curtidas. Curtida,,
1583127482818998272,https://x.com/i/web/status/1583127482818998272,Jair M. Bolsonaro,@jairbolsonaro,2022-10-20T16:06:19.000Z,"- Hoje, por volta das 18h, participarei do podcast Inteligência Ltda com o 
@RogerioVilela
 

- Se possível, peço que nos acompanhe!",nao,5597 Respostas. Resposta,16721 reposts. Repost,92400 Curtidas. Curtida,,
1583047423571947520,https://x.com/i/web/status/1583047423571947520,Jair M. Bolsonaro,@jairbolsonaro,2022-10-20T10:48:12.000Z,"- O resultado é fruto de 4 anos de trabalho do Ministério da Ciência, Tecnologia e Inovações, mais de 70 atores públicos e privados em colaboração de identificação de empreendedores brasileiros e nas soluções para facilitar o nascimento e o crescimento de mais startups no Brasil.",nao,500 Respostas. Resposta,3489 reposts. Repost,19232 Curtidas. Curtida,,
1583047420417490945,https://x.com/i/web/status/1583047420417490945,Jair M. Bolsonaro,@jairbolsonaro,2022-10-20T10:48:11.000Z,"- O Marco Legal das Startups, trouxe importantes mudanças e novas regras para este tipo de empresa, tem como objetivo aprimorar o empreendedorismo inovador no Brasil e alavancar a modernização do ambiente de negócios.

- Empregos, desenvolvimento desburocratizações e tecnologia!",nao,1216 Replies. Reply,5447 reposts. Repost,26894 Likes. Like,,
1582885037036343297,https://x.com/i/web/status/1582885037036343297,Jair M. Bolsonaro,@jairbolsonaro,2022-10-20T00:02:56.000Z,"- Podcast 
@InteligenciaLta
 / quinta-feira. 20/10/2022! Compartilhe em sua timeline! ! 
youtube.com/c/Intelig%C3%A
…",nao,3576 Replies. Reply,17476 reposts. Repost,71272 Likes. Like,,
1582814383541227521,https://x.com/i/web/status/1582814383541227521,Jair M. Bolsonaro,@jairbolsonaro,2022-08-05T02:15:32.000Z,"- Atualizando: Lula já diz que é contra o aborto, as drogas e a ideologia de gênero. Estamos virando mais um voto! Mais um pouco e ele vai sapecar o 22 na urna pela liberdade da nação. A esquerda vive de falar mal de nossas bandeiras, mas em época de eleição se apaixona por elas.",nao,5937 Replies. Reply,13768 reposts. Repost,58064 Likes. Like,,
1582788294420463616,https://x.com/i/web/status/1582788294420463616,Jair M. Bolsonaro,@jairbolsonaro,2022-10-19T17:38:30.000Z,"- As estruturas são voltadas para reduzir o sedentarismo (saúde), afastar das drogas, inclusão social por meio do esporte e incentivar a prática de atividades físicas da base ao alto rendimento e na vertente de lazer.",nao,615 Replies. Reply,3837 reposts. Repost,19960 Likes. Like,,
1582788291556171781,https://x.com/i/web/status/1582788291556171781,Jair M. Bolsonaro,@jairbolsonaro,2022-10-19T17:38:30.000Z,"- Com mais de 500 entregas neste ano, país soma 4,5 mil obras esportivas concluídas.

- A menos de três meses para encerrar o ano, meta de 2022 foi superada. Do total de estruturas finalizadas, 4.317, ou 96%, eram construções paralisadas ou não iniciadas.",nao,3944 Replies. Reply,9103 reposts. Repost,49163 Likes. Like,,
1582685737094643712,https://x.com/i/web/status/1582685737094643712,Jair M. Bolsonaro,@jairbolsonaro,2022-10-19T10:50:59.000Z,"- Crescimento para a economia dos municípios por onde a ferrovia passa. Além disso, o empreendimento será um importante corredor de escoamento de grãos do oeste baiano e vetor de desenvolvimento para a região.",nao,572 Replies. Reply,5194 reposts. Repost,25255 Likes. Like,,
1582685732396679169,https://x.com/i/web/status/1582685732396679169,Jair M. Bolsonaro,@jairbolsonaro,2022-10-19T10:50:58.000Z,"- As obras da FIOL II já alcançaram 210 km de grade montada! 

- A 2ª etapa da Ferrovia de Integração Oeste-Leste, que conectará as cidades de Caetité/BA a Barreiras/BA, chega, portanto, a 58% de avanço físico.

- São mais de 2100 pessoas trabalhando nas obras da FIOL.",nao,1775 Replies. Reply,8980 reposts. Repost,36247 Likes. Like,,
1582465847159058433,https://x.com/i/web/status/1582465847159058433,Jair M. Bolsonaro,@jairbolsonaro,2022-10-18T20:17:13.000Z,"-  Verdades sobre o petrolão, o maior esquema de corrupção da história.",nao,3311 Replies. Reply,10394 reposts. Repost,40238 Likes. Like,,
1582404968304500737,https://x.com/i/web/status/1582404968304500737,Jair M. Bolsonaro,@jairbolsonaro,2022-10-18T16:15:18.000Z,"- Pelas ruas de São Gonçalo/RJ, 18/outubro/2022.",nao,946 Replies. Reply,7005 reposts. Repost,35729 Likes. Like,,
1582404798212894720,https://x.com/i/web/status/1582404798212894720,Jair M. Bolsonaro,@jairbolsonaro,2022-10-18T16:14:38.000Z,"- São Gonçalo/RJ, 18/outubro/2022.",nao,3338 Replies. Reply,11742 reposts. Repost,54083 Likes. Like,,
1582311743723753472,https://x.com/i/web/status/1582311743723753472,Jair M. Bolsonaro,@jairbolsonaro,2022-10-18T10:04:52.000Z,"- RECORDES: Nova ação diária da PRF em MT causa prejuízo de R$ 61 milhões para o tráfico de drogas: 341 kg de cocaína.

- A droga apreendida foi encaminhada à Polícia Judiciária para incineração, vidas e famílias salvas.",nao,3721 Replies. Reply,9468 reposts. Repost,48634 Likes. Like,,
1582147143531646976,https://x.com/i/web/status/1582147143531646976,Jair M. Bolsonaro,@jairbolsonaro,2022-10-17T23:10:48.000Z,"- Fazer demagogia em prol da própria imagem e fechar os olhos para esta realidade é condenar a maioria absoluta das pessoas de bem que moram nessas regiões a viverem reféns do medo, das ameaças, dos abusos e da crueldade de criminosos. É condená-las a viver sem nenhuma liberdade!",nao,912 Replies. Reply,6968 reposts. Repost,41959 Likes. Like,,
1582147141182533633,https://x.com/i/web/status/1582147141182533633,Jair M. Bolsonaro,@jairbolsonaro,2022-10-17T23:10:47.000Z,"- Todos sabem que em áreas dominadas pelo tráfico só entra em paz quem é amigo dos bandidos. Ao afirmar que visitou uma comunidade controlada por uma das maiores facções sem nenhuma proteção, coisa que nem a polícia consegue, Lula mostra mais uma vez que é o candidato do crime.",nao,7715 Replies. Reply,19130 reposts. Repost,96440 Likes. Like,,
1582043649705054209,https://x.com/i/web/status/1582043649705054209,Jair M. Bolsonaro,@jairbolsonaro,2022-10-17T16:19:33.000Z,"- Declaração à nação - 17OUT22
. Com 
@gusttavo_lima
 e 
@LeonardoCantor_
 . 
youtu.be/hmRP_mnRxfM",nao,1544 Replies. Reply,5766 reposts. Repost,28935 Likes. Like,,
1581862982845272064,https://x.com/i/web/status/1581862982845272064,Jair M. Bolsonaro,@jairbolsonaro,2022-10-17T04:21:39.000Z,"- Entendo o Lula tentar fugir. A verdade incomoda, mas precisa ser dita! Quem é amigo do crime e de ditadores socialistas, é inimigo do povo!",nao,4249 Replies. Reply,17091 reposts. Repost,70899 Likes. Like,,
1581812183544999936,https://x.com/i/web/status/1581812183544999936,Jair M. Bolsonaro,@jairbolsonaro,2022-10-17T00:59:47.000Z,- Obrigado a todos pela audiência!  ,nao,7254 Replies. Reply,19098 reposts. Repost,126928 Likes. Like,,
1581729829119934465,https://x.com/i/web/status/1581729829119934465,Jair M. Bolsonaro,@jairbolsonaro,2022-10-16T19:32:33.000Z,"- Hoje, às 20h, na Band. Um forte abraço!",nao,6122 Replies. Reply,13501 reposts. Repost,77488 Likes. Like,,
1581651114734542849,https://x.com/i/web/status/1581651114734542849,Jair M. Bolsonaro,@jairbolsonaro,2022-10-16T14:19:46.000Z,Venezuelan girls: share and restore the truth!,nao,7481 Replies. Reply,26232 reposts. Repost,83651 Likes. Like,,
1581495814949548032,https://x.com/i/web/status/1581495814949548032,Jair M. Bolsonaro,@jairbolsonaro,2022-10-16T04:02:39.000Z,"- Foram eles que tentaram assassinar o candidato que liderava a corrida presidencial em 2018, foram eles que invadiram igrejas, são eles que promovem festas satânicas e ""performances"" como a realizada durante a visita do Papa, quando intrudizam objetos sagrados em seus orifícios.",nao,1799 Replies. Reply,10450 reposts. Repost,39184 Likes. Like,,
1581495807223947264,https://x.com/i/web/status/1581495807223947264,Jair M. Bolsonaro,@jairbolsonaro,2022-10-16T04:02:37.000Z,"- Só que isso não cola. São eles que defendem que criança toque em homem pelado em museu e aprenda sexo nas escolas, são eles que apoiam liberação do aborto até o 6° mês de gestação, são eles que têm o apoio do narcotráfico, foram eles que mataram cinegrafista num ato violento.",nao,1360 Replies. Reply,10145 reposts. Repost,35577 Likes. Like,,
1581495799909068800,https://x.com/i/web/status/1581495799909068800,Jair M. Bolsonaro,@jairbolsonaro,2022-10-16T04:02:36.000Z,"- Usem a razão! Eles já estão na fase de tentar associar a nós aquilo que sempre promoveram: sexualização de crianças, aborto, drogas, ataques à religião e todo tipo de degeneração. E por que estão abandonando as próprias pautas? Pra tirar peso do navio deles, que está afundando.",nao,917 Replies. Reply,9077 reposts. Repost,35846 Likes. Like,,
1581495797828681728,https://x.com/i/web/status/1581495797828681728,Jair M. Bolsonaro,@jairbolsonaro,2022-10-16T04:02:35.000Z,- Mantenham o foco e continuem empenhados em esclarecer a verdade sobre os valores que defendemos àquelas pessoas que estão dispostas a ouvir e entender! É natural que a gritaria do lado de lá aumente e que os ataques se tornem ainda mais baixos. Estão ficando sem alternativas.,nao,7785 Replies. Reply,17793 reposts. Repost,80862 Likes. Like,,
1581490966204076032,https://x.com/i/web/status/1581490966204076032,Jair M. Bolsonaro,@jairbolsonaro,2022-10-16T03:43:23.000Z,- Live: últimos fatos.,nao,2349 Replies. Reply,4367 reposts. Repost,19619 Likes. Like,,
1581476440985731072,https://x.com/i/web/status/1581476440985731072,Jair M. Bolsonaro,@jairbolsonaro,2022-10-16T02:45:40.000Z,"- Jamais esqueceremos da Professora Heley de Abreu, símbolo da doação e do sacrifício no serviço às gerações futuras.",nao,375 Replies. Reply,5655 reposts. Repost,27167 Likes. Like,,
1581476434006065153,https://x.com/i/web/status/1581476434006065153,Jair M. Bolsonaro,@jairbolsonaro,2022-10-16T02:45:38.000Z,"- Sabemos que a situação não é fácil e por isso demos o maior aumento da história para quem tanto batalha pela educação do nosso maior patrimônio, os nossos filhos. Que neste dia Deus abençoe nossos mestres e os ilumine com a certeza de que cumprem integralmente sua vocação!",nao,288 Replies. Reply,3281 reposts. Repost,21249 Likes. Like,,
1581476432219602947,https://x.com/i/web/status/1581476432219602947,Jair M. Bolsonaro,@jairbolsonaro,2022-10-16T02:45:38.000Z,"- Neste dia dos professores, que todos os mestres tenham o sentimento de dever cumprido, que em condições precárias ou confortáveis, em locais próximos ou distantes, saibam que cumprem uma missão civilizadora. Os professores são a imagem da sabedoria que queremos um dia possuir.",nao,2218 Replies. Reply,6068 reposts. Repost,39497 Likes. Like,,
1581377707975139328,https://x.com/i/web/status/1581377707975139328,Jair M. Bolsonaro,@jairbolsonaro,2022-10-15T20:13:20.000Z,- Fortaleza/CE (15OUT22),nao,543 Replies. Reply,4369 reposts. Repost,24001 Likes. Like,,
1581375677521047553,https://x.com/i/web/status/1581375677521047553,Jair M. Bolsonaro,@jairbolsonaro,2022-10-15T20:05:16.000Z,"- Fortaleza/Ceará, 15/out/2022.",nao,504 Replies. Reply,4666 reposts. Repost,25497 Likes. Like,,
1581373385057406976,https://x.com/i/web/status/1581373385057406976,Jair M. Bolsonaro,@jairbolsonaro,2022-10-15T19:56:10.000Z,"- Fortaleza/CE, 15/outubro/22.",nao,2719 Replies. Reply,9618 reposts. Repost,46986 Likes. Like,,
1581312785816092672,https://x.com/i/web/status/1581312785816092672,Jair M. Bolsonaro,@jairbolsonaro,2022-10-15T15:55:22.000Z,"- Palavras da Senadora Ministra 
@TerezaCrisMS",nao,1408 Replies. Reply,6966 reposts. Repost,25512 Likes. Like,,
1581222819177693185,https://x.com/i/web/status/1581222819177693185,Jair M. Bolsonaro,@jairbolsonaro,2022-10-15T09:57:52.000Z,"- Com deflações seguidas jamais vistas anteriormente, o Brasil caminha no rumo certo enquanto a inflação no mundo dispara. 

- Nosso País alcança resultados com condutas sóbrias e honestas em proteção do povo Brasileiro, sem falácias ou mentiras sedutoras.",nao,585 Replies. Reply,4571 reposts. Repost,23150 Likes. Like,,
1581222815990022144,https://x.com/i/web/status/1581222815990022144,Jair M. Bolsonaro,@jairbolsonaro,2022-10-15T09:57:51.000Z,"- Parlamentares do PT votaram contra a redução de ICMS dos combustíveis que hoje barateiam o preço dos alimentos. 

- E graças ao agronegócio que não parou durante a pandemia, mesmo massacrado pela esquerda, os alimentos ganham notória queda de preço nas prateleiras do mercado.",nao,3120 Replies. Reply,11217 reposts. Repost,46791 Likes. Like,,
1581036072582418432,https://x.com/i/web/status/1581036072582418432,Jair M. Bolsonaro,@jairbolsonaro,2022-10-14T21:35:48.000Z,- Belo Horizonte / MG (14/10/22),nao,1649 Replies. Reply,6877 reposts. Repost,32416 Likes. Like,,
1581017982154969088,https://x.com/i/web/status/1581017982154969088,Jair M. Bolsonaro,@jairbolsonaro,2022-10-14T20:23:55.000Z,- Duque de Caxias / RJ (14/10/22),nao,1573 Replies. Reply,5694 reposts. Repost,27560 Likes. Like,,
1580985187324026880,https://x.com/i/web/status/1580985187324026880,Jair M. Bolsonaro,@jairbolsonaro,2022-10-14T18:13:36.000Z,"- Respeito com o contribuinte! Capitão 
@tarcisiogdf",nao,1421 Replies. Reply,7830 reposts. Repost,33618 Likes. Like,,
1580864847256129536,https://x.com/i/web/status/1580864847256129536,Jair M. Bolsonaro,@jairbolsonaro,2022-10-14T10:15:25.000Z,"- Transposição do São Francisco, mais de 2.237 cisternas perfuradas oferecendo água ao semiárido Nordestino e Mineiro (AL, BA, CE, MG, PB, PE, PI, RN e SE) e máquinas que transformam a humildade do ar em água.

- Libertação do Nordeste dos carros pipa! O serviço não pode parar!",nao,2995 Replies. Reply,10562 reposts. Repost,40898 Likes. Like,,
1580631173130489856,https://x.com/i/web/status/1580631173130489856,Jair M. Bolsonaro,@jairbolsonaro,2022-10-13T18:46:53.000Z,"- O verdadeiro PT que determinados tentam proibir que você saiba:

. Com Governador de Minas Gerais, 
@RomeuZema",nao,2674 Replies. Reply,9602 reposts. Repost,38352 Likes. Like,,
1580535578092675072,https://x.com/i/web/status/1580535578092675072,Jair M. Bolsonaro,@jairbolsonaro,2022-10-13T12:27:01.000Z,"- Mais detalhes em nosso Telegram: 
t.me/jairbolsonarob
…",nao,536 Replies. Reply,2811 reposts. Repost,14867 Likes. Like,,
1580535566487400453,https://x.com/i/web/status/1580535566487400453,Jair M. Bolsonaro,@jairbolsonaro,2022-10-13T12:26:58.000Z,"- MACONHA: 

2008: 72.562,2 / 2009: 61.906,5 / 2010: 90.791,4 / 2011: 59.835,9 / 2012: 88.104 / 2013: 117.673 / 2014: 168.966,6 / 2015: 164.254,30 2016: 218.674,4 / 2017: 341.832.70 2018: 307.057,5 

2019: 324.379,90 2020: 726.117,7 / 2021: 582.795,7 2022: 216.844,9",nao,660 Replies. Reply,4190 reposts. Repost,19179 Likes. Like,,
1580535559767805953,https://x.com/i/web/status/1580535559767805953,Jair M. Bolsonaro,@jairbolsonaro,2022-10-13T12:26:57.000Z,"-Apreensão de drogas:

- COCAÍNA:

2008: 3.584,9 / 2009: 3.702 / 2010: 5.133,7 / 2011: 5.935,6 / 2012: 6.843,7 / 2013: 5.863,2/ 2014: 7.822,8
2015: 7.636,90 / 2016: 6.680,3 / 2017: 9.265,2 / 2018: 18.771,3 

2019: 24.064,2 / 2020: 30.351,4 / 2021: 40.247,9 / 2022: 30.070,2",nao,3849 Replies. Reply,8580 reposts. Repost,41435 Likes. Like,,
1580505385588621312,https://x.com/i/web/status/1580505385588621312,Jair M. Bolsonaro,@jairbolsonaro,2022-10-13T10:27:02.000Z,"- Mesmo que o PT tenha se posicionado contra a redução de ICMS, o Brasil vence sem falsas promessas ou mentiras e os preços continuam caindo dentro da logística até o receptor final que é consumidor, mesmo com os reflexos de uma pandemia e uma guerra que atingem a todo mundo!",nao,3335 Replies. Reply,10796 reposts. Repost,47771 Likes. Like,,
1580382719271350273,https://x.com/i/web/status/1580382719271350273,Jair M. Bolsonaro,@jairbolsonaro,2022-10-10T12:03:04.000Z,"- Aproveito a ocasião para agradecer aos católicos do Brasil inteiro pelo apoio inestimável. Sei que que tenho meus defeitos e pecados, mas o combate que estamos lutando é maior do que cada um de nós. Que Deus ilumine o nosso povo neste momento decisivo!",nao,1009 Replies. Reply,4628 reposts. Repost,20536 Likes. Like,,
1580382691572477955,https://x.com/i/web/status/1580382691572477955,Jair M. Bolsonaro,@jairbolsonaro,2022-10-13T02:19:30.000Z,"- Assim como em anos anteriores, fui hoje à Aparecida celebrar o dia de Nossa Senhora Aparecida, data especial para a fé de muitos brasileiros e profundamente marcante para nossa nação. Que Deus siga nos dando força para lutar pelos valores da Virgem e de seu filho Jesus Cristo.",nao,4700 Replies. Reply,9228 reposts. Repost,50578 Likes. Like,,
1580260825721630720,https://x.com/i/web/status/1580260825721630720,Jair M. Bolsonaro,@jairbolsonaro,2022-10-12T18:15:15.000Z,"- Tão revoltante quanto, é ver que alguns preferem se revoltar mais com uma mulher que corajosamente denuncia e luta contra esquemas de tráfico e exploração sexual do que com os próprios criminosos. Tudo bem não gostar de mim, mas não sacrifiquem as crianças só para me atacar!",nao,1517 Replies. Reply,10399 reposts. Repost,50810 Likes. Like,,
1580260821334372352,https://x.com/i/web/status/1580260821334372352,Jair M. Bolsonaro,@jairbolsonaro,2022-10-12T18:15:14.000Z,- É um completo escárnio soltar um indivíduo preso em flagrante por envolvimento com pedofilia e acusado de estupro de vulnerável em pleno dia das crianças! Um tapa na cara de pais e mães que temem pela segurança de seus filhos. Proteger as crianças deveria ser prioridade máxima!,nao,5147 Replies. Reply,20184 reposts. Repost,97357 Likes. Like,,
1580235921295048705,https://x.com/i/web/status/1580235921295048705,Jair M. Bolsonaro,@jairbolsonaro,2022-10-12T16:36:17.000Z,-Redução de impostos (Bolsonaro) x aumento de impostos (lula).,nao,1585 Replies. Reply,9370 reposts. Repost,37489 Likes. Like,,
1580144597170155520,https://x.com/i/web/status/1580144597170155520,Jair M. Bolsonaro,@jairbolsonaro,2022-10-12T10:33:24.000Z,"- Com os reflexos da pandemia e uma guerra que atinge todo o mundo o  segue na direção certa em prol do povo!

- Graças ao recorde de redução de impostos e a responsabilidade social do Governo, o país respira enquanto o mundo caminha numa recessão e desabastecimento históricos.",nao,483 Replies. Reply,3720 reposts. Repost,20646 Likes. Like,,
1580144595303682048,https://x.com/i/web/status/1580144595303682048,Jair M. Bolsonaro,@jairbolsonaro,2022-10-12T10:33:23.000Z,"- IPCA cai 0,29% em setembro e tem 3a deflação mensal consecutiva. Sequência não ocorria desde 1998.

- Novamente, a queda no preço dos combustíveis (ICMS) puxou a deflação (IBGE). 

- Impactaram no resultado de setembro: setor de comunicação (-2,08%) e de alimentação (-0,51).",nao,1905 Replies. Reply,7562 reposts. Repost,38839 Likes. Like,,
1579959577453350912,https://x.com/i/web/status/1579959577453350912,Jair M. Bolsonaro,@jairbolsonaro,2022-10-11T22:18:12.000Z,"- O que ele chama de frente pela democracia é, na verdade, a volta da falsa harmonia, aquela em que os companheiros roubam em paz enquanto você paga a conta. Não há compromisso com o povo quando já se está comprometido com outros interesses. Assim nasce a corrupção sistêmica!",nao,686 Replies. Reply,5402 reposts. Repost,29105 Likes. Like,,
1579959574127611904,https://x.com/i/web/status/1579959574127611904,Jair M. Bolsonaro,@jairbolsonaro,2022-10-11T22:18:11.000Z,"- Já o candidato do crime organizado não pode anunciar ninguém porque já entregou tudo na mão de grupos e partidos políticos em troca de apoio. É por isso que ele é o candidato do sistema, porque quem é refém pode ser chantageado. Ou alguém acha que ele foi solto por caridade?",nao,823 Replies. Reply,6498 reposts. Repost,34257 Likes. Like,,
1579959571309039617,https://x.com/i/web/status/1579959571309039617,Jair M. Bolsonaro,@jairbolsonaro,2022-10-11T22:18:10.000Z,"- Em 2018, antes de vencermos as eleições, o povo já conhecia parte daqueles que iriam compor o meu governo. Sabiam qual seria o perfil dos meus ministros e que todos seriam escolhidos com independência. Isso é fundamental para trabalhar pelo Brasil e não por interesses sombrios.",nao,3602 Replies. Reply,10569 reposts. Repost,57981 Likes. Like,,
1579936891243089920,https://x.com/i/web/status/1579936891243089920,Jair M. Bolsonaro,@jairbolsonaro,2022-10-11T20:48:03.000Z,"- Pelotas/RS, 11 Out 22",nao,1925 Replies. Reply,9609 reposts. Repost,52075 Likes. Like,,
1579869136100134912,https://x.com/i/web/status/1579869136100134912,Jair M. Bolsonaro,@jairbolsonaro,2022-10-11T16:18:49.000Z,- Balneário Camboriú / SC (11/10/2022).,nao,1841 Replies. Reply,8889 reposts. Repost,44999 Likes. Like,,
1579851134302552070,https://x.com/i/web/status/1579851134302552070,Jair M. Bolsonaro,@jairbolsonaro,2022-10-11T15:07:17.000Z,"LULA E PT: 
. Mais burocracia
. Desvios de conduta…
. Menos empresas
. Maior recessão da história do Brasil
. Novas empresas em 14 anos de PT (Lula e Dilma): 8 milhões
. Tempo para abrir uma nova empresa no Brasil antes de Bolsonaro (dez/18): 5 dias e 8 horas",nao,499 Replies. Reply,3770 reposts. Repost,20512 Likes. Like,,
1579851131496566784,https://x.com/i/web/status/1579851131496566784,Jair M. Bolsonaro,@jairbolsonaro,2022-10-11T15:07:16.000Z,"-ABERTURA DE EMPRESAS (comparação)

. BOLSONARO:
.Recorde de diminuição de burocracia
. Mais facilidade (digitalizações recordes)
. Recorde de empresas abertas
. Novas empresas em 3 anos e meio de Bolsonaro: 8,1 milhões
. Tempo para abrir uma nova empresa no Brasil (jun/22): 23h",nao,1447 Replies. Reply,7743 reposts. Repost,39550 Likes. Like,,
1579772129720967168,https://x.com/i/web/status/1579772129720967168,Jair M. Bolsonaro,@jairbolsonaro,2022-10-11T09:53:21.000Z,"- Capitão 
@tarcisiogdf
 restabelece a verdade:",nao,3310 Replies. Reply,16626 reposts. Repost,77500 Likes. Like,,
1579604448191840256,https://x.com/i/web/status/1579604448191840256,Jair M. Bolsonaro,@jairbolsonaro,2022-10-10T22:47:02.000Z,- Cerca de 30% da população venezuelana acolhida pelo Brasil é criança. Cada uma delas nos toca com sua pureza e sua simplicidade.,nao,558 Replies. Reply,4351 reposts. Repost,26378 Likes. Like,,
1579604443313889280,https://x.com/i/web/status/1579604443313889280,Jair M. Bolsonaro,@jairbolsonaro,2022-10-10T22:47:01.000Z,"- FUGA DO SOCIALISMO E AJUDA HUMANITÁRIA DO BRASIL:

- Boa Vista (RR) - Nesta segunda, 10 de outubro, a Operação Acolhida iniciou a ‘Semana da Criança’ com uma programação muito especial, envolvendo todos os abrigos e garantindo assim, conforto e atenção especial às crianças.",nao,1520 Replies. Reply,6969 reposts. Repost,37078 Likes. Like,,
1579495430437867521,https://x.com/i/web/status/1579495430437867521,Jair M. Bolsonaro,@jairbolsonaro,2022-10-10T15:33:50.000Z,". Agro desprezado e indústrias achacadas por burocracias e impostos;

. 2 últimos anos do PT (2015/2016):

. 2,87 milhões de empregos perdidos
. 2015: -1.55 milhões de empregos
. 2016: -1,32 milhões de empregos",nao,412 Replies. Reply,4420 reposts. Repost,24687 Likes. Like,,
1579495422313525249,https://x.com/i/web/status/1579495422313525249,Jair M. Bolsonaro,@jairbolsonaro,2022-10-10T15:33:48.000Z,"- LULA E PT:

. Maior recessão econômica da história do Brasil;

. Desemprego recorde antes do Bolsonaro: 13,9% em março/2017;

. Resultado das más escolhas e das políticas econômicas erradas do passado;

. Corrupção e incompetência destruindo o Brasil;",nao,586 Replies. Reply,5435 reposts. Repost,29422 Likes. Like,,
1579495416969981952,https://x.com/i/web/status/1579495416969981952,Jair M. Bolsonaro,@jairbolsonaro,2022-10-10T15:33:47.000Z,". Reduções de impostos e apoio a mais de 10 milhões de empresas na pandemia (fique em casa que a economia a gente vê depois);

. Último ano e meio:

. (2021/2022): 4,59 milhões de empregos gerados;

. 2021: +2,76 milhões de empregos
. 2022: +1,83 milhões de empregos (até agosto)",nao,135 Replies. Reply,2620 reposts. Repost,13379 Likes. Like,,
1579495412138119168,https://x.com/i/web/status/1579495412138119168,Jair M. Bolsonaro,@jairbolsonaro,2022-10-10T15:33:46.000Z,"-EMPREGOS (comparação): 

- BOLSONARO:

. Maior número de brasileiros trabalhando na história: 100,2 milhões (jun/2022);

. Menor desemprego em 7 anos: 9,1% em julho/2022 (mesmo com pandemia e guerra);

. Saldo de mais de 5,5 milhões de empregos com crise mundial (desde jul/20);",nao,2851 Replies. Reply,10610 reposts. Repost,52152 Likes. Like,,
1579428695470931969,https://x.com/i/web/status/1579428695470931969,Jair M. Bolsonaro,@jairbolsonaro,2022-10-10T11:08:40.000Z,"- BAHIA / Baixio do Irecê, no interior da Bahia, mais uma obra que gera empregos e dignidade aos brasileiros: Uma região com água em abundância e com forte tradição agrícola para o cultivo de grãos.",nao,1681 Replies. Reply,8834 reposts. Repost,39884 Likes. Like,,
1579174741427961856,https://x.com/i/web/status/1579174741427961856,Jair M. Bolsonaro,@jairbolsonaro,2022-10-09T18:19:32.000Z,"- Até 2019, a rodovia, no trecho de Navegantes até Indaial, não tinha sido contemplada com nenhum quilômetro de duplicação. 

- Nosso compromisso é chegar até o final de 2022 com um total de 50 quilômetros de duplicação.",nao,451 Replies. Reply,3935 reposts. Repost,23970 Likes. Like,,
1579174735237517312,https://x.com/i/web/status/1579174735237517312,Jair M. Bolsonaro,@jairbolsonaro,2022-10-09T18:19:31.000Z,"- SANTA CATARINA: Assumimos nos últimos anos, um compromisso com o povo de SC, tirando do papel a duplicação da BR-470/SC. 

- Hoje, essa importante rota para o desenvolvimento catarinense já pode contar com 35 Kms duplicados.",nao,1212 Replies. Reply,6269 reposts. Repost,33460 Likes. Like,,
1579095178194755584,https://x.com/i/web/status/1579095178194755584,Jair M. Bolsonaro,@jairbolsonaro,2022-10-09T13:03:23.000Z,"Estou AO VIVO agora no youtube do Pilhado e 
@realpfigueiredo
 . Vários atletas farão perguntas também!

Assista, compartilhe:",nao,1405 Replies. Reply,5558 reposts. Repost,28328 Likes. Like,,
1579074132565987328,https://x.com/i/web/status/1579074132565987328,Jair M. Bolsonaro,@jairbolsonaro,2022-10-09T11:39:45.000Z,"- MINAS GERAIS: metrô de BH.

- Ampliação das linha 1 e a construção da linha 2.

- Enquanto governos passados priorizavam obras em países vizinhos e envio do seu dinheiro para patrocinar ditaduras socialistas, o Governo Bolsonaro olha desde 2019 para as necessidades do .",nao,1928 Replies. Reply,8187 reposts. Repost,35977 Likes. Like,,
1578920317996892160,https://x.com/i/web/status/1578920317996892160,Jair M. Bolsonaro,@jairbolsonaro,2022-10-09T01:28:33.000Z,"- De dentro de uma sala confortável é fácil criticar um cidadão indefeso e apavorado, que tenta lutar pela própria vida ou para proteger aqueles que amam. Lamento que no Brasil, diante da covardia do crime, muitos prefiram dar lição naqueles que escolheram viver de forma honesta.",nao,2108 Replies. Reply,8492 reposts. Repost,44518 Likes. Like,,
1578864834606612480,https://x.com/i/web/status/1578864834606612480,Jair M. Bolsonaro,@jairbolsonaro,2022-10-08T21:48:05.000Z,"- Sabemos que ainda não é o ideal. Mesmo com a maior redução de homicídios e o menor índice de toda a série histórica, os números ainda são elevados, pois herdamos do PT um Brasil com mais de 60 mil mortes violentas por ano, nível semelhante a países em guerra civil.",nao,520 Replies. Reply,5257 reposts. Repost,31645 Likes. Like,,
1578864827799601152,https://x.com/i/web/status/1578864827799601152,Jair M. Bolsonaro,@jairbolsonaro,2022-10-08T21:48:03.000Z,"- Não é a toa que os homicídios caíram mais de 30% nos últimos anos, segundo dados do Sinesp, e que nunca se apreendeu tanta droga e bens do crime como em meu Governo. Por que não era assim? Porque não queriam. Porque se preocupavam mais com os bandidos do que com as vítimas.",nao,561 Replies. Reply,6813 reposts. Repost,39294 Likes. Like,,
1578864823525576704,https://x.com/i/web/status/1578864823525576704,Jair M. Bolsonaro,@jairbolsonaro,2022-10-08T21:48:02.000Z,"É preciso estar atento aos sinais. O apoio maciço de presos e de chefe de facção ao Lula não é mera admiração. Eles sabem que o PT no poder representa vida boa para o crime. E essa é a fórmula perfeita para a violência voltar a crescer, porque bandido só respeita o que teme.",nao,5055 Replies. Reply,15365 reposts. Repost,73607 Likes. Like,,
1578835973370437633,https://x.com/i/web/status/1578835973370437633,Jair M. Bolsonaro,@jairbolsonaro,2022-10-08T19:53:24.000Z,BRASIL: Recordes de produção do Governo Federal não param de ser batidos. Compartilhe e vamos restabelecer a verdade.,nao,1453 Replies. Reply,7282 reposts. Repost,28808 Likes. Like,,
1578815826194747392,https://x.com/i/web/status/1578815826194747392,Jair M. Bolsonaro,@jairbolsonaro,2022-10-07T23:33:08.000Z,- Com licença! O senhor deixou cair isso aqui...,nao,2451 Replies. Reply,7016 reposts. Repost,39587 Likes. Like,,
1578744712525418496,https://x.com/i/web/status/1578744712525418496,Jair M. Bolsonaro,@jairbolsonaro,2022-10-08T13:50:45.000Z,"- Esse é o grande mal da inversão de valores. Enquanto ""especialistas"" preferirem falar que um inocente morreu por causa de um celular, ao invés de dizer que um vagabundo escolheu matar um pai ou uma mãe de família por isso, eles se sentirão no direito de fazer o que fazem.",nao,669 Replies. Reply,6164 reposts. Repost,35585 Likes. Like,,
1578744708402405382,https://x.com/i/web/status/1578744708402405382,Jair M. Bolsonaro,@jairbolsonaro,2022-10-08T13:50:44.000Z,"- Tratar assaltante como vítima da sociedade é isentá-lo de sua responsabilidade. Existem milhões de pessoas humildes que levam a vida honestamente. É o bandido, não essas pessoas, que escolhe ameaçar pais e mães de família e tomar à força o que foi conquistado com muito suor.",nao,3712 Replies. Reply,13682 reposts. Repost,70983 Likes. Like,,
1578708867625648130,https://x.com/i/web/status/1578708867625648130,Jair M. Bolsonaro,@jairbolsonaro,2022-10-08T11:28:19.000Z,- Documentário sobre a chegada das Águas do Rio São Francisco no sertão do Nordeste e evolução da Ferrovia TransNordestina que traz e trará retorno para todo o país.,nao,2344 Replies. Reply,15529 reposts. Repost,52738 Likes. Like,,
1578565361624137728,https://x.com/i/web/status/1578565361624137728,Jair M. Bolsonaro,@jairbolsonaro,2022-10-08T01:58:05.000Z,"- Investigaram o Lula e ele foi preso condenado em três instâncias por corrupção e lavagem de $$$. Não venceu nada, recebeu uma mãozinha pra ser solto e reiniciar os processos. Os crimes existiram! E sobre essa ""vitória"" na ONU, é tão real quanto a democracia na Nicarágua.",nao,8387 Respostas. Resposta,20023 reposts. Repost,102246 Curtidas. Curtida,,
1578517038385238016,https://x.com/i/web/status/1578517038385238016,Jair M. Bolsonaro,@jairbolsonaro,2022-10-07T22:46:04.000Z,"- Live PR Jair Bolsonaro (07/10/22)
- Belém do Pará.
- Assista:",nao,981 Respostas. Resposta,3626 reposts. Repost,22145 Curtidas. Curtida,,
1578493342182096896,https://x.com/i/web/status/1578493342182096896,Jair M. Bolsonaro,@jairbolsonaro,2022-10-07T19:49:20.000Z,"- O que um Chefe de Estado não pode fazer é roubar, seu vagabundo!",nao,15869 Respostas. Resposta,25602 reposts. Repost,118375 Curtidas. Curtida,,
1578482148193234944,https://x.com/i/web/status/1578482148193234944,Jair M. Bolsonaro,@jairbolsonaro,2022-10-07T20:27:25.000Z,"- Aumento da pena máxima de 30 para 40 anos
- Fim da saída temporária de presos que cometeram crime hediondo com morte da vítima
- Criação de banco nacional de perfis genéticos para auxílio na elucidação de crimes graves, como estupro.

- Enfim... 
- Um forte abraço! ",nao,931 Respostas. Resposta,9096 reposts. Repost,42728 Curtidas. Curtida,,
1578482143138697216,https://x.com/i/web/status/1578482143138697216,Jair M. Bolsonaro,@jairbolsonaro,2022-10-07T20:27:24.000Z,"- Implementação do esporte no auxílio à educação (volta dos JEBs)
- Privatização da Eletrobrás
- Concessão de portos e aeroportos
- Marco das Start Ups
- Disponibilização de imóveis da União para habitação social
- Extinção de 90 mil cargos e funções (quase 1BI de economia/ano)",nao,245 Respostas. Resposta,4732 reposts. Repost,27475 Curtidas. Curtida,,
1578482138285948929,https://x.com/i/web/status/1578482138285948929,Jair M. Bolsonaro,@jairbolsonaro,2022-10-07T20:27:23.000Z,"- Reforma da Previdência
- Redução recorde do tempo médio para abrir empresa no Brasil
- Digitalização recorde de serviços públicos e modernização dos Cartórios
- Independência do Banco Central
- Independência na indicação de cargos técnicos para ministérios, bancos e estatais",nao,92 Respostas. Resposta,3339 reposts. Repost,16510 Curtidas. Curtida,,
1578482132099293184,https://x.com/i/web/status/1578482132099293184,Jair M. Bolsonaro,@jairbolsonaro,2022-10-07T20:27:21.000Z,"- Implementação do PIX
- Contas públicas no azul pela primeira vez em quase 10 anos
- Conclusão de obras abandonadas há anos, como a Transposição do São Francisco
- Pensão vitalícia para mães de filhos com microcefalia
- Maior aumento da história para professores do ensino básico",nao,188 Respostas. Resposta,4683 reposts. Repost,21089 Curtidas. Curtida,,
1578482123585224705,https://x.com/i/web/status/1578482123585224705,Jair M. Bolsonaro,@jairbolsonaro,2022-10-07T20:27:19.000Z,"- Geração de empregos maior que EUA, Alemanha e Reino Unido juntos nos últimos 12 meses
- Crescimento acima de todos os países do G7 em 2022
- Estatais que davam prejuízos gerando lucros
- Criação da Sec. de Alfabetização
- Implementação de modelo que reduz tempo de alfabetização",nao,98 Respostas. Resposta,3173 reposts. Repost,15168 Curtidas. Curtida,,
1578482111396614145,https://x.com/i/web/status/1578482111396614145,Jair M. Bolsonaro,@jairbolsonaro,2022-10-07T20:27:16.000Z,"- Benefício para os mais pobres 3x maior, melhor e mais amplo que o Bolsa família
- Fim das invasões de terras pelo MST
- Recorde de apreensão de drogas e prejuízos ao crime organizado
- Retomada da malha ferroviária
- Marco do Saneamento Básico
- Lei da Liberdade Econômica",nao,120 Respostas. Resposta,2743 reposts. Repost,13878 Curtidas. Curtida,,
1578482105075781633,https://x.com/i/web/status/1578482105075781633,Jair M. Bolsonaro,@jairbolsonaro,2022-10-07T08:00:18.000Z,"- Maior redução e menor índice de homicídios de toda a série histórica
- Política contínua de redução e zeramento de impostos
- Redução de estupros
- Inflação menor que EUA e Reino Unido
- Menor índice de desemprego desde a recessão causada pelo PT em 2015 (com pandemia e guerra)",nao,2531 Respostas. Resposta,10086 reposts. Repost,51312 Curtidas. Curtida,,
1578367944400470017,https://x.com/i/web/status/1578367944400470017,Jair M. Bolsonaro,@jairbolsonaro,2022-10-07T12:53:37.000Z,"- Não há nada mais vergonhoso do que defender uma ideia contrária a tudo aquilo que você acredita só para ser aceito. É o pior sinal para um líder. Afinal, quem, pelo poder, é capaz de deixar de lado até os próprios valores, jamais moverá uma palha para defender os de uma nação.",nao,1052 Respostas. Resposta,6503 reposts. Repost,38384 Curtidas. Curtida,,
1578367936238346241,https://x.com/i/web/status/1578367936238346241,Jair M. Bolsonaro,@jairbolsonaro,2022-10-07T12:53:35.000Z,"- A esquerda diz se orgulhar de suas bandeiras, mas as esconde em ano de eleição. Sabem que se falassem a verdade sobre o que pregam, jamais seriam aceitos, por isso mentem que nem sentem. Poderiam ser sinceros e deixar o povo decidir, mas a ganância e a ambição falam mais alto.",nao,767 Respostas. Resposta,6268 reposts. Repost,40237 Curtidas. Curtida,,
1578367932093976576,https://x.com/i/web/status/1578367932093976576,Jair M. Bolsonaro,@jairbolsonaro,2022-10-07T12:53:34.000Z,"- Lula agora tenta dizer que é contra o aborto, enquanto é apoiado por quem defende; que é cristão, enquanto é apoiado por quem odeia igreja; que é contra as drogas, enquanto é apoiado por quem é a favor; que é contra a corrupção, enquanto ele e seu bando foram presos por isso...",nao,9540 Respostas. Resposta,16577 reposts. Repost,88888 Curtidas. Curtida,,
1578333956386082816,https://x.com/i/web/status/1578333956386082816,Jair M. Bolsonaro,@jairbolsonaro,2022-10-07T10:38:33.000Z,"- Os interesses do brasileiro são sempre colocados em primeiro lugar, enquanto o mundo passa por uma crise econômica histórica, o Brasil respira com atitudes sensatas e ações governamentais que garantem alívio para o povo.",nao,517 Respostas. Resposta,4781 reposts. Repost,30246 Curtidas. Curtida,,
1578333953307848709,https://x.com/i/web/status/1578333953307848709,Jair M. Bolsonaro,@jairbolsonaro,2022-10-07T10:38:33.000Z,"- Outras operações de importação de diesel estão em progresso.

- Novas cargas são esperadas aumentando a competição e pressionando para a queda dos preços do combustível que por fim acaba gerando deflação e diminuição do preço dos alimentos.",nao,270 Respostas. Resposta,4224 reposts. Repost,28830 Curtidas. Curtida,,
1578333950660919297,https://x.com/i/web/status/1578333950660919297,Jair M. Bolsonaro,@jairbolsonaro,2022-10-07T10:38:32.000Z,"- Mais um navio com diesel importado da Rússia chegou ao Brasil. São mais cerca de 30 milhões de litros aguardando para descarregar no porto de Paranaguá.

- A primeira remessa de 35 milhões de litros de diesel importado da Rússia chegou ao porto de Santos no dia 2 de outubro.",nao,2354 Respostas. Resposta,10375 reposts. Repost,57964 Curtidas. Curtida,,
1578201966743719936,https://x.com/i/web/status/1578201966743719936,Jair M. Bolsonaro,@jairbolsonaro,2022-10-07T01:54:05.000Z,"- Aborto é, sobretudo, a destruição do futuro, pois não existe futuro quando não se tem o direito de existir. A vida começa na concepção. Neste momento já somos quem sempre seremos: únicos e com alma. Essa é uma verdade permanente, independente de ser ano eleitoral ou não!",nao,3212 Respostas. Resposta,16500 reposts. Repost,52600 Curtidas. Curtida,,
1578163989988507648,https://x.com/i/web/status/1578163989988507648,Jair M. Bolsonaro,@jairbolsonaro,2022-10-06T23:23:10.000Z,"- Está permitido culpar a vítima agora? Absurdo! Chega de inversão de valores! Não foi a atriz que perdeu a vida por não parar o carro, foi o bandido que ESCOLHEU matá-la por isso. Quanto mais tentam justificar uma crueldade dessas, mais eles se sentem no direito de serem cruéis.",nao,3677 Respostas. Resposta,17868 reposts. Repost,84154 Curtidas. Curtida,,
1578140522295660544,https://x.com/i/web/status/1578140522295660544,Jair M. Bolsonaro,@jairbolsonaro,2022-10-06T21:49:55.000Z,"- Faço minhas as sábias e fortes palavras da Tenente Silvia Waiãpi, primeira indígena a se tornar oficial do nosso glorioso exército brasileiro, eleita Deputada Federal. No que depender de nós, daremos a vida para proteger o nosso povo e a nossa soberania. BRASIL ACIMA DE TUDO!",nao,2867 Respostas. Resposta,18101 reposts. Repost,63899 Curtidas. Curtida,,
1578109802131357696,https://x.com/i/web/status/1578109802131357696,Jair M. Bolsonaro,@jairbolsonaro,2022-10-06T19:47:51.000Z,"- O que o PT, com toda a sua corrupção, conseguiu destruir em tempos de paz, nós conseguimos construir em meio a uma pandemia, uma seca extrema e uma guerra de impactos globais. Com eles, o Brasil perdeu o rumo, com nós, o país finalmente entrou de vez no caminho da prosperidade.",nao,3631 Respostas. Resposta,16195 reposts. Repost,62798 Curtidas. Curtida,,
1578026329400041472,https://x.com/i/web/status/1578026329400041472,Jair M. Bolsonaro,@jairbolsonaro,2022-10-06T14:16:09.000Z,"- É impossível promover o maior e mais destrutivo esquema de corrupção de nossa história e ao mesmo tempo respeitar a democracia. É como promover o aborto e respeitar a vida, ou encher a cara e respeitar o fígado. Se você faz um, está necessariamente atacando o outro!",nao,1082 Respostas. Resposta,6294 reposts. Repost,34598 Curtidas. Curtida,,
1578026301566246913,https://x.com/i/web/status/1578026301566246913,Jair M. Bolsonaro,@jairbolsonaro,2022-10-06T14:16:03.000Z,"Defender a democracia é louvável, só que a esquerda transformou isso em salvo-conduto de corrupto. ""Apesar de ladrão, defende a democracia"". O problema é que a corrupção é justamente um dos maiores atentados contra a democracia, já que a vítima é o seu principal pilar: o povo.",nao,4020 Respostas. Resposta,11743 reposts. Repost,61462 Curtidas. Curtida,,
1577996507801853952,https://x.com/i/web/status/1577996507801853952,Jair M. Bolsonaro,@jairbolsonaro,2022-10-06T12:17:39.000Z,"- Não caiam em narrativas que tentam nos colocar contra nossos irmãos do nordeste. A esquerda divide para conquistar. Já tentaram com negros, mulheres, indígenas, etc. Agora tentam com nordestinos, para abafar conquistas como a Transposição do São Francisco, que nós concluímos.",nao,9470 Respostas. Resposta,21263 reposts. Repost,104791 Curtidas. Curtida,,
1577963408657457152,https://x.com/i/web/status/1577963408657457152,Jair M. Bolsonaro,@jairbolsonaro,2022-10-06T10:06:08.000Z,- A malandragem de Lula serviu para enrolar o povo enquanto seu governo o roubava e para enganá-lo sobre a falsa absolvição de seus crimes; nossa firmeza serviu para irmos até a Rússia em meio a uma chuva de críticas negociar fertilizantes e garantir nossa segurança alimentar.,nao,1110 Respostas. Resposta,7033 reposts. Repost,42233 Curtidas. Curtida,,
1577963407101288448,https://x.com/i/web/status/1577963407101288448,Jair M. Bolsonaro,@jairbolsonaro,2022-10-06T10:06:08.000Z,"- A conversa mole agrada, mas é a coragem e a firmeza que garantem a segurança e o futuro de um povo e de uma nação nos momentos decisivos. São essas virtudes que nos protegem dos ataques à nossa soberania, das chantagens dos poderosos e dos conchavos que massacram o nosso povo.",nao,3535 Respostas. Resposta,11383 reposts. Repost,69048 Curtidas. Curtida,,
1577855873455644672,https://x.com/i/web/status/1577855873455644672,Jair M. Bolsonaro,@jairbolsonaro,2022-10-06T01:07:45.000Z,"- Matéria de vocês, ó:",nao,3770 Respostas. Resposta,10546 reposts. Repost,56356 Curtidas. Curtida,,
1577781467043733516,https://x.com/i/web/status/1577781467043733516,Jair M. Bolsonaro,@jairbolsonaro,2022-10-05T22:03:10.000Z,-Live Pr Bolsonaro - Eleições 2022 (05/10/2022).,nao,1344 Replies. Reply,3738 reposts. Repost,22824 Likes. Like,,
1577743063337910283,https://x.com/i/web/status/1577743063337910283,Jair M. Bolsonaro,@jairbolsonaro,2022-10-05T19:30:34.000Z,- Um dia disseram que eu estava sozinho. Creio que todos que defendem os nossos valores já ouviram o mesmo e foram humilhados por isso. Foi por acreditarmos em nós mesmos que fomos capazes de chegar até aqui. E será por esse motivo que mudaremos de vez o destino de nossa nação!,nao,1065 Replies. Reply,6827 reposts. Repost,38507 Likes. Like,,
1577743054395645954,https://x.com/i/web/status/1577743054395645954,Jair M. Bolsonaro,@jairbolsonaro,2022-10-05T19:30:31.000Z,"- Foi por essas pessoas que jurei defender meu país com o sacrifício de minha própria vida. Assim como elas estiveram ao meu lado, rezando e me dando forças no momento mais crítico de minha vida, onde vi a morte de perto depois do atentado que sofri, sempre estarei ao lado delas.",nao,704 Replies. Reply,5513 reposts. Repost,35310 Likes. Like,,
1577743046871072782,https://x.com/i/web/status/1577743046871072782,Jair M. Bolsonaro,@jairbolsonaro,2022-10-05T19:30:30.000Z,"- Diante de tantas mentiras, ataques e desumanização, essa alegria e esse carinho seguem sendo, depois de Deus, o meu maior combustível para me manter de pé e seguir lutando para libertar o nosso povo das garras da injustiça, do abandono, da demagogia e da escravidão política.",nao,5096 Replies. Reply,17193 reposts. Repost,88125 Likes. Like,,
1577610932057931778,https://x.com/i/web/status/1577610932057931778,Jair M. Bolsonaro,@jairbolsonaro,2022-10-05T10:45:31.000Z,"- CEARÁ: Realizamos mais um leilão de saneamento. Caminhamos para a universalização do acesso à água e esgoto tratados, resultado do Marco Legal do Saneamento. 

- Mais de 4 milhões de cearenses serão atendidos além de geração de emprego, saúde e preservação do meio ambiente.",nao,2201 Replies. Reply,9440 reposts. Repost,45935 Likes. Like,,
1577442100614156288,https://x.com/i/web/status/1577442100614156288,Jair M. Bolsonaro,@jairbolsonaro,2022-10-04T23:34:38.000Z,"- Estou longe de ser perfeito. Na verdade, ninguém é. Se fosse, não seria necessário que Deus se fizesse homem para morrer por nós, já que não existiriam pecados. Mas tenho certeza que temos o melhor caminho para tornar realidade o sonho de sermos uma nação grande e próspera! ",nao,1999 Replies. Reply,10945 reposts. Repost,59522 Likes. Like,,
1577442096276852736,https://x.com/i/web/status/1577442096276852736,Jair M. Bolsonaro,@jairbolsonaro,2022-10-04T23:34:37.000Z,"- Por fim, maior do que nossas palavras, são as nossas ações. Com todos os defeitos e caneladas, sempre estivemos ao lado da liberdade e da democracia. Nenhum opositor foi perseguido em meu governo. Pelo contrário, foram meus apoiadores que foram vítimas de perseguições e abusos.",nao,758 Replies. Reply,6808 reposts. Repost,45469 Likes. Like,,
1577442092170846208,https://x.com/i/web/status/1577442092170846208,Jair M. Bolsonaro,@jairbolsonaro,2022-10-04T23:34:36.000Z,"- No caminho de Bolsonaro, uma economia de mercado, pujante, que  está permitindo que o Brasil gere empregos e cresça enquanto todo o mundo está em queda. O caminho de Lula culminou na maior recessão de nossa história, mesmo sem uma pandemia e uma guerra de impactos globais.",nao,304 Replies. Reply,4142 reposts. Repost,21670 Likes. Like,,
1577442088312078336,https://x.com/i/web/status/1577442088312078336,Jair M. Bolsonaro,@jairbolsonaro,2022-10-04T23:34:35.000Z,"- No caminho de Bolsonaro, a garantia de que, apesar de críticas, a mídia jamais será controlada pelo governo, assim como a Internet. No caminho de Lula, a sanha pelo controle de todos os meios de comunicação, aos moldes do que fez a Venezuela e outras ditaduras amigas do PT.",nao,247 Replies. Reply,3523 reposts. Repost,19165 Likes. Like,,
1577442084461547520,https://x.com/i/web/status/1577442084461547520,Jair M. Bolsonaro,@jairbolsonaro,2022-10-04T23:34:35.000Z,"- No caminho de Lula, a violência só aumentou, colocando o Brasil no patamar de países em guerra civil, com 60 mil mortes anuais. No caminho de Jair Bolsonaro, a violência caiu drasticamente, com a maior redução de homicídios de toda a série histórica e o menor nível em 15 anos.",nao,302 Replies. Reply,4067 reposts. Repost,19424 Likes. Like,,
1577442080279781376,https://x.com/i/web/status/1577442080279781376,Jair M. Bolsonaro,@jairbolsonaro,2022-10-04T23:34:34.000Z,"- No caminho de Lula, bandidos são vítimas e policiais são demonizados. Quer soltar presos e tem apoio de Facções. No caminho de Bolsonaro, o Brasil está do lado daqueles que arriscam suas vidas para proteger a sociedade. Vítima é vítima e bandidos devem pagar pelos seus crimes.",nao,449 Replies. Reply,5786 reposts. Repost,28877 Likes. Like,,
1577442076320755712,https://x.com/i/web/status/1577442076320755712,Jair M. Bolsonaro,@jairbolsonaro,2022-10-04T23:34:33.000Z,"- No caminho de Lula o crime organizado cresceu e se fortaleceu monstruosamente. A legalização das drogas, que destroem famílias e que fazem pais e mães enterrarem seus filhos, é uma questão de tempo. No caminho de Bolsonaro, recorde de apreensão de drogas e prejuízos ao tráfico.",nao,296 Replies. Reply,5195 reposts. Repost,26365 Likes. Like,,
1577442072033755136,https://x.com/i/web/status/1577442072033755136,Jair M. Bolsonaro,@jairbolsonaro,2022-10-04T23:34:32.000Z,"- No caminho de Lula, ameaças à propriedade privada, violência e invasões de terras promovidas pelo MST. No caminho de Jair Bolsonaro, a paz reinou através da entrega histórica de mais de 420 mil títulos de propriedade e a ampliação da legítima defesa para o homem do campo.",nao,290 Replies. Reply,5148 reposts. Repost,25827 Likes. Like,,
1577442067420258308,https://x.com/i/web/status/1577442067420258308,Jair M. Bolsonaro,@jairbolsonaro,2022-10-04T23:34:30.000Z,"- No caminho de Lula, 13 milhões de famílias recebiam em média R$ 190. Alguns chegavam a receber apenas R$ 80 e, para que fossem reféns, perdiam o benefício se conseguissem emprego. No caminho de Jair Bolsonaro, 20 milhões de famílias recebem no mínimo R$ 600 do Auxilio Brasil.",nao,575 Replies. Reply,6010 reposts. Repost,25141 Likes. Like,,
1577442061552615425,https://x.com/i/web/status/1577442061552615425,Jair M. Bolsonaro,@jairbolsonaro,2022-10-04T23:34:29.000Z,"- No caminho de Lula, as estatais davam prejuízos, porque eram saqueadas para alimentar esquema de corrupção de seu bando. No caminho de Jair Bolsonaro, as estatais são lideradas por técnicos e dão lucros, que são usados em investimentos, como o pagamento do Auxilio Brasil.",nao,223 Replies. Reply,4302 reposts. Repost,22191 Likes. Like,,
1577442057559343104,https://x.com/i/web/status/1577442057559343104,Jair M. Bolsonaro,@jairbolsonaro,2022-10-04T23:34:28.000Z,"- No caminho de Lula o Brasil é amigo de ditaduras socialistas e financia obras em Cuba e Venezuela enquanto abandona as do próprio país. O caminho de Jair Bolsonaro fez o Brasil se aproximar do mundo livre e democrático, firmando grandes acordos e encaminhando a entrada na OCDE.",nao,415 Replies. Reply,5267 reposts. Repost,25407 Likes. Like,,
1577442054032035840,https://x.com/i/web/status/1577442054032035840,Jair M. Bolsonaro,@jairbolsonaro,2022-10-04T23:34:27.000Z,"- No caminho de Lula, o governo é formado por indicações políticas, negociadas nas sombras em troca de apoio, prato cheio para a corrupção. No caminho de Jair Bolsonaro o governo é formado com independência, permitindo que se trabalhe pelo país e não por interesses estranhos.",nao,650 Replies. Reply,5332 reposts. Repost,26899 Likes. Like,,
1577442046322802689,https://x.com/i/web/status/1577442046322802689,Jair M. Bolsonaro,@jairbolsonaro,2022-10-04T23:34:25.000Z,"- Sempre existirá alguém que não gosta de você ou que você não gosta, é impossível agradar a todos. Agora, quando se trata de decidir os rumos de uma nação, é preciso ir além dessas questões. A disputa não é entre palavras duras e palavras doces, é entre caminhos bem distintos.",nao,6879 Replies. Reply,20675 reposts. Repost,115713 Likes. Like,,
1577386445915963398,https://x.com/i/web/status/1577386445915963398,Jair M. Bolsonaro,@jairbolsonaro,2022-10-04T19:53:29.000Z,"- Tenham a certeza de que esse apoio se estende a todo brasileiro honesto, que segue as leis, ama a sua família e deseja viver num país cada vez mais seguro para seus filhos e netos. Um país livre das drogas, da criminalidade, da inversão de valores e dos ataques à fé de cada um.",nao,1138 Replies. Reply,7324 reposts. Repost,51128 Likes. Like,,
1577386443797778432,https://x.com/i/web/status/1577386443797778432,Jair M. Bolsonaro,@jairbolsonaro,2022-10-04T19:53:29.000Z,"- Agradeço ao Governador de Minas Gerais 
@RomeuZema
, ao Governador do Rio de Janeiro 
@claudiocastroRJ
 e ao Governador de São Paulo 
@rodrigogarcia_
 por decidirem se unir a nós contra a corrupção, o abandono e o desrespeito aos valores das familias brasileiras que representa o PT.",nao,832 Replies. Reply,8223 reposts. Repost,56912 Likes. Like,,
1577386442015363072,https://x.com/i/web/status/1577386442015363072,Jair M. Bolsonaro,@jairbolsonaro,2022-10-04T19:53:28.000Z,"- Diferenças sempre existirão, mas o que está em jogo neste momento é algo muito maior: o futuro do nosso Brasil. É hora de unirmos forças para proteger a liberdade e a dignidade do povo brasileiro e evitar que a quadrilha que assaltou e quase destruiu o país volte ao poder.",nao,8761 Replies. Reply,20374 reposts. Repost,123428 Likes. Like,,
1577230795399626752,https://x.com/i/web/status/1577230795399626752,Jair M. Bolsonaro,@jairbolsonaro,2022-10-04T09:34:59.000Z,"- Cerca de 35 milhões de litros de diesel importado da Rússia chegaram ao porto de Santos.

- Outras operações de importação estão em progresso.

- Novas cargas são esperadas para outubro, aumentando a competição e pressionando para a queda dos preços do combustível.",nao,6471 Replies. Reply,14156 reposts. Repost,95176 Likes. Like,,
1576983918032850944,https://x.com/i/web/status/1576983918032850944,Jair M. Bolsonaro,@jairbolsonaro,2022-10-03T17:13:59.000Z,"- Mantenham o foco! Um dos principais e mais difíceis objetivos foi alcançado ontem. Nós já temos o que é necessário para libertar o Brasil do autoritarismo, da chantagem e da injustiça que tanto nos idigna. A mudança mais profunda do país já começou! Não é o povo que deve temer.",nao,15183 Replies. Reply,36153 reposts. Repost,191149 Likes. Like,,
1576802107021107201,https://x.com/i/web/status/1576802107021107201,Jair M. Bolsonaro,@jairbolsonaro,2022-10-03T05:11:32.000Z,"- Nossos adversários só se prepararam para uma corrida de 100 metros. Nós estamos prontos para uma maratona. Vamos lutar com confiança e com força cada vez maior, certos de que vamos prevalecer pela pátria, pela família, pela vida, pela liberdade e pela vontade de Deus! ",nao,3440 Replies. Reply,12959 reposts. Repost,94893 Likes. Like,,
1576802101489184768,https://x.com/i/web/status/1576802101489184768,Jair M. Bolsonaro,@jairbolsonaro,2022-10-03T05:11:31.000Z,"- Sabemos do tamanho da nossa responsabilidade e dos desafios que vamos enfrentar. Mas sabemos aonde queremos chegar e como chegaremos lá. Pela graça de Deus, nunca perdi uma eleição e sei que não será agora, quando a liberdade do Brasil inteiro depende de nós, que iremos perder.",nao,1588 Replies. Reply,10104 reposts. Repost,84664 Likes. Like,,
1576802096963235841,https://x.com/i/web/status/1576802096963235841,Jair M. Bolsonaro,@jairbolsonaro,2022-10-03T05:11:30.000Z,"- Esta disputa não decidirá apenas quem assumirá um cargo nos próximos quatro anos. Esta disputa decidirá nossa identidade, nossos valores e a forma como seremos vistos pelo mundo e pelo próprio Deus. Lutemos pela liberdade, pela honestidade, por nossos filhos e pelo Brasil.",nao,838 Replies. Reply,7569 reposts. Repost,54634 Likes. Like,,
1576802093687414784,https://x.com/i/web/status/1576802093687414784,Jair M. Bolsonaro,@jairbolsonaro,2022-10-03T05:11:29.000Z,"- Muita gente se deixou levar pelas mentiras propagadas pelos institutos de pesquisas, que saíram do 1° turno completamente desmoralizados. Erraram todas as previsões e já são os maiores derrotados desta eleição. Vencemos essa mentira e agora vamos vencer a eleição!",nao,1124 Replies. Reply,7461 reposts. Repost,58179 Likes. Like,,
1576802090285813762,https://x.com/i/web/status/1576802090285813762,Jair M. Bolsonaro,@jairbolsonaro,2022-10-03T05:11:28.000Z,- Elegemos governadores no 1° turno em 8 estados e elegeremos nossos aliados em outros 8 estados neste 2° turno. Esta é a maior vitória dos patriotas na história do Brasil: 60% do território brasileiro será governado por quem defende nossos valores e luta por um país mais livre.,nao,969 Replies. Reply,7628 reposts. Repost,55306 Likes. Like,,
1576802087693824000,https://x.com/i/web/status/1576802087693824000,Jair M. Bolsonaro,@jairbolsonaro,2022-10-03T05:11:27.000Z,"- Contra tudo e contra todos, tivemos no 1° turno de 2022 uma votação mais expressiva do que aquela que tivemos em 2018. Foram quase 2 milhões de votos a mais! Também elegemos as maiores bancadas da Câmara e do Senado, o que era a nossa maior prioridade neste primeiro momento.",nao,13901 Replies. Reply,25006 reposts. Repost,195633 Likes. Like,,
1576407750057205770,https://x.com/i/web/status/1576407750057205770,Jair M. Bolsonaro,@jairbolsonaro,2022-10-02T03:04:30.000Z,"- Todos são livres para escolher por qual destes caminhos o país percorrerá, consciente de que as consequências de cada um já estão claras. Dito isso, tenho certeza de que o crime não voltará a controlar o nosso Brasil, porque temos o Brasil acima de tudo e DEUS ACIMA DE TODOS!",nao,4196 Replies. Reply,8236 reposts. Repost,53463 Likes. Like,,
1576407744164220929,https://x.com/i/web/status/1576407744164220929,Jair M. Bolsonaro,@jairbolsonaro,2022-10-02T03:04:29.000Z,"- Do outro, a defesa da liberdade e da propriedade privada, o direito à legítima defesa, o combate às drogas e à violência, a proteção da vida desde a concepção, o livre mercado, a defesa da inocência das crianças e um governo honesto, que caminha ao lado do povo brasileiro.",nao,906 Replies. Reply,4986 reposts. Repost,36144 Likes. Like,,
1576407738149933061,https://x.com/i/web/status/1576407738149933061,Jair M. Bolsonaro,@jairbolsonaro,2022-10-02T03:04:27.000Z,"- O que está em jogo são caminhos claramente opostos e muito bem definidos. De um lado, o socialismo, a liberação do aborto, a vitimização de bandidos, a legalização das drogas, a relativização do crime, a demonização de policiais, a corrupção sistêmica e a destruição da família.",nao,834 Replies. Reply,5688 reposts. Repost,29658 Likes. Like,,
1576401407179370496,https://x.com/i/web/status/1576401407179370496,Jair M. Bolsonaro,@jairbolsonaro,2022-10-02T02:39:18.000Z,"- Vamos seguir trabalhando por um Brasil grande, forte e respeitado! Brasil acima de tudo! Deus acima de todos!",nao,880 Replies. Reply,6831 reposts. Repost,44945 Likes. Like,,
1576401390205014018,https://x.com/i/web/status/1576401390205014018,Jair M. Bolsonaro,@jairbolsonaro,2022-10-02T02:39:14.000Z,"- Obrigado, meu amigo Trump! Graças ao apoio do povo brasileiro e de nossa determinação em lutar pelos interesses do Brasil, hoje somos respeitados no mundo todo e contamos com o apoio de nações livres e prósperas e não mais de ditaduras socialistas, como no passado.",nao,8915 Replies. Reply,40435 reposts. Repost,209330 Likes. Like,,
1576379329017413633,https://x.com/i/web/status/1576379329017413633,Jair M. Bolsonaro,@jairbolsonaro,2022-10-02T01:11:34.000Z,"- Israel também está com Bolsonaro. Agradeço ao ex-Premiê de Israel, 
@netanyahu
 , pela amizade, apoio e reconhecimento. O Brasil seguirá junto com Israel na luta pela liberdade e pelos valores que fundaram nossa civilização. Que o bom Deus ilumine o povo brasileiro amanhã! ",nao,1689 Replies. Reply,14364 reposts. Repost,72116 Likes. Like,,
1576373037401636864,https://x.com/i/web/status/1576373037401636864,Jair M. Bolsonaro,@jairbolsonaro,2022-10-02T00:46:34.000Z,"- Obrigado, 
@jguaido
 ! Lutaremos sempre por aquilo que vale mais do que as nossas próprias vidas: a liberdade. O Brasil seguirá sendo uma luz para os que sonham com um futuro mais livre na nossa América Latina e seguirá acolhendo nossos irmãos flagelados pelo socialismo.",nao,405 Replies. Reply,3033 reposts. Repost,22372 Likes. Like,,
1576373031177715712,https://x.com/i/web/status/1576373031177715712,Jair M. Bolsonaro,@jairbolsonaro,2022-10-02T00:46:32.000Z,"- Os venezuelanos acompanharão com apreensão a eleição brasileira, pedindo a Deus para que o Brasil siga sendo um refúgio e uma esperança e também para que não voltemos nunca mais a eleger políticos que apoiam e financiam a ditadura que os massacra.",nao,1441 Replies. Reply,9924 reposts. Repost,51643 Likes. Like,,
1576364722550628352,https://x.com/i/web/status/1576364722550628352,Jair M. Bolsonaro,@jairbolsonaro,2022-10-02T00:13:31.000Z,Nada melhor do que um próprio morador falar das obras da Transposição do São Francisco.,nao,1116 Replies. Reply,7614 reposts. Repost,40119 Likes. Like,,
1576336129196199936,https://x.com/i/web/status/1576336129196199936,Jair M. Bolsonaro,@jairbolsonaro,2022-10-01T22:19:54.000Z,- São Paulo (01/10/2022),nao,1323 Replies. Reply,5232 reposts. Repost,29969 Likes. Like,,
1576321392689451008,https://x.com/i/web/status/1576321392689451008,Jair M. Bolsonaro,@jairbolsonaro,2022-10-01T15:14:35.000Z,"- Só quem já teve a sua liberdade massacrada sabe a importância e o valor sagrado que ela tem. Obrigado, Zoe! Sob graça de Deus, o Brasil seguirá no caminho da prosperidade e da liberdade!",nao,1665 Replies. Reply,8837 reposts. Repost,53420 Likes. Like,,
1576293165870419969,https://x.com/i/web/status/1576293165870419969,Jair M. Bolsonaro,@jairbolsonaro,2022-10-01T19:29:11.000Z,"- Uma das maiores atletas da história do esporte brasileiro, Maurren Maggi.

- Grato pelas palavras, sinceridade e confiança! ",nao,2007 Replies. Reply,11756 reposts. Repost,67446 Likes. Like,,
1576289495032291328,https://x.com/i/web/status/1576289495032291328,Jair M. Bolsonaro,@jairbolsonaro,2022-10-01T19:14:36.000Z,- Muito bom .,nao,46 Replies. Reply,179 reposts. Repost,3841 Likes. Like,,
1576287844179795968,https://x.com/i/web/status/1576287844179795968,Jair M. Bolsonaro,@jairbolsonaro,2022-10-01T19:08:02.000Z,- Obs: quem está dançando no vídeo não sou eu .,nao,1907 Replies. Reply,2957 reposts. Repost,43220 Likes. Like,,
1576260686665068544,https://x.com/i/web/status/1576260686665068544,Jair M. Bolsonaro,@jairbolsonaro,2022-10-01T17:20:07.000Z,"- A Espanha também está com Bolsonaro. O deputado espanhol 
@Santi_ABASCAL
, que preside o Partido Vox, declara seu apoio a Jair Bolsonaro, que segundo ele ""é o líder da opção dos patriotas e dos que querem nações prósperas, livres e soberanas contra o comunismo"".",nao,1343 Replies. Reply,8825 reposts. Repost,48113 Likes. Like,,
1576224103039586306,https://x.com/i/web/status/1576224103039586306,Jair M. Bolsonaro,@jairbolsonaro,2022-10-01T14:54:45.000Z,"- O deputado português 
@AndreCVentura
 , líder do Partido CHEGA, envia um alerta aos brasileiros: ""O regresso de lula ao poder é uma tragédia para o Brasil, para a América Latina e para o mundo que fala português. Em Portugal, não temos dúvida: Bolsonaro é a escolha certa"". ",nao,1914 Replies. Reply,10341 reposts. Repost,45352 Likes. Like,,
1576202106960158720,https://x.com/i/web/status/1576202106960158720,Jair M. Bolsonaro,@jairbolsonaro,2022-10-01T13:27:21.000Z,"-Meu muito obrigado ao Primeiro-Ministro da Hungria Viktor Orban pelo reconhecimento do trabalho que temos feito para recuperar nossa economia, controlar a inflação, gerar empregos, combater o crime e defender nossos valores. Sigamos no caminho certo rumo a um futuro brilhante!",nao,1717 Replies. Reply,11328 reposts. Repost,53694 Likes. Like,,
1576184017073733632,https://x.com/i/web/status/1576184017073733632,Jair M. Bolsonaro,@jairbolsonaro,2022-10-01T12:15:28.000Z,"- O Embaixador e o povo já decretaran! Neste domingo, é  para o Brasil seguir no caminho da liberdade e da prosperidade! Valeu, 
@gusttavo_lima
 !",nao,3253 Replies. Reply,13951 reposts. Repost,88331 Likes. Like,,
1576151382142648321,https://x.com/i/web/status/1576151382142648321,Jair M. Bolsonaro,@jairbolsonaro,2022-10-01T10:05:47.000Z,"- Com o Programa Tempo de Aprender, estamos revolucionando a maneira de alfabetizar nossas crianças. Já são mais de 5 mil municípios que participam desse programa e mais de 18 milhões de acessos aos cursos de alfabetização.",nao,290 Replies. Reply,3761 reposts. Repost,24040 Likes. Like,,
1576151375620120576,https://x.com/i/web/status/1576151375620120576,Jair M. Bolsonaro,@jairbolsonaro,2022-10-01T10:05:46.000Z,"- EDUCAÇÃO: Os governos do PT nos deixaram nas últimas colocações no ranking de educação no mundo, mesmo após o “fique em casa” o Brasil de hoje cria programas para sairmos dessa situação, além de maior reajuste para professores do ensino básico diante de série histórica no .",nao,1536 Replies. Reply,7346 reposts. Repost,39710 Likes. Like,,
1576028595952447490,https://x.com/i/web/status/1576028595952447490,Jair M. Bolsonaro,@jairbolsonaro,2022-10-01T01:57:53.000Z,"- América Latina com Bolsonaro pela liberdade. A senadora colombiana 
@MariaFdaCabal
 nos lembra que dia 02/10 escolheremos entre a liberdade e a escravidão, entre a prosperidade e a miséria. Temos uma grande responsabilidade em nossas mãos. Que Deus nos dê sabedoria para escolher.",nao,1031 Replies. Reply,8788 reposts. Repost,37871 Likes. Like,,
1576021661039534080,https://x.com/i/web/status/1576021661039534080,Jair M. Bolsonaro,@jairbolsonaro,2022-10-01T01:30:19.000Z,"- É compreensível a Rede Globo torcer e trabalhar pela volta do Ladrão. Quem é roubado é o povo, não ela, e quem fatura é ela, não o povo. Comigo, gastos com publicidade nesses veículos, que chegavam a bilhões, caíram drasticamente! A preocupação não é com democracia, é com $$$.",nao,7720 Replies. Reply,19330 reposts. Repost,104469 Likes. Like,,
1576013860347138048,https://x.com/i/web/status/1576013860347138048,Jair M. Bolsonaro,@jairbolsonaro,2022-10-01T00:59:19.000Z,"- A globo não vai te mostra por livre e espontânea vontade, mas teve que deixar revelarmos!",nao,2121 Replies. Reply,8746 reposts. Repost,43299 Likes. Like,,
1575990722326827008,https://x.com/i/web/status/1575990722326827008,Jair M. Bolsonaro,@jairbolsonaro,2022-09-30T23:27:23.000Z,"- É perda de tempo tentar retomar o velho teatro que condenou o nosso país a décadas de fracasso. Eu acabei com essa promiscuidade disfarçada de jogo democrático! Eu fiz o Alckmin parar de fingir que era oposição e assumir a paixão reprimida, o amor bandido pela hiena de 9 dedos.",nao,5177 Replies. Reply,12799 reposts. Repost,71847 Likes. Like,,
1575968080416497664,https://x.com/i/web/status/1575968080416497664,Jair M. Bolsonaro,@jairbolsonaro,2022-09-30T21:57:25.000Z,"- Live diária / Eleições 2022 30/09/22. 
youtu.be/HbAsMP4QAiw",nao,432 Replies. Reply,2327 reposts. Repost,15277 Likes. Like,,
1575956805892837376,https://x.com/i/web/status/1575956805892837376,Jair M. Bolsonaro,@jairbolsonaro,2022-09-30T21:12:37.000Z,- Poços de Caldas / Minas Gerais (30SET/2022),nao,991 Replies. Reply,4633 reposts. Repost,24185 Likes. Like,,
1575948299701452860,https://x.com/i/web/status/1575948299701452860,Jair M. Bolsonaro,@jairbolsonaro,2022-09-30T20:38:49.000Z,"- Desde o Chile, 
@joseantoniokast
, líder da bem-sucedida campanha contra a nova constituição chilena, envia seu apoio para que o Brasil siga no caminho da ordem e da liberdade, sendo um farol para a América Latina e para o mundo.

- Deus, Pátria, Família, Vida e Liberdade!",nao,1395 Replies. Reply,9403 reposts. Repost,40332 Likes. Like,,
1575895542546456576,https://x.com/i/web/status/1575895542546456576,Jair M. Bolsonaro,@jairbolsonaro,2022-09-30T17:09:10.000Z,"- De toda forma, agradeço por terem rasgado a fantasia e se unido para tentar salvar o sistema podre que criaram e impedir que o povo brasileiro perceba que o Brasil só não crescia porque eles não queriam. Nós vamos derrubar todos de uma vez só e enfim transformar o nosso país!",nao,661 Replies. Reply,4892 reposts. Repost,28936 Likes. Like,,
1575895286848884737,https://x.com/i/web/status/1575895286848884737,Jair M. Bolsonaro,@jairbolsonaro,2022-09-30T17:08:09.000Z,"- Ter esse tanto de linha auxiliar, além de atuais candidatos, e ainda se incomodar histericamente com um único presidenciavel que não está atacando o Governo mostra bem o que são: um bando de fracotes mimados covardes e intolerantes! Todos contra um e ainda pagam de oprimidos.",nao,1467 Replies. Reply,6145 reposts. Repost,37998 Likes. Like,,
1575859110523944961,https://x.com/i/web/status/1575859110523944961,Jair M. Bolsonaro,@jairbolsonaro,2022-09-30T01:24:47.000Z,- Mulheres são os alvos preferidos de ladrões.,nao,3075 Replies. Reply,10077 reposts. Repost,63659 Likes. Like,,
1575719740345323522,https://x.com/i/web/status/1575719740345323522,Jair M. Bolsonaro,@jairbolsonaro,2022-09-30T05:30:36.000Z,"- Após exorcismo, Lula pede voto para Jair Bolsonaro 22. Kkkkkkkkkkkkkkkkkkkkkkk",nao,9203 Replies. Reply,33765 reposts. Repost,178143 Likes. Like,,
1575606425690439685,https://x.com/i/web/status/1575606425690439685,Jair M. Bolsonaro,@jairbolsonaro,2022-09-29T22:00:19.000Z,"- Live diária (29/09/2022) 19:00 / PR Jair Bolsonaro. 
youtu.be/xl4BgsYq34o",nao,1194 Replies. Reply,2898 reposts. Repost,18844 Likes. Like,,
1575587795891953664,https://x.com/i/web/status/1575587795891953664,Jair M. Bolsonaro,@jairbolsonaro,2022-09-29T20:46:18.000Z,"- Reeleição  Hexa.
- Valeu, 
@neymarjr
 !

Brasil acima de tudo!
Deus acima de todos!

  ",nao,7621 Replies. Reply,41777 reposts. Repost,190442 Likes. Like,,
1575508379430174723,https://x.com/i/web/status/1575508379430174723,Jair M. Bolsonaro,@jairbolsonaro,2022-09-29T15:30:43.000Z,"- Avanços acontecem devido à desburocratizações, digitalizações, a lei de liberdade econômica que facilitam o empreendimento no país e confiança no Governo Brasileiro.",nao,380 Replies. Reply,2656 reposts. Repost,18174 Likes. Like,,
1575508364989276161,https://x.com/i/web/status/1575508364989276161,Jair M. Bolsonaro,@jairbolsonaro,2022-09-29T15:30:40.000Z,"- Saldo líquido de emprego formal é positivo em 278.639 vagas em agosto.

- O saldo líquido de emprego formal no ano de 2022 é positivo em 1.853 milhão de vagas. (CAGED)",nao,1484 Replies. Reply,6327 reposts. Repost,38231 Likes. Like,,
1575443483418058753,https://x.com/i/web/status/1575443483418058753,Jair M. Bolsonaro,@jairbolsonaro,2022-09-29T11:12:51.000Z,"- No Tocantins, a família de Maria Rodrigues e Gilvan Chaves, que aguardava o sonhado título da terra, já está com o documento na mão e planeja o futuro com mais segurança.

- Recorde histórico alcançando mais títulos do que o somatório de décadas de governos anteriores.",nao,282 Replies. Reply,2445 reposts. Repost,15959 Likes. Like,,
1575443479236415490,https://x.com/i/web/status/1575443479236415490,Jair M. Bolsonaro,@jairbolsonaro,2022-09-29T11:12:50.000Z,"- Ultrapassamos a marca de 410 MIL TÍTULOS, levando dignidade para as famílias, agricultores familiares e possibilidade de ingresso em programas facilitadores para geração de empregos e renda, sendo cerca de 80% para as mulheres.",nao,957 Replies. Reply,7026 reposts. Repost,34032 Likes. Like,,
1575325408358195200,https://x.com/i/web/status/1575325408358195200,Jair M. Bolsonaro,@jairbolsonaro,2022-09-29T03:23:40.000Z,"- Quem insiste em falsas memórias do passado ainda não entendeu que vivemos numa nova era. Aqueles que desprezam o povo e seus valores que se acostumem com a falta de sossego. Deus não me deu uma nova vida em 06/09/2018 para ser um gestor, mas para mudar de vez o nosso Brasil!",nao,1262 Replies. Reply,5996 reposts. Repost,33175 Likes. Like,,
1575325404499410944,https://x.com/i/web/status/1575325404499410944,Jair M. Bolsonaro,@jairbolsonaro,2022-09-29T03:23:39.000Z,"- Mas quem pensa que conseguirá tirar o povo novamente das decisões nacionais e retomar as velhas práticas que condenaram o país à miséria, não conhece a sua força. Se eles estão unidos para defender a si próprios, estamos ainda mais unidos com o povo para defender seus valores!",nao,442 Replies. Reply,5135 reposts. Repost,30861 Likes. Like,,
1575325400586231809,https://x.com/i/web/status/1575325400586231809,Jair M. Bolsonaro,@jairbolsonaro,2022-09-29T03:23:38.000Z,"- E é um erro pensar que o alvo principal é Jair Bolsonaro. O sistema se uniu contra cada brasileiro que defende a familia, a liberdade de expressão, o combate ao aborto e às drogas, a propriedade privada, o livre mercado e tudo aquilo que por em xeque a ilusão do socialismo.",nao,505 Replies. Reply,7805 reposts. Repost,31946 Likes. Like,,
1575325396886818816,https://x.com/i/web/status/1575325396886818816,Jair M. Bolsonaro,@jairbolsonaro,2022-09-29T03:23:37.000Z,- Eles perceberam que não são invencíveis como pensavam. Perceberam que nem todos se deixam seduzir por suas promessas falsas ou se curvam às suas chantagens. Eles não se uniram contra mim porque ameaço a democracia. Eles se uniram porque ameaço os seus esquemas e interesses!,nao,323 Replies. Reply,5296 reposts. Repost,25862 Likes. Like,,
1575325392776450049,https://x.com/i/web/status/1575325392776450049,Jair M. Bolsonaro,@jairbolsonaro,2022-09-29T03:23:36.000Z,"- Como surgiu, agora apelam para uma suposta causa maior: defender a democracia. Mas como podem defender algo que se fundamenta justamente no que eles sempre desprezaram, que é o povo? É porque não é defesa da democracia, mas do sistema que construíram para se perpetuar no poder.",nao,230 Replies. Reply,4755 reposts. Repost,23630 Likes. Like,,
1575325388242313217,https://x.com/i/web/status/1575325388242313217,Jair M. Bolsonaro,@jairbolsonaro,2022-09-29T03:23:35.000Z,"- Faziam isso porque achavam que jamais surgiria alguém com independência, coragem e disposição para livrar o povo desse inferno. Alguém que não desistiria do país nem depois de uma tentativa de assassinato, da maior crise sanitária do século e de uma guerra com impactos globais.",nao,163 Replies. Reply,3419 reposts. Repost,19334 Likes. Like,,
1575325384144523266,https://x.com/i/web/status/1575325384144523266,Jair M. Bolsonaro,@jairbolsonaro,2022-09-29T03:23:34.000Z,"- Prova disso é que as estatais que antes eram saqueadas e davam prejuízos à nação, hoje dão lucros recordes que auxiliam no pagamento de programas de transferência de renda bem maiores. Sempre foi uma questão de escolha: nós escolhemos transformar o país, eles escolheram roubar.",nao,108 Replies. Reply,3136 reposts. Repost,17134 Likes. Like,,
1575325379837018112,https://x.com/i/web/status/1575325379837018112,Jair M. Bolsonaro,@jairbolsonaro,2022-09-29T03:23:33.000Z,"- Aqueles que promoveram o maior esquema de corrupção de nossa história sempre souberam que cada milhão a mais que roubaram para si, era um milhão a menos para atender as demandas e as necessidades do país. O sofrimento do povo sempre foi uma escolha consciente dessas pessoas!",nao,168 Replies. Reply,3466 reposts. Repost,18077 Likes. Like,,
1575325371796492289,https://x.com/i/web/status/1575325371796492289,Jair M. Bolsonaro,@jairbolsonaro,2022-09-29T03:23:31.000Z,"- Eles sabem que mais 4 anos de Jair Bolsonaro mostrará para os brasileiros que a prosperidade sempre foi possível. Que ficaram na lama esse tempo todo porque eram desprezados. É por isso que roubavam o seu dinheiro, porque nunca se importaram em como isso poderia te atingir!",nao,291 Respostas. Resposta,4615 reposts. Repost,21593 Curtidas. Curtida,,
1575325367841308672,https://x.com/i/web/status/1575325367841308672,Jair M. Bolsonaro,@jairbolsonaro,2022-09-29T03:23:30.000Z,- O que explica o repentino rasgar das fantasias depois de tantos anos simulando uma falsa diversidade para que a mesma ideologia de esquerda imperasse por décadas no país é bem simples: DESESPERO! Foi o recurso que restou para tentarem impedir a libertação definitiva do Brasil.,nao,358 Respostas. Resposta,4294 reposts. Repost,22561 Curtidas. Curtida,,
1575325362304737281,https://x.com/i/web/status/1575325362304737281,Jair M. Bolsonaro,@jairbolsonaro,2022-09-29T03:23:29.000Z,"- Pela primeira vez na história você está podendo enxergar o que o sistema é capaz de fazer para se manter no controle de tudo, inclusive da sua vida. Hoje, está claro que as ""diferenças"" do passado não eram nada além de 50 tons de vermelho. Nós desmascaramos todo esse teatro!",nao,7623 Respostas. Resposta,18444 reposts. Repost,82817 Curtidas. Curtida,,
1575293127849648132,https://x.com/i/web/status/1575293127849648132,Jair M. Bolsonaro,@jairbolsonaro,2022-09-29T01:15:23.000Z,"- Gratificante passagem, hoje, pelo 
@InstitutoNJr
 . O respeito à família e aos professores, junto da disciplina do esporte, garante um futuro honesto. Nosso maior patrimônio são nossos filhos e precisamos preservá-lo, se preciso for, com nossa própria vida. Valeu, 
@neymarjr
  ",nao,2089 Respostas. Resposta,12000 reposts. Repost,75411 Curtidas. Curtida,,
1575257387103125504,https://x.com/i/web/status/1575257387103125504,Jair M. Bolsonaro,@jairbolsonaro,2022-09-28T22:53:22.000Z,-Live diária (28/09/2022) / PR Jair Bolsonaro:,nao,894 Respostas. Resposta,3148 reposts. Repost,18137 Curtidas. Curtida,,
1575191185198841857,https://x.com/i/web/status/1575191185198841857,Jair M. Bolsonaro,@jairbolsonaro,2022-09-28T18:30:18.000Z,"- Santos / Praia Grande (SP)
- Brasil, chuva e moto (28/09/2022)",nao,1165 Respostas. Resposta,4829 reposts. Repost,22579 Curtidas. Curtida,,
1575058488908079105,https://x.com/i/web/status/1575058488908079105,Jair M. Bolsonaro,@jairbolsonaro,2022-09-28T09:43:01.000Z,"- O Governo Federal apoiando o livre comércio, gerando riquezas para o país e criando empregos para os brasileiros. É nosso Agro alimentando e comercializando produtos com todo o planeta.",nao,373 Respostas. Resposta,3761 reposts. Repost,22612 Curtidas. Curtida,,
1575058486962290688,https://x.com/i/web/status/1575058486962290688,Jair M. Bolsonaro,@jairbolsonaro,2022-09-28T09:43:01.000Z,"- O número de novos mercados abertos desde 2019 para produtos agropecuários brasileiros chegou a 229, em 54 países. 

- O  Brasil chegou a 43 novos mercados abertos para os produtos agropecuários desde janeiro até setembro deste ano.",nao,1294 Respostas. Resposta,6092 reposts. Repost,35546 Curtidas. Curtida,,
1574969177043247104,https://x.com/i/web/status/1574969177043247104,Jair M. Bolsonaro,@jairbolsonaro,2022-09-28T03:48:07.000Z,- Boa noite a todos!,nao,3521 Respostas. Resposta,8743 reposts. Repost,82375 Curtidas. Curtida,,
1574900075016380416,https://x.com/i/web/status/1574900075016380416,Jair M. Bolsonaro,@jairbolsonaro,2022-09-27T23:13:32.000Z,"- Acompanhe entrevista do Ministro da Economia, Paulo Guedes, agora no PodCast Flow.",nao,1001 Respostas. Resposta,5301 reposts. Repost,29745 Curtidas. Curtida,,
1574874493184516103,https://x.com/i/web/status/1574874493184516103,Jair M. Bolsonaro,@jairbolsonaro,2022-09-27T21:31:53.000Z,"- Antes do Flow com Paulo Guedes, breve live / PR Jair Bolsonaro (27/09/2022).  Assista:",nao,732 Respostas. Resposta,3711 reposts. Repost,22299 Curtidas. Curtida,,
1574826782531936257,https://x.com/i/web/status/1574826782531936257,Jair M. Bolsonaro,@jairbolsonaro,2022-09-27T18:22:18.000Z,"- Petrolina/PE - Juazeiro/BA, 27 Set 22.",nao,773 Respostas. Resposta,4119 reposts. Repost,17887 Curtidas. Curtida,,
1574794244870529024,https://x.com/i/web/status/1574794244870529024,Jair M. Bolsonaro,@jairbolsonaro,2022-09-27T16:13:00.000Z,"- Petrolina / Pernambuco
- Juazeiro / Bahia
- 27/09/2022",nao,1739 Respostas. Resposta,6953 reposts. Repost,32276 Curtidas. Curtida,,
1574704331496263681,https://x.com/i/web/status/1574704331496263681,Jair M. Bolsonaro,@jairbolsonaro,2022-09-27T10:15:43.000Z,"- Hoje, dos 4.900 serviços disponíveis no 
gov.br, 3.695 estão totalmente digitalizados.

- Com isso, alavancamos o  no mundo da digitalização.

- 1º país em serviços digitalizados nas américas, à frente até de EUA e Canadá;",nao,308 Respostas. Resposta,2628 reposts. Repost,14990 Curtidas. Curtida,,
1574704328962899968,https://x.com/i/web/status/1574704328962899968,Jair M. Bolsonaro,@jairbolsonaro,2022-09-27T10:15:43.000Z,"-Digitalização de serviços públicos começou em 2000.

- Até 18 anos (quase duas décadas), 1.979 foram digitalizados. Ou seja, 40,4% de digitalização em 18 anos.

-De 2019 a 2022, mais 1.716 serviços foram digitalizados.

- Ou seja, 35% de digitalização em apenas 3 anos.",nao,253 Respostas. Resposta,2657 reposts. Repost,17499 Curtidas. Curtida,,
1574704327276593152,https://x.com/i/web/status/1574704327276593152,Jair M. Bolsonaro,@jairbolsonaro,2022-09-27T10:15:42.000Z,"DIGITALIZACÃO:

- O Brasil conta com 4.900 serviços à população.

- O Brasil é o 7° país em serviços públicos digitalizados segundo ranking do banco mundial;

- Estima-se em R$ 4,5 bilhões por ano de economia para os brasileiros, desburocratizações e ganho de tempo;",nao,1332 Respostas. Resposta,5526 reposts. Repost,31819 Curtidas. Curtida,,
1574542980694028288,https://x.com/i/web/status/1574542980694028288,Jair M. Bolsonaro,@jairbolsonaro,2022-09-26T23:34:34.000Z,"- Desconfie de quem lhe promete o mundo. Mula hoje fala em picanha para todos, mas quando estava no poder e a bomba da corrupção sistêmica explodiu no colo do povo, gerando a maior crise de nossa história, era isso que ele dizia. Assim é o PT: vende o paraíso e entrega o inferno!",nao,3843 Respostas. Resposta,16624 reposts. Repost,69074 Curtidas. Curtida,,
1574476750427684864,https://x.com/i/web/status/1574476750427684864,Jair M. Bolsonaro,@jairbolsonaro,2022-09-26T19:11:24.000Z,"- Para enganar inocentes, o PT agora se vende como ""do amor"". Considerando que promoveram o maior esquema de corrupção da história e colocaram o Brasil entre as nações mais violentas do mundo, com números de homicídios em níveis de um país em guerra civil, só se for amor bandido.",nao,5023 Respostas. Resposta,12396 reposts. Repost,68702 Curtidas. Curtida,,
1574354893200031744,https://x.com/i/web/status/1574354893200031744,Jair M. Bolsonaro,@jairbolsonaro,2022-09-26T11:07:11.000Z,". BR-392/RS - Conclusão da duplicação dos 23,7 km do Contorno de Pelotas;

. BR-101/SE - Duplicação do Lote 1 (Propriá - Capela);

. E muito mais concluídas e em andamento.",nao,399 Respostas. Resposta,2901 reposts. Repost,18501 Curtidas. Curtida,,
1574354891509825536,https://x.com/i/web/status/1574354891509825536,Jair M. Bolsonaro,@jairbolsonaro,2022-09-26T11:07:10.000Z,". BR-116/CE - Construção do Viaduto de Horizonte;

. Construção do Terminal de Passageiros do Porto de Maceió;

. Reforma e ampliação do Aeroporto de Linhares;

. BR-153/SP - Travessia Urbana de São José do Rio Preto;",nao,211 Respostas. Resposta,2704 reposts. Repost,18165 Curtidas. Curtida,,
1574354889458737152,https://x.com/i/web/status/1574354889458737152,Jair M. Bolsonaro,@jairbolsonaro,2022-09-26T11:07:10.000Z,". BR-230/PA - 102 km de pavimentação entre Itupiranga e Novo Repartimento;

. BR-163/364/MT - Conclusão da duplicação de 168,0 km entre Cuiabá a Rondonópolis;

. BR-222/CE - Adequação das variantes de Frios e Umirim;

. BR-365/MG - Entrega da Trincheira do Taiaman, em Uberlândia;",nao,97 Respostas. Resposta,1741 reposts. Repost,8617 Curtidas. Curtida,,
1574354887844024320,https://x.com/i/web/status/1574354887844024320,Jair M. Bolsonaro,@jairbolsonaro,2022-09-26T11:07:10.000Z,". BR-369/PR Passagem inferior à via férrea em Rolândia e remanejamento do Pátio de manobras ferroviário;

. BR-364/RO - Ponte sobre o Rio Madeira em Abunã;

. BR-104/316/AL - Entrega do Viaduto da PRF;

. BR-235/PI - Construção de Ponte sobre o Rio Parnaíba em Santa Filomena;",nao,74 Respostas. Resposta,1664 reposts. Repost,8536 Curtidas. Curtida,,
1574354886015291392,https://x.com/i/web/status/1574354886015291392,Jair M. Bolsonaro,@jairbolsonaro,2022-09-26T11:07:09.000Z,". Novo Pátio de estacionamento de aeronaves do Aeroporto de Santa Maria, RS;

. BR-101/406/RN - Adequação do Viaduto do Gancho;

. BR-135/BA - 67 km de adequação entre Jaboramdi e Cocos;

. BR-235/BA - 77,6 km de pavimentação entre Jeremoabo e Canché;",nao,70 Respostas. Resposta,1811 reposts. Repost,9045 Curtidas. Curtida,,
1574354884236910592,https://x.com/i/web/status/1574354884236910592,Jair M. Bolsonaro,@jairbolsonaro,2022-09-26T11:07:09.000Z,". Novo Terminal do Aeroporto de Cascavel/PR;

. Liberação da Travessia Principal da 2a. Ponte do Guaíba (BR-116/290/RS);

. BR-116/RS - Duplicação de 27,1 km entre Guaíba e Pelotas;

. BR-222/PI - 47 km de Pavimentação entre Piripiri e Batalha;",nao,73 Replies. Reply,1699 reposts. Repost,8654 Likes. Like,,
1574354882219368449,https://x.com/i/web/status/1574354882219368449,Jair M. Bolsonaro,@jairbolsonaro,2022-09-26T11:07:08.000Z,". BR-242/MT - Construção de 8 Pontes entre Nova Ubiratã e Santiago do Norte;

. BR-080/GO-346 km de adequação entre a Divisa DF/GO e Padre Bernardo;

. BR-154/MG - Pavimentação Ituiutaba - Crucilândia;

. Construção de 2 Viadutos sobre a BR-050 em Mogi-Guaçu;",nao,62 Replies. Reply,1637 reposts. Repost,7753 Likes. Like,,
1574354880583667715,https://x.com/i/web/status/1574354880583667715,Jair M. Bolsonaro,@jairbolsonaro,2022-09-26T11:07:08.000Z,". Novo Cais de Atalaia no Porto de Vitoria/ES;

. BR-426/PB - 7,7 km de implantação entre Nova Olinda e Santana dos Garrotes;

. BR-432/RR - 48,8 km de pavimentação entre Cantá e Novo Paraíso;

. BR-364/MT - Adequação da Travessia urbana de Rondonópolis/MT (3 km);",nao,41 Replies. Reply,1197 reposts. Repost,6009 Likes. Like,,
1574354878872268800,https://x.com/i/web/status/1574354878872268800,Jair M. Bolsonaro,@jairbolsonaro,2022-09-26T11:07:07.000Z,". Viaduto sobre Linha Férrea - Avaré/SP;

. 5,6 km de adequação da Via Expressa de Florianópolis;

. BR-101/RJ - Viaduto da Casa da Moeda;

. BR-235/BA - 79 km de construção (Jeremoabo - Divisa BA/SE);

. Alinhamento do Berço 4 - Porto de Itajai/SC",nao,41 Replies. Reply,1286 reposts. Repost,6289 Likes. Like,,
1574354876557131779,https://x.com/i/web/status/1574354876557131779,Jair M. Bolsonaro,@jairbolsonaro,2022-09-26T11:07:07.000Z,". Novo Terminal do Aeroporto de Macapá;

. Modernização do Aeroporto de Marabá;

.Melhorias no Aeroporto de Foz do Iguaçu;

. Modernização do Aeroporto de Macaé;

. Aeroporto de Vitória da Conquista;

. BR-163/PA - 51 km de pavimentação;

. BR-365/MG - travessia de Monte Alegre;",nao,50 Replies. Reply,1380 reposts. Repost,6338 Likes. Like,,
1574354874543869952,https://x.com/i/web/status/1574354874543869952,Jair M. Bolsonaro,@jairbolsonaro,2022-09-26T11:07:06.000Z,"-Conclusão da Nova Ponte do Guaíba (RS), após 10 anos do anúncio da obra;

- BR-163: fim dos atoleiros e de quase meio século de espera de conclusão de trechos que ligam o MT ao PA;

- Fim da ""indústria das balsas"" com a conclusão da Ponte do Abunã (AC - RO), esperada havia anos;",nao,95 Replies. Reply,1894 reposts. Repost,8167 Likes. Like,,
1574354872241164289,https://x.com/i/web/status/1574354872241164289,Jair M. Bolsonaro,@jairbolsonaro,2022-09-26T11:07:06.000Z,"- CONCLUSÃO DE OBRAS:

- Obras históricas iniciadas em governos anteriores e concluídas nesta gestão:

- BR-154, em Minas Gerais: pavimentação de trecho de rodovia que liga Centro-Oeste e Sudeste, após 50 anos de espera;

Segue o fio",nao,1210 Replies. Reply,6545 reposts. Repost,35973 Likes. Like,,
1574149428025368582,https://x.com/i/web/status/1574149428025368582,Jair M. Bolsonaro,@jairbolsonaro,2022-09-25T21:30:44.000Z,"- Logo mais, às 19:00 (25/09/22), faremos live. Um abraço a todos! Assista: 
youtu.be/FaNbAbr070o",nao,1352 Replies. Reply,4828 reposts. Repost,28629 Likes. Like,,
1574009512876544000,https://x.com/i/web/status/1574009512876544000,Jair M. Bolsonaro,@jairbolsonaro,2022-09-25T12:14:46.000Z,- CEARÁ / Transposição do Rio São Francisco: benefícios chegando ao pequeno agricultor (renda e emprego) .,nao,2073 Replies. Reply,8488 reposts. Repost,37717 Likes. Like,,
1573861328510484482,https://x.com/i/web/status/1573861328510484482,Jair M. Bolsonaro,@jairbolsonaro,2022-09-25T02:25:56.000Z,"- Da mesma forma agora tentam se colocar como responsáveis pela Transposição do Rio São Francisco, quando na verdade são os principais culpados seu pelo atraso e abandono. Eis a diferença: eles desviaram recursos, nós desviamos as águas do Velho Chico para milhões de famílias.",nao,429 Replies. Reply,4809 reposts. Repost,28274 Likes. Like,,
1573861326643920898,https://x.com/i/web/status/1573861326643920898,Jair M. Bolsonaro,@jairbolsonaro,2022-09-25T02:25:55.000Z,"- Aliás, parece ser outro vício de Lula falar dos absurdos que cometeu como se fossem coisas boas. Foi preso porque é republicano, não porque é ladrão. O maior esquema de corrupção da história aconteceu porque investigaram, não porque são corruptos. É como quem espanca por amor.",nao,645 Replies. Reply,4940 reposts. Repost,31394 Likes. Like,,
1573861324739809282,https://x.com/i/web/status/1573861324739809282,Jair M. Bolsonaro,@jairbolsonaro,2022-09-25T02:25:55.000Z,"Uma ponte incompleta não cumpre seu propósito pois não pode ser atravessada. Assim era a Transposição do São Francisco, que nós concluímos. Lula se gabar de uma obra que não concluiu, que estava atrasada há 10 anos e que custou BILHÕES a mais do que deveria, é pura pilantragem.",nao,1930 Replies. Reply,10477 reposts. Repost,57600 Likes. Like,,
1573827829761966080,https://x.com/i/web/status/1573827829761966080,Jair M. Bolsonaro,@jairbolsonaro,2022-09-25T00:12:49.000Z,"- Quando não compareci em 2018, por estar debilitado e por recomendação médica, em decorrência da facada dada por um militante de esquerda, o PT me massacrou. Hoje, lula foge por puro medo e por ser incapaz de explicar o maior esquema de corrupção da historia promovido pelo PT.",nao,1282 Replies. Reply,7911 reposts. Repost,42125 Likes. Like,,
1573752060167733248,https://x.com/i/web/status/1573752060167733248,Jair M. Bolsonaro,@jairbolsonaro,2022-09-24T19:11:44.000Z,- Campinas / SP 24/09/22 ,nao,320 Replies. Reply,2506 reposts. Repost,12824 Likes. Like,,
1573708991095603205,https://x.com/i/web/status/1573708991095603205,Jair M. Bolsonaro,@jairbolsonaro,2022-09-24T16:20:36.000Z,- Campinas / São Paulo 24SET22,nao,498 Replies. Reply,3645 reposts. Repost,19218 Likes. Like,,
1573708243213455361,https://x.com/i/web/status/1573708243213455361,Jair M. Bolsonaro,@jairbolsonaro,2022-09-24T16:17:37.000Z,- Campinas / SP (24/09/22),nao,1871 Replies. Reply,7537 reposts. Repost,34979 Likes. Like,,
1573621835857526786,https://x.com/i/web/status/1573621835857526786,Jair M. Bolsonaro,@jairbolsonaro,2022-09-24T10:34:16.000Z,- Mais resultados que mostram as diferenças de propostas:,nao,3591 Replies. Reply,12408 reposts. Repost,58555 Likes. Like,,
1573469666793619478,https://x.com/i/web/status/1573469666793619478,Jair M. Bolsonaro,@jairbolsonaro,2022-09-24T00:29:36.000Z,"- Contagem/MG, 23/setembro.",nao,1992 Replies. Reply,7494 reposts. Repost,41451 Likes. Like,,
1573371067023982592,https://x.com/i/web/status/1573371067023982592,Jair M. Bolsonaro,@jairbolsonaro,2022-09-23T17:57:48.000Z,- Divinópolis / Minas Gerais (23/09/2022) ,nao,1705 Replies. Reply,5968 reposts. Repost,28184 Likes. Like,,
1573336075283857410,https://x.com/i/web/status/1573336075283857410,Jair M. Bolsonaro,@jairbolsonaro,2022-09-23T15:38:46.000Z,"- Mula acha que o programa Casa Verde e Amarela, que já entregou mais de 1,2 milhão de moradias às famílias humildes desde 2019, obriga as pessoas a pintarem suas casas de verde e amarelo. E ainda diz que é o povo do interior de São Paulo que é ignorante. É muita água batizada!",nao,3676 Replies. Reply,13110 reposts. Repost,70356 Likes. Like,,
1573252120102735872,https://x.com/i/web/status/1573252120102735872,Jair M. Bolsonaro,@jairbolsonaro,2022-09-23T10:05:09.000Z,"- Após mais de 15 anos, ano passado o Governo Federal trouxe de volta também o JEBs (Jogos Escolares Brasileiros) realizado no Parque Olímpico no Rio de Janeiro (RJ).",nao,288 Replies. Reply,2397 reposts. Repost,16419 Likes. Like,,
1573252118114631680,https://x.com/i/web/status/1573252118114631680,Jair M. Bolsonaro,@jairbolsonaro,2022-09-23T10:05:09.000Z,"- Delegações dos 26 estados e do Distrito Federal se apresentaram para as disputas dos Jogos Universitários, que reúnem cerca de sete mil participantes na disputa de 28 modalidades e vão até 25 de setembro!",nao,296 Replies. Reply,2122 reposts. Repost,16206 Likes. Like,,
1573252111953195008,https://x.com/i/web/status/1573252111953195008,Jair M. Bolsonaro,@jairbolsonaro,2022-09-23T10:05:07.000Z,"- SAÚDE / EDUCAÇÃO / ESPORTE: Este ano o investimento vem também no ""JUBS"" - Jogos Universitários Brasileiros que está sendo realizado em Brasília/DF.

- A maior edição dos jogos de todos os tempos!",nao,1129 Replies. Reply,4523 reposts. Repost,25328 Likes. Like,,
1573036627559071744,https://x.com/i/web/status/1573036627559071744,Jair M. Bolsonaro,@jairbolsonaro,2022-09-22T19:48:52.000Z,"- Lula não apresenta plano porque já negociou ministérios, estatais e bancos em troca de apoio. Esse modelo promíscuo resulta num governo que trabalha por interesses estranhos e não pelos da nação. Não dá pra assumir compromissos com o povo se já está comprometido com maracutaia!",nao,8381 Replies. Reply,21197 reposts. Repost,92394 Likes. Like,,
1573008650914115584,https://x.com/i/web/status/1573008650914115584,Jair M. Bolsonaro,@jairbolsonaro,2022-09-22T17:57:42.000Z,"- De forma a contribuir para a política de preços e melhor compreensão, a Petrobras publica em seu site informações referentes à formação e composição dos preços de combustíveis ao consumidor. 

. Visite o site: 
precos.petrobras.com.br",nao,256 Replies. Reply,1905 reposts. Repost,11459 Likes. Like,,
1573008648909078528,https://x.com/i/web/status/1573008648909078528,Jair M. Bolsonaro,@jairbolsonaro,2022-09-22T17:57:41.000Z,"- A redução acompanha a evolução dos preços de referência com a prática de preços da Petrobras, que busca o equilíbrio dos seus preços com o mercado, mas sem o repasse para os preços internos da volatilidade das cotações e da taxa de câmbio.",nao,268 Replies. Reply,2528 reposts. Repost,16908 Likes. Like,,
1573008647189590017,https://x.com/i/web/status/1573008647189590017,Jair M. Bolsonaro,@jairbolsonaro,2022-09-22T17:57:41.000Z,"- Petrobras reduz novamente preços de venda do gás de cozinha para as distribuidoras:

- A partir de amanhã, 23/09, o preço médio de venda passará de R$ 4,0265/kg para R$3,7842/kg (R$49,19 por 13kg), redução média de R$3,15 por 13 kg.

-O imposto federal do gás de cozinha é ZERO.",nao,3162 Replies. Reply,8285 reposts. Repost,41803 Likes. Like,,
1572993775298904065,https://x.com/i/web/status/1572993775298904065,Jair M. Bolsonaro,@jairbolsonaro,2022-09-22T16:58:35.000Z,"- Belém/PA, 22/setembro.",nao,603 Replies. Reply,4395 reposts. Repost,19010 Likes. Like,,
1572971024102363138,https://x.com/i/web/status/1572971024102363138,Jair M. Bolsonaro,@jairbolsonaro,2022-09-22T15:28:11.000Z,. Belém-PA - 22SET2022,nao,1648 Replies. Reply,7223 reposts. Repost,32468 Likes. Like,,
1572892082439655424,https://x.com/i/web/status/1572892082439655424,Jair M. Bolsonaro,@jairbolsonaro,2022-09-22T10:14:30.000Z,"- Os resultados se dão pelo histórico investimento de empresas estrangeiras devido à desburocratizações, digitalizações, lei da liberdade econômica. Tudo isso é resultado de menos estado nas costas do cidadão. Ainda temos muito à fazer! ",nao,233 Replies. Reply,2246 reposts. Repost,14807 Likes. Like,,
1572892079998771200,https://x.com/i/web/status/1572892079998771200,Jair M. Bolsonaro,@jairbolsonaro,2022-09-22T10:14:29.000Z,"- O estudo mostra ainda que, no segundo trimestre de 2022, o aumento da ocupação ocorreu de forma mais intensa entre os trabalhadores mais jovens (15,1%) e os mais idosos (18,0%).",nao,197 Replies. Reply,2385 reposts. Repost,16605 Likes. Like,,
1572892077834502149,https://x.com/i/web/status/1572892077834502149,Jair M. Bolsonaro,@jairbolsonaro,2022-09-22T10:14:28.000Z,"- O Ipea divulgou nota sobre o Desempenho Recente do Mercado de Trabalho e Perspectivas, que aponta uma melhora generalizada na ocupação, abrangendo todas as regiões, todos os segmentos etários e educacionais e quase todos os setores da economia.",nao,96 Replies. Reply,1705 reposts. Repost,10816 Likes. Like,,
1572892076018368512,https://x.com/i/web/status/1572892076018368512,Jair M. Bolsonaro,@jairbolsonaro,2022-09-22T10:14:28.000Z,"- População ocupada cresce 7,5% e taxa de desocupação atinge 8,9% em julho.

- População ocupada chega a 100,2 milhões de pessoas em julho.

- A taxa de desocupação recuou pelo décimo quarto mês consecutivo.",nao,1334 Replies. Reply,5986 reposts. Repost,33165 Likes. Like,,
1572607362736820226,https://x.com/i/web/status/1572607362736820226,Jair M. Bolsonaro,@jairbolsonaro,2022-09-21T15:23:07.000Z,"-Dos 13 votos contrários, quase metade são do PT, o único partido a ter orientado o voto contra à pauta.

-Todos os seis senadores petistas votaram por rejeitar a matéria. O líder do partido tentou propor o adiamento da votação, mas foi voto vencido.",nao,383 Replies. Reply,3255 reposts. Repost,19725 Likes. Like,,
1572607360614662144,https://x.com/i/web/status/1572607360614662144,Jair M. Bolsonaro,@jairbolsonaro,2022-09-21T15:23:07.000Z,"-A aprovação do projeto foi uma das prioridades para o Governo Federal.

-Oposição foi contrária!

-A posição foi, basicamente, o único grupo que votou contra o novo Marco Legal do Saneamento básico. O Projeto de Lei (PL)4.162/2019.",nao,258 Replies. Reply,2643 reposts. Repost,17474 Likes. Like,,
1572607358186004480,https://x.com/i/web/status/1572607358186004480,Jair M. Bolsonaro,@jairbolsonaro,2022-09-21T15:23:06.000Z,"-SAÚDE / MEIO AMBIENTE: Marco Legal do Saneamento é aprovado no Governo Bolsonaro!

-Em 15 de julho de 2020, foi sancionado o novo Marco Legal do Saneamento Básico, tendo como principal objetivo a universalização dos serviços de água, esgoto e coleta de lixo.",nao,1069 Replies. Reply,6044 reposts. Repost,29150 Likes. Like,,
1572524422493507584,https://x.com/i/web/status/1572524422493507584,Jair M. Bolsonaro,@jairbolsonaro,2022-09-21T09:53:33.000Z,"- Mais um recorde!

- A PRF apreendeu 1.2 ton de cocaína em São José de Mipibu/RN.

- Mais de R$ 220 milhões de prejuízo ao crime organizado.

- Vidas e famílias salvas deste mal que destrói a muitos.

-A droga saiu da Bolívia e seria levada para a Europa via Porto de Natal (RN).",nao,1810 Replies. Reply,6228 reposts. Repost,33919 Likes. Like,,
1572381213632913409,https://x.com/i/web/status/1572381213632913409,Jair M. Bolsonaro,@jairbolsonaro,2022-09-21T00:24:29.000Z,"-Mercado eleva novamente previsões para PIB e reduz de inflação em 2022 e 2023;

-Inflação despenca pela 11ª semana seguida;

-Diesel acompanha queda da gasolina e fica 6% mais barato;

-Ibovespa dispara tocando os 111 mil pontos, se descolando do exterior e dólar recua 1,5%.",nao,2088 Replies. Reply,7223 reposts. Repost,38653 Likes. Like,,
1572311854914977804,https://x.com/i/web/status/1572311854914977804,Jair M. Bolsonaro,@jairbolsonaro,2022-09-20T19:48:53.000Z,"- Por isso, como líder máximo do Brasil, país que sempre defendeu e promoveu a liberdade religiosa e que se orgulha de sua formação cristã, me sinto obrigado a denunciar essa perseguição diabólica. Não só pelo que representa hoje, mas pelo que pode representar num futuro próximo.",nao,504 Replies. Reply,3951 reposts. Repost,25653 Likes. Like,,
1572285933361283076,https://x.com/i/web/status/1572285933361283076,Jair M. Bolsonaro,@jairbolsonaro,2022-09-20T18:05:52.000Z,"- O que ocorre hoje na Nicarágua liga um alerta para o mundo sobre a iminência de abusos ainda mais graves e desumanos, afinal de contas, se nem as igrejas, cujo trabalho religioso e social são fonte de dignidade para as pessoas, estão sendo respeitadas, quem estará imune a isso?",nao,321 Replies. Reply,4482 reposts. Repost,30776 Likes. Like,,
1572285931792506881,https://x.com/i/web/status/1572285931792506881,Jair M. Bolsonaro,@jairbolsonaro,2022-09-20T18:05:52.000Z,"- Assim como temos feito ao receber ucranianos, venezuelanos, haitianos e cristãos do Afeganistão, ofereceremos asilo aos que hoje são atacados pelo ditador Daniel Ortega, na certeza de que todos serão recebidos pelo Brasil e pelo nosso povo com a dignidade e o apoio que merecem.",nao,113 Replies. Reply,2840 reposts. Repost,18101 Likes. Like,,
1572285929875963906,https://x.com/i/web/status/1572285929875963906,Jair M. Bolsonaro,@jairbolsonaro,2022-09-20T18:05:51.000Z,"-A situação na Nicarágua é trágica e revoltante. Rádios estão sendo fechadas, bispos católicos estão sendo presos e freiras da ordem de Madre Teresa de Calcutá foram expulsas do país. São cenas tristes, mas que alguns, por afinidade ideológica, preferem virar as costas e ignorar.",nao,189 Replies. Reply,3521 reposts. Repost,20545 Likes. Like,,
1572285927841726467,https://x.com/i/web/status/1572285927841726467,Jair M. Bolsonaro,@jairbolsonaro,2022-09-20T18:05:51.000Z,"- O Brasil não assistirá de braços cruzados a mais um episódio dessa perseguição diabólica contra cristãos promovida pela ditadura socialista da Nicarágua. Estamos prontos para acolher padres e freiras perseguidos, facilitando ainda mais seu ingresso e instalação em nosso país.",nao,3287 Replies. Reply,12369 reposts. Repost,71826 Likes. Like,,
1572218341757943813,https://x.com/i/web/status/1572218341757943813,,,,,,,,,,timeout_ou_tweet_indisponivel
1572161058621513730,https://x.com/i/web/status/1572161058621513730,Jair M. Bolsonaro,@jairbolsonaro,2022-09-20T09:49:40.000Z,"- O trabalho avança com a chegada dos insumos para montagem da superestrutura, como trilhos, dormentes, fixações e equipamentos.",nao,347 Replies. Reply,2866 reposts. Repost,21559 Likes. Like,,
1572161053928087553,https://x.com/i/web/status/1572161053928087553,Jair M. Bolsonaro,@jairbolsonaro,2022-09-20T09:49:39.000Z,"- A obra de construção da ferrovia a TRANSNORDESTINA, no trecho do Ceará, segue acelerada!

- Seguimos trabalhando firmes nesses trilhos, que compõem a maior obra linear em execução no Brasil e já está gerando empregos e oportunidades para a região Nordeste.",nao,1531 Replies. Reply,7752 reposts. Repost,39576 Likes. Like,,
1571882377504243717,https://x.com/i/web/status/1571882377504243717,Jair M. Bolsonaro,@jairbolsonaro,2022-09-19T15:22:17.000Z,"- De forma a contribuir para a composição de preços e melhor compreensão, a Petrobras publica em seu site informações referentes à formação dos preços de combustíveis ao consumidor.

. Convidamos a visitar: 
precos.petrobras.com.br",nao,296 Replies. Reply,2033 reposts. Repost,12455 Likes. Like,,
1571882375814025216,https://x.com/i/web/status/1571882375814025216,Jair M. Bolsonaro,@jairbolsonaro,2022-09-19T15:22:17.000Z,"- Considerando a mistura obrigatória de 90% de diesel A e 10% de biodiesel para a composição do diesel comercializado nos postos, a parcela da Petrobras no preço ao consumidor passará de R$ 4,67, em média, para R$ 4,40 a cada litro vendido na bomba.",nao,322 Replies. Reply,2671 reposts. Repost,17817 Likes. Like,,
1571882374111059975,https://x.com/i/web/status/1571882374111059975,Jair M. Bolsonaro,@jairbolsonaro,2022-09-19T15:22:16.000Z,"- Petrobras reduz preços de venda de diesel para as distribuidoras:

- A partir de amanhã, 20/09, o preço médio de venda de diesel da Petrobras passará de R$ 5,19 para R$ 4,89/litro, uma redução de R$ 0,30/litro.

- Obs: o Governo Jair Bolsonaro zerou o imposto federal do diesel.",nao,3128 Replies. Reply,8488 reposts. Repost,45388 Likes. Like,,
1571876107502198786,https://x.com/i/web/status/1571876107502198786,Jair M. Bolsonaro,@jairbolsonaro,2022-09-19T14:57:22.000Z,"-Seguiremos em nossa missão de servir nossa Pátria e nosso povo fortalecidos pelas belas palavras proferidas pelo Arcebispo da Cantuária durante a cerimônia: ""aqueles que servem serão amados e recordados, enquanto aqueles que se apegam ao poder e aos privilégios são esquecidos"".",nao,400 Replies. Reply,3322 reposts. Repost,22161 Likes. Like,,
1571876105383985154,https://x.com/i/web/status/1571876105383985154,Jair M. Bolsonaro,@jairbolsonaro,2022-09-19T14:57:22.000Z,"- Na Abadia de Westminster, prestamos uma última homenagem à Rainha Elizabeth II e apresentamos, em nome do fraterno povo brasileiro, nossas orações para que Deus console o Rei Charles III, sua família e seu povo, firmes na esperança de que estaremos todos juntos na vida eterna.",nao,1794 Replies. Reply,6309 reposts. Repost,45322 Likes. Like,,
1571809151428300800,https://x.com/i/web/status/1571809151428300800,Jair M. Bolsonaro,@jairbolsonaro,2022-09-19T10:31:19.000Z,"- Zero escândalos de corrupção;
- Recorde redução de impostos e de queda nos preços;
- Recordes de apreensão de drogas;
- Recorde de eficiência, transparência e resultados.",nao,1008 Replies. Reply,6065 reposts. Repost,34308 Likes. Like,,
1571809149767278596,https://x.com/i/web/status/1571809149767278596,Jair M. Bolsonaro,@jairbolsonaro,2022-09-19T10:31:18.000Z,"- Melhor Governo Digital das Américas;
- Agronegócio alimentando mais de 1 bilhão de pessoas no mundo;
- Um dos países que mais preservam a natureza no mundo;",nao,430 Replies. Reply,5434 reposts. Repost,34582 Likes. Like,,
1571809147972354049,https://x.com/i/web/status/1571809147972354049,Jair M. Bolsonaro,@jairbolsonaro,2022-09-19T10:31:18.000Z,"- Brasil vira o sexto principal destino de investimentos no mundo;
- Maior número de brasileiros com trabalho na história;
- Brasil volta às 10 maiores economias do mundo
- Uma das gasolinas mais baratas do mundo;
- Menor número de homicídios em duas décadas;",nao,2791 Replies. Reply,12714 reposts. Repost,67248 Likes. Like,,
1571540685744140290,https://x.com/i/web/status/1571540685744140290,Jair M. Bolsonaro,@jairbolsonaro,2022-09-18T16:44:31.000Z,"“Nossos sentimentos à família rainha e ao povo do Reino Unido. No Brasil, temos forte em nossa lembrança ainda sua passagem por lá, em 1968. Por tudo que ela representou para o seu país e para o mundo, o momento é de pesar e de reconhecimento de tudo que ela fez pelo mundo.”",nao,2061 Replies. Reply,8176 reposts. Repost,49150 Likes. Like,,
1571446087399112704,https://x.com/i/web/status/1571446087399112704,Jair M. Bolsonaro,@jairbolsonaro,2022-09-18T10:28:37.000Z,"- Já são mais de 410 mil documentos titulatórios emitidos. Seguimos em frente, para que mais Donas Marias tenham a oportunidade de dar esse mesmo grito.",nao,250 Replies. Reply,3186 reposts. Repost,21520 Likes. Like,,
1571446082642784256,https://x.com/i/web/status/1571446082642784256,Jair M. Bolsonaro,@jairbolsonaro,2022-09-18T10:28:36.000Z,"- Dona Maria Paixão, de Nova Olinda/TO explica o que o título de sua propriedade representa pra ela: “Liberdade! Estamos livres!”

- Palavras como; Vitória, Realizada, Liberdade, Deus estão em sua fala.

- As correntes que a prendiam agora não existem mais.",nao,981 Replies. Reply,7157 reposts. Repost,35691 Likes. Like,,
1571267648700178433,https://x.com/i/web/status/1571267648700178433,Jair M. Bolsonaro,@jairbolsonaro,2022-09-17T22:39:34.000Z,"- Recife/Londres... partiu.
- Padre Paulo Antonio de Araújo;
- Pastor Silas Malafaia;
- PR Jair Bolsonaro.",nao,2559 Replies. Reply,4617 reposts. Repost,34933 Likes. Like,,
1571249218320273410,https://x.com/i/web/status/1571249218320273410,Jair M. Bolsonaro,@jairbolsonaro,2022-09-17T21:26:20.000Z,- Garanhuns / Pernambuco (17/09/22),nao,1321 Replies. Reply,5802 reposts. Repost,28417 Likes. Like,,
1571165861687222272,https://x.com/i/web/status/1571165861687222272,Jair M. Bolsonaro,@jairbolsonaro,2022-09-17T15:55:06.000Z,"- Santa Cruz de Capibaribe/PE.
- 17/setembro.",nao,1380 Replies. Reply,6984 reposts. Repost,32330 Likes. Like,,
1571086504377843713,https://x.com/i/web/status/1571086504377843713,Jair M. Bolsonaro,@jairbolsonaro,2022-09-17T10:39:46.000Z,- O que era abandono transformou-se em dignidade!,nao,2533 Replies. Reply,10934 reposts. Repost,54912 Likes. Like,,
1570803014419755016,https://x.com/i/web/status/1570803014419755016,Jair M. Bolsonaro,@jairbolsonaro,2022-09-16T15:53:17.000Z,"- O Governo Federal, em agosto, arrecadou mais de R$ 10 milhões com leilões realizados com a venda de bens do tráfico.

- Desde o início de 2022 já foram arrecadados mais de R$ 74 milhões, em 249 leilões.

- Equipamento das Forças de Segurança e retorno para a sociedade.",nao,1447 Replies. Reply,5260 reposts. Repost,30675 Likes. Like,,
1570716172437565440,https://x.com/i/web/status/1570716172437565440,Jair M. Bolsonaro,@jairbolsonaro,2022-09-16T10:08:12.000Z,"- Agricultura irrigada no meio do Sertão Baiano. O Governo Federal resgatou do abandono o projeto de irrigação do Baixio do Irecê. 

- A área no município de Xique-xique vai produzir alimentos e gerar milhares de empregos com água do São Francisco. Liberdade!",nao,1574 Replies. Reply,8170 reposts. Repost,33937 Likes. Like,,
1570447205877837824,https://x.com/i/web/status/1570447205877837824,Jair M. Bolsonaro,@jairbolsonaro,2022-09-15T16:19:26.000Z,"- Menos estado, menos impostos, digitalização recorde trazendo agilidade e menos gastos ao Brasileiro, desburocratizações e concessões que geram investimentos, infraestrutura e empregos diretos e indiretos! Ainda há muito o que fazer!",nao,2018 Replies. Reply,8224 reposts. Repost,34840 Likes. Like,,
1570355931934003201,https://x.com/i/web/status/1570355931934003201,Jair M. Bolsonaro,@jairbolsonaro,2022-09-15T10:16:44.000Z,. Parte disso tem sido usado para equipar as Polícias contra o próprio crime. Outra parte foi aplicada no Fundo Nacional Antidrogas para financiar a recuperação e o tratamento de dependentes químicos.,nao,255 Replies. Reply,2221 reposts. Repost,16471 Likes. Like,,
1570355930188881923,https://x.com/i/web/status/1570355930188881923,Jair M. Bolsonaro,@jairbolsonaro,2022-09-15T10:16:44.000Z,". Além das drogas, as Forças de Segurança apreenderam R$ 3,9 bilhões em bens do tráfico em 3 anos de Governo Bolsonaro;",nao,249 Replies. Reply,3079 reposts. Repost,19957 Likes. Like,,
1570355928486260736,https://x.com/i/web/status/1570355928486260736,Jair M. Bolsonaro,@jairbolsonaro,2022-09-15T10:16:43.000Z,". In 2018, for comparison, 880 tons of marijuana and 99 tons of cocaine were seized. In other words, an increase of 133.89% in the average seizure of marijuana and 67.67% in the seizure of cocaine;",nao,72 Replies. Reply,1387 reposts. Repost,10222 Likes. Like,,
1570355926028386304,https://x.com/i/web/status/1570355926028386304,Jair M. Bolsonaro,@jairbolsonaro,2022-09-15T10:16:43.000Z,"- APREENSÃO DE DROGAS: 

. Nos 3 anos de Governo Bolsonaro, foi apreendida uma média anual de 2.058,3 ton de maconha e 166 ton de cocaína;",nao,85 Replies. Reply,1463 reposts. Repost,9228 Likes. Like,,
1570355923276951553,https://x.com/i/web/status/1570355923276951553,Jair M. Bolsonaro,@jairbolsonaro,2022-09-15T10:16:42.000Z,"- TOTAL DE INVESTIMENTO EM SEGURANÇA PÚBLICA:

- Governos Dilma e Temer:
. Média: 2015 - 2018 (4 anos): R$ 1,7 bilhão;

- Governo Bolsonaro:
. Média: 2019 - 2021 (3 anos): R$ 1,9 bilhão",nao,58 Replies. Reply,1273 reposts. Repost,7590 Likes. Like,,
1570355921422802944,https://x.com/i/web/status/1570355921422802944,Jair M. Bolsonaro,@jairbolsonaro,2022-09-15T10:16:42.000Z,". Em relação ao período de 2011 a 2014 (Governo Dilma), a média anual de mortes violentas intencionais do período de 2015 a 2018 (Dilma/Temer) havia crescido em 12%; já entre 2019 e 2021 (Governo Bolsonaro), a média anual caiu 20% em relação ao período de 2015 a 2018.",nao,95 Replies. Reply,1537 reposts. Repost,8750 Likes. Like,,
1570355919585792006,https://x.com/i/web/status/1570355919585792006,Jair M. Bolsonaro,@jairbolsonaro,2022-09-15T10:16:41.000Z,"- Mais dados sobre o Governo Federal e a SEGURANÇA:

- HOMICÍDIOS - MORTES VIOLENTAS INTENCIONAIS

. A média anual de mortes violentas intencionais intencionais caiu de 61 mil anuais (2015–2018, Governos Dilma e Temer) para 48 mil anuais (2019–2021, Governo Bolsonaro);",nao,1230 Replies. Reply,6012 reposts. Repost,34650 Likes. Like,,
1570204834007220224,https://x.com/i/web/status/1570204834007220224,Jair M. Bolsonaro,@jairbolsonaro,2022-09-15T00:16:20.000Z,- Chegada para evento noturno em Natal/RN. (14/09/2022).,nao,1619 Replies. Reply,7239 reposts. Repost,40762 Likes. Like,,
1570156646860464128,https://x.com/i/web/status/1570156646860464128,Jair M. Bolsonaro,@jairbolsonaro,2022-09-14T21:04:51.000Z,- Natal / RN (14/09/2022),nao,1847 Replies. Reply,7274 reposts. Repost,36052 Likes. Like,,
1570030977996722177,https://x.com/i/web/status/1570030977996722177,Jair M. Bolsonaro,@jairbolsonaro,2022-09-14T12:45:29.000Z,"- Aí a importancia de independência para formar um governo. Os conchavos passados resultaram em prejuízos causados por quem sequer pertencia à empresa. Hoje, tendo à sua frente pessoas comprometidas com o país, os Correios atingiram o maior lucro em 22 anos (R$ 3,7 BI em 2021).",nao,380 Replies. Reply,3248 reposts. Repost,20686 Likes. Like,,
1570030976147034114,https://x.com/i/web/status/1570030976147034114,Jair M. Bolsonaro,@jairbolsonaro,2022-09-14T12:45:29.000Z,"- Com o PT, funcionários dos Correios passaram a pagar taxas mensais para cobrir o rombo nos fundos de pensão causado pelo maior esquema de corrupção de nossa história. Hoje, funcionários dos Correios recebem participação nos lucros da empresa, que tem batido recordes históricos.",nao,1950 Replies. Reply,9539 reposts. Repost,50722 Likes. Like,,
1569991327453937664,https://x.com/i/web/status/1569991327453937664,Jair M. Bolsonaro,@jairbolsonaro,2022-09-14T10:07:56.000Z,"- Em nova rodada de entregas, mais Brasileiros agora passam a morar em um local digno, com infraestrutura, esgoto, água, pavimentação, energia elétrica, iluminação e transporte público.

- Desde 2019 são mais de 1 milhão e 200 mil casas próprias concluídas e entregues no .",nao,224 Replies. Reply,2161 reposts. Repost,13742 Likes. Like,,
1569991326069936133,https://x.com/i/web/status/1569991326069936133,Jair M. Bolsonaro,@jairbolsonaro,2022-09-14T10:07:55.000Z,"- PARANÁ e ALAGOAS/ CASA VERDE E AMARELA

- 520 famílias em Apucarana e 480 famílias em Maceió recebem as chaves da casa própria.

- São mais 4.000 mil pessoas em novos lares.",nao,775 Replies. Reply,4183 reposts. Repost,25435 Likes. Like,,
1569858511546245120,https://x.com/i/web/status/1569858511546245120,Jair M. Bolsonaro,@jairbolsonaro,2022-09-14T01:20:10.000Z,"- Em que isso ajudaria a não ser no estímulo à violência? Criminosos como esse que assassinou a ex-mulher e o filho em SP devem ser tratados como criminosos e ponto final. Quem tira uma vida de forma gratuita e cruel tem que apodrecer na cadeia, não interessa a opinião política!",nao,497 Respostas. Resposta,4499 reposts. Repost,32408 Curtidas. Curtida,,
1569858509935607808,https://x.com/i/web/status/1569858509935607808,Jair M. Bolsonaro,@jairbolsonaro,2022-09-14T01:20:09.000Z,"- Tamanho desrespeito não atinge somente o povo, que já demonstrou inúmeras vezes seu caráter ordeiro e que se manteve pacífico mesmo diante do abuso da corrupção e da violência na era petista, mas principalmente as vítimas desse crime, reduzidas a meras ferramentas de campanha.",nao,228 Respostas. Resposta,3780 reposts. Repost,30618 Curtidas. Curtida,,
1569858508329189376,https://x.com/i/web/status/1569858508329189376,Jair M. Bolsonaro,@jairbolsonaro,2022-09-14T01:20:09.000Z,"- O fato é que, se não existisse essa tatuagem, jornais ainda estariam explorando mais uma narrativa mentirosa para tentar convencer inocentes de que as milhões de pessoas que me apoiam, homens, mulheres, jovens e idosos, compactuam de alguma forma com esse tipo de barbaridade.",nao,306 Respostas. Resposta,3999 reposts. Repost,27801 Curtidas. Curtida,,
1569858506747944961,https://x.com/i/web/status/1569858506747944961,Jair M. Bolsonaro,@jairbolsonaro,2022-09-14T01:20:09.000Z,"- Após mais uma tentativa covarde de me associar a um crime brutal sem o menor fundamento, a imprensa teve que descartar a narrativa por conta de uma tatuagem de Lula no braço do assassino. Dificilmente seguirão dando destaque, prova de que a preocupação nunca foi com as vítimas.",nao,3158 Respostas. Resposta,14778 reposts. Repost,83957 Curtidas. Curtida,,
1569841751170469893,https://x.com/i/web/status/1569841751170469893,Jair M. Bolsonaro,@jairbolsonaro,2022-09-14T00:13:34.000Z,"- Diminuição de impostos de alimentos, recorde de títulos de propriedade, agricultura familiar, abastecimento, emprego e renda ao Brasileiro.",nao,1874 Respostas. Resposta,8789 reposts. Repost,41973 Curtidas. Curtida,,
1569822854882918402,https://x.com/i/web/status/1569822854882918402,Jair M. Bolsonaro,@jairbolsonaro,2022-09-13T22:58:29.000Z,- Conversa no Programa do Ratinho:,nao,935 Respostas. Resposta,4216 reposts. Repost,24092 Curtidas. Curtida,,
1569777925414879234,https://x.com/i/web/status/1569777925414879234,Jair M. Bolsonaro,@jairbolsonaro,2022-09-13T19:59:57.000Z,- Sorocaba / SP (terça-feira),nao,1322 Respostas. Resposta,5955 reposts. Repost,30605 Curtidas. Curtida,,
1569631545442418693,https://x.com/i/web/status/1569631545442418693,Jair M. Bolsonaro,@jairbolsonaro,2022-09-13T10:18:17.000Z,"- A partir de hoje, a Petrobras reduz o preço médio de venda do gás de cozinha (GLP) para distribuidoras, passando de R$ 4,23/kg para R$ 4,03/kg, equivalente a R$ 52,34 por 13kg: redução média de R$ 2,60 por 13 kg.

- Lembrando que o imposto federal sobre o gás de cozinha é zero!",nao,6196 Respostas. Resposta,11158 reposts. Repost,60940 Curtidas. Curtida,,
1569525523185020929,https://x.com/i/web/status/1569525523185020929,Jair M. Bolsonaro,@jairbolsonaro,2022-09-13T03:16:59.000Z,"- É comum um jovem, por inexperiência ou influência, confundir liberdade com um mundo sem regras e acabar se rebelando contra os próprios pais. Sei disso porque também já fui um. Porém, fiquei do lado deles, pois percebi que eram os únicos capazes de dar a própria vida por mim.",nao,1916 Respostas. Resposta,9563 reposts. Repost,47069 Curtidas. Curtida,,
1569343232521437185,https://x.com/i/web/status/1569343232521437185,Jair M. Bolsonaro,@jairbolsonaro,2022-09-12T15:12:38.000Z,"- MAIS UM RECORDE: abertura de uma empresa em menos de 24h é símbolo da liberdade de empreender, marca dos últimos anos em nossa nação.

- Desburocratizações, digitalizações, menos estado, ganho de tempo e menos gasto ao investidor que gerará mais empregos. Temos muito à avançar!",nao,1849 Respostas. Resposta,6911 reposts. Repost,38862 Curtidas. Curtida,,
1569256308326408192,https://x.com/i/web/status/1569256308326408192,Jair M. Bolsonaro,@jairbolsonaro,2022-09-12T09:27:13.000Z,"- Em apenas 3 anos e 7 meses, o Governo Bolsonaro já entregou 402.435 títulos de propriedade, mais que os governos lula e dilma somados em seus 14 anos.

- Maior força-tarefa de entrega de títulos da História do Brasil: 50 mil títulos para famílias no Pará (em junho de 2021).",nao,459 Respostas. Resposta,3948 reposts. Repost,24614 Curtidas. Curtida,,
1569256306669649922,https://x.com/i/web/status/1569256306669649922,Jair M. Bolsonaro,@jairbolsonaro,2022-09-12T09:27:13.000Z,"Média anual de cada governo:

- lula: 12.381 (8 anos)
- dilma: 29.438 (6 anos)
- Temer: 104.282 (2 anos)
- Bolsonaro: 105.610 (3 anos e 8 meses)

Para facilitar a compreensão, a média foi calculada dividindo o total de títulos entregues por 3,5, ou seja, considerando 6 meses.",nao,273 Respostas. Resposta,3255 reposts. Repost,23250 Curtidas. Curtida,,
1569256305050927110,https://x.com/i/web/status/1569256305050927110,Jair M. Bolsonaro,@jairbolsonaro,2022-09-12T09:27:13.000Z,"- Títulos de Propriedade:

- Totais de cada período:

. lula (2003–2010): 99.050
. dilma (2011–2016): 176.627
. Temer (2017–2018): 208.563
. lula e dilma (2003–2016): 275.677
. dilma e Temer (2015–2018): 248.712
. Bolsonaro (2019–2022): 402.435",nao,2144 Respostas. Resposta,10832 reposts. Repost,55263 Curtidas. Curtida,,
1569096476604919808,https://x.com/i/web/status/1569096476604919808,Jair M. Bolsonaro,@jairbolsonaro,2022-09-11T22:52:07.000Z,"-Atualizações deste domingo realizadas em nosso canal no Telegram. 
t.me/jairbolsonarob
…",nao,830 Respostas. Resposta,3181 reposts. Repost,21496 Curtidas. Curtida,,
1568982716351393797,https://x.com/i/web/status/1568982716351393797,Jair M. Bolsonaro,@jairbolsonaro,2022-09-11T15:20:04.000Z,"- Mesmo com pandemia, o “fique em casa que a economia a gente vê depois” e uma guerra que afeta a todo mundo, o  avança enfrentando estes e outros problemas, como o PT sendo contrário a diminuição de impostos que reduz o preço dos combustíveis e alimentos a todo Brasileiro.",nao,627 Respostas. Resposta,3639 reposts. Repost,24954 Curtidas. Curtida,,
1568982714052915201,https://x.com/i/web/status/1568982714052915201,Jair M. Bolsonaro,@jairbolsonaro,2022-09-11T15:20:03.000Z,"- Brasil tem deflação de 0,36% em agosto, a menor taxa para o mês em 24 anos.

- Segunda queda de preços consecutiva, sendo o primeiro resultado abaixo dos dois dígitos desde setembro do ano passado, mostra IBGE.",nao,2117 Respostas. Resposta,7857 reposts. Repost,47223 Curtidas. Curtida,,
1568762735696953345,https://x.com/i/web/status/1568762735696953345,Jair M. Bolsonaro,@jairbolsonaro,2022-09-11T00:45:57.000Z,"- Volta do esporte abandonado nas escolas, profissionalização de carreira, futuro longe de malefícios sociais, além de saúde aos jovens brasileiros.",nao,564 Respostas. Resposta,2835 reposts. Repost,23975 Curtidas. Curtida,,
1568762728948576256,https://x.com/i/web/status/1568762728948576256,Jair M. Bolsonaro,@jairbolsonaro,2022-09-11T00:45:55.000Z,"- Previsão é de 12 modalidades individuais (atletismo, badminton, caratê, ciclismo, ginástica artística, ginástica rítmica, natação, judô, taekwondo, tênis de mesa, wrestling e xadrez) e cinco coletivas (basquete, futsal, handebol, vôlei e vôlei de praia).",nao,142 Respostas. Resposta,1862 reposts. Repost,17270 Curtidas. Curtida,,
1568762727027318787,https://x.com/i/web/status/1568762727027318787,Jair M. Bolsonaro,@jairbolsonaro,2022-09-11T00:45:54.000Z,"- Para 2022, 17 modalidades, a maioria disputada dentro da estrutura do Parque Olímpico da Barra, no Rio. Em vários estados, as seletivas já foram finalizadas. A estimativa é de que sejam mais de 6,3 mil atletas participantes e 1.900 pessoas entre comissões técnicas e dirigentes.",nao,59 Respostas. Resposta,871 reposts. Repost,8079 Curtidas. Curtida,,
1568762724968202241,https://x.com/i/web/status/1568762724968202241,Jair M. Bolsonaro,@jairbolsonaro,2022-09-11T00:45:54.000Z,"- Confirmados, Jogos Escolares 2022 valem para Bolsa Atleta e Auxílio Esporte Escolar.

- Principal competição do desporto escolar na faixa etária de 12 a 14 anos.

- Retomado em 2021 após 17 anos, a competição reuniu mais de cinco mil estudantes das 27 Unidades da Federação.",nao,768 Respostas. Resposta,4596 reposts. Repost,33370 Curtidas. Curtida,,
1568678055710806017,https://x.com/i/web/status/1568678055710806017,Jair M. Bolsonaro,@jairbolsonaro,2022-09-10T19:09:27.000Z,"- Quando se coloca junto as cenas que predominaram no último 7 de setembro, mais forçado se mostra o tom apocalíptico e dramático adotado pela rede Globo para causar medo e manipular as pessoas. O que deveria ser um jornalismo sério e imparcial se tornou uma linha auxiliar do PT.",nao,2700 Respostas. Resposta,9657 reposts. Repost,44679 Curtidas. Curtida,,
1568540411882340352,https://x.com/i/web/status/1568540411882340352,Jair M. Bolsonaro,@jairbolsonaro,2022-09-10T10:02:30.000Z,"- Desenvolvimento Nacional, empregos diretos e indiretos e nova revolução de modais de transporte.",nao,250 Respostas. Resposta,2489 reposts. Repost,21776 Curtidas. Curtida,,
1568540410242375682,https://x.com/i/web/status/1568540410242375682,Jair M. Bolsonaro,@jairbolsonaro,2022-09-10T10:02:30.000Z,"- Estima-se ainda que, somados, os 79 requerimentos de construção e operação de ferrovias, já solicitados injetarão R$ 240,82 bilhões em investimentos privados no modal, agregando 20,7 mil km em novos trilhos à rede ferroviária
nacional, cruzando 17 estados e o Distrito Federal.",nao,212 Respostas. Resposta,2760 reposts. Repost,22794 Curtidas. Curtida,,
1568540408652746752,https://x.com/i/web/status/1568540408652746752,Jair M. Bolsonaro,@jairbolsonaro,2022-09-10T10:02:30.000Z,"- REVOLUÇÃO FERROVIÁRIA: 

- De 2019 a 2022, o Governo Federal viabilizou, através de leilões, concessões pelo Programa Pro-Trilhos, R$ 133,24 bilhões de investimentos projetados e 27 contratos assinados, que totalizarão 9.922,5 km de novos trilhos à malha ferroviária brasileira.",nao,973 Respostas. Resposta,5670 reposts. Repost,36731 Curtidas. Curtida,,
1568411080879218690,https://x.com/i/web/status/1568411080879218690,Jair M. Bolsonaro,@jairbolsonaro,2022-09-10T01:28:36.000Z,- A única coisa capaz de se assustar com isso aqui é o próprio mal. Boa noite a todos!,nao,3745 Respostas. Resposta,12244 reposts. Repost,67911 Curtidas. Curtida,,
1568362772265664514,https://x.com/i/web/status/1568362772265664514,Jair M. Bolsonaro,@jairbolsonaro,2022-09-09T22:16:38.000Z,"- Temos um povo maravilhoso, direito, que respeita as leis e enfrenta as maiores dificuldades muitas vezes com um sorriso no rosto. Usar daqueles que seguem o caminho do mal, do crime, para rotular toda uma nação é, também, atacá-la, porque os brasileiros repudiam essas condutas.",nao,576 Respostas. Resposta,4721 reposts. Repost,32343 Curtidas. Curtida,,
1568362770315223040,https://x.com/i/web/status/1568362770315223040,Jair M. Bolsonaro,@jairbolsonaro,2022-09-09T22:16:37.000Z,"-Quem acusa o nosso povo trabalhador e honesto de cultivar ideias perversas, desconhece sua essência pacífica e fraterna. Os brasileiros carregam dentro de si a diversidade. Isso é indissociável! Ideais totalitários, como nazismo e comunismo, JAMAIS prosperarão em nossas terras!",nao,425 Replies. Reply,4831 reposts. Repost,33561 Likes. Like,,
1568362768700522502,https://x.com/i/web/status/1568362768700522502,Jair M. Bolsonaro,@jairbolsonaro,2022-09-09T22:16:37.000Z,"- Como disse há alguns dias, uma das formas mais covardes de promover a desunião de nosso povo é atacar os seus valores, sobretudo com rótulos desprezíveis e abomináveis, que desrespeitam não só a nós, mas a diversos outros povos ao banalizar assuntos tão sérios e graves.",nao,181 Replies. Reply,3653 reposts. Repost,25853 Likes. Like,,
1568362766871969795,https://x.com/i/web/status/1568362766871969795,Jair M. Bolsonaro,@jairbolsonaro,2022-09-09T22:16:37.000Z,"- Tais ofensas se tornam ainda mais revoltantes quando são proferidas por quem estava preso por assaltar o mesmo povo que agora ataca, e que está tentando, a todo custo, voltar à cena do crime. É um ex-presidiário xingando aqueles que vivem suas vidas de forma honesta e justa.",nao,401 Replies. Reply,5724 reposts. Repost,38071 Likes. Like,,
1568362765013716993,https://x.com/i/web/status/1568362765013716993,Jair M. Bolsonaro,@jairbolsonaro,2022-09-09T22:16:36.000Z,"- Associar as milhões de famílias que foram pacificamente às ruas manifestar seu amor pelo Brasil no dia de nossa Independência a um grupo terrorista, racista e antissemita, como a Ku Klux Klan, é de longe a maior e mais covarde ofensa ao povo brasileiro que já vi em minha vida.",nao,6663 Replies. Reply,17989 reposts. Repost,96115 Likes. Like,,
1568187290425360385,https://x.com/i/web/status/1568187290425360385,Jair M. Bolsonaro,@jairbolsonaro,2022-09-09T10:39:20.000Z,"- Parece que o ex-presidiário se sentiu excluído após esse vídeo. Em resposta, chamou o povo de ""cuscuz clã"", talvez porque assistiu a milhões de brasileiros vestindo amarelo.",nao,5309 Replies. Reply,16205 reposts. Repost,82200 Likes. Like,,
1568172330672689155,https://x.com/i/web/status/1568172330672689155,Jair M. Bolsonaro,@jairbolsonaro,2022-09-09T09:39:53.000Z,- Meus sentimentos. Que Deus conforte o seu coração e toda a sua família. Um forte abraço!,nao,39 Replies. Reply,175 reposts. Repost,1956 Likes. Like,,
1568170323446571008,https://x.com/i/web/status/1568170323446571008,Jair M. Bolsonaro,@jairbolsonaro,2022-09-09T09:31:54.000Z,"- Mais de 1700 projetos já receberam o apoio da EMBRAPII, totalizando mais de R$ 2,4 bilhões em investimentos.

- São parcerias como esta que impulsionam a EMBRAPII em sua busca pela inovação no país, ciência, tecnologia e geração de empregos.",nao,179 Replies. Reply,1479 reposts. Repost,11200 Likes. Like,,
1568170321944928258,https://x.com/i/web/status/1568170321944928258,Jair M. Bolsonaro,@jairbolsonaro,2022-09-09T09:31:54.000Z,"- Além do apoio de suas Unidades, a EMBRAPII também financia projetos de inovação de empresas nacionais. É o caso do programa Lab2MKT, que auxilia startups e pequenas empresas em todo o ciclo de desenvolvimento do produto ou serviço, até sua chegada ao mercado.",nao,123 Replies. Reply,1458 reposts. Repost,11897 Likes. Like,,
1568170320393125894,https://x.com/i/web/status/1568170320393125894,Jair M. Bolsonaro,@jairbolsonaro,2022-09-09T09:31:54.000Z,"… e a Anprotec é referência em inovação e empreendedorismo, reunindo cerca de 350 associados, entre incubadoras e aceleradoras de empresas, parques tecnológicos, instituições de ensino e pesquisa, órgãos públicos e outras entidades ligadas a empreendedorismo e inovação.",nao,63 Replies. Reply,850 reposts. Repost,6689 Likes. Like,,
1568170318308442114,https://x.com/i/web/status/1568170318308442114,Jair M. Bolsonaro,@jairbolsonaro,2022-09-09T09:31:53.000Z,"- A parceria vai estimular a pesquisa, desenvolvimento e inovação (PD&I), já que a EMBRAPII conta com uma rede 77 Unidades EMBRAPII – centros de pesquisa com infraestrutura e pesquisadores para atender à demanda da indústria nacional…",nao,71 Replies. Reply,909 reposts. Repost,7245 Likes. Like,,
1568170316471353346,https://x.com/i/web/status/1568170316471353346,Jair M. Bolsonaro,@jairbolsonaro,2022-09-09T09:31:53.000Z,"- Esse mês a EMBRAPII traz muita novidade!

- A EMBRAPII e a ANPROTEC assinaram um acordo que visa aumentar o fomento de projetos de startups e empresas de pequeno porte do Brasil.",nao,769 Replies. Reply,3286 reposts. Repost,25414 Likes. Like,,
1568039888074821638,https://x.com/i/web/status/1568039888074821638,Jair M. Bolsonaro,@jairbolsonaro,2022-09-09T00:53:36.000Z,"- O plano econômico do Governo Federal tem diretrizes inequívocas: economia aberta, menos impostos, maior eficiência e transparência do gasto público, banco central independente, desestatizações…",nao,1232 Replies. Reply,6348 reposts. Repost,33223 Likes. Like,,
1567962251398709252,https://x.com/i/web/status/1567962251398709252,Jair M. Bolsonaro,@jairbolsonaro,2022-09-08T19:45:06.000Z,"- On this sad day for the world, we decree three days of official mourning and invite the entire Brazilian people to pay tribute to Queen Elizabeth II.

- GOD SAVE THE QUEEN!",nao,1341 Replies. Reply,8272 reposts. Repost,55513 Likes. Like,,
1567961736661065732,https://x.com/i/web/status/1567961736661065732,Jair M. Bolsonaro,@jairbolsonaro,2022-09-08T19:43:03.000Z,"- Muitas vezes, a eternidade nos surpreende, tirando de nós aqueles que amamos, mas, hoje, foi a vez da eternidade ser surpreendida, com a gloriosa chegada de Sua Alteza a Rainha do Reino Unido. Que Deus a receba em sua infinita bondade e conforte sua família e o povo britânico.",nao,208 Replies. Reply,2974 reposts. Repost,28241 Likes. Like,,
1567961734769516549,https://x.com/i/web/status/1567961734769516549,Jair M. Bolsonaro,@jairbolsonaro,2022-09-08T19:43:03.000Z,"- É com grande pesar e comoção que o Brasil recebe a notícia do falecimento de Sua Majestade a Rainha Elizabeth II, uma mulher extraordinária e singular, cujo exemplo de liderança, de humildade e de amor à pátria seguirá inspirando a nós e ao mundo inteiro até o fim dos tempos.",nao,142 Replies. Reply,2624 reposts. Repost,24055 Likes. Like,,
1567961732869685248,https://x.com/i/web/status/1567961732869685248,Jair M. Bolsonaro,@jairbolsonaro,2022-09-08T19:43:03.000Z,"""Quando a vida parece difícil, os corajosos não se deitam e aceitam a derrota; em vez disso, estão ainda mais determinados a lutar por um futuro melhor""

- Com tais palavras, Rainha Elizabeth II mostra por que não foi apenas a Rainha dos britânicos, mas uma rainha para todos nós.",nao,2382 Replies. Reply,10476 reposts. Repost,76443 Likes. Like,,
1567915538872926210,https://x.com/i/web/status/1567915538872926210,Jair M. Bolsonaro,@jairbolsonaro,2022-09-08T16:39:29.000Z,"- Vale lembrar que o Governo Federal entregou mais de 1.200.000 residências alcançando mais de 5.000.000 de pessoas por todo Brasil, via Programa Casa Verde Amarela e conclusões de conjuntos habitacionais inacabados por governos anteriores.",nao,194 Replies. Reply,2007 reposts. Repost,14142 Likes. Like,,
1567915536893333504,https://x.com/i/web/status/1567915536893333504,Jair M. Bolsonaro,@jairbolsonaro,2022-09-08T16:39:29.000Z,"- Lançamento de  mais um Programa Social, mostrando novamente preocupação com as famílias de baixa renda do nosso Brasil.",nao,158 Replies. Reply,1828 reposts. Repost,15056 Likes. Like,,
1567915534574034947,https://x.com/i/web/status/1567915534574034947,Jair M. Bolsonaro,@jairbolsonaro,2022-09-08T16:39:28.000Z,"- Governo Federal lançou ""Programa Aproxima"" (2021), que disponibiliza imóveis públicos para habitação social.

- Iniciativa oferece à famílias de baixa renda a oportunidade de ter a casa própria por meio de imóveis públicos desocupados em áreas urbanas de grande movimentação.",nao,894 Replies. Reply,4144 reposts. Repost,28427 Likes. Like,,
1567812122167459843,https://x.com/i/web/status/1567812122167459843,Jair M. Bolsonaro,@jairbolsonaro,2022-09-08T09:48:33.000Z,"- Isso vai garantir R$ 850 milhões em investimentos e gerar mais de 1.500 novos empregos. Além disso, a operação de privatização trará maior eficiência e competitividade aos portos do estado.",nao,246 Replies. Reply,2055 reposts. Repost,17577 Likes. Like,,
1567812117432082432,https://x.com/i/web/status/1567812117432082432,Jair M. Bolsonaro,@jairbolsonaro,2022-09-08T09:48:31.000Z,"- ESPÍRITO SANTO / BRASIL: Na semana do bicentenário da independência do Brasil, estamos mais uma vez fazendo história. Hoje, assinamos o contrato de desestatização da Companhia Docas do Espírito Santo, passando para o prIvado, pela primeira vez, a operação de um porto federal.",nao,653 Replies. Reply,4033 reposts. Repost,27292 Likes. Like,,
1567729791800836096,https://x.com/i/web/status/1567729791800836096,Jair M. Bolsonaro,@jairbolsonaro,2022-09-08T04:21:24.000Z,- Obrigado?!,nao,5952 Replies. Reply,7661 reposts. Repost,60564 Likes. Like,,
1567644575027658752,https://x.com/i/web/status/1567644575027658752,Jair M. Bolsonaro,@jairbolsonaro,2022-09-07T22:42:46.000Z,"- Parabéns a todos por promoverem neste 7 de setembro de 2022 uma das maiores e mais lindas festas já vistas nos últimos 200 anos e em todo o planeta! Vocês mostraram ao mundo a beleza e grandeza do nosso país. INDEPENDÊNCIA OU MORTE! ONTEM, HOJE E POR TODA ETERNIDADE! ",nao,1241 Replies. Reply,7285 reposts. Repost,45785 Likes. Like,,
1567644572783706112,https://x.com/i/web/status/1567644572783706112,Jair M. Bolsonaro,@jairbolsonaro,2022-09-07T22:42:46.000Z,"- Por isso, atacar nossos valores é uma das formas mais covardes de promover a desunião. Por isso, lutarei até o fim da minha vida para proteger os valores e as tradições do nosso povo, para que sejamos uma nação cada vez mais unida, de modo que ninguém seja capaz de dividi-la.",nao,327 Replies. Reply,4551 reposts. Repost,36325 Likes. Like,,
1567644570631954434,https://x.com/i/web/status/1567644570631954434,Jair M. Bolsonaro,@jairbolsonaro,2022-09-07T22:42:45.000Z,"- Repito: numa única família brasileira há mais diversidade do que em muitas nações. Está em nosso DNA lidar com as diferenças e contradições, porque somos frutos delas. Não é uma raça, sexo ou classe que nos une como povo, são os valores que carregamos dentro de cada um de nós.",nao,141 Replies. Reply,3421 reposts. Repost,23386 Likes. Like,,
1567644568438427656,https://x.com/i/web/status/1567644568438427656,Jair M. Bolsonaro,@jairbolsonaro,2022-09-07T22:42:45.000Z,"- Nossa Pátria é gigante e abençoada. Na prática, somos vários brasis dentro de um só. E, apesar dos altos e baixos da história, seguimos unidos na preservação de nossa soberania e liberdade. O Brasil era impossível, mas se tornou real: somos um milagre em forma de nação.",nao,126 Replies. Reply,3168 reposts. Repost,22333 Likes. Like,,
1567644566769078275,https://x.com/i/web/status/1567644566769078275,Jair M. Bolsonaro,@jairbolsonaro,2022-09-07T22:42:44.000Z,"- Se antes falavam que éramos uma nação adormecida, hoje posso dizer que o Brasil acordou e está cada vez mais consciente do potencial que possui. Ninguém no mundo tem o que nós temos: nossos recursos, nossas riquezas, nossas florestas e nosso povo trabalhador e miscigenado.",nao,146 Replies. Reply,3308 reposts. Repost,21822 Likes. Like,,
1567644564437049347,https://x.com/i/web/status/1567644564437049347,Jair M. Bolsonaro,@jairbolsonaro,2022-09-07T22:42:44.000Z,"- Há muito não se via tantas pessoas emocionadas, festejando com alegria a nossa Independência. Essa emoção contagiou a todos nós. Impossível conter as lágrimas e não pensar no quanto o nosso país é maravilhoso, mesmo com todas as dificuldades que enfrentamos no dia a dia.",nao,201 Replies. Reply,3594 reposts. Repost,23921 Likes. Like,,
1567644562524454916,https://x.com/i/web/status/1567644562524454916,Jair M. Bolsonaro,@jairbolsonaro,2022-09-07T22:42:43.000Z,"- Mais uma vez o nosso povo mostrou a todos aqueles que duvidam de sua capacidade e integridade não apenas a força que possui, mas também o espírito pacífico e ordeiro que carrega em seu coração. O mundo pôde assistir novamente a uma celebração de união, esperança e liberdade.",nao,135 Replies. Reply,2982 reposts. Repost,21368 Likes. Like,,
1567644560934797318,https://x.com/i/web/status/1567644560934797318,Jair M. Bolsonaro,@jairbolsonaro,2022-09-07T22:42:43.000Z,"- É difícil imaginar o que se passou pela cabeça de Dom Pedro I ao proclamar a Independência do Brasil, mas não tenho dúvida de que, em seu coração, queimava a mesma chama de amor e orgulho que hoje preencheu o peito de cada brasileiro em cada lugar do nosso imenso país.",nao,352 Replies. Reply,4480 reposts. Repost,29014 Likes. Like,,
1567644559202566144,https://x.com/i/web/status/1567644559202566144,Jair M. Bolsonaro,@jairbolsonaro,2022-09-07T22:42:42.000Z,"- Hoje, mais do que nunca, pudemos assistir e sentir o despertar do patriotismo e do profundo amor pelo Brasil. As ruas foram tomadas pelas cores de nossa linda bandeira e nosso glorioso hino nacional foi cantado por milhões de homens e mulheres, de todas idades, classes e cores.",nao,4999 Replies. Reply,14144 reposts. Repost,93584 Likes. Like,,
1567562003253788672,https://x.com/i/web/status/1567562003253788672,Jair M. Bolsonaro,@jairbolsonaro,2022-09-07T17:14:40.000Z,"- Atualizações do dia realizadas em nosso canal no Telegram: 
t.me/jairbolsonarob
…",nao,688 Replies. Reply,2702 reposts. Repost,20171 Likes. Like,,
1567295800010473474,https://x.com/i/web/status/1567295800010473474,Jair M. Bolsonaro,@jairbolsonaro,2022-09-06T23:36:52.000Z,"- Tenha certeza que eu e meu governo estamos prontos para trabalhar com a senhora e com o seu governos no fortalecimento de nossas relações e na construção de uma parceira cada vez mais sólida, com destaque para a economia, o comércio e a defesa da democracia. ",nao,377 Replies. Reply,3387 reposts. Repost,25075 Likes. Like,,
1567295798177587200,https://x.com/i/web/status/1567295798177587200,Jair M. Bolsonaro,@jairbolsonaro,2022-09-06T23:36:51.000Z,"- Nossos cumprimentos à Liz Truss (
@trussliz
) por ter sido escolhida para liderar o Partido Conservador e para ser a próxima Primeira-Ministra do Reino Unido. Nossos povos compartilham o apreço pela soberania e pela liberdade e poderão realizar muito através da cooperação.",nao,861 Replies. Reply,5895 reposts. Repost,41229 Likes. Like,,
1567264125612351489,https://x.com/i/web/status/1567264125612351489,Jair M. Bolsonaro,@jairbolsonaro,2022-09-06T21:31:00.000Z,"- Mesmo em meio a todo o caos, pude sentir o apoio de cada brasileiro. Desde então, esse apoio tem sido fundamental para permanecermos de pé e vencermos grandes desafios. Por isso, estarei sempre ao lado do povo. Só assim poderemos seguir construindo o futuro que sempre sonhamos!",nao,742 Replies. Reply,4613 reposts. Repost,29211 Likes. Like,,
1567264123578105864,https://x.com/i/web/status/1567264123578105864,Jair M. Bolsonaro,@jairbolsonaro,2022-09-06T21:31:00.000Z,"- Foram momentos de muita dor e sofrimento. Nos minutos de consciência, o que surgia na memória era a minha filha pequena. Mas graças às orações de milhões de brasileiros, ao incrível trabalho dos profissionais da Santa Casa e a vontade de Deus, fui presenteado com uma nova vida.",nao,469 Replies. Reply,4488 reposts. Repost,29990 Likes. Like,,
1567264121720082433,https://x.com/i/web/status/1567264121720082433,Jair M. Bolsonaro,@jairbolsonaro,2022-09-06T21:30:59.000Z,"- Há exatos quatro anos, eu vivia um milagre em Juiz de Fora-MG. Uma tentativa de assassinato promovida por um militante de esquerda tentava me tirar das eleições. Um atentado não só contra mim, mas contra todos aqueles que acreditavam em mim. Um atentado contra a democracia.",nao,4458 Replies. Reply,11630 reposts. Repost,68928 Likes. Like,,
1567224602136281089,https://x.com/i/web/status/1567224602136281089,Jair M. Bolsonaro,@jairbolsonaro,2022-09-06T18:53:57.000Z,"- Amanhã, dia 7, celebraremos os 200 anos de nossa independência e a nossa sagrada liberdade!

- Estarei, pela manhã, em Brasília e, na parte da tarde, no Rio de Janeiro.

- Peço que todos compareçam, para fazermos uma grande festa e expressarmos o nosso amor pelo Brasil!",nao,817 Replies. Reply,5482 reposts. Repost,28162 Likes. Like,,
1567224600043393025,https://x.com/i/web/status/1567224600043393025,Jair M. Bolsonaro,@jairbolsonaro,2022-09-06T18:53:56.000Z,"- A quem estiver em Brasília hoje, terça, comunico que ocorrerá, a partir de 23h, na Torre de TV, o início das festividades do 7 de Setembro.

- Por volta de 0h, um espetáculo de fogos de artifício com as cores do Brasil iluminará o céu da cidade.

- Todos podem comparecer!",nao,2082 Replies. Reply,9785 reposts. Repost,52465 Likes. Like,,
1567124549224783872,https://x.com/i/web/status/1567124549224783872,Jair M. Bolsonaro,@jairbolsonaro,2022-09-06T12:16:22.000Z,"- Patamares menores que o governo do PT, sem guerra que atualmente atinge a economia de todo o mundo e sem os reflexos do “fique em casa que a economia a gente vê depois”, causados por muitos governantes durante a pandemia.",nao,374 Replies. Reply,3303 reposts. Repost,20414 Likes. Like,,
1567124547345813506,https://x.com/i/web/status/1567124547345813506,Jair M. Bolsonaro,@jairbolsonaro,2022-09-06T12:16:22.000Z,"Pela 10ª semana seguida, o mercado reduziu a projeção de inflação, que agora está em 5,27%. Enquanto isso, o PIB cresce tendo o sétimo maior crescimento do mundo no segundo trimestre e o desemprego cai a menos de dois dígitos (9,1%).",nao,2115 Replies. Reply,9075 reposts. Repost,46935 Likes. Like,,
1566951106785284096,https://x.com/i/web/status/1566951106785284096,Jair M. Bolsonaro,@jairbolsonaro,2022-09-06T00:47:11.000Z,"- Uma ação autoritária nunca é assim chamada por seu autor. Pelo contrário, ela aparenta combater supostas ameaças para que seja legitimada. Assim, abusos podem ser cometidos sob o pretexto de enfrentar abusos. Esse é o mal das aparências, elas favorecem os verdadeiros tiranos.",nao,1003 Replies. Reply,6582 reposts. Repost,34716 Likes. Like,,
1566951105124245510,https://x.com/i/web/status/1566951105124245510,Jair M. Bolsonaro,@jairbolsonaro,2022-09-06T00:47:10.000Z,"- O pior dos discursos jamais será mais grave do que a menor das violações de direitos, mesmo fantasiada de justiça. Na história, perseguições sempre foram fundamentadas desta forma e promovidas gradativamente. O final inevitável deste caminho autoritário é a completa tirania.",nao,310 Replies. Reply,5621 reposts. Repost,32432 Likes. Like,,
1566951103329091590,https://x.com/i/web/status/1566951103329091590,Jair M. Bolsonaro,@jairbolsonaro,2022-09-06T00:47:10.000Z,"- Durante meu governo estivemos sempre ao lado do povo. Nenhuma das medidas que atentaram e atentam contra a Constituição e a liberdade dos brasileiros foi tomada por nós. Pelo contrário, fomos escravos da verdadeira carta de nossa democracia. A realidade sobrepõe as aparências.",nao,253 Replies. Reply,4414 reposts. Repost,23409 Likes. Like,,
1566951101601124352,https://x.com/i/web/status/1566951101601124352,Jair M. Bolsonaro,@jairbolsonaro,2022-09-06T00:47:09.000Z,"- Sei que a forma que me expresso pode não agradar. Infelizmente é o meu jeito. Nasci e vou morrer assim. Mas a beleza da verdade está em si e não em sua aparência, por isso a verdade dura sempre será melhor do que a mentira afável. E, maior que nossas palavras, são nossas ações.",nao,963 Replies. Reply,7324 reposts. Repost,34624 Likes. Like,,
1566951099919204360,https://x.com/i/web/status/1566951099919204360,Jair M. Bolsonaro,@jairbolsonaro,2022-09-06T00:47:09.000Z,"- Na aparência, o mal pode ser facilmente confundido com o bem. A vantagem acaba sendo de quem finge mais. Eu poderia muito bem me adequar a isso e me tornar a voz do establishment, mas jamais trocaria a minha alma e a minha consciência pelo aplauso de meia dúzia de vagabundos.",nao,281 Replies. Reply,4794 reposts. Repost,26070 Likes. Like,,
1566951098086301696,https://x.com/i/web/status/1566951098086301696,Jair M. Bolsonaro,@jairbolsonaro,2022-09-06T00:47:08.000Z,"- Esse mundo afastou os brasileiros e seus valores das decisões políticas do país, permitiu florescer em nosso solo um dos maiores esquemas de corrupção do planeta e fez com que alcançássemos níveis de violência semelhantes a nações em guerra civil. Estes não são sintomas de paz!",nao,306 Replies. Reply,5164 reposts. Repost,26664 Likes. Like,,
1566951096366645248,https://x.com/i/web/status/1566951096366645248,Jair M. Bolsonaro,@jairbolsonaro,2022-09-06T00:47:08.000Z,"- For a long time, Brazil lived in a world of appearances, numbed by a false sense of peace and harmony propagated by the media, where politicians, with pleasant words, said what the people wanted to hear, while, in the dying embers, they conspired against that very same people.",nao,5434 Replies. Reply,15836 reposts. Repost,77708 Likes. Like,,
1566727888191225858,https://x.com/i/web/status/1566727888191225858,Jair M. Bolsonaro,@jairbolsonaro,2022-09-05T10:00:11.000Z,"- Em 2018, a barragem de Jati- CE não recebia nenhuma gota de água do São Francisco. Agora ela armazena 28 bilhões de litros alcançando os mais necessitados, além de impulsionar a economia regional com geração de empregos diretos e indiretos.",nao,331 Replies. Reply,3894 reposts. Repost,21003 Likes. Like,,
1566727883116134402,https://x.com/i/web/status/1566727883116134402,Jair M. Bolsonaro,@jairbolsonaro,2022-09-05T10:00:10.000Z,"- O Governo Federal foi responsável por corrigir erros do passado, concluir os Eixos principais da Transposição e retomar os ramais abandonados.",nao,1254 Replies. Reply,8118 reposts. Repost,35457 Likes. Like,,
1566576123319926786,https://x.com/i/web/status/1566576123319926786,Jair M. Bolsonaro,@jairbolsonaro,2022-09-04T23:57:08.000Z,"- Entre as 4.400 obras, 60 são unidades das Estações Cidadania, edificadas em regiões de vulnerabilidade social em municípios de 16 estados.",nao,143 Replies. Reply,2923 reposts. Repost,18609 Likes. Like,,
1566576120765595648,https://x.com/i/web/status/1566576120765595648,Jair M. Bolsonaro,@jairbolsonaro,2022-09-04T23:57:07.000Z,"- INFRAESTRUTURA ESPORTIVA
Brasil supera marca de 4,4 mil obras de infraestrutura esportiva concluídas.

- São ginásios, pistas de atletismo, campos de futebol, piscinas, academias ao ar livre, estádios, espaços poliesportivos, pistas de skate, quadras de tênis e campos.",nao,896 Replies. Reply,6164 reposts. Repost,33826 Likes. Like,,
1566547128922656769,https://x.com/i/web/status/1566547128922656769,Jair M. Bolsonaro,@jairbolsonaro,2022-09-04T22:01:55.000Z,"- Mais notícias deste domingo atualizadas em nosso Telegram. Seja bem-vindo! ! 
t.me/jairbolsonarob
…",nao,177 Replies. Reply,1520 reposts. Repost,8297 Likes. Like,,
1566390432271147008,https://x.com/i/web/status/1566390432271147008,Jair M. Bolsonaro,@jairbolsonaro,2022-09-04T11:39:15.000Z,"- Em setembro de 2021, o Governo Federal realizou o primeiro leilão de energia a partir dos resíduos sólidos, com investimentos de mais de R$ 500 milhões.

Mais informações 
agenciabrasil.ebc.com.br/geral/noticia/
…

 e 
meuresiduo.com/geral/governo-
…",nao,232 Replies. Reply,2518 reposts. Repost,13009 Likes. Like,,
1566390430693990400,https://x.com/i/web/status/1566390430693990400,Jair M. Bolsonaro,@jairbolsonaro,2022-09-04T11:39:15.000Z,"- Marco do Saneamento:  desativa 600 lixões em um ano.

- O encerramento de lixões vem sendo promovido pelo Programa Lixão Zero, lançado em 2019.

- Outro objetivo do Programa é o reaproveitamento e reciclagem. Entre as ações, estão investimentos em geração de energia.",nao,1460 Replies. Reply,8663 reposts. Repost,41247 Likes. Like,,
1566109662868652036,https://x.com/i/web/status/1566109662868652036,Jair M. Bolsonaro,@jairbolsonaro,2022-09-03T17:03:35.000Z,- Rio Grande do Sul (03/09/2022),nao,1253 Replies. Reply,6262 reposts. Repost,30433 Likes. Like,,
1566063853527523329,https://x.com/i/web/status/1566063853527523329,Jair M. Bolsonaro,@jairbolsonaro,2022-09-03T14:01:33.000Z,"- Itaipu Binacional gerando o que jamais trouxe ao Brasil: recorde de Investimentos concretos.

- A diferença de loteamento político para trabalho trazendo resultados.",nao,1046 Replies. Reply,7690 reposts. Repost,33594 Likes. Like,,
1566005949885726721,https://x.com/i/web/status/1566005949885726721,Jair M. Bolsonaro,@jairbolsonaro,2022-09-03T10:11:28.000Z,"- CEARÁ: os reflexos positivos da Transposição do Rio São Francisco chegam aos olhos de todos, assim como os avanços da Ferrovia Transnordestina.",nao,1828 Replies. Reply,9452 reposts. Repost,38207 Likes. Like,,
1565816496281886720,https://x.com/i/web/status/1565816496281886720,Jair M. Bolsonaro,@jairbolsonaro,2022-09-02T21:38:38.000Z,"- Por isso tivemos a Ministra Tereza Cristina na Agricultura, por isso temos a Presidente Daniella na Caixa, a Ministra Cristiane no MMFDH e tantas outras mulheres trabalhando pelo Brasil. Não porque são mulheres, mas porque se esforçaram e trabalharam duro pra chegar onde estão.",nao,500 Respostas. Resposta,4443 reposts. Repost,26611 Curtidas. Curtida,,
1565816493400625154,https://x.com/i/web/status/1565816493400625154,Jair M. Bolsonaro,@jairbolsonaro,2022-09-02T21:38:38.000Z,"- Sempre defendi que as pessoas devem ser valorizadas pelo seu caráter. É através de trabalho e valores, não de cor, sexo ou classe, que se conquista o respeito de todos. Princesa Isabel e Anita são mulheres, a diferença está no que elas decidiram fazer pela humanidade.",nao,515 Respostas. Resposta,4934 reposts. Repost,28975 Curtidas. Curtida,,
1565816491756462080,https://x.com/i/web/status/1565816491756462080,Jair M. Bolsonaro,@jairbolsonaro,2022-09-02T21:38:37.000Z,"- Assim como um jornalista tem direito de, dentro da lei, se expressar da maneira que lhe convém, seus alvos têm direito de responder da mesma forma. É simples: Quer provocar? Esteja pronto para ser provocado. Está num momento frágil e isso lhe afeta? Respeite e será respeitado.",nao,412 Respostas. Resposta,5186 reposts. Repost,29874 Curtidas. Curtida,,
1565816489705455623,https://x.com/i/web/status/1565816489705455623,Jair M. Bolsonaro,@jairbolsonaro,2022-09-02T21:38:37.000Z,"- Já fui entrevistado por diversos profissionais, homens e mulheres, muitos contrários aos meus valores, mas que, por exercerem o seu trabalho seriamente, sem insultos ou ofensas veladas, foram tratados com a mesma boa fé. ISSO é igualdade. Tratar com respeito quem nos respeita.",nao,295 Respostas. Resposta,4284 reposts. Repost,27074 Curtidas. Curtida,,
1565816488015151106,https://x.com/i/web/status/1565816488015151106,Jair M. Bolsonaro,@jairbolsonaro,2022-09-02T21:38:36.000Z,"- Igualdade é tratar a todos sem distinções, partindo do princípio de que ninguém é inferior ou superior a ponto de ser imune a críticas. Quando se usa da condição biológica como escudo para ser desrespeitoso e se blindar de resposta à altura, a igualdade dá lugar ao oportunismo.",nao,3035 Respostas. Resposta,11909 reposts. Repost,67787 Curtidas. Curtida,,
1565646554458898435,https://x.com/i/web/status/1565646554458898435,Jair M. Bolsonaro,@jairbolsonaro,2022-09-02T10:23:21.000Z,"- O Instituto do Patrimônio Histórico e Artístico Nacional (IPHAN) investiu R$ 25 milhões na restauração e reforma de 10 obras em vários estados.
- Para o ano de 2022, estão previstos investimentos de cerca de R$ 295 milhões para o restauro de 31 obras, apenas no IPHAN.",nao,202 Respostas. Resposta,2738 reposts. Repost,14677 Curtidas. Curtida,,
1565646552751816706,https://x.com/i/web/status/1565646552751816706,Jair M. Bolsonaro,@jairbolsonaro,2022-09-02T10:23:21.000Z,- 162 Pontões de Cultura receberam certificados para exercer suas atividades e 150 empreendedores foram capacitados no Mercado das Indústrias Criativas do Brasil (MICBR).,nao,149 Respostas. Resposta,2829 reposts. Repost,16661 Curtidas. Curtida,,
1565646551149690882,https://x.com/i/web/status/1565646551149690882,Jair M. Bolsonaro,@jairbolsonaro,2022-09-02T10:23:20.000Z,"- Investimento de R$ 7 bilhões de reais no setor cultural brasileiro entre 2020 e 2021.

- A Secretaria de Cultura aprovou, em 11 semanas, 4.203 Planos de Trabalho beneficiando artistas de 4.176 municípios.",nao,73 Respostas. Resposta,2312 reposts. Repost,11716 Curtidas. Curtida,,
1565646549706760193,https://x.com/i/web/status/1565646549706760193,Jair M. Bolsonaro,@jairbolsonaro,2022-09-02T10:23:20.000Z,"- CULTURA QUE NÃO TE CONTAM:

- Em junho de 2020, pela Lei Aldir Blanc, o Governo Federal liberou R$ 3 bilhões como renda emergencial para 2,7 milhões trabalhadores da cultura atingidos pelo fecha tudo irresponsável e pelo “fique em casa que a economia a gente vê depois”.",nao,1121 Respostas. Resposta,7890 reposts. Repost,37558 Curtidas. Curtida,,
1565517028206813186,https://x.com/i/web/status/1565517028206813186,Jair M. Bolsonaro,@jairbolsonaro,2022-09-02T01:48:40.000Z,- Tabajara Futebol Clube diz por que não quer Neymar em seu time.,nao,7223 Respostas. Resposta,13476 reposts. Repost,93042 Curtidas. Curtida,,
1565509466828800006,https://x.com/i/web/status/1565509466828800006,Jair M. Bolsonaro,@jairbolsonaro,2022-09-02T01:18:37.000Z,"- Somos a favor da vida desde a concepção. Somos contra a escravidão da droga. Defendemos a inocência das crianças nas salas de aula, que o filho do seu João e da dona Maria aprenda português, matemática, física, biologia, e não a ser um militante de esquerda. Boa noite a todos!",nao,2187 Respostas. Resposta,9339 reposts. Repost,41670 Curtidas. Curtida,,
1565499520615677953,https://x.com/i/web/status/1565499520615677953,Jair M. Bolsonaro,@jairbolsonaro,2022-09-02T00:39:05.000Z,"- Agora há pouco. Acompanhando a sabatina realizada hoje, na Rede TV. Parabéns Lacombe e Erica Reis pelo profissionalismo!",nao,2172 Respostas. Resposta,7258 reposts. Repost,53806 Curtidas. Curtida,,
1565471667589156864,https://x.com/i/web/status/1565471667589156864,Jair M. Bolsonaro,@jairbolsonaro,2022-09-01T22:48:25.000Z,"- Assista nossa sabatina na RedeTV: 
youtu.be/zcXcgROJSxk

- A partir das 20:00 (01/09/2022)

- PR Jair Bolsonaro",nao,796 Respostas. Resposta,3665 reposts. Repost,18848 Curtidas. Curtida,,
1565444821434728448,https://x.com/i/web/status/1565444821434728448,Jair M. Bolsonaro,@jairbolsonaro,2022-09-01T21:01:44.000Z,"- Brasil crescendo acima das expectativas e superando países do G7 (OCDE). Inflação menor que EUA e Alemanha (IPCA). Desemprego caindo (Caged). Investimentos em alta (Banco Central). Violência em queda (estados/DF). São fatos! Contra fatos não há argumentos. Que comece o ""mas""!",nao,3365 Respostas. Resposta,12710 reposts. Repost,63545 Curtidas. Curtida,,
1565410597331771396,https://x.com/i/web/status/1565410597331771396,Jair M. Bolsonaro,@jairbolsonaro,2022-09-01T18:45:44.000Z,"- Link para acompanhar pelo YouTube: 
redetv.uol.com.br/aovivo",nao,1140 Respostas. Resposta,4856 reposts. Repost,21556 Curtidas. Curtida,,
1565323037473374209,https://x.com/i/web/status/1565323037473374209,Jair M. Bolsonaro,@jairbolsonaro,2022-09-01T12:57:49.000Z,"- Nova redução de preços da gasolina!

- A partir de amanhã, 02/09, o preço médio de venda de gasolina da Petrobras para as distribuidoras passará de R$ 3,53 para R$ 3,28 por litro, uma redução de mais R$ 0,25 por litro.",nao,13586 Respostas. Resposta,21891 reposts. Repost,104161 Curtidas. Curtida,,
1565283512000954368,https://x.com/i/web/status/1565283512000954368,Jair M. Bolsonaro,@jairbolsonaro,2022-09-01T10:20:45.000Z,"- Os eventos podem ser feitos em âmbito regional, nacional e internacional, em todas as áreas do conhecimento.

- Estímulo ao desenvolvimento da ciência, tecnologia e inovações para formação de referência em setores que realmente dão retorno à sociedade.",nao,193 Respostas. Resposta,2344 reposts. Repost,12677 Curtidas. Curtida,,
1565283505654882306,https://x.com/i/web/status/1565283505654882306,,,,,,,,,,timeout_ou_tweet_indisponivel
1565095206000775168,https://x.com/i/web/status/1565095206000775168,,,,,,,,,,timeout_ou_tweet_indisponivel
1565023496178208770,https://x.com/i/web/status/1565023496178208770,,,,,,,,,,timeout_ou_tweet_indisponivel
1565018434596913152,https://x.com/i/web/status/1565018434596913152,,,,,,,,,,timeout_ou_tweet_indisponivel
1564923977230962691,https://x.com/i/web/status/1564923977230962691,,,,,,,,,,timeout_ou_tweet_indisponivel
1564923975637016577,https://x.com/i/web/status/1564923975637016577,Jair M. Bolsonaro,@jairbolsonaro,2022-08-31T10:32:05.000Z,"- Ultrapassamos os 400 mil títulos de propriedade emitidos em pouco mais de 3 anos de Governo (402.435 até hoje). 

- Os pequenos agricultores se libertam das amarras de grupos partidários, participando agora de políticas públicas de incentivo à produção e renda de suas famílias.",nao,1866 Replies. Reply,9198 reposts. Repost,45526 Likes. Like,,
1564808412604637192,https://x.com/i/web/status/1564808412604637192,Jair M. Bolsonaro,@jairbolsonaro,2022-08-31T02:52:52.000Z,- Outro a vocês todos! ! Obrigado pela consideração!,nao,86 Replies. Reply,203 reposts. Repost,2048 Likes. Like,,
1564807901495140352,https://x.com/i/web/status/1564807901495140352,Jair M. Bolsonaro,@jairbolsonaro,2022-08-31T02:50:51.000Z,"Um forte abraço, Amin! .",nao,161 Replies. Reply,956 reposts. Repost,21308 Likes. Like,,
1564803141706698755,https://x.com/i/web/status/1564803141706698755,Jair M. Bolsonaro,@jairbolsonaro,2022-08-31T02:31:56.000Z,"- 7 de setembro será lindo!
- É o dia de todos os brasileiros!
- É o dia de relembrar nossa independência e renovar nossa luta pela liberdade!",nao,6393 Replies. Reply,18054 reposts. Repost,116967 Likes. Like,,
1564750806716383232,https://x.com/i/web/status/1564750806716383232,Jair M. Bolsonaro,@jairbolsonaro,2022-08-30T23:03:58.000Z,"- Está claro quem sempre usou da mentira para manipular a população. Não apenas sobre mim, mas sobre eles mesmos. Hoje falam que o maior esquema de corrupção da nossa história, criado por eles, aconteceu porque são republicanos. Mentira! Aconteceu porque são corruptos. Nada mais.",nao,563 Replies. Reply,5842 reposts. Repost,32182 Likes. Like,,
1564750804812275714,https://x.com/i/web/status/1564750804812275714,Jair M. Bolsonaro,@jairbolsonaro,2022-08-30T23:03:58.000Z,- Diziam que viraríamos as costas para nossos irmãos do nordeste. Hoje a água chega nos lugares mais remotos graças à conclusão da Transposição do São Francisco. Diziam ainda que seríamos contra as mulheres. Endurecemos leis de combate à violência e melhoramos canais de denúncia.,nao,335 Replies. Reply,5215 reposts. Repost,30322 Likes. Like,,
1564750802916352000,https://x.com/i/web/status/1564750802916352000,Jair M. Bolsonaro,@jairbolsonaro,2022-08-30T23:03:57.000Z,"- Diziam que os professores seriam desvalorizados. Nós promovemos o maior aumento da história para profissionais do ensino básico. Diziam que o desemprego aumentaria. Caiu para um dígito pela primeira vez desde a recessão causada pelo PT em 2015, a maior de nossa história.",nao,233 Replies. Reply,4237 reposts. Repost,19943 Likes. Like,,
1564750800705961984,https://x.com/i/web/status/1564750800705961984,Jair M. Bolsonaro,@jairbolsonaro,2022-08-30T23:03:57.000Z,"- Em 2018, o PT dizia que a violência aumentaria em meu governo. Hoje temos o menor nível de homicídios de toda a série histórica. Disseram que abandonaríamos os mais pobres. Hoje pagamos no mínimo 3x mais que a média do bolsa família e incluímos mais 6 milhões de pessoas.",nao,3253 Replies. Reply,12721 reposts. Repost,68414 Likes. Like,,
1564617022218113040,https://x.com/i/web/status/1564617022218113040,Jair M. Bolsonaro,@jairbolsonaro,2022-08-30T14:12:21.000Z,"- Como conclusões de obras abandonadas há décadas, também temos o compromisso de garantir a trafegabilidade dessa importante rodovia para a região Norte, que liga o estado ao restante da malha do país.",nao,386 Replies. Reply,3653 reposts. Repost,21549 Likes. Like,,
1564617017222643726,https://x.com/i/web/status/1564617017222643726,Jair M. Bolsonaro,@jairbolsonaro,2022-08-30T14:12:20.000Z,"- Amazonas: As obras de manutenção avançam na BR-319/AM. As equipes realizam os serviços de regularização da plataforma existente, execução de revestimento primário e de colchão drenante.",nao,1182 Replies. Reply,6436 reposts. Repost,32521 Likes. Like,,
1564565250661310466,https://x.com/i/web/status/1564565250661310466,Jair M. Bolsonaro,@jairbolsonaro,2022-08-30T10:46:38.000Z,- Obrigado pelo apoio! Carrão. ,nao,13 Replies. Reply,47 reposts. Repost,974 Likes. Like,,
1564554418611257345,https://x.com/i/web/status/1564554418611257345,Jair M. Bolsonaro,@jairbolsonaro,2022-08-30T10:03:36.000Z,"- Os recordes não param de ser batidos: a Polícia Rodoviária Federal apreendeu 250 kg de cocaína em Piraju (SP). 

- Apenas nessa, R$ 44 milhões de perda para o crime organizado.
 
- Mais um golpe ao crime organizado, vida salvas e famílias preservadas.",nao,2990 Replies. Reply,8483 reposts. Repost,51519 Likes. Like,,
1564385117434482688,https://x.com/i/web/status/1564385117434482688,Jair M. Bolsonaro,@jairbolsonaro,2022-08-29T22:50:51.000Z,"- Encontro com famílias de Homeschooling.
- Alvorada (29/08/22).",nao,1517 Replies. Reply,7640 reposts. Repost,43013 Likes. Like,,
1564314982233395202,https://x.com/i/web/status/1564314982233395202,Jair M. Bolsonaro,@jairbolsonaro,2022-08-29T18:12:09.000Z,"- Fui talvez o único líder que teve coragem de ser contra o fecha tudo irresponsável, de combater vírus e desemprego simultaneamente, de alertar para os riscos de depressão e suicídio pelo isolamento, enquanto covardes tomavam medidas irracionais para ganhar elogios da imprensa.",nao,3820 Replies. Reply,13836 reposts. Repost,62952 Likes. Like,,
1564291368830353412,https://x.com/i/web/status/1564291368830353412,Jair M. Bolsonaro,@jairbolsonaro,2022-08-29T16:38:20.000Z,- Agradeço aos organizadores das motociatas gamer. .,nao,2151 Replies. Reply,8727 reposts. Repost,107141 Likes. Like,,
1564187382802522112,https://x.com/i/web/status/1564187382802522112,Jair M. Bolsonaro,@jairbolsonaro,2022-08-29T09:45:07.000Z,"-Cada família receberá uma moradia digna, próxima ao centro de triagem e econegócio, para onde todo o lixo da coleta seletiva do município será enviado. Lá, num ambiente digno, já trabalham produzindo produtos, a exemplo de vassouras com cerdas de garrafa PET, para comercializar!",nao,262 Replies. Reply,3321 reposts. Repost,20239 Likes. Like,,
1564187381317640194,https://x.com/i/web/status/1564187381317640194,Jair M. Bolsonaro,@jairbolsonaro,2022-08-29T09:45:07.000Z,"- Era um lixão do tamanho de 8 campos de futebol no meio da Mata Atlântica.

- As 25 famílias de catadores trabalharão agora com reciclagem e a mata será revitalizada.",nao,192 Replies. Reply,3719 reposts. Repost,22899 Likes. Like,,
1564187379807707136,https://x.com/i/web/status/1564187379807707136,Jair M. Bolsonaro,@jairbolsonaro,2022-08-29T09:45:07.000Z,"- A desativação do lixão objetiva o fechamento de mais de 3 mil locais de disposição final inadequada de resíduos sólidos no País.

- Nova estrutura beneficiará moradores e catadores, que receberão treinamentos sobre gestão administrativa, operacional e comercial dos resíduos.",nao,68 Replies. Reply,2013 reposts. Repost,11675 Likes. Like,,
1564187376779395073,https://x.com/i/web/status/1564187376779395073,Jair M. Bolsonaro,@jairbolsonaro,2022-08-29T09:45:06.000Z,"-,NOVO MARCO LEGAL DO SANEAMENTO:

- Após mais de 30 anos em meio à Mata Atlântica o lixão de Itacaré (BA) é desativado e substituído por Estação de Transbordo e Centro de Triagem e Econegócios.",nao,904 Replies. Reply,6533 reposts. Repost,32330 Likes. Like,,
1564102938838065153,https://x.com/i/web/status/1564102938838065153,Jair M. Bolsonaro,@jairbolsonaro,2022-08-29T04:09:34.000Z,- O diabo é o pai da mentira. O ladrão é o embaixador na terra.,nao,2725 Replies. Reply,18415 reposts. Repost,80960 Likes. Like,,
1564096774133923840,https://x.com/i/web/status/1564096774133923840,Jair M. Bolsonaro,@jairbolsonaro,2022-08-29T03:45:05.000Z,"- Como foi possível implementar uma política de redução de impostos, fazer as estatais que antes davam prejuízos darem lucros, reduzir o desemprego, aumentar a arrecadação e fazer o país crescer mesmo em meio a uma guerra e uma pandemia? Entre tantos outros motivos: NÃO ROUBANDO!",nao,1381 Replies. Reply,11426 reposts. Repost,47524 Likes. Like,,
1564092800785858560,https://x.com/i/web/status/1564092800785858560,Jair M. Bolsonaro,@jairbolsonaro,2022-08-29T03:29:17.000Z,"- Havia uma falsa harmonia na política. Bastou um Presidente independente formar uma equipe técnica, sem indicações políticas, para começarem a atacar o poder executivo. De nossa parte não há interesse no confronto. O que queremos é servir ao povo e não mais a outros interesses!",nao,1664 Replies. Reply,9926 reposts. Repost,47175 Likes. Like,,
1564089188051460099,https://x.com/i/web/status/1564089188051460099,Jair M. Bolsonaro,@jairbolsonaro,2022-08-29T03:14:56.000Z,- Boa montagem! .,nao,124 Replies. Reply,560 reposts. Repost,12085 Likes. Like,,
1564086133335678979,https://x.com/i/web/status/1564086133335678979,Jair M. Bolsonaro,@jairbolsonaro,2022-08-29T03:02:48.000Z,- Obrigado a todos pela audiência! Palavras polidas confortam. Falsas promessas iludem. Mas só a verdade edifica! O Brasil é nosso! ,nao,13889 Replies. Reply,23590 reposts. Repost,177159 Likes. Like,,
1564025407468437511,https://x.com/i/web/status/1564025407468437511,Jair M. Bolsonaro,@jairbolsonaro,2022-08-28T23:01:29.000Z,"- Daqui a pouco, às 21h, estaremos ao vivo na Band. Até lá! .",nao,5130 Replies. Reply,7914 reposts. Repost,86522 Likes. Like,,
1563950347864969221,https://x.com/i/web/status/1563950347864969221,Jair M. Bolsonaro,@jairbolsonaro,2022-08-28T18:03:14.000Z,"- Empresas: passa de 1% para 2% o limite dedutível de doação ou patrocínio para projetos esportivos e paradesportivos. Também insere projetos de inclusão social via esporte no limite coletivo de 4%, hoje compartilhado só entre projetos culturais e obras audiovisuais.",nao,159 Replies. Reply,2297 reposts. Repost,14565 Likes. Like,,
1563950335084879873,https://x.com/i/web/status/1563950335084879873,Jair M. Bolsonaro,@jairbolsonaro,2022-08-28T18:03:11.000Z,"- No caso de pessoa física, o projeto passa de 6% para 7% o limite dedutível a título de doação ou patrocínio para projetos esportivos e paradesportivos, junto das contribuições para os fundos de criança e idosos, para projetos culturais e os investimentos em obras audiovisuais.",nao,162 Replies. Reply,2592 reposts. Repost,17469 Likes. Like,,
1563950332853510153,https://x.com/i/web/status/1563950332853510153,Jair M. Bolsonaro,@jairbolsonaro,2022-08-28T18:03:10.000Z,- Publicada a Lei 14.439/22 aumentando os limites para dedução dos valores destinados a projetos desportivos e paradesportivos do imposto de renda e para aumentar a relação de proponentes dos projetos projetos.,nao,95 Replies. Reply,2422 reposts. Repost,15079 Likes. Like,,
1563950329716248581,https://x.com/i/web/status/1563950329716248581,Jair M. Bolsonaro,@jairbolsonaro,2022-08-28T18:03:10.000Z,"- Fato novo: após construção de Centros da Cidadania para prática de esportes em todos com estados com instrutores capacitados, extensão do bolsa atleta para estudantes e redução de mais impostos envolvendo gêneros para capacitação atlética e alimentar.",nao,1257 Replies. Reply,6446 reposts. Repost,40544 Likes. Like,,
1563830358222802945,https://x.com/i/web/status/1563830358222802945,Jair M. Bolsonaro,@jairbolsonaro,2022-08-28T10:06:26.000Z,"- Nesta última semana, em Pouso Alto (MG), centenas de pássaros silvestres foram encontrados em veículo que ia para o RJ. 

- Após o encerramento da ocorrência e da devida identificação técnica dos pássaros pela Polícia Militar Ambiental de Itamonte (MG), as aves foram soltas.",nao,958 Replies. Reply,5085 reposts. Repost,28073 Likes. Like,,
1563569840476291072,https://x.com/i/web/status/1563569840476291072,Jair M. Bolsonaro,@jairbolsonaro,2022-08-27T16:51:14.000Z,"- Parem de cair no papo de ""PT roubou"". O que o PT fez foi praticar corrupção.",nao,2950 Replies. Reply,10589 reposts. Repost,53787 Likes. Like,,
1563549870769614852,https://x.com/i/web/status/1563549870769614852,Jair M. Bolsonaro,@jairbolsonaro,2022-08-27T15:31:53.000Z,"- Petrobrás anunciou ontem a redução de 10,4% do preço do querosene de aviação, a segunda para agosto. A medida deve aliviar não somente o preço de passagens como de outros itens que são transportados pelo modal aéreo, como medicamentos e alimentos.",nao,1673 Replies. Reply,8102 reposts. Repost,47715 Likes. Like,,
1563546420485189632,https://x.com/i/web/status/1563546420485189632,Jair M. Bolsonaro,@jairbolsonaro,2022-08-27T15:18:10.000Z,"- Vitória da Conquista/BA .
- 27/agosto.
- PR Jair Bolsonaro.",nao,366 Replies. Reply,3810 reposts. Repost,18967 Likes. Like,,
1563538787237388289,https://x.com/i/web/status/1563538787237388289,Jair M. Bolsonaro,@jairbolsonaro,2022-08-27T14:47:50.000Z,- VITÓRIA DA CONQUISTA/BA (27/08/2022).,nao,1265 Replies. Reply,7474 reposts. Repost,33971 Likes. Like,,
1563469322701266945,https://x.com/i/web/status/1563469322701266945,Jair M. Bolsonaro,@jairbolsonaro,2022-08-27T10:11:49.000Z,- Os resultados vão surgindo aos montes para o pequeno agricultor Nordestino com a transposição do Rio São Francisco. Assista:,nao,1340 Replies. Reply,9190 reposts. Repost,36694 Likes. Like,,
1563367721416683527,https://x.com/i/web/status/1563367721416683527,Jair M. Bolsonaro,@jairbolsonaro,2022-08-27T03:28:05.000Z,"- Festa do Peão de Boiadeiro, 26/08/2022. 

- MUITO OBRIGADO BARRETOS! ",nao,2722 Replies. Reply,11806 reposts. Repost,63903 Likes. Like,,
1563328742423793665,https://x.com/i/web/status/1563328742423793665,Jair M. Bolsonaro,@jairbolsonaro,2022-08-27T00:53:12.000Z,"- Existem aqueles que vivem de aparências e aqueles que são imperfeitos, mas que buscam fazer o que é certo e justo. Palavras bonitas agradam. Palavras sinceras edificam. Boa noite a todos! ",nao,1750 Replies. Reply,10370 reposts. Repost,46615 Likes. Like,,
1563304345768054785,https://x.com/i/web/status/1563304345768054785,Jair M. Bolsonaro,@jairbolsonaro,2022-08-26T23:16:15.000Z,- Obrigado também aos que acompanharam nossa ida à Academia Ironberg em São Caetano do Sul. Oportunidade de aprendizado sobre o mundo gigantesco do fisiculturismo e a importância do esporte para a vida e saúde das pessoas. Parabéns Dr. Muzy e Renato Cariani pelo grande trabalho!,nao,835 Replies. Reply,7760 reposts. Repost,55394 Likes. Like,,
1563303611945615360,https://x.com/i/web/status/1563303611945615360,Jair M. Bolsonaro,@jairbolsonaro,2022-08-26T23:13:20.000Z,"- Mais um recorde de audiência, dessa vez no Programa Pânico. Foram quase 3 horas de entrevista, abordando os mais variados temas. Obrigado a todos pelo apoio e consideração!",nao,3861 Replies. Reply,13007 reposts. Repost,93951 Likes. Like,,
1563289161825947648,https://x.com/i/web/status/1563289161825947648,Jair M. Bolsonaro,@jairbolsonaro,2022-08-26T22:15:55.000Z,"- São Caetano/SP.
- 26/agosto.
- PR Jair Bolsonaro.
- Saída da Academia.",nao,359 Replies. Reply,3568 reposts. Repost,18861 Likes. Like,,
1563288998373916672,https://x.com/i/web/status/1563288998373916672,Jair M. Bolsonaro,@jairbolsonaro,2022-08-26T22:15:16.000Z,"- São Caetano/SP.
- 26/agosto.
- PR Jair Bolsonaro.
- Saída da Academia.",nao,218 Replies. Reply,2946 reposts. Repost,15099 Likes. Like,,
1563288758715224064,https://x.com/i/web/status/1563288758715224064,Jair M. Bolsonaro,@jairbolsonaro,2022-08-26T22:14:19.000Z,"- Academia IronBerg / São Caetano do Sul (SP) 26/08/2022
- Chegada!",nao,697 Replies. Reply,6279 reposts. Repost,31567 Likes. Like,,
1563250908573896705,https://x.com/i/web/status/1563250908573896705,Jair M. Bolsonaro,@jairbolsonaro,2022-08-26T19:43:55.000Z,- Agora: IronBerg Podcast com marombeiros Dr Paulo Muzy e Renato Cariani. Acompanhe ao vivo:,nao,740 Replies. Reply,5097 reposts. Repost,29531 Likes. Like,,
1563238531937751048,https://x.com/i/web/status/1563238531937751048,Jair M. Bolsonaro,@jairbolsonaro,2022-08-26T18:54:44.000Z,"- Como nós, muitos querem um futuro verde e amarelo, que não representa esse ou aquele candidato, mas a nossa identidade como BRASILEIROS acima de quaisquer diferenças e a liberdade de nossa nação. Outros desejam o vermelho, com divisão, violência, corrupção e autoritarismo.",nao,3586 Replies. Reply,10643 reposts. Repost,57375 Likes. Like,,
1563178244873936897,https://x.com/i/web/status/1563178244873936897,Jair M. Bolsonaro,@jairbolsonaro,2022-08-26T14:55:10.000Z,"- Daqui a pouco, às 12h, estarei ao vivo no estúdio do Programa Pânico, da Jovem Pan. 
- Mais tarde, por volta das 16h, participarei do podcast Ironberg, com Renato Cariani e Paulo Muzy. 
- Se possível, peço que nos acompanhe.",nao,2239 Replies. Reply,5811 reposts. Repost,41381 Likes. Like,,
1563163856939405315,https://x.com/i/web/status/1563163856939405315,Jair M. Bolsonaro,@jairbolsonaro,2022-08-26T13:58:00.000Z,"- Talvez se tivéssemos dado o que queriam, as boas notícias não seriam acompanhadas por um ""mas"" e sobrariam aplausos ao meu governo. Mas escolhemos investir no Brasil e não em elogios. Por isso o desemprego cai, a economia cresce, a violência diminui, mas a gritaria continua.",nao,1202 Replies. Reply,7330 reposts. Repost,44352 Likes. Like,,
1563163854951284738,https://x.com/i/web/status/1563163854951284738,Jair M. Bolsonaro,@jairbolsonaro,2022-08-26T13:57:59.000Z,"- A garantia que a Globo e a imprensa de forma geral sempre terá comigo é de jamais defender o seu controle, como pretende o outro lado. Para quem ama e defende a liberdade, isso não tem preço. Mas hoje, infelizmente, muitos são capazes de entregá-la por algumas moedas de prata.",nao,517 Replies. Reply,6245 reposts. Repost,43466 Likes. Like,,
1563163852657033219,https://x.com/i/web/status/1563163852657033219,Jair M. Bolsonaro,@jairbolsonaro,2022-08-26T13:57:59.000Z,"- Apesar disso, sua liberdade foi preservada. Hoje a emissora pode até continuar promovendo perversidades como o aborto, as drogas, a ideologia de gênero, a inversão de valores e a destruição da família se assim desejar, só que não mais sustentada com rios de dinheiro público.",nao,645 Replies. Reply,5491 reposts. Repost,32602 Likes. Like,,
1563163850727251968,https://x.com/i/web/status/1563163850727251968,Jair M. Bolsonaro,@jairbolsonaro,2022-08-26T13:57:58.000Z,"- Ninguém deveria estar surpreso. Na verdade, compreendo perfeitamente a Globo tratar melhor aqueles que estão dispostos a pagar mais. Eles são a esperança de dias melhores para a emissora. Nada mais coerente do que pegar mais leve. Estranho seria comigo, que fechei a torneira.",nao,10223 Replies. Reply,22241 reposts. Repost,128036 Likes. Like,,
1563110697189654530,https://x.com/i/web/status/1563110697189654530,Jair M. Bolsonaro,@jairbolsonaro,2022-08-26T10:26:46.000Z,"- As obras da Transnordestina avançam e são uma prioridade para o Governo Federal.

- Atravessando 35 municípios em Pernambuco, 28 no Ceará e 18 no Piauí, a ferrovia conta com mais de 1.700 km de extensão. Vamos em frente, trabalhando para dinamizar a economia do Nordeste.",nao,1235 Respostas. Resposta,6866 reposts. Repost,30097 Curtidas. Curtida,,
1562921497232015360,https://x.com/i/web/status/1562921497232015360,Jair M. Bolsonaro,@jairbolsonaro,2022-08-25T21:54:57.000Z,"- Por conta de atraso em Cerimônia no STJ, na qual estamos presentes, a live de hoje será iniciada às 19:30h. Até lá! .",nao,1357 Respostas. Resposta,4797 reposts. Repost,43178 Curtidas. Curtida,,
1562876148475842562,https://x.com/i/web/status/1562876148475842562,Jair M. Bolsonaro,@jairbolsonaro,2022-08-25T18:54:45.000Z,"- A agressão à liberdade de expressão (art. 5°, IX, e art. 220, §§ 1º e 2º, da CF) é típica daqueles que se dizem ESTADISTAS, mas posam ao lado de DITADORES, defendendo governos como os da NICARÁGUA, CUBA e VENEZUELA.

- Deus, Pátria, Família e Liberdade.

- Pres. Jair Bolsonaro.",nao,1083 Respostas. Resposta,6789 reposts. Repost,35393 Curtidas. Curtida,,
1562876146349645824,https://x.com/i/web/status/1562876146349645824,Jair M. Bolsonaro,@jairbolsonaro,2022-08-25T18:54:44.000Z,"- Ofender, ameaçar e restringir o direito à liberdade, em suas várias vertentes, contraria a ÚNICA CARTA À DEMOCRACIA, a nossa Constituição de 1988.",nao,448 Respostas. Resposta,5969 reposts. Repost,34651 Curtidas. Curtida,,
1562876143182954496,https://x.com/i/web/status/1562876143182954496,Jair M. Bolsonaro,@jairbolsonaro,2022-08-25T18:54:44.000Z,"- Respeitar a democracia é muito diferente de assinar uma “cartinha”. Honrar a Constituição, em especial direitos e garantias fundamentais, é o que diferencia DEMOCRATAS de DEMAGOGOS.",nao,3433 Respostas. Resposta,12152 reposts. Repost,69723 Curtidas. Curtida,,
1562806552658325505,https://x.com/i/web/status/1562806552658325505,Jair M. Bolsonaro,@jairbolsonaro,2022-08-25T14:18:12.000Z,"- Nenhum desses que nos atacam possui autoridade para fazê-lo. Se queriam uma linda floresta para chamar de sua, que tivessem preservado as de seu próprio país. A Amazônia é e sempre será dos brasileiros. Nossa soberania está acima de tudo e com a vida nós sempre a protegeremos!",nao,297 Respostas. Resposta,4229 reposts. Repost,22788 Curtidas. Curtida,,
1562806550300790784,https://x.com/i/web/status/1562806550300790784,Jair M. Bolsonaro,@jairbolsonaro,2022-08-25T14:18:11.000Z,"-Deveria ser mais urgente fazer o que podem para salvar o pouco que resta do que já destruíram ao invés de falar de um país que tem +60% de sua vegetação nativa e +80% de seu bioma preservados, além da matriz energética mais limpa do G20. Estamos e seguiremos fazendo nossa parte.",nao,168 Respostas. Resposta,3767 reposts. Repost,22523 Curtidas. Curtida,,
1562806547964919808,https://x.com/i/web/status/1562806547964919808,Jair M. Bolsonaro,@jairbolsonaro,2022-08-25T14:18:11.000Z,"- Ingenuidade crer que países que destruíram praticamente toda sua área verde atacam o Brasil, que é referência em energia limpa e preservação, porque se preocupam com meio ambiente. O silêncio sobre problemas em seus próprios quintais mostra que o interesse é em nossos recursos.",nao,1449 Respostas. Resposta,9027 reposts. Repost,48869 Curtidas. Curtida,,
1562747433524002816,https://x.com/i/web/status/1562747433524002816,Jair M. Bolsonaro,@jairbolsonaro,2022-08-25T10:23:17.000Z,"- TRANSPOSIÇÃO DO RIO SÃO FRANCISCO: Ceará, Piauí, Alagoas, Rio Grande do Norte, Pernambuco, Paraíba…",nao,1842 Respostas. Resposta,8788 reposts. Repost,35220 Curtidas. Curtida,,
1562628800172916736,https://x.com/i/web/status/1562628800172916736,Jair M. Bolsonaro,@jairbolsonaro,2022-08-25T02:31:52.000Z,"- Por incrível que pareça, existem pessoas que acham mais constrangedor palavras descontextualizadas do que apoiar um sujeito que estava preso por promover o maior esquema de corrupção de nossa história e que, junto com sua indicada, quebrou o  sem pandemia e sem guerra.",nao,2002 Respostas. Resposta,10188 reposts. Repost,49115 Curtidas. Curtida,,
1562603863127265281,https://x.com/i/web/status/1562603863127265281,Jair M. Bolsonaro,@jairbolsonaro,2022-08-25T00:52:47.000Z,"- Milhares de motos hoje em BH.
- Obrigado Minas Gerais.
- Também sou mineiro, uai!
- PR Jair Bolsonaro.

. Nosso TikTok: 
tiktok.com/@bolsonaromess
…

. Nosso Kwai: 
s.kw.ai/u/U5ZVCoLf",nao,320 Respostas. Resposta,2673 reposts. Repost,13239 Curtidas. Curtida,,
1562569005889888259,https://x.com/i/web/status/1562569005889888259,Jair M. Bolsonaro,@jairbolsonaro,2022-08-24T22:34:16.000Z,"- O Brasil do presente deixou de servir a esses regimes ultrapassados. Hoje servimos ao nosso povo! O dinheiro público, que na verdade é dos brasileiros, quando não devolvido através de reduções de impostos, é usado para desenvolver o nosso país e não mais sustentar ditaduras.",nao,544 Respostas. Resposta,5349 reposts. Repost,28221 Curtidas. Curtida,,
1562569003133857793,https://x.com/i/web/status/1562569003133857793,Jair M. Bolsonaro,@jairbolsonaro,2022-08-24T22:34:16.000Z,"- Sob comando do PT, o Brasil atuava como mina de ouro da esquerda na América Latina, servindo a aliados aversos à democracia e deixando em segundo plano os interesses de nossa nação. Enquanto bancavam obras em Cuba e na Venezuela, por exemplo, abandonavam as do próprio país.",nao,2135 Respostas. Resposta,10752 reposts. Repost,55082 Curtidas. Curtida,,
1562558433617817600,https://x.com/i/web/status/1562558433617817600,Jair M. Bolsonaro,@jairbolsonaro,2022-08-24T21:52:16.000Z,"- Belo Horizonte/MG.
- 24/agosto/2022.",nao,466 Respostas. Resposta,4046 reposts. Repost,21343 Curtidas. Curtida,,
1562553739377983489,https://x.com/i/web/status/1562553739377983489,Jair M. Bolsonaro,@jairbolsonaro,2022-08-24T21:33:36.000Z,- Belo Horizonte / Minas Gerais (24/08/2022),nao,2113 Respostas. Resposta,10369 reposts. Repost,49957 Curtidas. Curtida,,
1562375324633104384,https://x.com/i/web/status/1562375324633104384,Jair M. Bolsonaro,@jairbolsonaro,2022-08-24T09:44:39.000Z,"Empreendimentos contam com infraestrutura completa, drenagem, esgoto, água, pavimentação, energia elétrica, iluminação pública e transporte público.",nao,206 Respostas. Resposta,2960 reposts. Repost,19124 Curtidas. Curtida,,
1562375322997346304,https://x.com/i/web/status/1562375322997346304,Jair M. Bolsonaro,@jairbolsonaro,2022-08-24T09:44:39.000Z,"- Em mais uma rodada, Famílias de baixa renda de Macapá (AP) e João Pessoa (PB) recebem casa própria.

- Mais de 1 milhão de moradias foram entregues desde 2019 em todo o Brasil, priorizando as obras abandonadas como respeito aos recursos do contribuinte.",nao,1382 Respostas. Resposta,7261 reposts. Repost,38469 Curtidas. Curtida,,
1562060048301531137,https://x.com/i/web/status/1562060048301531137,Jair M. Bolsonaro,@jairbolsonaro,2022-08-23T12:51:51.000Z,"- O Sistema de Abastecimento conta com barragem, estações elevatórias de água, estação de tratamento, 45,6 km de adutora, 2 reservatórios, 1,7 km de rede de distribuição e 11,6 mil ligações prediais. Praticamente 10% da população do estado será beneficiada.",nao,297 Respostas. Resposta,3222 reposts. Repost,18507 Curtidas. Curtida,,
1562060040722423808,https://x.com/i/web/status/1562060040722423808,Jair M. Bolsonaro,@jairbolsonaro,2022-08-23T12:51:50.000Z,"- O investimento federal no sistema de abastecimento de água é de mais de R$ 83,5 milhões. Obras como essa promovem a saúde pública, evitam doenças e reduzem a mortalidade infantil. O abastecimento de água também é essencial para o desenvolvimento econômico e social.",nao,223 Respostas. Resposta,3482 reposts. Repost,21133 Curtidas. Curtida,,
1562060039212384256,https://x.com/i/web/status/1562060039212384256,Jair M. Bolsonaro,@jairbolsonaro,2022-08-23T12:51:49.000Z,"- SERGIPE: o Governo Federal inaugurou ontem o Sistema Integrado de Abastecimento de Água da Adutora do Piauitinga, em Lagarto-SE. Mais de 121 mil pessoas de Lagarto, Simão Dias, Pedrinhas e Riachão dos Dantas terão água nas torneiras de casa.",nao,1140 Respostas. Resposta,6765 reposts. Repost,39387 Curtidas. Curtida,,
1561921419147186177,https://x.com/i/web/status/1561921419147186177,Jair M. Bolsonaro,@jairbolsonaro,2022-08-23T03:41:00.000Z,- Bastidores Rede Globo. Boa noite a todos! ,nao,4478 Respostas. Resposta,9854 reposts. Repost,94920 Curtidas. Curtida,,
1561899187947577347,https://x.com/i/web/status/1561899187947577347,Jair M. Bolsonaro,@jairbolsonaro,2022-08-23T02:12:39.000Z,"- Sempre defendi que os médicos tivessem autonomia para tratar seus pacientes, bem como que as pessoas procurassem um profissional de forma precoce, assim como é recomendado ao sentir qualquer sintoma de qualquer doença, quando as chances de recuperação são maiores.",nao,1068 Respostas. Resposta,7926 reposts. Repost,49983 Curtidas. Curtida,,
1561899185175232516,https://x.com/i/web/status/1561899185175232516,Jair M. Bolsonaro,@jairbolsonaro,2022-08-23T02:12:39.000Z,"- Na ocasião em que Renata diz que sumilei falta de ar por deboche, eu estava DENUNCIANDO o ""Protocolo Mandetta"", que só recomendava ir ao hospital após sentir falta de ar. Foi justamente o contrário: EU DEFENDI ESSAS PESSOAS. Quem mandou ficar em casa é que desprezou suas vidas!",nao,6084 Respostas. Resposta,19359 reposts. Repost,88895 Curtidas. Curtida,,
1561886323870400515,https://x.com/i/web/status/1561886323870400515,Jair M. Bolsonaro,@jairbolsonaro,2022-08-23T01:21:32.000Z,"- Foi uma enorme satisfação participar do pronunciamento de William Bonner Kkkkk. Na medida do possível, com muita humildade, pudemos esclarecer e levar algumas informações que raramente são noticiadas em sua emissora. Pela paciência e audiência, o meu muito obrigado a todos!",nao,13566 Respostas. Resposta,26804 reposts. Repost,194225 Curtidas. Curtida,,
1561885419154849792,https://x.com/i/web/status/1561885419154849792,Jair M. Bolsonaro,@jairbolsonaro,2022-08-23T01:17:57.000Z,"- Batata frita em Marechal Hermes.
- Rio/RJ, 22/agosto, 22 hs.",nao,1661 Respostas. Resposta,9263 reposts. Repost,54044 Curtidas. Curtida,,
1561881826792275969,https://x.com/i/web/status/1561881826792275969,Jair M. Bolsonaro,@jairbolsonaro,2022-08-23T01:03:40.000Z,"- Se possível, pesquisem sobre os temas.",nao,2187 Replies. Reply,8395 reposts. Repost,78332 Likes. Like,,
1561881042377756673,https://x.com/i/web/status/1561881042377756673,Jair M. Bolsonaro,@jairbolsonaro,2022-08-23T01:00:33.000Z,"- Obrigado, 
@Anitta
!",nao,7760 Replies. Reply,18670 reposts. Repost,131538 Likes. Like,,
1561845118616879104,https://x.com/i/web/status/1561845118616879104,Jair M. Bolsonaro,@jairbolsonaro,2022-08-22T22:37:48.000Z,"- Daqui a pouco, às 20:30, estarei ao vivo no Jornal Nacional. Nos vemos lá! .",nao,7285 Replies. Reply,7433 reposts. Repost,76853 Likes. Like,,
1561812306039824384,https://x.com/i/web/status/1561812306039824384,Jair M. Bolsonaro,@jairbolsonaro,2022-08-22T20:27:25.000Z,"- Se a mídia divulgasse amplamente as reduções de impostos que promovemos desde 2019 ao invés de omitir pra me prejudicar, talvez o autor da charge saberia que nós já reduzimos e zeramos os impostos sobre itens da cesta básica há meses. Ou ele sabe, mas prefere enganar inocentes.",nao,1318 Replies. Reply,7989 reposts. Repost,34713 Likes. Like,,
1561752255203786753,https://x.com/i/web/status/1561752255203786753,Jair M. Bolsonaro,@jairbolsonaro,2022-08-22T16:28:48.000Z,"- Nossa política de reduzir impostos continuará! Diferente de quem quer aumentar, já garantimos manter zerados os impostos federais sobre gasolina, diesel, álcool e gás de cozinha em 2023. Desde 2019, já foram reduzidos impostos de diversos itens, incluindo os da cesta básica.",nao,1100 Replies. Reply,5855 reposts. Repost,28152 Likes. Like,,
1561653718902243328,https://x.com/i/web/status/1561653718902243328,Jair M. Bolsonaro,@jairbolsonaro,2022-08-22T09:57:15.000Z,"- O valor das arrecadações é destinado à sociedade por meio de investimentos na Segurança Pública, equipamentos, capacitação e projetos de combate às drogas em todo o país.",nao,216 Replies. Reply,2946 reposts. Repost,20223 Likes. Like,,
1561653717270773760,https://x.com/i/web/status/1561653717270773760,Jair M. Bolsonaro,@jairbolsonaro,2022-08-22T09:57:14.000Z,"- Foram leiloados imóveis, veículos, e objetos como joias, relógios e até uma prensa hidráulica.

IMÓVEIS: + R$8,3 MILHÕES
VEÍCULOS: + R$3 MILHÕES
OBJETOS DIVERSOS: + R$56MIL",nao,162 Replies. Reply,2988 reposts. Repost,21323 Likes. Like,,
1561653715765022720,https://x.com/i/web/status/1561653715765022720,Jair M. Bolsonaro,@jairbolsonaro,2022-08-22T09:57:14.000Z,"- Graças a legislação de agilização de vendas de bens do tráfico criada neste Governo, em mais uma rodada, foi arrecadado somente no mês de julho, mais de R$12,8 milhões com os 32 leilões realizados pela Secretaria Nacional de Política Sobre Deogas (SENAD).",nao,1142 Replies. Reply,6413 reposts. Repost,38110 Likes. Like,,
1561333410169327617,https://x.com/i/web/status/1561333410169327617,Jair M. Bolsonaro,@jairbolsonaro,2022-08-21T12:44:27.000Z,"- Detalhes em nosso canal no Telegram: 
t.me/jairbolsonarob
…",nao,364 Replies. Reply,2402 reposts. Repost,14730 Likes. Like,,
1561333402707566598,https://x.com/i/web/status/1561333402707566598,Jair M. Bolsonaro,@jairbolsonaro,2022-08-21T12:44:26.000Z,"- O objetivo é ampliar a prática educativa do docente e promover o estudo articulado de competências específicas dos componentes curriculares, como Linguagens e Matemática.",nao,261 Replies. Reply,3106 reposts. Repost,21405 Likes. Like,,
1561333400979521541,https://x.com/i/web/status/1561333400979521541,Jair M. Bolsonaro,@jairbolsonaro,2022-08-21T12:44:25.000Z,"- Após o maior aumento de piso salarial de professores perante série histórica, disponibilizado curso de Formação para Professores do Ensino Fundamental na plataforma Avamec.",nao,1885 Replies. Reply,7105 reposts. Repost,42190 Likes. Like,,
1561143412623122437,https://x.com/i/web/status/1561143412623122437,Jair M. Bolsonaro,@jairbolsonaro,2022-08-21T00:09:28.000Z,"- Prestigiando, nesta noite de sábado, o show do grande Matheus Ceará em Brasília. Nem o Presidente da República foi poupado kkkkk. Faz parte. Valeu! .",nao,1337 Replies. Reply,5290 reposts. Repost,53441 Likes. Like,,
1561084701099626496,https://x.com/i/web/status/1561084701099626496,Jair M. Bolsonaro,@jairbolsonaro,2022-08-20T20:16:10.000Z,- Academia Militar das Agulhas Negras / AMAN (Resende / RJ) 20/08/2022.,nao,936 Replies. Reply,4709 reposts. Repost,23260 Likes. Like,,
1561009135646392320,https://x.com/i/web/status/1561009135646392320,Jair M. Bolsonaro,@jairbolsonaro,2022-08-20T15:15:54.000Z,"- Capitão 
@tarcisiogdf
 , um dos maiores Ministros da Infraestrutura que o Brasil já teve, destrói narrativas e mostra o que o Governo Federal fez por São Paulo.",nao,1249 Replies. Reply,6941 reposts. Repost,29760 Likes. Like,,
1560801455199625218,https://x.com/i/web/status/1560801455199625218,Jair M. Bolsonaro,@jairbolsonaro,2022-08-20T01:30:39.000Z,- Se eu pedir que as pessoas bebam água regularmente:,nao,3553 Replies. Reply,9823 reposts. Repost,68000 Likes. Like,,
1560715465105854466,https://x.com/i/web/status/1560715465105854466,Jair M. Bolsonaro,@jairbolsonaro,2022-08-19T19:48:58.000Z,- Nunca pedi pra ir em PodPal nenhum. Falei apenas com Flow. .,nao,5439 Replies. Reply,11271 reposts. Repost,97391 Likes. Like,,
1560705408389578752,https://x.com/i/web/status/1560705408389578752,Jair M. Bolsonaro,@jairbolsonaro,2022-08-19T19:09:00.000Z,- Não adianta. Se zerarmos os homicídios - que em nosso Governo já foram reduzidos ao menor índice em mais de uma década - parte da mídia reclamará do prejuízo causado à Associação dos Assassinos e Matadores de Aluguel.,nao,2597 Replies. Reply,8919 reposts. Repost,47520 Likes. Like,,
1560692913914642432,https://x.com/i/web/status/1560692913914642432,Jair M. Bolsonaro,@jairbolsonaro,2022-08-19T18:19:21.000Z,"- Atualizações desta sexta-feira realizadas no Telegram: 
t.me/jairbolsonarob
…",nao,228 Replies. Reply,1582 reposts. Repost,7761 Likes. Like,,
1560589176671715328,https://x.com/i/web/status/1560589176671715328,Jair M. Bolsonaro,@jairbolsonaro,2022-08-19T11:27:08.000Z,"- Carne bovina; carne de frango; farinha de trigo; café; margarina; óleo de soja; macarrão; bolachas e biscoitos; produtos de padaria e pastelaria; açúcar e muitos outros já foram incluídos em reduções passadas, assim como medicamentos, combustíveis, energia e o gás de cozinha.",nao,501 Replies. Reply,4246 reposts. Repost,21120 Likes. Like,,
1560589174687895552,https://x.com/i/web/status/1560589174687895552,Jair M. Bolsonaro,@jairbolsonaro,2022-08-19T11:27:08.000Z,"- ""Por que não anuncia redução de imposto sobre alimentos?"" Por que já anunciamos há meses! Os impostos sobre itens da cesta básica têm sido reduzidos e zerados continuamente desde 2020 para combater os efeitos do ""fica em casa que a economia vê depois"" e da guerra.",nao,438 Replies. Reply,5024 reposts. Repost,24385 Likes. Like,,
1560589172863369216,https://x.com/i/web/status/1560589172863369216,Jair M. Bolsonaro,@jairbolsonaro,2022-08-19T11:27:07.000Z,"- O Governo Federal zerou imposto de importação de suplementos alimentares, como whey protein, creatina, BCAA e multivitamínicos, e diversos itens de nutrição esportiva, além de reduzir de 11,2 pra 4% os impostos para diversos outros itens, como proteínas lácteas e Albumina.",nao,4028 Replies. Reply,12722 reposts. Repost,61510 Likes. Like,,
1560437395681689600,https://x.com/i/web/status/1560437395681689600,Jair M. Bolsonaro,@jairbolsonaro,2022-08-19T01:24:01.000Z,"- Após quase 14 anos de espera pelo título da terra, Antônia Francisca e Manuel Lopes receberam o documento.

- Assim como eles, mais de 370 mil famílias brasileiras receberam o título desde o início de 2019. Mais um recorde histórico.",nao,1104 Replies. Reply,6144 reposts. Repost,28498 Likes. Like,,
1560338538444591106,https://x.com/i/web/status/1560338538444591106,Jair M. Bolsonaro,@jairbolsonaro,2022-08-18T18:51:11.000Z,"- Alimentos, combustíveis, gás de cozinha, energia, medicamentos, eletrodomésticos, games, carros, motos, suplementos e mais centenas de itens: nunca tantos impostos foram reduzidos como nos últimos anos. Nosso compromisso é seguir reduzindo e zerando sempre que for possível!",nao,636 Replies. Reply,4290 reposts. Repost,22697 Likes. Like,,
1560338536510922752,https://x.com/i/web/status/1560338536510922752,Jair M. Bolsonaro,@jairbolsonaro,2022-08-18T18:51:11.000Z,"- Ao contrário do que diziam, mostramos que é possível, sim, reduzir essa carga super-pesada. Basta uma política econômica eficiente e respeito com o dinheiro dos brasileiros. Essa tem sido nossa grande diferença: ao invés de se servir do povo, nós passamos a servir ao povo.",nao,356 Replies. Reply,4104 reposts. Repost,23230 Likes. Like,,
1560338534711660546,https://x.com/i/web/status/1560338534711660546,Jair M. Bolsonaro,@jairbolsonaro,2022-08-18T18:51:11.000Z,"- Antes de nossa chegada, o Brasil era marcado pelos altos impostos. Não se ouvia falar em redução, porque governos sempre repassaram a conta de suas políticas e práticas nefastas para o povo. Diziam que menos impostos era menos arrecadação, o que provamos ser uma grande mentira.",nao,3502 Replies. Reply,9183 reposts. Repost,48134 Likes. Like,,
1560289705987641344,https://x.com/i/web/status/1560289705987641344,Jair M. Bolsonaro,@jairbolsonaro,2022-08-18T15:37:09.000Z,- Visita ao Parque Tecnológico de São José dos Campos/SP e cidade. (18/08/2022),nao,2800 Replies. Reply,5668 reposts. Repost,25930 Likes. Like,,
1560201148216352770,https://x.com/i/web/status/1560201148216352770,Jair M. Bolsonaro,@jairbolsonaro,2022-08-18T09:45:15.000Z,"-Além do início dos investimentos históricos com a sanção do Marco do Saneamento Básico, derivando em mais saúde para o povo. Passos gigantescos são dados em obras que jamais renderam votos, pois não possuem visibilidade direta ou devido a interesses que sempre estiveram por trás",nao,392 Replies. Reply,3217 reposts. Repost,18315 Likes. Like,,
1560201146052009984,https://x.com/i/web/status/1560201146052009984,Jair M. Bolsonaro,@jairbolsonaro,2022-08-18T09:45:15.000Z,"- Saneamento Básico: em mais uma etapa desde 2019, destinados mais recursos para continuidade de obras de esgotamento sanitário, abastecimento de água e manejo de águas pluviais nos estados do Ceará, Goiás, Mato Grosso, Mato Grosso do Sul, Paraná, Rondônia e Rio Grande do Sul.",nao,1844 Replies. Reply,6448 reposts. Repost,34655 Likes. Like,,
1560024890022952961,https://x.com/i/web/status/1560024890022952961,Jair M. Bolsonaro,@jairbolsonaro,2022-08-17T22:04:52.000Z,- Curso de formação de medicina ganha novo estímulo:,nao,842 Replies. Reply,4514 reposts. Repost,20794 Likes. Like,,
1559918222815760387,https://x.com/i/web/status/1559918222815760387,Jair M. Bolsonaro,@jairbolsonaro,2022-08-17T15:01:00.000Z,"- É estranho o PT esconder dos brasileiros essas relações e suas pautas mais íntimas, como a liberação das drogas e do aborto, durante o período eleitoral. Se julgam ser bandeiras tão benéficas para o Brasil, deveriam premiar, não banir, aqueles que fazem o favor de divulgá-las.",nao,535 Replies. Reply,4987 reposts. Repost,24725 Likes. Like,,
1559918221230325760,https://x.com/i/web/status/1559918221230325760,Jair M. Bolsonaro,@jairbolsonaro,2022-08-17T15:01:00.000Z,"- O aliado do descondenado na Nicarágua persegue cristãos. Na Venezuela, fecha jornais e deixa o país mais pobre que o Haiti. Em Cuba, prende opositores e proíbe cidadãos de deixarem o país. Outros aumentam impostos e liberam drogas. Mas há quem diga que ele não apoia nada disso.",nao,2331 Replies. Reply,10698 reposts. Repost,48273 Likes. Like,,
1559857714813194241,https://x.com/i/web/status/1559857714813194241,Jair M. Bolsonaro,@jairbolsonaro,2022-08-17T11:00:34.000Z,"- Na contramão de outros governos, o estímulo à prática de esportes e sua profissionalização são destaque para o Brasil desde 2019, formando mais campeões internacionais e nacionais, cidadãos longe dos perigos de escolhas erradas e estímulo para novas carreiras direcionadas.",nao,214 Replies. Reply,2382 reposts. Repost,13432 Likes. Like,,
1559857713131274241,https://x.com/i/web/status/1559857713131274241,Jair M. Bolsonaro,@jairbolsonaro,2022-08-17T11:00:34.000Z,"- Agora, além do Comitê Olímpico do Brasil e do Comitê Paralímpico Brasileiro (CPB) a Confederação Brasileira de Desporto Escolar (CBDE) e a Confederação Brasileira de Desporto Universitário (CBDU) indicarão competições estudantis e universitárias para concessão do benefício.",nao,149 Replies. Reply,2366 reposts. Repost,13955 Likes. Like,,
1559857711730270208,https://x.com/i/web/status/1559857711730270208,Jair M. Bolsonaro,@jairbolsonaro,2022-08-17T11:00:33.000Z,- Mais um estímulo à prática ao esporte de jovens: Assinado o decreto que atualiza o rol das ENTIDADES ESPORTIVAS detentoras do direito de indicarem competições elegíveis para o recebimento da BOLSA-ATLETA NA CATEGORIA ESTUDANTIL! DECRETO 11.168/2022.,nao,836 Replies. Reply,5240 reposts. Repost,28496 Likes. Like,,
1559725317891260419,https://x.com/i/web/status/1559725317891260419,Jair M. Bolsonaro,@jairbolsonaro,2022-08-17T02:14:28.000Z,"- O selo está disponível para quem desejar usá-lo na foto de perfil. Basta acessar o link: 
bityli.com/ypxVXV",nao,674 Replies. Reply,3416 reposts. Repost,13751 Likes. Like,,
1559725224664465411,https://x.com/i/web/status/1559725224664465411,Jair M. Bolsonaro,@jairbolsonaro,2022-08-17T02:14:06.000Z,- BRASIL ACIMA DE TUDO! DEUS ACIMA DE TODOS! .,nao,4383 Replies. Reply,14862 reposts. Repost,89807 Likes. Like,,
1559675492445323264,https://x.com/i/web/status/1559675492445323264,Jair M. Bolsonaro,@jairbolsonaro,2022-08-16T22:56:29.000Z,"- Em 4 anos de Bolsonaro, as estatais dão lucro, as obras abandonadas são concluídas e temos o menor número de homicídios em uma década. Nossa economia voltou a crescer, o desemprego é o menor desde o desastre petista e o número de brasileiros trabalhando bateu todos os recordes.",nao,731 Replies. Reply,5788 reposts. Repost,30028 Likes. Like,,
1559675490591449089,https://x.com/i/web/status/1559675490591449089,Jair M. Bolsonaro,@jairbolsonaro,2022-08-16T22:56:28.000Z,"- Lula e Dilma deixaram para os brasileiros um país devastado, com 15 milhões de desempregados, prejuízos bilionários nas estatais e obras inacabadas, além do maior esquema de corrupção, o maior número de assassinatos e a pior década para a economia de toda a nossa História.",nao,742 Replies. Reply,6026 reposts. Repost,31711 Likes. Like,,
1559675489098371078,https://x.com/i/web/status/1559675489098371078,Jair M. Bolsonaro,@jairbolsonaro,2022-08-16T22:56:28.000Z,"- Sem guerra e pandemia, o PT entregou o país à pior recessão de nossa história. Em meu governo, mesmo com pandemia e guerra, benefícios sociais foram ampliados, milhões de empregos foram gerados e a economia voltou a crescer. Eles quebraram o Brasil. Nós quebramos paradigmas.",nao,4607 Replies. Reply,13079 reposts. Repost,66364 Likes. Like,,
1559597703314694151,https://x.com/i/web/status/1559597703314694151,Jair M. Bolsonaro,@jairbolsonaro,2022-08-16T17:47:23.000Z,"- Juiz de Fora / Minas Gerais (16/08/2022)
- Deus, Pátria, Família e Liberdade!!!",nao,2087 Replies. Reply,8753 reposts. Repost,36545 Likes. Like,,
1559550052477042689,https://x.com/i/web/status/1559550052477042689,Jair M. Bolsonaro,@jairbolsonaro,2022-08-16T14:38:02.000Z,"- Temos o privilégio de não precisar enganar o povo sobre quais são nossos valores neste período: somos a favor da família, do livre mercado e do direito à legítima defesa. Somos contra as drogas e o narcotráfico, o controle da mídia e internet, a ideologia de gênero e o aborto.",nao,959 Replies. Reply,6999 reposts. Repost,37846 Likes. Like,,
1559550050296004611,https://x.com/i/web/status/1559550050296004611,Jair M. Bolsonaro,@jairbolsonaro,2022-08-16T14:38:01.000Z,"- É preciso estar atento. A partir de hoje, mais do que nunca, os que amam o vermelho passarão a usar verde e a amarelo, os que perseguiram e defenderam fechar igrejas se julgarão grandes cristãos, os que apoiam e louvam ditaduras socialistas se dirão defensores da democracia.",nao,5311 Replies. Reply,15065 reposts. Repost,71878 Likes. Like,,
1559476616320925697,https://x.com/i/web/status/1559476616320925697,Jair M. Bolsonaro,@jairbolsonaro,2022-08-16T09:46:13.000Z,". Cornélio Procópio/PR: 343,7 kg do entorpecente foram apreendidos após condutor desobedecer ordem de parada. 

. Rio Verde/GO: 397,5 kg de maconha no interior de um automóvel que trafegava na BR-060

Mais um Prejuízo milionário ao crime organizado, vidas e famílias preservadas!",nao,249 Replies. Reply,2589 reposts. Repost,14630 Likes. Like,,
1559476614760628224,https://x.com/i/web/status/1559476614760628224,Jair M. Bolsonaro,@jairbolsonaro,2022-08-16T09:46:13.000Z,"-Apreensão de 4 toneladas de maconha nas últimas 24 horas pela PRF:

. Campo Grande/MS: em conjunto com a Polícia Civil, Policiais fecharam oficina que armazenava 2,6 t da droga. 

. Bataguassu/MS: policiais encontraram 620 kg de maconha em veículo abordado em trecho da BR-267.",nao,1479 Replies. Reply,5570 reposts. Repost,31031 Likes. Like,,
1559221895563812865,https://x.com/i/web/status/1559221895563812865,Jair M. Bolsonaro,@jairbolsonaro,2022-08-15T16:54:03.000Z,"- A partir de amanhã, 16/08, a Petrobras reduzirá em R$0,18 o preço médio de venda de gasolina para as distribuidoras, passando de R$3,71 para R$3,53 o litro.

- É a terceira redução anunciada nas últimas semanas. Brevemente teremos uma das ""gasolinas"" mais baratas do mundo.",nao,6619 Replies. Reply,12810 reposts. Repost,70494 Likes. Like,,
1559109872637067265,https://x.com/i/web/status/1559109872637067265,Jair M. Bolsonaro,@jairbolsonaro,2022-08-15T09:28:55.000Z,"- São mais de 370 mil títulos entregues à famílias de assentados, garantindo além da posse, políticas governamentais no incremento da produção do agricultor familiar. O Governo Federal faz história e liberta o Brasileiro das mãos de facções patrocinadas por partidos de esquerda.",nao,277 Replies. Reply,3380 reposts. Repost,19620 Likes. Like,,
1559109871018156033,https://x.com/i/web/status/1559109871018156033,Jair M. Bolsonaro,@jairbolsonaro,2022-08-15T09:28:54.000Z,"- Com 838,4 hectares de terras, o Salubrinho também produz aipim, feijão, laranja, limão e manga. Atualmente, ocorre a introdução do cultivo do maracujá no assentamento, que produz frutos quatro vezes ao ano e, com isso, tem potencial de aumentar a rentabilidade das famílias.",nao,185 Replies. Reply,3044 reposts. Repost,19755 Likes. Like,,
1559109869256544256,https://x.com/i/web/status/1559109869256544256,Jair M. Bolsonaro,@jairbolsonaro,2022-08-15T09:28:54.000Z,"- O assentamento Salubrinho, em Andaraí, na Bahia, se programa para colher 100 ton de abacaxi no biênio de 2022 e 2023. A safra inicia este mês. Dentre as 40 famílias beneficiárias da reforma agrária nessa área, 13 se dedicam ao cultivo da fruta, que leva 14 meses para produzir.",nao,753 Replies. Reply,6284 reposts. Repost,34109 Likes. Like,,
1558988652193218566,https://x.com/i/web/status/1558988652193218566,Jair M. Bolsonaro,@jairbolsonaro,2022-08-15T01:27:13.000Z,"""Honra a teu pai e a tua mãe, para que se prolonguem os teus dias na terra que o Senhor teu Deus te dá"" - Êxodo 20:12

- Cada pai continua vivendo um pouco em seu filho.
- Sr. Percy Geraldo Bolsonaro, meu pai e meu herói.
- Feliz Dia dos Pais a todos!",nao,1563 Replies. Reply,5733 reposts. Repost,45080 Likes. Like,,
1558901557231587332,https://x.com/i/web/status/1558901557231587332,Jair M. Bolsonaro,@jairbolsonaro,2022-08-14T19:41:08.000Z,"- São Power Rangers.  
x.com/xicosa/status/
…",nao,2461 Replies. Reply,6026 reposts. Repost,38306 Likes. Like,,
1558787299550416896,https://x.com/i/web/status/1558787299550416896,Jair M. Bolsonaro,@jairbolsonaro,2022-08-14T12:07:07.000Z,"- Agosto de 2022, Barragem da Transposição do Rio São Francisco - Eixo Norte em Jati/Ceará.
- Feliz Dia dos Pais a todos!",nao,1895 Replies. Reply,7825 reposts. Repost,36087 Likes. Like,,
1558621635908976640,https://x.com/i/web/status/1558621635908976640,Jair M. Bolsonaro,@jairbolsonaro,2022-08-14T01:08:50.000Z,- Thiago Gagliasso fala sobre quando conheceu Jair Bolsonaro.,nao,896 Replies. Reply,6057 reposts. Repost,35934 Likes. Like,,
1558601417832685568,https://x.com/i/web/status/1558601417832685568,Jair M. Bolsonaro,@jairbolsonaro,2022-08-13T23:48:30.000Z,- Conselho de quem também apanha bastante: siga firme na sua missão e que se exploda os que querem o teu mal! Que eles virem combustível para que você e seus companheiros cresçam ainda mais! Vocês têm a total confianca do povo brasileiro e é isso que importa. Um forte abraço! ,nao,527 Replies. Reply,5038 reposts. Repost,43490 Likes. Like,,
1558601415794348032,https://x.com/i/web/status/1558601415794348032,Jair M. Bolsonaro,@jairbolsonaro,2022-08-13T23:48:29.000Z,"- Valeu pelo presente, 
@neymarjr
 ! Parabéns pelo jogão de hoje! Com a graça de Deus, este será o seu ano. Estamos todos na torcida!",nao,2100 Replies. Reply,12642 reposts. Repost,107833 Likes. Like,,
1558491746102906880,https://x.com/i/web/status/1558491746102906880,Jair M. Bolsonaro,@jairbolsonaro,2022-08-13T16:32:42.000Z,- Agradeço aos mais de 450 mil espectadores que nos acompanharam ao vivo nessa entrevista de quase 3 horas. Grande audiência! .,nao,3807 Replies. Reply,12570 reposts. Repost,91666 Likes. Like,,
1558442278489931777,https://x.com/i/web/status/1558442278489931777,Jair M. Bolsonaro,@jairbolsonaro,2022-08-13T13:16:08.000Z,"- Em instantes, às 10h30, estarei ao vivo com Rica Perrone.
- Mais tarde, às 15h, participarei da Marcha pra Jesus aqui no nosso Rio de Janeiro. 
x.com/ricaperrone/st
…",nao,1045 Replies. Reply,4009 reposts. Repost,25685 Likes. Like,,
1558404277412003841,https://x.com/i/web/status/1558404277412003841,Jair M. Bolsonaro,@jairbolsonaro,2022-08-13T10:45:08.000Z,"Produção de trigo no Brasil:

- Safra 2020: 6,2 milhões de ton/ano.
- Safra 2021: 7,8 milhões de ton/ano.
- Safra 2022: 9,2 milhões de ton/ano.

Consumo nacional: 12,8 mi/ton/ano. Em 2025 o Brasil deverá ser autossuficiente em trigo.

Parabéns aos triticultores e à EMBRAPA.",nao,1444 Replies. Reply,7674 reposts. Repost,40263 Likes. Like,,
1558199108690747393,https://x.com/i/web/status/1558199108690747393,Jair M. Bolsonaro,@jairbolsonaro,2022-08-12T21:09:52.000Z,"- Minha história de luta por leis mais duras para assassinos covardes, estupradores e demais crimes violentos fala por mim e mostra de que lado sempre estive. Enquanto viver, serão as vítimas, não seus algozes, que contarão com a minha eterna solidariedade.",nao,608 Replies. Reply,5885 reposts. Repost,40344 Likes. Like,,
1558199106765557763,https://x.com/i/web/status/1558199106765557763,Jair M. Bolsonaro,@jairbolsonaro,2022-08-12T21:09:51.000Z,"- A própria pessoa envolvida nesse crime cruel e covarde nega ter estado presente no evento. Sua esposa, que não tem envolvimento com o crime, já se manifestou explicando que não conhece Michelle e que, assim como dezenas de mulheres, fez fila para tirar foto com a Primeira-Dama.",nao,314 Replies. Reply,5103 reposts. Repost,37144 Likes. Like,,
1558199102390894592,https://x.com/i/web/status/1558199102390894592,Jair M. Bolsonaro,@jairbolsonaro,2022-08-12T21:09:50.000Z,"- Aos que embarcaram nesse verdadeiro vale-tudo, podem bater em mim à vontade, só peço que tenham respeito pelo menos por aquelas pessoas que não podem se defender e que deveriam ser preservadas. O sofrimento dos familiares e amigos diante de uma perda não basta para vocês?",nao,230 Replies. Reply,4769 reposts. Repost,33665 Likes. Like,,
1558199100327206914,https://x.com/i/web/status/1558199100327206914,Jair M. Bolsonaro,@jairbolsonaro,2022-08-12T21:09:50.000Z,"- Sequer participei do almoço em Belo Horizonte. A mesma imprensa já havia divulgado que eu estava em uma churrascaria de SP na mesma data e hora. Quem propagou a mentira, já sabia da verdade, mas não se preocupou com a dor que poderia causar até à família de Daniella Perez.",nao,292 Replies. Reply,5420 reposts. Repost,35812 Likes. Like,,
1558199098112720896,https://x.com/i/web/status/1558199098112720896,Jair M. Bolsonaro,@jairbolsonaro,2022-08-12T21:09:49.000Z,"- Em respeito à Glória Perez, não alimentarei essa exploração leviana em cima de sua perda irreparável. As ilações com base em informações falsas divulgadas por parte da mídia só expõem sua falta de escrúpulos e o desprezo pela dor das pessoas, tratando-as como meras ferramentas.",nao,3101 Replies. Reply,13972 reposts. Repost,78810 Likes. Like,,
1558030588728188929,https://x.com/i/web/status/1558030588728188929,Jair M. Bolsonaro,@jairbolsonaro,2022-08-12T10:00:13.000Z,"- DESBUROCRATIZAÇÃO: Mais de 1,3 milhão de empresas são criadas no  em 4 meses.

- Tempo médio de abertura de empresas cai para 1 dia e 2 horas em julho de 2022, representando redução de 5 horas em relação ao mês anterior (1 dia e 7 horas).

- O menor tempo médio já registrado.",nao,1088 Replies. Reply,5565 reposts. Repost,28618 Likes. Like,,
1557910323688099840,https://x.com/i/web/status/1557910323688099840,Jair M. Bolsonaro,@jairbolsonaro,2022-08-12T02:02:20.000Z,"- Boa noite a todos! .

obs: autor desconhecido.",nao,2621 Replies. Reply,7113 reposts. Repost,42004 Likes. Like,,
1557892383509037057,https://x.com/i/web/status/1557892383509037057,Jair M. Bolsonaro,@jairbolsonaro,2022-08-12T00:51:03.000Z,"- Das duas uma, ou a esquerda repentinamente se arrependeu de suas ameaças crônicas à nossa democracia, como os esquemas de corrupção, os ataques à propriedade privada e a promoção de atos violentos, ou trata-se de uma jogada eleitoral desesperada. O golpe tá aí, cai quem quer.",nao,997 Replies. Reply,5965 reposts. Repost,32495 Likes. Like,,
1557892373379702785,https://x.com/i/web/status/1557892373379702785,Jair M. Bolsonaro,@jairbolsonaro,2022-08-12T00:51:00.000Z,"- O Brasil já tem sua carta pela democracia: a Constituição. Essa é a única carta que importa na garantia do estado democrático de direito, mas foi justamente ela que foi atacada pelos que agora promovem um texto paralelo que, para efeitos legais, vale menos que papel higiênico.",nao,530 Replies. Reply,5628 reposts. Repost,31988 Likes. Like,,
1557892371613900801,https://x.com/i/web/status/1557892371613900801,Jair M. Bolsonaro,@jairbolsonaro,2022-08-12T00:51:00.000Z,"- Do contrário, assinar uma carta pela democracia enquanto apoia regimes que a desprezam e atacam os seus pilares tem a mesma relevância que uma carta contra as drogas assinada pelo Zé Pequeno, ou um manifesto em defesa das mulheres assinado pelo Maníaco do Parque.",nao,249 Replies. Reply,3822 reposts. Repost,22280 Likes. Like,,
1557892369990795264,https://x.com/i/web/status/1557892369990795264,Jair M. Bolsonaro,@jairbolsonaro,2022-08-12T00:50:59.000Z,"- Acredito que a ""carta pela democracia"", que foi lida na micareta do PT, teve algumas de suas páginas rasgadas, principalmente nas partes em que deveriam repudiar o apoio, inclusive financeiro, a ditaduras como Cuba, Nicarágua e Venezuela, bem como o controle da mídia/internet.",nao,3152 Replies. Reply,11729 reposts. Repost,60654 Likes. Like,,
1557849098098683905,https://x.com/i/web/status/1557849098098683905,Jair M. Bolsonaro,@jairbolsonaro,2022-08-11T21:59:03.000Z,-Pronunciamento à nação (11/08/2022) PR Jair Bolsonaro.,nao,619 Replies. Reply,3617 reposts. Repost,17533 Likes. Like,,
1557766961546788865,https://x.com/i/web/status/1557766961546788865,Jair M. Bolsonaro,@jairbolsonaro,2022-08-11T16:32:40.000Z,"- A redução representa queda de R$ 0,22 por litro.
- O presente mês acumula redução de R$ 0,42 por litro de diesel.
- Já estamos entre os países com o menor preço médio de combustíveis do mundo, no cenário atual.",nao,850 Replies. Reply,4850 reposts. Repost,32114 Likes. Like,,
1557765109094797312,https://x.com/i/web/status/1557765109094797312,Jair M. Bolsonaro,@jairbolsonaro,2022-08-11T16:25:18.000Z,"- Hoje, aconteceu um ato muito importante em prol do Brasil e de grande relevância para o povo brasileiro: a Petrobrás reduziu, mais uma vez, o preço do diesel.",nao,5772 Replies. Reply,13754 reposts. Repost,84045 Likes. Like,,
1557655309493075968,https://x.com/i/web/status/1557655309493075968,Jair M. Bolsonaro,@jairbolsonaro,2022-08-11T09:09:00.000Z,"- Graças à política constante de diminuição de impostos do Governo Federal iniciada em 2019 e redução do ICMS dos combustíveis, energia elétrica, telefonia celular e internet, mesmo contra a vontade do PT e de seus parlamentares.",nao,373 Replies. Reply,3389 reposts. Repost,20931 Likes. Like,,
1557655308012503045,https://x.com/i/web/status/1557655308012503045,Jair M. Bolsonaro,@jairbolsonaro,2022-08-11T09:08:59.000Z,"- O Índice de Preços ao Consumidor Amplo, o IPCA, apresentou uma retração de 0,68% no mês de julho, segundo dados divulgados nesta semana.

- É a menor taxa mensal já registrada desde o início da série histórica em 1980 - Instituto Brasileiro de Geografia e Estatística (IBGE).",nao,1208 Replies. Reply,6136 reposts. Repost,33587 Likes. Like,,
1557401549600612359,https://x.com/i/web/status/1557401549600612359,Jair M. Bolsonaro,@jairbolsonaro,2022-08-10T16:20:39.000Z,"- Brasília, DF, 10/agosto.
- Confederação Nacional da Agricultura.
- Término do evento.",nao,1312 Replies. Reply,7658 reposts. Repost,34282 Likes. Like,,
1557323407922003968,https://x.com/i/web/status/1557323407922003968,Jair M. Bolsonaro,@jairbolsonaro,2022-08-10T11:10:08.000Z,"- Após intensa negociação com o Paraguai, foi aprovada a redução de 8,2% da tarifa utilizada na comercialização da energia de Itaipu Binacional, a primeira em quase 15 anos, que reduzirá custos de energia, produtos e serviços, beneficiando a região e, consequentemente, o Brasil!",nao,2154 Replies. Reply,10219 reposts. Repost,54361 Likes. Like,,
1557122688925188096,https://x.com/i/web/status/1557122688925188096,Jair M. Bolsonaro,@jairbolsonaro,2022-08-09T21:52:33.000Z,"- Valeu pelo apoio e divulgação. E não se preocupe, por mais que você já tenha me associado a coisas abomináveis como nazismo, racismo e genocídio, não tenho nada contra você. Quem deve estar chateado é o Ladrão, por você ter se limpado com a toalha dele Kkkkkk. Forte abraço! .",nao,2038 Replies. Reply,6251 reposts. Repost,36861 Likes. Like,,
1557122681648054273,https://x.com/i/web/status/1557122681648054273,Jair M. Bolsonaro,@jairbolsonaro,2022-08-09T21:52:31.000Z,"- Só os investimentos já garantidos nos últimos dois anos beneficiam cerca de 20 milhões de pessoas em todo o país. Além de qualidade de vida e dignidade para os brasileiros, o Marco do Saneamento também deverá gerar economia de R$ 1,45 BILHÃO nos custos anuais com saúde.",nao,265 Respostas. Resposta,3950 reposts. Repost,28532 Curtidas. Curtida,,
1557122679328620545,https://x.com/i/web/status/1557122679328620545,Jair M. Bolsonaro,@jairbolsonaro,2022-08-09T21:52:31.000Z,"- Acertou, Bruno! O esgoto só aumenta... graças ao Marco do Saneamento que sancionamos em 2020, que elevou os investimentos de R$ 4,5 para 50 BILHÕES/ano e que finalmente tornará realidade a universalização do saneamento básico no Brasil. Fico feliz que tenha reconhecido isso. 
x.com/brunogagliasso
…",nao,2495 Respostas. Resposta,9309 reposts. Repost,51897 Curtidas. Curtida,,
1557071335607631874,https://x.com/i/web/status/1557071335607631874,Jair M. Bolsonaro,@jairbolsonaro,2022-08-09T18:28:30.000Z,"- Entenda por que a conclusão da ponte Abunã é preocupante... para os balseiros.

- Entenda por que a conclusão da Transposição do Rio São Francisco preocupa... caminhões-pipa.

- Entenda por que apreensões recordes de drogas e bens do crime organizado preocupa... traficantes.",nao,368 Respostas. Resposta,4035 reposts. Repost,19772 Curtidas. Curtida,,
1557043209334816770,https://x.com/i/web/status/1557043209334816770,Jair M. Bolsonaro,@jairbolsonaro,2022-08-09T13:52:55.000Z,"- Após registrarmos a maior queda de preços em quase MEIO SÉCULO no país, os que me atacavam por conta da inflação gerada pelo fecha tudo e pela guerra agora alertam para o risco de baixarmos o índice. Não adianta, se zerássemos os assaltos, lamentariam o desemprego dos bandidos.",nao,1665 Respostas. Resposta,8449 reposts. Repost,42089 Curtidas. Curtida,,
1556999071067521025,https://x.com/i/web/status/1556999071067521025,Jair M. Bolsonaro,@jairbolsonaro,2022-08-09T13:41:20.000Z,"- Preservação ao meio ambiente, empregos diretos e indiretos e desenvolvimento regional.",nao,117 Respostas. Resposta,1779 reposts. Repost,11892 Curtidas. Curtida,,
1556999069263855616,https://x.com/i/web/status/1556999069263855616,Jair M. Bolsonaro,@jairbolsonaro,2022-08-09T13:41:20.000Z,"- Esses trilhos são um importante avanço para a infraestrutura do Brasil, pois conectarão o futuro porto de Ilhéus, no litoral baiano, a Figueirópolis, no Tocantins, cidade em que a FIOL se ligará à Ferrovia Norte Sul.",nao,98 Respostas. Resposta,2080 reposts. Repost,12867 Curtidas. Curtida,,
1556999066235670529,https://x.com/i/web/status/1556999066235670529,Jair M. Bolsonaro,@jairbolsonaro,2022-08-09T13:41:19.000Z,"- A Segunda etapa da Ferrovia de Integração Oeste-Leste (FIOL), que conecta as cidades de Caetité/BA a Barreiras/BA, alcançou 159 km de trilhos lançados em grade.",nao,415 Respostas. Resposta,4644 reposts. Repost,23216 Curtidas. Curtida,,
1556940318708301829,https://x.com/i/web/status/1556940318708301829,Jair M. Bolsonaro,@jairbolsonaro,2022-08-09T09:47:53.000Z,- Ultrapassamos Beonce. Obrigado a todos! .,nao,4565 Respostas. Resposta,13630 reposts. Repost,83875 Curtidas. Curtida,,
1556849485699055617,https://x.com/i/web/status/1556849485699055617,Jair M. Bolsonaro,@jairbolsonaro,2022-08-09T03:46:56.000Z,- Espectadores*. . Um forte abraço a todos!,nao,921 Respostas. Resposta,2854 reposts. Repost,36468 Curtidas. Curtida,,
1556844753832091648,https://x.com/i/web/status/1556844753832091648,Jair M. Bolsonaro,@jairbolsonaro,2022-08-09T03:28:08.000Z,"- Aos quase 600 mil expectadores que nos aguentaram por mais de 5 horas ininterruptas, o meu muito obrigado pela audiência e, principalmente, pela paciência! Kkkk. Um bate papo com muita informação, descontração, embates, bom humor e seriedade. Boa noite a todos!",nao,5597 Respostas. Resposta,14532 reposts. Repost,105304 Curtidas. Curtida,,
1556738590851440640,https://x.com/i/web/status/1556738590851440640,Jair M. Bolsonaro,@jairbolsonaro,2022-08-08T20:26:17.000Z,"Acompanhe, no horário, ao vivo, pelo Canal do Flow Podcast: 
youtube.com/c/FlowPodcast",nao,1615 Respostas. Resposta,5942 reposts. Repost,41574 Curtidas. Curtida,,
1556678888947961859,https://x.com/i/web/status/1556678888947961859,Jair M. Bolsonaro,@jairbolsonaro,2022-08-08T16:29:03.000Z,- Entre os planos aplicados pela atual gestão também está a carteira de desestatização classificada como a maior do mundo.,nao,163 Respostas. Resposta,2189 reposts. Repost,14805 Curtidas. Curtida,,
1556678887123423232,https://x.com/i/web/status/1556678887123423232,Jair M. Bolsonaro,@jairbolsonaro,2022-08-08T16:29:03.000Z,"- Recentemente priorizando o saneamento básico e infraestrutura, o BNDES anunciou também pareceria com o Sebrae para criar um fundo garantidor voltado para empreendedores individuais, além de micros e pequenos empresários.",nao,154 Respostas. Resposta,2481 reposts. Repost,16321 Curtidas. Curtida,,
1556678885487542273,https://x.com/i/web/status/1556678885487542273,Jair M. Bolsonaro,@jairbolsonaro,2022-08-08T16:29:02.000Z,"- Longe do PT,  BNDES que patrocinava obras em ditaduras socialistas deixando de fora investimentos no  além de outras movimentações sombrias, hoje o órgão recebeu a premiação de “transformação bancária” da América Latina do Euromoney Awards for Excellence em 2022.",nao,1248 Respostas. Resposta,7196 reposts. Repost,37028 Curtidas. Curtida,,
1556574840429187072,https://x.com/i/web/status/1556574840429187072,Jair M. Bolsonaro,@jairbolsonaro,2022-08-08T09:35:36.000Z,"- Também, a ampliação do Teto do financiamento para o curso de medicina foi aumentado em mais de 20%, em 2022, sendo mais uma novidade aos estudantes da área de saúde.
 
- Implemento de 22,8% passando do atual valor, R$ 42.983,70, para R$ 52.805,66.",nao,192 Respostas. Resposta,2205 reposts. Repost,13376 Curtidas. Curtida,,
1556574838508208130,https://x.com/i/web/status/1556574838508208130,Jair M. Bolsonaro,@jairbolsonaro,2022-08-08T09:35:35.000Z,"- Oferta de bolsas do Prouni para Medicina é 40% maior do que em 2021.

- Esse número só é possível devido as alterações no Programa pela nova lei sancionada pelo Governo Federal.",nao,903 Respostas. Resposta,5210 reposts. Repost,26527 Curtidas. Curtida,,
1556248708173414401,https://x.com/i/web/status/1556248708173414401,Jair M. Bolsonaro,@jairbolsonaro,2022-08-07T11:59:40.000Z,- A verdade sobre a transposição do Rio São Francisco.,nao,1792 Respostas. Resposta,20463 reposts. Repost,53895 Curtidas. Curtida,,
1556090146633781249,https://x.com/i/web/status/1556090146633781249,Jair M. Bolsonaro,@jairbolsonaro,2022-08-07T01:29:36.000Z,"- Informações atualizadas em nosso GETTR: 
gettr.com/user/jairbolso
…",nao,139 Respostas. Resposta,1501 reposts. Repost,8185 Curtidas. Curtida,,
1556050219946622977,https://x.com/i/web/status/1556050219946622977,Jair M. Bolsonaro,@jairbolsonaro,2022-08-06T22:50:57.000Z,"- Um velho amor...
- Morram de ciúmes...
- Gota Serena kkkkk ",nao,3001 Respostas. Resposta,8904 reposts. Repost,52131 Curtidas. Curtida,,
1555964162181943299,https://x.com/i/web/status/1555964162181943299,Jair M. Bolsonaro,@jairbolsonaro,2022-08-06T17:08:59.000Z,"- Hoje, em Recife / Pernambuco (06/08/2022). ",nao,1410 Respostas. Resposta,5656 reposts. Repost,24208 Curtidas. Curtida,,
1555852815695740930,https://x.com/i/web/status/1555852815695740930,Jair M. Bolsonaro,@jairbolsonaro,2022-08-06T09:46:32.000Z,"- Fora as ações já realizados desde 2019, privatizações e concessões devem atrair R$ 3 trilhões em 10 anos.

- Brasil deve receber R$ 203 bilhões de investimentos no próximo ano com projetos que estão sendo implementados.

. Infraestrutura, empregos e desenvolvimento.",nao,1364 Respostas. Resposta,5575 reposts. Repost,27366 Curtidas. Curtida,,
1555648398258147329,https://x.com/i/web/status/1555648398258147329,Jair M. Bolsonaro,@jairbolsonaro,2022-08-05T20:14:15.000Z,- Montes Claros / Minas Gerais (05/08/2022),nao,701 Respostas. Resposta,4847 reposts. Repost,21054 Curtidas. Curtida,,
1555648245430378503,https://x.com/i/web/status/1555648245430378503,Jair M. Bolsonaro,@jairbolsonaro,2022-08-05T20:13:38.000Z,- Montes Claros / Minas Gerais (05/08/2022),nao,1133 Respostas. Resposta,6018 reposts. Repost,29016 Curtidas. Curtida,,
1555565671110455297,https://x.com/i/web/status/1555565671110455297,Jair M. Bolsonaro,@jairbolsonaro,2022-08-05T14:45:31.000Z,"- No fim das contas, as divergências pouca diferença fazem na hora de nossa partida para perto de Deus. O que fica são as nossas obras, e Jô Soares deixa para o Brasil um exemplo de postura, elegância e bom humor, e, por isso, tem o meu respeito.",nao,380 Replies. Reply,3190 reposts. Repost,28633 Likes. Like,,
1555565667872608256,https://x.com/i/web/status/1555565667872608256,Jair M. Bolsonaro,@jairbolsonaro,2022-08-05T14:45:30.000Z,"- Jô sempre fez bom uso do seu direito de livre expressão. Por muitas vezes teceu duras críticas contra mim, inclusive. Mas foi por viver num país livre, não em um regime autoritário, que ele pode exercê-lo integralmente. Essa é a beleza da democracia.",nao,299 Replies. Reply,3468 reposts. Repost,29392 Likes. Like,,
1555565663942770698,https://x.com/i/web/status/1555565663942770698,Jair M. Bolsonaro,@jairbolsonaro,2022-08-05T14:45:29.000Z,"- Independentemente de preferências ideológicas, Jô Soares foi uma grande personalidade brasileira que conquistou a todos com seu modo cômico de discutir assuntos profundos. Que Deus conforte a família e o acolha com a cordialidade que o próprio Jô recebia a todos.",nao,1192 Replies. Reply,5935 reposts. Repost,51020 Likes. Like,,
1555521008248971264,https://x.com/i/web/status/1555521008248971264,Jair M. Bolsonaro,@jairbolsonaro,2022-08-05T11:48:03.000Z,"- A operação representa mais de R$ 20 milhões de prejuízo ao tráfico de drogas, vidas e famílias salvas deste mau.

- A droga tinha como destino o porto de Hamburgo, na Alemanha.",nao,265 Replies. Reply,2703 reposts. Repost,16618 Likes. Like,,
1555521006051155968,https://x.com/i/web/status/1555521006051155968,Jair M. Bolsonaro,@jairbolsonaro,2022-08-05T11:48:02.000Z,"- Mesmo que a Polícia esteja impedida de realizar certas operações, os recordes de apreensões de drogas não param de ser batidos.

- A PF apreendeu 605kg de cocaína no Porto de Santos.",nao,1405 Replies. Reply,6771 reposts. Repost,36845 Likes. Like,,
1555376931058622464,https://x.com/i/web/status/1555376931058622464,Jair M. Bolsonaro,@jairbolsonaro,2022-08-05T02:15:32.000Z,"- Soube que o PT agora reza o Pai Nosso e usa bandeiras do Brasil em seus eventos. É um bom começo. Só falta parar de defender aborto, drogas, ideologia de gênero, desencarceramento, controle da mídia/internet, ladrões de celular, financiamento de ditaduras e diálogos cabulosos.",nao,5878 Replies. Reply,17868 reposts. Repost,84859 Likes. Like,,
1555354859410432000,https://x.com/i/web/status/1555354859410432000,Jair M. Bolsonaro,@jairbolsonaro,2022-08-05T00:47:50.000Z,"- Sancionamos, hoje, a lei que estabelece o piso salarial para profissionais de Enfermagem. Além do trabalho exaustivo, por vezes, são eles, depois de Deus, a nossa maior companhia na solidão da enfermidade. É um grande passo para que alcancem o lugar de destaque que merecem.",nao,2388 Replies. Reply,8392 reposts. Repost,46709 Likes. Like,,
1555346040731099145,https://x.com/i/web/status/1555346040731099145,Jair M. Bolsonaro,@jairbolsonaro,2022-08-05T00:12:47.000Z,"- Contra narrativas, os fatos!",nao,698 Replies. Reply,4090 reposts. Repost,17258 Likes. Like,,
1555312403738402816,https://x.com/i/web/status/1555312403738402816,Jair M. Bolsonaro,@jairbolsonaro,2022-08-04T21:59:08.000Z,-Live assuntos da semana (04/08/2022) / PR Jair Bolsonaro.,nao,320 Replies. Reply,2094 reposts. Repost,9543 Likes. Like,,
1555251654592708611,https://x.com/i/web/status/1555251654592708611,Jair M. Bolsonaro,@jairbolsonaro,2022-08-04T17:57:44.000Z,"- Petrobras anuncia redução do preço de venda do diesel para as distribuidoras de R$ 5,61 para R$ 5,41 por litro a partir de amanhã, 05/08. 

- A redução representa queda de R$ 0,20 por litro.",nao,1899 Replies. Reply,6912 reposts. Repost,36983 Likes. Like,,
1555132582651731968,https://x.com/i/web/status/1555132582651731968,Jair M. Bolsonaro,@jairbolsonaro,2022-08-04T10:04:35.000Z,"- Ministro Paulo Guedes: Não prestem atenção em narrativas, prestem atenção nos fatos!",nao,2574 Replies. Reply,14302 reposts. Repost,50606 Likes. Like,,
1554805448758419459,https://x.com/i/web/status/1554805448758419459,Jair M. Bolsonaro,@jairbolsonaro,2022-08-03T12:24:40.000Z,"- Com saudades do ladrão e disposta a jogar fora a sua própria liberdade em troca do que todos sabem, parte da imprensa tornou-se incapaz de divulgar avanços do Brasil sem minimizá-los. Apesar dessa lamentável postura, seguiremos defendendo a sua liberdade e independência.",nao,2462 Replies. Reply,12571 reposts. Repost,47000 Likes. Like,,
1554763381500006400,https://x.com/i/web/status/1554763381500006400,Jair M. Bolsonaro,@jairbolsonaro,2022-08-03T09:37:30.000Z,"- CEARÁ: Riacho Seco, 31/07/22: antes era só promessa e hoje é realidade!",nao,1424 Replies. Reply,8124 reposts. Repost,31526 Likes. Like,,
1554654515739361280,https://x.com/i/web/status/1554654515739361280,Jair M. Bolsonaro,@jairbolsonaro,2022-08-03T02:24:55.000Z,A esquerda deixa isso bem claro aonde quer que tenha a oportunidade!,nao,183 Replies. Reply,916 reposts. Repost,9573 Likes. Like,,
1554650789141954561,https://x.com/i/web/status/1554650789141954561,Jair M. Bolsonaro,@jairbolsonaro,2022-08-03T02:10:06.000Z,"- Boa sorte a quem acredita que essas são as pautas mais importantes para um povo. Meu compromisso é o de seguir reduzindo a violência, criando um ambiente propício à geração de empregos, acelerando o crescimento da nossa economia e defendendo os valores sagrados da nossa pátria.",nao,943 Replies. Reply,5113 reposts. Repost,31779 Likes. Like,,
1554650787757916161,https://x.com/i/web/status/1554650787757916161,Jair M. Bolsonaro,@jairbolsonaro,2022-08-03T02:10:06.000Z,"- No Brasil, a esquerda também parece obcecada em destruir nossos símbolos nacionais. Na verdade, essa é apenas mais uma forma de dividir o país, desrespeitando a sua cultura e suas tradições. Respeito se conquista com caráter, com trabalho, com valores, não com essas baboseiras.",nao,652 Replies. Reply,4914 reposts. Repost,32919 Likes. Like,,
1554650786260475906,https://x.com/i/web/status/1554650786260475906,Jair M. Bolsonaro,@jairbolsonaro,2022-08-03T02:10:06.000Z,"- Lamento a oficialização do uso da ""linguagem neutra"" pela Argentina. No que isso ajuda o seu povo? A única mudança provocada é que agora há ""desabastecimente"", ""pobreze"" e ""desempregue"". Que Deus proteja os nossos irmãos argentinos e os ajude a sair dessa difícil situação.",nao,6284 Replies. Reply,18282 reposts. Repost,84294 Likes. Like,,
1554627828552974342,https://x.com/i/web/status/1554627828552974342,Jair M. Bolsonaro,@jairbolsonaro,2022-08-03T00:38:52.000Z,"- Entrevista ao vivo SBT Brasil (02/08/2022). 
youtu.be/JURSUc_Tx1k",nao,443 Replies. Reply,2770 reposts. Repost,13245 Likes. Like,,
1554600625140375552,https://x.com/i/web/status/1554600625140375552,Jair M. Bolsonaro,@jairbolsonaro,2022-08-02T22:50:46.000Z,"- Hoje, por volta das 20:10, entrarei ao vivo para uma exclusiva no SBT Brasil.
- Quem puder, peço que nos acompanhe.
- Às 21:30, também no SBT, Flamengo e Corinthians pela Libertadores da América.",nao,1980 Replies. Reply,5912 reposts. Repost,39900 Likes. Like,,
1554449791568027648,https://x.com/i/web/status/1554449791568027648,Jair M. Bolsonaro,@jairbolsonaro,2022-08-02T12:51:25.000Z,- Entrevista Rádio Guaíba / RS (02/08/2022).,nao,522 Replies. Reply,2408 reposts. Repost,11833 Likes. Like,,
1554414153602924546,https://x.com/i/web/status/1554414153602924546,Jair M. Bolsonaro,@jairbolsonaro,2022-08-02T10:29:48.000Z,".Destaque para Transportes (-2,88% para -4,81%), puxada por gasolina (-8,61% para -14,24%). Educação, Leitura e Recreação (-1,31% para -4,06%), Habitação (-0,37% para -0,70%), Alimentação (1,50% para 1,34%) e Vestuário (0,59% para 0,47%) foram os  grupos a registrar desaceleração",nao,484 Replies. Reply,3722 reposts. Repost,20636 Likes. Like,,
1554414151832846336,https://x.com/i/web/status/1554414151832846336,Jair M. Bolsonaro,@jairbolsonaro,2022-08-02T10:29:48.000Z,"- O mercado esperava uma DEFLAÇÃO de -0,76% no Índice de Preço ao Consumidor- Semanal  (IPC-S). O resultado foi uma DEFLAÇÃO de -1,19%. ",nao,2261 Replies. Reply,8469 reposts. Repost,45939 Likes. Like,,
1554218901126397952,https://x.com/i/web/status/1554218901126397952,Jair M. Bolsonaro,@jairbolsonaro,2022-08-01T21:33:56.000Z,"- Também poderia citar a isenção de pedágios para motos, ou o zeramento dos impostos federais sobre combustíveis e a histórica redução dos ICMS estaduais, que colocaram o preço da gasolina abaixo da média de 167 países, mas, como você já está paquerando o ladrão, um forte abraço!",nao,544 Replies. Reply,3717 reposts. Repost,27375 Likes. Like,,
1554218898555379717,https://x.com/i/web/status/1554218898555379717,Jair M. Bolsonaro,@jairbolsonaro,2022-08-01T21:33:56.000Z,"- Com essas ações, por exemplo, hoje é possível negociar um veículo diretamente pelo celular sem burocracias de cartórios, que tanto atrapalham a vida dos brasileiros. Ficou mais simples do que a reunião da sua turma pra fazer uma piada que não ofenda ninguém, a não ser cristãos.",nao,241 Replies. Reply,3554 reposts. Repost,26911 Likes. Like,,
1554218896080752644,https://x.com/i/web/status/1554218896080752644,Jair M. Bolsonaro,@jairbolsonaro,2022-08-01T21:33:55.000Z,"- Além disso, muitas outras medidas promovidas nos últimos anos levaram alívio para homens e mulheres que dirigem, independente de suas situações amorosas. A validade da CNH, por exemplo, passou de 5 para 10 anos, economizando o precioso tempo, a energia e o dinheiro das pessoas.",nao,89 Replies. Reply,2306 reposts. Repost,17899 Likes. Like,,
1554218893253779456,https://x.com/i/web/status/1554218893253779456,Jair M. Bolsonaro,@jairbolsonaro,2022-08-01T21:33:54.000Z,"- No caso dos carros, a redução foi ampliada de 18% (ato anterior) para 24,75%. A medida contempla ainda itens como motos, bikes, TVs, celulares, computadores, etc. Até tablets terão redução (não se ofenda e nem ache que estou tentando te diminuir, não é nada pessoal kkkkkkkk).",nao,299 Replies. Reply,3007 reposts. Repost,22081 Likes. Like,,
1554218890103758854,https://x.com/i/web/status/1554218890103758854,Jair M. Bolsonaro,@jairbolsonaro,2022-08-01T21:33:54.000Z,"- Boa piada, Tablet. Falando em carro,  publicamos nosso decreto que reduz o IPI (IMPOSTO) sobre mais de 4000 itens, incluindo automóveis. O bom dessa medida, é que ela não contempla apenas aqueles que você diz me apoiarem, mas a todos, inclusive os cornos com a sua ideologia. 
x.com/antoniotabet/s
…",nao,4048 Replies. Reply,10215 reposts. Repost,58098 Likes. Like,,
1553726684553158657,https://x.com/i/web/status/1553726684553158657,Jair M. Bolsonaro,@jairbolsonaro,2022-07-31T12:58:03.000Z,"-O novo ato reduz a alíquota do IPI para carros, que passa de 18% para 24,75%.

-A iniciativa traz mais reflexos positivos no Produto Interno Bruto (PIB), com a redução do custo Brasil, ampliação da competitividade da indústria, com menos impostos, aumento da produção e empregos.",nao,942 Replies. Reply,3765 reposts. Repost,23242 Likes. Like,,
1553726682447618048,https://x.com/i/web/status/1553726682447618048,Jair M. Bolsonaro,@jairbolsonaro,2022-07-31T12:58:02.000Z,"-Governo Federal publica novo decreto para redução de 35% do IPI, valendo para mais de 4000 produtos produzidos no 

-Etrodomésticos, carros, motocicletas, bicicletas, TVs, celulares, aparelhos de ar-condicionado, equipamentos de ginástica, calçados e computadores, por exemplo.",nao,3667 Replies. Reply,10012 reposts. Repost,50074 Likes. Like,,
1553514506361397248,https://x.com/i/web/status/1553514506361397248,Jair M. Bolsonaro,@jairbolsonaro,2022-07-30T22:54:55.000Z,"- Atualização diária realizada com mais informações em nosso canal no Telegram: 
t.me/jairbolsonarob
…",nao,264 Replies. Reply,2167 reposts. Repost,10492 Likes. Like,,
1553447693573410817,https://x.com/i/web/status/1553447693573410817,Jair M. Bolsonaro,@jairbolsonaro,2022-07-30T18:29:26.000Z,"TRANSPOSIÇÃO DO RIO SÃO FRANCISCO: Mais exemplos surgindo do Sertão Nordestino ganhando vida, produção e renda ao agricultor.",nao,1977 Replies. Reply,7226 reposts. Repost,31621 Likes. Like,,
1553329026458058754,https://x.com/i/web/status/1553329026458058754,Jair M. Bolsonaro,@jairbolsonaro,2022-07-30T10:37:54.000Z,"- A empresa já havia registrado em 2021 o maior volume da história, movimentando 64 bilhões de TKU. O resultado foi impulsionado pelo fluxo de MT, onde cresceu 3,7%, transportando 20 milhões de ton úteis.

- Empregos, menos custos, crescimento do país e logística de transporte.",nao,186 Replies. Reply,2422 reposts. Repost,13858 Likes. Like,,
1553329024994361346,https://x.com/i/web/status/1553329024994361346,Jair M. Bolsonaro,@jairbolsonaro,2022-07-30T10:37:53.000Z,"- O modelo representa aumento de aproximadamente 50% de capacidade em relação aos trens que circulavam com 80 vagões. Com 11.500 ton úteis a bordo de cada composição, a operação registrou volume mensal histórico com + de 5,5 bi de TKU (ton/Km útil) movimentadas na Operação Norte.",nao,178 Replies. Reply,2962 reposts. Repost,16263 Likes. Like,,
1553329021370486784,https://x.com/i/web/status/1553329021370486784,Jair M. Bolsonaro,@jairbolsonaro,2022-07-30T10:37:52.000Z,"- Trens com 120 vagões e 2,2 kms de extensão começam a operar no .

- Aumento da capacidade e a eficiência das operações no principal corredor do agronegócio brasileiro — que conecta o município de Rondonópolis (MT) até o Porto de Santos.",nao,1290 Replies. Reply,7608 reposts. Repost,31421 Likes. Like,,
1553159595761303553,https://x.com/i/web/status/1553159595761303553,Jair M. Bolsonaro,@jairbolsonaro,2022-07-29T23:24:38.000Z,- Goiânia / GO (29/07/2022),nao,1694 Replies. Reply,6773 reposts. Repost,30713 Likes. Like,,
1553097798802964485,https://x.com/i/web/status/1553097798802964485,Jair M. Bolsonaro,@jairbolsonaro,2022-07-29T19:19:05.000Z,- Transposição do Rio São Francisco transformando a vida do Paraibano (São José de Piranhas) / julho de 2022.,nao,1523 Replies. Reply,6936 reposts. Repost,27730 Likes. Like,,
1552970853452759042,https://x.com/i/web/status/1552970853452759042,Jair M. Bolsonaro,@jairbolsonaro,2022-07-29T10:54:38.000Z,"- A região interessa, inclusive, ao crime organizado, que enxerga em localidades onde o Estado tem dificuldade para penetrar uma ocasião para o roubo e o tráfico de drogas. Asfaltar a BR319 não é somente uma questão de infraestrutura, mas de soberania nacional e combate ao crime.",nao,320 Replies. Reply,3699 reposts. Repost,19343 Likes. Like,,
1552970851703787520,https://x.com/i/web/status/1552970851703787520,Jair M. Bolsonaro,@jairbolsonaro,2022-07-29T10:54:38.000Z,"- Muitos grupos internacionais incentivaram esse descaso na região. Interessa a muitos que a Amazônia, com os mais de 20 milhões de brasileiros que nela vivem, seja uma região isolada do resto do nosso Brasil.",nao,305 Replies. Reply,3940 reposts. Repost,21052 Likes. Like,,
1552970848482598912,https://x.com/i/web/status/1552970848482598912,Jair M. Bolsonaro,@jairbolsonaro,2022-07-29T10:54:37.000Z,"- Os brasileiros já haviam se acostumado com carros e caminhões atolando na BR319, que liga Porto Velho-RO a Manaus-AM. Esse tempo, felizmente, está chegando ao fim. O IBAMA deu licença prévia à nossa iniciativa de asfaltar os 405 km restantes da rodovia, abandonados há 30 anos!",nao,1600 Replies. Reply,9898 reposts. Repost,39958 Likes. Like,,
1552852612910915584,https://x.com/i/web/status/1552852612910915584,Jair M. Bolsonaro,@jairbolsonaro,2022-07-29T03:04:48.000Z,"- If I defend less transparency in elections, finance communist dictatorships in Latin America, maintain outrageous dialogues with drug trafficking, and try to control the media, will I be called a democrat? Or in fact, doesn’t that not depend on what one says, but on which side you’re on?",nao,4491 Replies. Reply,14871 reposts. Repost,67829 Likes. Like,,
1552845689461379074,https://x.com/i/web/status/1552845689461379074,Jair M. Bolsonaro,@jairbolsonaro,2022-07-29T02:37:17.000Z,"- MANIFESTO LETTER IN FAVOR OF DEMOCRACY

""Through this, I declare that I am in favor of democracy.""

Signed: Jair Messias Bolsonaro, President of the Federative Republic of Brazil.",nao,17033 Replies. Reply,30060 reposts. Repost,108657 Likes. Like,,
1552827455286743042,https://x.com/i/web/status/1552827455286743042,Jair M. Bolsonaro,@jairbolsonaro,2022-07-29T01:24:50.000Z,"- Obs: Não sei como os tiktoks fazem isso, mas agradeço mesmo assim pela audiência.

. Nosso canal no TikTok: 
vm.tiktok.com/ZMN4cUA59/",nao,321 Replies. Reply,1984 reposts. Repost,13279 Likes. Like,,
1552827448785616897,https://x.com/i/web/status/1552827448785616897,Jair M. Bolsonaro,@jairbolsonaro,2022-07-29T01:24:48.000Z,"- 28/07, dia do Agricultor. Nossa consideração àqueles que trabalham pesado para colocar comida na mesa dos brasileiros, que não param nem em tempos de crise, que vêm nos ajudando a alimentar o mundo e a recuperar nossa economia. O Brasil deve muito a vocês!",nao,579 Replies. Reply,4362 reposts. Repost,25255 Likes. Like,,
1552757572754518017,https://x.com/i/web/status/1552757572754518017,Jair M. Bolsonaro,@jairbolsonaro,2022-07-28T20:47:08.000Z,"- Em outras palavras, nós recebemos uma terra arrasada pelo descondenado e seus capangas e transformamos em adubo todos os cocôs que fizeram. Por isso as estatais que davam prejuízo hoje dão lucro, as obras que foram abandonadas são concluídas e só o Brasil está em uma crescente.",nao,405 Replies. Reply,4214 reposts. Repost,21129 Likes. Like,,
1552757569948614656,https://x.com/i/web/status/1552757569948614656,Jair M. Bolsonaro,@jairbolsonaro,2022-07-28T20:47:08.000Z,"- É por isso que chegamos a mais um mês com saldo positivo (+278 mil novos postos de trabalho em Junho, segundo o CAGED) e mais de 1 milhão e 334 mil empregos gerados somente em 2022. Por isso que pela 1a vez desde a recessão causada pelo PT o desemprego está abaixo de 2 dígitos.",nao,257 Replies. Reply,4212 reposts. Repost,22260 Likes. Like,,
1552757567113273344,https://x.com/i/web/status/1552757567113273344,Jair M. Bolsonaro,@jairbolsonaro,2022-07-28T20:47:07.000Z,"- Assim como um agricultor não gera os frutos, mas cuida do solo para que seja fértil e produtivo, um Presidente não cria empregos, mas trabalha para tornar o ambiente fértil e favorável para a iniciativa privada, que é quem realmente gera. É exatamente isso que estamos fazendo.",nao,1719 Replies. Reply,8851 reposts. Repost,45352 Likes. Like,,
1552637894241705985,https://x.com/i/web/status/1552637894241705985,Jair M. Bolsonaro,@jairbolsonaro,2022-07-28T12:51:35.000Z,"- Com mais de 370 mil títulos de terra entregues desde 2019, alcançando patamar histórico, os trabalhadores passam não somente a ter seu pedaço de terra para produzir, mas incentivos do Governo Federal para aumento de renda.",nao,207 Replies. Reply,2725 reposts. Repost,14270 Likes. Like,,
1552637892492771328,https://x.com/i/web/status/1552637892492771328,Jair M. Bolsonaro,@jairbolsonaro,2022-07-28T12:51:34.000Z,"- Em contrapartida os produtores assumem obrigações como assegurar preços mínimos, capacitação e assistência técnica aos agricultores familiares.",nao,98 Replies. Reply,2214 reposts. Repost,14064 Likes. Like,,
1552637890659852290,https://x.com/i/web/status/1552637890659852290,Jair M. Bolsonaro,@jairbolsonaro,2022-07-28T12:51:34.000Z,- AGRICULTURA FAMILIAR: Selo é dado aos produtores de biodiesel do Brasil que compram matéria-prima dos agricultores familiares e garante redução em alíquotas de impostos.,nao,637 Replies. Reply,5175 reposts. Repost,29412 Likes. Like,,
1552295156241600514,https://x.com/i/web/status/1552295156241600514,Jair M. Bolsonaro,@jairbolsonaro,2022-07-27T14:09:40.000Z,- Parabéns a todos os motociclistas e entusiastas do Brasil pelo seu dia. Moto é uma forma de expressão da liberdade sobre duas rodas. ,nao,1586 Replies. Reply,5737 reposts. Repost,38463 Likes. Like,,
1552274566269079552,https://x.com/i/web/status/1552274566269079552,Jair M. Bolsonaro,@jairbolsonaro,2022-07-27T12:47:51.000Z,"- Em 2019 as restrições já haviam sido mitigadas, com uma cota que nos permitia exportar 3.5 milhões de toneladas sem taxas adicionais, e agora medidas de proteção comercial foram retiradas, possibilitando o fortalecimento da siderurgia nacional, que exporta mais de US$7 bilhões.",nao,188 Replies. Reply,2622 reposts. Repost,15546 Likes. Like,,
1552274564692021249,https://x.com/i/web/status/1552274564692021249,Jair M. Bolsonaro,@jairbolsonaro,2022-07-27T12:47:50.000Z,"- A decisão foi tomada cerca de um mês após nossa primeira reunião bilateral com o Preside Joe Biden, quando o assunto foi amplamente discutido. Com a nova regra, os EUA deixarão de cobrar taxas adicionais de até 46% na importação dos produtos de aco laminado a frio.",nao,164 Replies. Reply,3153 reposts. Repost,18783 Likes. Like,,
1552274562888376323,https://x.com/i/web/status/1552274562888376323,Jair M. Bolsonaro,@jairbolsonaro,2022-07-27T12:47:50.000Z,"- Em mais uma demonstração de que a narrativa sobre o isolamento internacional do Brasil é falsa, os EUA anunciaram a revogação de medidas restritivas contra a importação do aço brasileiro. A revogação é exclusiva para o Brasil e as restrições seguirão valendo para outros países.",nao,1474 Replies. Reply,8737 reposts. Repost,43599 Likes. Like,,
1552095229683146759,https://x.com/i/web/status/1552095229683146759,Jair M. Bolsonaro,@jairbolsonaro,2022-07-27T00:55:13.000Z,"- É com esse espírito que aceitamos a missão de seguir lutando e trabalhando, para cada vez mais transformar em realidade o que diziam ser impossível, e mostrar ao mundo que este país é capaz, sim, de se tornar uma grande potência, à altura daquilo que nosso povo sempre sonhou!",nao,1147 Replies. Reply,5094 reposts. Repost,26133 Likes. Like,,
1552095221684621317,https://x.com/i/web/status/1552095221684621317,Jair M. Bolsonaro,@jairbolsonaro,2022-07-27T00:55:12.000Z,"- Sabemos que os últimos anos foram cansativos, que muitos, bombardeados com narrativas e perseguições, perderam a esperança, se entregando à falsa ideia de que não vale a pena lutar, mas como disse Martin Luther King: ""para que o mal triunfe, basta que os bons não façam nada"".",nao,420 Replies. Reply,4992 reposts. Repost,25565 Likes. Like,,
1552095219885264897,https://x.com/i/web/status/1552095219885264897,Jair M. Bolsonaro,@jairbolsonaro,2022-07-27T00:55:11.000Z,"- Obviamente, aqueles que se beneficiavam com velhas práticas oferecem dura resistência a essas mudanças, e incapazes de negar a sua eficácia, tentam vencer pelo cansaço. Mas se os maus não desistem de se apossar do país, os bons não podem desistir de lutar para protegê-lo.",nao,171 Replies. Reply,3513 reposts. Repost,18053 Likes. Like,,
1552095218073206785,https://x.com/i/web/status/1552095218073206785,Jair M. Bolsonaro,@jairbolsonaro,2022-07-27T00:55:11.000Z,- Tornamos realidade aquilo que fizeram nosso povo acreditar ser impossível: hoje obras são concluídas antes do prazo; estatais não dão mais prejuízos; empresas são abertas em até 2 dias; pagamentos são feitos sem dar bilhões aos bancos e impostos são frequentemente reduzidos.,nao,103 Replies. Reply,3084 reposts. Repost,15530 Likes. Like,,
1552095216269725699,https://x.com/i/web/status/1552095216269725699,Jair M. Bolsonaro,@jairbolsonaro,2022-07-27T00:55:10.000Z,"- Mais do que fértil, tornamos essa terra mais produtiva e sustentável, oferecendo um ambiente mais atraente, com maior perspectiva e segurança para aqueles que aqui querem produzir, e possibilitando cada vez mais a geração de empregos e de riqueza para os cidadãos brasileiros.",nao,72 Replies. Reply,2796 reposts. Repost,14626 Likes. Like,,
1552095214529126400,https://x.com/i/web/status/1552095214529126400,Jair M. Bolsonaro,@jairbolsonaro,2022-07-27T00:55:10.000Z,"- Apesar das dificuldades que trouxeram, essas tempestades não serão capazes de destruir a colheita dos frutos da prosperidade que plantamos com grande esforço na terra arrasada que encontramos em 2019, pois criamos as condições necessárias para torná-la fértil novamente.",nao,92 Replies. Reply,2817 reposts. Repost,14774 Likes. Like,,
1552095212830441474,https://x.com/i/web/status/1552095212830441474,Jair M. Bolsonaro,@jairbolsonaro,2022-07-27T00:55:09.000Z,"- Todos esses problemas foram reduzidos de forma histórica, e os avanços seriam ainda maiores não fossem os obstáculos alheios às nossas vontades que surgiram pelo caminho e que atingiram o mundo inteiro, como o maior desastre sanitário do século XXI e a guerra no leste europeu.",nao,74 Replies. Reply,2525 reposts. Repost,13342 Likes. Like,,
1552095211081326592,https://x.com/i/web/status/1552095211081326592,Jair M. Bolsonaro,@jairbolsonaro,2022-07-27T00:55:09.000Z,"- O caminho que escolhemos pode ter sido o menos vantajoso p/ quem deseja a simpatia e o apoio dos maus, mas foi o ponto de partida para libertar nosso povo de tudo aquilo que sempre o sufocou: o socialismo, a violência, a burocracia, os altos impostos e a corrupção generalizada.",nao,105 Replies. Reply,2905 reposts. Repost,14445 Likes. Like,,
1552095209244196871,https://x.com/i/web/status/1552095209244196871,Jair M. Bolsonaro,@jairbolsonaro,2022-07-27T00:55:09.000Z,"- Talvez essas pessoas não lembram, mas quando ingressei em nossas gloriosas Forças Armadas, firmei um compromisso diante da bandeira verde e amarela, jurando defender a nossa Pátria amada com o sacrifício de minha própria vida. Esse juramento não tem prazo de validade!",nao,180 Replies. Reply,3157 reposts. Repost,15477 Likes. Like,,
1552095207415488512,https://x.com/i/web/status/1552095207415488512,Jair M. Bolsonaro,@jairbolsonaro,2022-07-27T00:55:08.000Z,"- Não são poucos os que tentam nos convencer de que não vale a pena lutar por um ideal e que o Brasil nunca irá mudar. Alguns chegam a usar a tentativa de assassinato que sofri para tentar me convencer de que é melhor deixar para lá, de que não vale a pena mexer com peixe grande.",nao,172 Replies. Reply,3124 reposts. Repost,15779 Likes. Like,,
1552095205603659776,https://x.com/i/web/status/1552095205603659776,Jair M. Bolsonaro,@jairbolsonaro,2022-07-27T00:55:08.000Z,"- It would be easier, as others have done, to give part of the press what it has always wanted in exchange for caresses and praise for me and for my government. But I chose to ""only"" defend your freedom for free, something that has no value only for those who have the slightest appreciation for it.",nao,100 Replies. Reply,2947 reposts. Repost,14644 Likes. Like,,
1552095203699425282,https://x.com/i/web/status/1552095203699425282,Jair M. Bolsonaro,@jairbolsonaro,2022-07-27T00:55:07.000Z,"- Seria muito mais fácil ceder às muitas pressões que recebo em troca de uma falsa paz e de uma bela biografia, mas escolhi ser fiel àqueles que em mim confiaram. Escolhi não condenar o Brasil e os brasileiros ao mesmo ciclo cruel de exploração que nos dominava no passado.",nao,331 Replies. Reply,4094 reposts. Repost,19345 Likes. Like,,
1552095201933524998,https://x.com/i/web/status/1552095201933524998,Jair M. Bolsonaro,@jairbolsonaro,2022-07-27T00:55:07.000Z,"- Esse ciclo foi quebrado após vencermos em 2018. Pela 1a vez na história, um governo foi montado de forma independente e técnica, o que deu aos nossos ministros e presidentes de estatais e bancos autonomia para trabalhar não mais por grupos políticos, mas pelo bem de nosso povo.",nao,150 Replies. Reply,3172 reposts. Repost,15241 Likes. Like,,
1552095200222351361,https://x.com/i/web/status/1552095200222351361,Jair M. Bolsonaro,@jairbolsonaro,2022-07-27T00:55:06.000Z,"- Por conta desse modelo nefasto, antes mesmo de assumirem, os governos já tinham se comprometido com causas obscuras, alheias aos anseios do povo. Ao invés de trabalhar na busca de soluções para os problemas reais do Brasil, se ocupavam na busca de atender aos conchavos.",nao,80 Replies. Reply,2387 reposts. Repost,12428 Likes. Like,,
1552095198469136384,https://x.com/i/web/status/1552095198469136384,Jair M. Bolsonaro,@jairbolsonaro,2022-07-27T00:55:06.000Z,"- Como revelaram os próprios integrantes do maior esquema de corrupção de nossa história, não se fazia um só acordo sem propina; não se realizava uma obra sem antes negociar vantagens ilícitas; não se fazia campanha sem lotear cargos e ministérios previamente. Assim era o Brasil.",nao,160 Replies. Reply,3228 reposts. Repost,14527 Likes. Like,,
1552095196132827138,https://x.com/i/web/status/1552095196132827138,Jair M. Bolsonaro,@jairbolsonaro,2022-07-27T00:55:05.000Z,"- Os que hoje tentam voltar ao poder já tiveram uma chance, mas ao invés de cumprir a honrosa missão de servir aos interesses do povo, preferiram se servir do povo em prol de seus próprios interesses, promovendo a ideia equivocada de que só existia uma maneira de governar o país.",nao,145 Replies. Reply,2843 reposts. Repost,13809 Likes. Like,,
1552095194253852677,https://x.com/i/web/status/1552095194253852677,Jair M. Bolsonaro,@jairbolsonaro,2022-07-27T00:55:05.000Z,"- Está escrito há 2 mil anos: ""Todo reino dividido contra si mesmo será arruinado, e toda cidade ou casa dividida contra si mesma não subsistirá"". Mateus 12:25

Por décadas tentaram nos dividir de todas as formas, e a consequência para o Brasil foi a sua quase total destruição.",nao,225 Replies. Reply,3330 reposts. Repost,15610 Likes. Like,,
1552095192035086336,https://x.com/i/web/status/1552095192035086336,Jair M. Bolsonaro,@jairbolsonaro,2022-07-27T00:55:04.000Z,"Somos um só povo, uma só nação. Entre nós não há essa ou aquela cor; não há esse ou aquele sexo; não há essa ou aquela classe social. Entre nós há brasileiros, que temem a Deus, que defendem a nossa Pátria amada chamada Brasil, que respeitam a família e que amam a liberdade!",nao,4120 Replies. Reply,15092 reposts. Repost,69795 Likes. Like,,
1551872328161759233,https://x.com/i/web/status/1551872328161759233,Jair M. Bolsonaro,@jairbolsonaro,2022-07-26T10:09:30.000Z,"- Saiba mais informações sobre este e outros assuntos em nosso canal no Telegram: 
t.me/jairbolsonarob
…",nao,228 Replies. Reply,1686 reposts. Repost,8631 Likes. Like,,
1551872293395206146,https://x.com/i/web/status/1551872293395206146,Jair M. Bolsonaro,@jairbolsonaro,2022-07-26T10:09:21.000Z,- As inscrições para o Fundo de Financiamento Estudantil (Fies) serão realizadas entre os dias 9 e 12 de agosto. Já a complementação das inscrições ocorrerá entre os dias 27 e 29 de julho.,nao,180 Replies. Reply,2476 reposts. Repost,14627 Likes. Like,,
1551872291654565891,https://x.com/i/web/status/1551872291654565891,Jair M. Bolsonaro,@jairbolsonaro,2022-07-26T10:09:21.000Z,"- Teto do financiamento para o curso de medicina aumentou em mais de 20%, em 2022.
 
- Os cursos da área receberam um implemento de 22,8% e passarão do atual valor, R$ 42.983,70, para R$ 52.805,66. O teto do financiamento dos demais cursos permanece no valor de R$ 42.983,70.",nao,846 Replies. Reply,5121 reposts. Repost,28620 Likes. Like,,
1551495640978432000,https://x.com/i/web/status/1551495640978432000,Jair M. Bolsonaro,@jairbolsonaro,2022-07-25T09:12:40.000Z,"12- Aeroporto de Altamira (PA);
13- Aeroporto Ten. Cel. Aviador César Bombonato, em Uberlândia (MG);
14- Aeroporto Mário Ribeiro, em Montes Claros (MG);
Aeroporto Mario de Almeida Franco, em Uberaba (MG).",nao,214 Replies. Reply,2178 reposts. Repost,12592 Likes. Like,,
1551495639355228171,https://x.com/i/web/status/1551495639355228171,Jair M. Bolsonaro,@jairbolsonaro,2022-07-25T09:12:40.000Z,"9- Aeroporto Maestro Wilson Fonseca, em Santarém (PA);
10- Aeroporto João Corrêa da Rocha, em Marabá (PA);
11- Aeroporto Carajás, em Parauapebas (PA);",nao,108 Replies. Reply,2213 reposts. Repost,13184 Likes. Like,,
1551495637656633345,https://x.com/i/web/status/1551495637656633345,Jair M. Bolsonaro,@jairbolsonaro,2022-07-25T09:12:40.000Z,"4- Aeroporto Internacional Alberto Alcolumbre, em Macapá (AP);

. Bloco SP/MS/PA/MG:

5- Aeroporto de Congonhas, em São Paulo (SP);
6- Aeroporto de Campo Grande (MS);
7- Aeroporto de Corumbá (MS);
8- Aeroporto Internacional de Ponta Porã (MS);",nao,57 Replies. Reply,1411 reposts. Repost,7965 Likes. Like,,
1551495635941081089,https://x.com/i/web/status/1551495635941081089,Jair M. Bolsonaro,@jairbolsonaro,2022-07-25T09:12:39.000Z,". Bloco Aviação Geral:

1- Aeroporto Campo de Marte, em São Paulo (SP);
2- Aeroporto de Jacarepaguá - Roberto Marinho, no Rio de Janeiro (RJ);

. Bloco Norte II:

3- Aeroporto Internacional Val-de-Cans - Júlio Cezar Ribeiro, em Belém (PA);",nao,59 Respostas. Resposta,1543 reposts. Repost,7961 Curtidas. Curtida,,
1551495633999216641,https://x.com/i/web/status/1551495633999216641,Jair M. Bolsonaro,@jairbolsonaro,2022-07-25T09:12:39.000Z,"- A sétima rodada de concessões de aeroportos está chegando e serão mais infraestrutura, desenvolvimento regional e empregos diretos e indiretos, trazendo modernização do setor nos próximos anos para a aviação regional

- Serão leiloados 15 aeroportos, agrupados em 3 blocos:",nao,1201 Respostas. Resposta,6562 reposts. Repost,36473 Curtidas. Curtida,,
1551237923617574913,https://x.com/i/web/status/1551237923617574913,Jair M. Bolsonaro,@jairbolsonaro,2022-07-24T16:08:36.000Z,"- Transposição do Rio São Francisco, esperada há décadas e finalmente tendo sido finalizada, já traz benéficos para o pequeno produtor no sertão do Ceará, em ICÓ.",nao,1410 Respostas. Resposta,7692 reposts. Repost,36859 Curtidas. Curtida,,
1551167824055472128,https://x.com/i/web/status/1551167824055472128,Jair M. Bolsonaro,@jairbolsonaro,2022-07-24T11:30:03.000Z,"- Além do exposto, a legislação aprovada nesses últimos 3 anos, agilizando a venda de bens oriundos do tráfico, está garantindo mais recursos às Forças de Segurança para ações de inteligência e material para esses honrados homens da lei.",nao,269 Respostas. Resposta,2842 reposts. Repost,17258 Curtidas. Curtida,,
1551167821182287872,https://x.com/i/web/status/1551167821182287872,Jair M. Bolsonaro,@jairbolsonaro,2022-07-24T11:30:02.000Z,"-Nos últimos dias, em Jataí(GO), foi realizada pela PRF a maior apreensão de maconha do ano no estado:

. 8 toneladas do entorpecente!

- Os recordes de apreensão de drogas são um golpe nas almas do crime organizados, além de salvar vidas e famílias deste mal.",nao,945 Respostas. Resposta,5886 reposts. Repost,29986 Curtidas. Curtida,,
1551027030564782082,https://x.com/i/web/status/1551027030564782082,Jair M. Bolsonaro,@jairbolsonaro,2022-07-24T02:10:35.000Z,"- 
@Astro_Pontes
 (Astronauta Marcos Pontes) e o respeito de outros países com a Bandeira do Brasil.",nao,1022 Respostas. Resposta,6613 reposts. Repost,29202 Curtidas. Curtida,,
1550986945492287490,https://x.com/i/web/status/1550986945492287490,Jair M. Bolsonaro,@jairbolsonaro,2022-07-23T23:31:18.000Z,"- Obrigado Capixabas!
- Um forte abraço, Espírito Santo! (23/07/2022)",nao,2341 Respostas. Resposta,10746 reposts. Repost,58084 Curtidas. Curtida,,
1550904772693213186,https://x.com/i/web/status/1550904772693213186,Jair M. Bolsonaro,@jairbolsonaro,2022-07-23T18:04:46.000Z,"- Vitória / Espírito Santo (23/07/2022).
- Obrigado a todos pela consideração!
- PR Jair Bolsonaro",nao,2007 Respostas. Resposta,10344 reposts. Repost,43884 Curtidas. Curtida,,
1550870078274605057,https://x.com/i/web/status/1550870078274605057,Jair M. Bolsonaro,@jairbolsonaro,2022-07-23T15:46:55.000Z,- Vitória / Espírito Santo (23/07/2022).,nao,1084 Respostas. Resposta,6464 reposts. Repost,29592 Curtidas. Curtida,,
1550788649649950724,https://x.com/i/web/status/1550788649649950724,Jair M. Bolsonaro,@jairbolsonaro,2022-07-23T10:23:20.000Z,"- O AgroResidência tem o propósito de apoiar a formação de profissionais capacitados, favorecendo a sua inserção no mercado de trabalho e contribuindo para o desenvolvimento do agronegócio brasileiro.",nao,161 Respostas. Resposta,2312 reposts. Repost,14214 Curtidas. Curtida,,
1550788648102133760,https://x.com/i/web/status/1550788648102133760,Jair M. Bolsonaro,@jairbolsonaro,2022-07-23T10:23:20.000Z,"- Em uma fazenda localizada no município de Nossa Senhora da Glória, em Sergipe, a jovem Nataline Araújo acompanha atividades de manejo e coloca em prática o conhecimento adquirido na faculdade de engenharia agronômica.",nao,129 Respostas. Resposta,2427 reposts. Repost,15412 Curtidas. Curtida,,
1550788645292068866,https://x.com/i/web/status/1550788645292068866,Jair M. Bolsonaro,@jairbolsonaro,2022-07-23T10:23:19.000Z,"- Programa lançado pelo Governo Federal: a AgroResidência capacita estudantes para o mercado de trabalho.

- Os alunos praticam dentro das funções ligadas à formação profissional, sob supervisão e acompanhamento de profissional técnico habilitado com formação na área de atuação.",nao,676 Respostas. Resposta,5240 reposts. Repost,24737 Curtidas. Curtida,,
1550598495165468673,https://x.com/i/web/status/1550598495165468673,Jair M. Bolsonaro,@jairbolsonaro,2022-07-22T21:47:44.000Z,- Visita à posto de combustível no DF.,nao,1586 Respostas. Resposta,6676 reposts. Repost,35937 Curtidas. Curtida,,
1550415516463861760,https://x.com/i/web/status/1550415516463861760,Jair M. Bolsonaro,@jairbolsonaro,2022-07-22T09:40:39.000Z,- Ações realizadas com o objetivo de consolidar a viabilidade econômica local começam a transformar as condições de vida das famílias.,nao,268 Respostas. Resposta,3037 reposts. Repost,19704 Curtidas. Curtida,,
1550415511757852672,https://x.com/i/web/status/1550415511757852672,Jair M. Bolsonaro,@jairbolsonaro,2022-07-22T09:40:37.000Z,"- Quem percorre áreas da reforma agrária percebe a transformação ocorrida nos últimos anos, resultado da implementação de novos processos produtivos ou do desenvolvimento de projetos empreendedores nos assentamentos.",nao,212 Respostas. Resposta,3184 reposts. Repost,20344 Curtidas. Curtida,,
1550415504866545664,https://x.com/i/web/status/1550415504866545664,Jair M. Bolsonaro,@jairbolsonaro,2022-07-22T09:40:36.000Z,"- Além do recorde histórico de mais de 360.000 títulos de propriedade de terra entregues pelo Brasil, a regularização traz a possibilidade de entrada do agricultor nos programas do Governo Federal para desenvolvimento de produção e renda.",nao,1241 Respostas. Resposta,7510 reposts. Repost,39455 Curtidas. Curtida,,
1550098635957968898,https://x.com/i/web/status/1550098635957968898,Jair M. Bolsonaro,@jairbolsonaro,2022-07-21T12:41:28.000Z,"- Divergir é discordar de perspectivas, partindo do princípio de que desejamos a mesma coisa. Ser considerado antagônico de um corrupto condenado, responsável pelo maior esquema de assalto da história do país, cuja conta o povo está pagando até hoje, pra mim é motivo de orgulho!",nao,4030 Respostas. Resposta,10172 reposts. Repost,52262 Curtidas. Curtida,,
1550064122288607232,https://x.com/i/web/status/1550064122288607232,Jair M. Bolsonaro,@jairbolsonaro,2022-07-21T10:24:20.000Z,"- Após reduzirmos tarifas de milhares de produtos, concluirmos inúmeros acordos de facilitação de comércio, e fecharmos importantes acordos comerciais, estamos mostrando mais uma vez nossa disposição e capacidade de abrir a nossa economia e de buscar comércio com o mundo todo.",nao,396 Respostas. Resposta,3538 reposts. Repost,19270 Curtidas. Curtida,,
1550064120929701888,https://x.com/i/web/status/1550064120929701888,Jair M. Bolsonaro,@jairbolsonaro,2022-07-21T10:24:19.000Z,"- Concluímos ontem as negociações do Acordo Mercosul-Singapura, 6° maior destino de nossas exportações e uma das economias mais dinâmicas do mundo. O acordo deve atrair mais de R$11 BILHÕES em investimentos no Brasil e um aumento de R$28 BILHÕES no nosso PIB nas próximas décadas.",nao,1437 Respostas. Resposta,7578 reposts. Repost,38235 Curtidas. Curtida,,
1549960028303622144,https://x.com/i/web/status/1549960028303622144,Jair M. Bolsonaro,@jairbolsonaro,2022-07-21T03:30:42.000Z,"- ""Tamo junto"", PQD! Um forte abraço de seu eterno amigo, Jair Bolsonaro! Selva! ",nao,48 Respostas. Resposta,172 reposts. Repost,2022 Curtidas. Curtida,,
1549933115870674944,https://x.com/i/web/status/1549933115870674944,Jair M. Bolsonaro,@jairbolsonaro,2022-07-21T01:43:45.000Z,- Dia do amigo . Obrigado! Boa noite a todos!,nao,1851 Respostas. Resposta,4970 reposts. Repost,32880 Curtidas. Curtida,,
1549927123330240512,https://x.com/i/web/status/1549927123330240512,Jair M. Bolsonaro,@jairbolsonaro,2022-07-21T01:19:57.000Z,- Cavalos e ratinhos. .,nao,42 Respostas. Resposta,241 reposts. Repost,2475 Curtidas. Curtida,,
1549903691561537541,https://x.com/i/web/status/1549903691561537541,Jair M. Bolsonaro,@jairbolsonaro,2022-07-20T23:22:18.000Z,"- Se isso aqui é divergência, a polícia tem 'discordâncias' com assaltantes.",nao,1243 Respostas. Resposta,4911 reposts. Repost,19256 Curtidas. Curtida,,
1549895531446632448,https://x.com/i/web/status/1549895531446632448,Jair M. Bolsonaro,@jairbolsonaro,2022-07-20T23:14:25.000Z,- Ser moderado exige ouvir todos os lados. Ouçam o outro lado:,nao,1996 Replies. Reply,9121 reposts. Repost,33076 Likes. Like,,
1549858401714421760,https://x.com/i/web/status/1549858401714421760,Jair M. Bolsonaro,@jairbolsonaro,2022-07-20T20:46:52.000Z,"- Então militantes e parlamentares de esquerda, como suprademocráticos que são, estavam adquirindo ingressos do nosso evento, que ocorrerá dia 24 no Rio de Janeiro, para não comparecer e esvaziá-lo? Será que é isso que estão fazendo nos atos públicos do descondenado? Kkkkkkk .",nao,6003 Replies. Reply,13019 reposts. Repost,70309 Likes. Like,,
1549843692806148097,https://x.com/i/web/status/1549843692806148097,Jair M. Bolsonaro,@jairbolsonaro,2022-07-20T19:48:25.000Z,"- Aumento da pena máxima de 30 para 40 anos;
- Coleta obrigatória de perfil genético de condenados por crimes hediondos, facilitando a identificação de reincidentes e elevando a solução de crimes;
- Fim da saída temporária p/ presos que cometem crime hediondo com morte da vítima;",nao,172 Replies. Reply,1799 reposts. Repost,7193 Likes. Like,,
1549836553190576136,https://x.com/i/web/status/1549836553190576136,Jair M. Bolsonaro,@jairbolsonaro,2022-07-20T19:20:03.000Z,"- Transferência de chefões do tráfico para presídios federais, desmantelando o comando;
- Sucessivos recordes de apreensão de drogas e prejuízos ao crime organizado;
- Ampliação do direito à legítima defesa;
- Maior redução e menor índice de homicídios de toda a série histórica;",nao,259 Replies. Reply,1889 reposts. Repost,8856 Likes. Like,,
1549791459636813824,https://x.com/i/web/status/1549791459636813824,Jair M. Bolsonaro,@jairbolsonaro,2022-07-20T16:20:52.000Z,"- Em 2018, o apontado de Lula venceu disparado nos presídios; Em 2019, um líder do ₱₵₵ reclamou de nossa postura para com o grupo e disse que com o ᕵᖶ o diálogo era bem melhor. Não sou eu, mas o próprio crime organizado que demonstra tê-lo como aliado e a mim como inimigo.",nao,3311 Replies. Reply,10482 reposts. Repost,51813 Likes. Like,,
1549704421935906816,https://x.com/i/web/status/1549704421935906816,Jair M. Bolsonaro,@jairbolsonaro,2022-07-20T10:35:00.000Z,"- Em alguns estados o etanol já se encontra abaixo de R$ 4,00 o litro. Outro fator que puxou para baixo o preço foi a concorrência com a gasolina, que teve sua carga tributária também diminuída por lei federal.",nao,381 Replies. Reply,3191 reposts. Repost,18345 Likes. Like,,
1549704420803461121,https://x.com/i/web/status/1549704420803461121,Jair M. Bolsonaro,@jairbolsonaro,2022-07-20T10:35:00.000Z,"- Além dos estados do Nordeste, os mais beneficiados com a queda dos preços são São Paulo, Goiás, Minas Gerais e Mato Grosso do Sul, exatamente por serem os maiores produtores de cana voltada ao etanol.",nao,236 Replies. Reply,3016 reposts. Repost,17499 Likes. Like,,
1549704419620659200,https://x.com/i/web/status/1549704419620659200,Jair M. Bolsonaro,@jairbolsonaro,2022-07-20T10:35:00.000Z,"- A nova redução do preço do etanol hidratado (álcool) nos postos de combustíveis se deve, em grande parte, à Lei 14.292/2022 que permitiu a venda direta das usinas aos postos de combustíveis, eliminando-se a intermediação das distribuidoras.",nao,1395 Replies. Reply,7358 reposts. Repost,37532 Likes. Like,,
1549698992228941825,https://x.com/i/web/status/1549698992228941825,Jair M. Bolsonaro,@jairbolsonaro,2022-07-20T10:13:26.000Z,"-Para mais informações sobre o assunto acesse nosso Telegram: 
t.me/jairbolsonarob
…",nao,167 Replies. Reply,1826 reposts. Repost,9673 Likes. Like,,
1549698991205621760,https://x.com/i/web/status/1549698991205621760,Jair M. Bolsonaro,@jairbolsonaro,2022-07-20T10:13:26.000Z,"-Após constantes reduções que alcançam alimentos, como; arroz, feijão, carne, medicamentos contra à AIDS, câncer, combustíveis entre muitos outros, esta rodada alcança mais medicamentos, equipamentos de cirurgia no coração à distância e etc.",nao,250 Replies. Reply,3271 reposts. Repost,16666 Likes. Like,,
1549698989884317696,https://x.com/i/web/status/1549698989884317696,Jair M. Bolsonaro,@jairbolsonaro,2022-07-20T10:13:25.000Z,"-Mais uma rodada de diminuição de impostos!

-Imposto zerado ou reduzido para 2% a 6,5% de 13 produtos.

-Um dos pleitos aprovados pela Camex zera as alíquotas de importação para medicamentos contendo olaparibe, utilizados no tratamento de cânceres de mama, ovário e próstata.",nao,1383 Replies. Reply,7051 reposts. Repost,32942 Likes. Like,,
1549424682562191368,https://x.com/i/web/status/1549424682562191368,Jair M. Bolsonaro,@jairbolsonaro,2022-07-19T16:03:25.000Z,"- Petrobrás reduz o preço da gasolina:

- A partir de amanhã, 20/julho, o preço médio da gasolina para as distribuidoras passa de R$ 4,06 para R$ 3,86 por litro.

- A redução é de 5,18%. Brevemente o Brasil terá uma das ""gasolina"" mais barata do mundo.",nao,8492 Replies. Reply,17878 reposts. Repost,81383 Likes. Like,,
1549394551776972800,https://x.com/i/web/status/1549394551776972800,Jair M. Bolsonaro,@jairbolsonaro,2022-07-19T14:03:42.000Z,"- Visita de Cortesia - Sr Gurudev Sri Sri Ravi Shankar.
- Sr Suresh Reddy - Embaixador da Índia no Brasil.
- Brasília/DF, 19/Jul/22.",nao,785 Replies. Reply,5550 reposts. Repost,25732 Likes. Like,,
1549381987542204416,https://x.com/i/web/status/1549381987542204416,Jair M. Bolsonaro,@jairbolsonaro,2022-07-19T13:13:46.000Z,"- It is the group practicing coordinated illicit activities, designated by the sixteenth and third letters of the alphabet, missing the group of the cephalopod invertebrate animal belonging to the phylum of mollusks.",nao,1308 Replies. Reply,5967 reposts. Repost,30691 Likes. Like,,
1549377781418655747,https://x.com/i/web/status/1549377781418655747,Jair M. Bolsonaro,@jairbolsonaro,2022-07-19T12:57:03.000Z,"- Leader of the criminal faction [irraaa] complains about Jair Bolsonaro and reveals that with the Party of the [irruuu] the dialogue with organized crime was ""awesome"".",nao,2701 Replies. Reply,19800 reposts. Repost,63083 Likes. Like,,
1549337373095432194,https://x.com/i/web/status/1549337373095432194,Jair M. Bolsonaro,@jairbolsonaro,2022-07-19T10:16:29.000Z,"-Transposição do Rio São Francisco no Ceará (07/2022).
-Cachoeira de Missão Velha / Rio Salgado.",nao,1471 Replies. Reply,6807 reposts. Repost,31782 Likes. Like,,
