id,url,autor_nome,autor_handle,data,texto,eh_resposta,respostas,retweets,curtidas,visualizacoes,erro
1619827714516725760,https://x.com/i/web/status/1619827714516725760,Ciro Gomes,@cirogomes,2023-01-29T22:39:56.000Z,"Feliz aniversário para a querida Miguelina Vecchio, vice-presidente nacional do PDT e presidente da Ação da Mulher Trabalhista. É grande exemplo de luta e coragem! ",nao,90 Replies. Reply,119 reposts. Repost,1548 Likes. Like,"77K
 Views",
1619086313306886148,https://x.com/i/web/status/1619086313306886148,Ciro Gomes,@cirogomes,2023-01-27T21:33:52.000Z,"Meu filho Ciro faz aniversário hoje, o primogênito! Desejo muita saúde, amor e que Deus o abençoe hoje e sempre. ",nao,289 Replies. Reply,180 reposts. Repost,5387 Likes. Like,"255.7K
 Views",
1618402873326600193,https://x.com/i/web/status/1618402873326600193,Ciro Gomes,@cirogomes,2023-01-26T00:18:08.000Z,"Muitas felicidades e saúde ao meu filhão Yuri, que também é um ótimo cantor  
@_hey_jude",nao,636 Replies. Reply,316 reposts. Repost,6731 Likes. Like,"415.4K
 Views",
1617236341925740545,https://x.com/i/web/status/1617236341925740545,Ciro Gomes,@cirogomes,2023-01-22T19:02:45.000Z,"Viva Brizola! Nosso grande brasileiro Leonel de Moura Brizola completaria 101 anos hoje. Seu legado segue atual em nossas mentes e corações: exemplo de luta e amor à Pátria, amor à democracia, amor aos trabalhadores e amor à educação.",nao,661 Replies. Reply,688 reposts. Repost,7058 Likes. Like,"335K
 Views",
1614258594173575168,https://x.com/i/web/status/1614258594173575168,Ciro Gomes,@cirogomes,2023-01-14T13:50:14.000Z,"Meus sentimentos ao ministro Luís Roberto Barroso pelo falecimento de sua esposa, Tereza Barroso. Que Deus possa confortar toda sua família neste momento de dor.",nao,154 Replies. Reply,227 reposts. Repost,5846 Likes. Like,"180.3K
 Views",
1613952811842129920,https://x.com/i/web/status/1613952811842129920,Ciro Gomes,@cirogomes,2023-01-13T17:35:10.000Z,"Lamento muito o falecimento do professor Roberto Cláudio Bezerra. Foram incontáveis os momentos que conversamos sobre o Ceará, o Brasil e o mundo. Meus sentimentos à minha querida Maria das Graças e aos meus amigos 
@robertoclaudio
, 
@PriscoBezerra
, Gerardo e Elisa.",nao,35 Replies. Reply,79 reposts. Repost,1292 Likes. Like,"60.3K
 Views",
1613559687416549377,https://x.com/i/web/status/1613559687416549377,Ciro Gomes,@cirogomes,2023-01-12T15:33:02.000Z,"Parabéns, minha irmã! Que esse ano seja de muito sucesso em seus novos desafios. 
@LiaGomesCE
 ",nao,107 Replies. Reply,113 reposts. Repost,2148 Likes. Like,"81.2K
 Views",
1612192206894370816,https://x.com/i/web/status/1612192206894370816,Ciro Gomes,@cirogomes,2023-01-08T20:59:09.000Z,Um dos maiores crimes da história da República não pode ficar impune. Não há a mínima brecha para condescendência. A consciência nacional clama o MÁXIMO RIGOR DA LEI!,nao,6678 Replies. Reply,8717 reposts. Repost,96489 Likes. Like,"3M
 Views",
1612183544624812033,https://x.com/i/web/status/1612183544624812033,Ciro Gomes,@cirogomes,2023-01-08T20:24:44.000Z,"Absurdos os ataques acontecidos neste domingo, em Brasília. Que se identifiquem e sejam punidos os vândalos e, principalmente, seus patrocinadores.

Tenho enorme preocupação com a profunda divisão do País, mas nada justifica os graves crimes que estão cometendo.",nao,4399 Replies. Reply,2994 reposts. Repost,28890 Likes. Like,"1.4M
 Views",
1609384819800289281,https://x.com/i/web/status/1609384819800289281,Ciro Gomes,@cirogomes,2023-01-01T03:03:36.000Z,Esse é o meu desejo pra todos nós. Feliz 2023!,nao,2188 Replies. Reply,946 reposts. Repost,15481 Likes. Like,"1M
 Views",
1609343884315729921,https://x.com/i/web/status/1609343884315729921,Ciro Gomes,@cirogomes,2023-01-01T00:20:56.000Z,"Feliz ano novo, gente querida!",nao,1150 Replies. Reply,478 reposts. Repost,13678 Likes. Like,"654K
 Views",
1609194746957778944,https://x.com/i/web/status/1609194746957778944,Ciro Gomes,@cirogomes,2022-12-31T14:28:19.000Z,Lamento o falecimento do Papa Bento XVI. Sua trajetória está eternizada na história da Igreja Católica. Que descanse em paz.,nao,113 Replies. Reply,138 reposts. Repost,2610 Likes. Like,"130.4K
 Views",
1608547736542130176,https://x.com/i/web/status/1608547736542130176,Ciro Gomes,@cirogomes,2022-12-29T19:37:20.000Z,"Sua arte, seu exemplo, seu talento e sua preocupação com nosso país e nossas crianças estão eternizados. Me solidarizo com familiares, amigos e todos e todas que assim como eu são fãs. 

Muito obrigado, Rei Pelé! ",nao,12 Replies. Reply,98 reposts. Repost,1500 Likes. Like,"45.8K
 Views",
1608547731597033473,https://x.com/i/web/status/1608547731597033473,Ciro Gomes,@cirogomes,2022-12-29T19:37:19.000Z,"Pelé também foi inspiração para milhões - talvez bilhões - de negros e negras de todo planeta, principalmente em uma época em que a luta antirracista era sufocada das mais perversas formas.",nao,6 Replies. Reply,111 reposts. Repost,1589 Likes. Like,"49.6K
 Views",
1608547728707178497,https://x.com/i/web/status/1608547728707178497,Ciro Gomes,@cirogomes,2022-12-29T19:37:18.000Z,"Nos despedimos com muita tristeza desse grande brasileiro, Edson Arantes do Nascimento. Nosso Rei Pelé foi motivo de orgulho e alegria para todo o Brasil. 

Revolucionou o futebol, venceu três copas do mundo, marcou mais de mil gols e conquistou a admiração do mundo inteiro.",nao,80 Replies. Reply,478 reposts. Repost,7830 Likes. Like,"205K
 Views",
1606754751143874561,https://x.com/i/web/status/1606754751143874561,Ciro Gomes,@cirogomes,2022-12-24T20:52:39.000Z,Desejo um natal de muita paz e alegria! Que o exemplo de Jesus ilumine a todos e todas hoje e sempre! ,nao,839 Replies. Reply,481 reposts. Repost,10278 Likes. Like,"555.3K
 Views",
1604543909249486848,https://x.com/i/web/status/1604543909249486848,Ciro Gomes,@cirogomes,2022-12-18T18:27:33.000Z,"In the heart, in the technique, and in the grit. Great Argentina! Great Messi! Congratulations to our South American brothers! #FIFAWorldCup",nao,192 Replies. Reply,312 reposts. Repost,4983 Likes. Like,"174.5K
 Views",
1603443465072828416,https://x.com/i/web/status/1603443465072828416,Ciro Gomes,@cirogomes,2022-12-15T17:34:47.000Z,"Parabéns ao meu amigo governador, senador e grande brasileiro e cearense, 
@tassojereissati
. Que Deus te cubra de saúde e paz!",nao,164 Replies. Reply,187 reposts. Repost,2895 Likes. Like,"113.2K
 Views",
1599896197983969280,https://x.com/i/web/status/1599896197983969280,Ciro Gomes,@cirogomes,2022-12-05T22:39:12.000Z,"Que jogo bonito! Vini, Neymar, Richarlison e Paquetá! #VaiBrasil",nao,173 Replies. Reply,226 reposts. Repost,4723 Likes. Like,,
1597355997815013377,https://x.com/i/web/status/1597355997815013377,Ciro Gomes,@cirogomes,2022-11-28T22:25:21.000Z,"Jogo difícil, mas a qualidade brasileira prevaleceu! Valeu Casemiro e toda seleção!",nao,202 Replies. Reply,263 reposts. Repost,4526 Likes. Like,,
1595885689756962817,https://x.com/i/web/status/1595885689756962817,Ciro Gomes,@cirogomes,2022-11-24T21:02:53.000Z,"Bela vitória do Brasil! E para comemorar, um pouco de futebol por aqui! Parabéns Tite, Richarlison e toda equipe! ",nao,274 Replies. Reply,380 reposts. Repost,4930 Likes. Like,,
1595100825617141767,https://x.com/i/web/status/1595100825617141767,Ciro Gomes,@cirogomes,2022-11-22T17:04:07.000Z,"Lamento muito o falecimento de Erasmo Carlos. Sempre fui muito fã e tive o prazer de o encontrar pessoalmente muitas vezes. Suas músicas embalaram multidões por todo o Brasil e fazem parte de nossa história. Meus sentimentos à família, amigos e fãs.",nao,101 Replies. Reply,302 reposts. Repost,4084 Likes. Like,,
1595069811364859905,https://x.com/i/web/status/1595069811364859905,Ciro Gomes,@cirogomes,2022-11-22T15:00:52.000Z,Orgulho de ver meu caçula alfabetizado e apresentando o primeiro livro que escreveu. ,nao,631 Replies. Reply,436 reposts. Repost,10278 Likes. Like,,
1594350083327279104,https://x.com/i/web/status/1594350083327279104,Ciro Gomes,@cirogomes,2022-11-20T15:20:56.000Z,"Comemoramos os 7 anos do meu caçula, o Gael! Já estamos no clima da #CopaDoMundo2022 - eu aqui, todo orgulhoso do meu artilheiro ",nao,865 Replies. Reply,551 reposts. Repost,14419 Likes. Like,,
1594285122962214912,https://x.com/i/web/status/1594285122962214912,Ciro Gomes,@cirogomes,2022-11-20T11:02:48.000Z,O Dia da Consciência Negra é símbolo de resistência daqueles que tiveram esperança por dias melhores e coragem para lutar pelo fim da escravidão. Devemos refletir sobre esses verdadeiros heróis para fortalecer a incessante luta contra o preconceito e a opressão em nosso país.,nao,369 Replies. Reply,594 reposts. Repost,4617 Likes. Like,,
1594105552774529024,https://x.com/i/web/status/1594105552774529024,Ciro Gomes,@cirogomes,2022-11-19T23:09:15.000Z,"Feliz aniversário para a minha filha amada, que enche nossas vidas de alegria! Que Deus te cubra de bênçãos, 
@liviasaboya
 ",nao,324 Replies. Reply,216 reposts. Repost,5583 Likes. Like,,
1594007855421530112,https://x.com/i/web/status/1594007855421530112,Ciro Gomes,@cirogomes,2022-11-19T16:12:28.000Z,Doe sangue. Doe vida. O Rio e o Brasil precisam deste guerreiro outra vez de pé. E este guerreiro precisa agora de nós.,nao,85 Replies. Reply,603 reposts. Repost,3124 Likes. Like,,
1592523696446529536,https://x.com/i/web/status/1592523696446529536,Ciro Gomes,@cirogomes,2022-11-15T14:23:31.000Z,"Lamento o falecimento de Luiz Antônio Fleury Filho. Fomos colegas governadores, ele de de SP e eu do CE. No episódio do sequestro de Dom Aloísio Lorscheider, Fleury nos ajudou enviando uma equipe da polícia de SP especializada em libertação de reféns. Meus sentimentos à família.",nao,623 Replies. Reply,637 reposts. Repost,5543 Likes. Like,,
1591442147223523329,https://x.com/i/web/status/1591442147223523329,Ciro Gomes,@cirogomes,2022-11-12T14:45:50.000Z,"Hoje foi dia de acompanhar a troca de faixa do meu caçula, Gael, no judô. ",nao,1327 Replies. Reply,754 reposts. Repost,23676 Likes. Like,,
1591073173868802051,https://x.com/i/web/status/1591073173868802051,Ciro Gomes,@cirogomes,2022-11-11T14:19:40.000Z,"Hoje é dia de comemorar o aniversário de 
@AnaPaulaMatosBA
! Vice-prefeita de Salvador, conhecedora da alma do povo brasileiro como poucas pessoas e que me deu a honra de compartilhar a luta por um Projeto Nacional de Desenvolvimento. Que Deus siga te iluminando. ",nao,277 Replies. Reply,396 reposts. Repost,3897 Likes. Like,,
1590789707129987072,https://x.com/i/web/status/1590789707129987072,Ciro Gomes,@cirogomes,2022-11-10T19:33:16.000Z,"Parabéns meu querido amigo e companheiro, André Figueiredo (
@andrepdt12
). Que Deus te abençoe e que você siga lutando pelo nosso Ceará e pelo Brasil.",nao,138 Replies. Reply,211 reposts. Repost,2717 Likes. Like,,
1590444682240491520,https://x.com/i/web/status/1590444682240491520,Ciro Gomes,@cirogomes,2022-11-09T20:42:15.000Z,"Dia triste para a música brasileira. Rolando Boldrin cantava a cultura popular, a moda de viola. Meus sentimentos aos familiares, amigos e fãs.",nao,214 Replies. Reply,559 reposts. Repost,7068 Likes. Like,,
1590353687012347904,https://x.com/i/web/status/1590353687012347904,Ciro Gomes,@cirogomes,2022-11-09T14:40:40.000Z,"Um cristal se partiu ao meio e partiu o coração de todos os brasileiros. Dor e saudade, Gal. Descanse em paz. Que Deus conforte parentes, amigos e fãs. ",nao,241 Replies. Reply,659 reposts. Repost,8394 Likes. Like,,
1586866840805990402,https://x.com/i/web/status/1586866840805990402,Ciro Gomes,@cirogomes,2022-10-30T23:45:12.000Z,"Cumprindo o saudável dever democrático, quero cumprimentar o presidente Luiz Inacio Lula da Silva por sua vitória nas eleições recém apuradas.
Desejo ao presidente eleito toda a felicidade na honrosa missão a si concedida pela maioria de nosso povo brasileiro.",nao,11505 Replies. Reply,11045 reposts. Repost,183428 Likes. Like,,
1586736574590509058,https://x.com/i/web/status/1586736574590509058,Ciro Gomes,@cirogomes,2022-10-30T15:07:34.000Z,"Ciro votou nesta manhã em Fortaleza, acompanhado de 
@gisellebezerra
.",nao,2666 Replies. Reply,1357 reposts. Repost,20524 Likes. Like,,
1585242337302544384,https://x.com/i/web/status/1585242337302544384,Ciro Gomes,@cirogomes,2022-10-26T12:10:00.000Z,"Darcy Ribeiro had a dream: a sovereign Brazil that values its culture and where education is a priority. Today he would turn 100, and his teachings continue to inspire us.

""I have such a clear vision of the Brazil that can be, and will be, that it pains me to see the Brazil that is."" #Darcy100Anos",nao,1769 Replies. Reply,1805 reposts. Repost,11711 Likes. Like,,
1583840922164678656,https://x.com/i/web/status/1583840922164678656,Ciro Gomes,@cirogomes,2022-10-22T15:21:16.000Z,"My solidarity with Minister Carmen Lúcia, of the STF, victim of absurd and criminal attacks. May Brazilian institutions investigate and punish their perpetrators.",nao,9960 Replies. Reply,3819 reposts. Repost,43066 Likes. Like,,
1580244126716792833,https://x.com/i/web/status/1580244126716792833,Ciro Gomes,@cirogomes,2022-10-12T17:08:53.000Z,"Peço à Nossa Senhora Aparecida, padroeira do Brasil, que interceda junto ao Senhor pelo povo brasileiro, especialmente por nossas crianças. Amar o Brasil é pensar no futuro das crianças e jovens, é construir um país de oportunidades. Que a gente nunca perca a esperança!",nao,2727 Replies. Reply,1156 reposts. Repost,11716 Likes. Like,,
1577346631430717440,https://x.com/i/web/status/1577346631430717440,Ciro Gomes,@cirogomes,2022-10-04T17:15:17.000Z,"Pronunciamento - ""Gravo este vídeo para dizer que acompanho a decisão do meu partido, o PDT"".",nao,45557 Replies. Reply,31916 reposts. Repost,188980 Likes. Like,,
1576627527530950656,https://x.com/i/web/status/1576627527530950656,Ciro Gomes,@cirogomes,2022-10-02T14:39:51.000Z,Emocionante e inspirador ,nao,1193 Replies. Reply,434 reposts. Repost,5881 Likes. Like,,
1576598814798282752,https://x.com/i/web/status/1576598814798282752,Ciro Gomes,@cirogomes,2022-10-02T15:43:43.000Z,"A luta pelo Brasil é pelo futuro. Vamos mostrar a todos que existe uma opção viável, experiente, ficha limpa e com projeto para mudar nosso país!",nao,1436 Replies. Reply,848 reposts. Repost,11035 Likes. Like,,
1576595980660920320,https://x.com/i/web/status/1576595980660920320,Ciro Gomes,@cirogomes,2022-10-02T15:32:28.000Z,"Nossa vice-presidente 
@AnaPaulaMatosBA
 também votou em Salvador, na Bahia. Estamos nessa luta não porque é fácil, mas porque é necessário. Vamos juntos mudar o Brasil! ",nao,187 Replies. Reply,281 reposts. Repost,2681 Likes. Like,,
1576590120399998976,https://x.com/i/web/status/1576590120399998976,Ciro Gomes,@cirogomes,2022-10-02T15:09:10.000Z,"Nossa querida 
@gisellebezerra
 também votou em Fortaleza. Muito emocionada, ela segue firme na luta com rebeldia e esperança pelo nosso Brasil!",nao,183 Replies. Reply,349 reposts. Repost,3718 Likes. Like,,
1576581959949905920,https://x.com/i/web/status/1576581959949905920,Ciro Gomes,@cirogomes,2022-10-02T14:36:45.000Z,"Ciro votou há pouco em Fortaleza, no Ceará. Compareceu acompanhado de toda a família para manter seu compromisso com a mudança que o nosso Brasil precisa e merece.",nao,4609 Replies. Reply,1595 reposts. Repost,17481 Likes. Like,,
1576578917615312898,https://x.com/i/web/status/1576578917615312898,Ciro Gomes,@cirogomes,2022-10-02T14:24:40.000Z,"O meu mais profundo pesar a Raquel Lyra, filhos, parentes e amigos pela morte de seu jovem marido Fernando Lucena. Que ele descanse em paz e todos encontrem consolo para esta dor extrema.",nao,111 Replies. Reply,373 reposts. Repost,6358 Likes. Like,,
1576571913354334208,https://x.com/i/web/status/1576571913354334208,Ciro Gomes,@cirogomes,2022-10-02T13:56:50.000Z,"CIRO VOTA EM FORTALEZA | 02/10/2022
 
x.com/i/broadcasts/1
…",nao,200 Replies. Reply,310 reposts. Repost,2286 Likes. Like,,
1576568869354864641,https://x.com/i/web/status/1576568869354864641,Ciro Gomes,@cirogomes,2022-10-02T13:44:44.000Z,"CIRO VOTA EM FORTALEZA | 02/10/2022
 
x.com/i/broadcasts/1
…",nao,201 Replies. Reply,295 reposts. Repost,2120 Likes. Like,,
1576364895955783681,https://x.com/i/web/status/1576364895955783681,Ciro Gomes,@cirogomes,2022-10-02T00:14:13.000Z,"Aqui, os melhores momentos da supercarreata que fizemos hoje em Fortaleza e se replicou em várias cidades do interior do Ceará e, também, em outros pontos do Brasil. Obrigado a todas e a todos que foram às ruas manifestar o seu apoio. Vamos juntos! ",nao,341 Replies. Reply,380 reposts. Repost,2545 Likes. Like,,
1576332947741106176,https://x.com/i/web/status/1576332947741106176,Ciro Gomes,@cirogomes,2022-10-01T22:07:16.000Z,"Tenho fé que Deus vai iluminar minha palavra pra tocar o coração do povo brasileiro. Vamos ter a oportunidade de fazer uma grande revolução democrática e nossa gente enfim vai poder dizer: EU VENCI! Tô aqui pra isso – pra mudar, de fato, o Brasil. Nesse domingo é  na urna!",nao,695 Replies. Reply,756 reposts. Repost,3813 Likes. Like,,
1576305767128346624,https://x.com/i/web/status/1576305767128346624,Ciro Gomes,@cirogomes,2022-10-01T20:19:15.000Z,"É uma honra e um privilégio passar o dia com o futuro governador 
@robertoclaudio
 e nossa gente querida de Fortaleza. Estamos nessa luta não porque é fácil, mas porque é necessário. Vamos juntos mudar o Ceará e o Brasil! ",nao,191 Replies. Reply,300 reposts. Repost,1641 Likes. Like,,
1576301511495143424,https://x.com/i/web/status/1576301511495143424,Ciro Gomes,@cirogomes,2022-10-01T20:02:21.000Z,"Na super carreata do , em Fortaleza, com nosso futuro governador 
@robertoclaudio
 ",nao,243 Respostas. Resposta,296 reposts. Repost,1756 Curtidas. Curtida,,
1576290325307400192,https://x.com/i/web/status/1576290325307400192,Ciro Gomes,@cirogomes,2022-10-01T19:17:54.000Z,"Registros de hoje na minha querida Fortaleza! Como é bom estar em casa e cercado de tanta gente querida.  
@robertoclaudio",nao,236 Respostas. Resposta,344 reposts. Repost,2084 Curtidas. Curtida,,
1576289470382428161,https://x.com/i/web/status/1576289470382428161,Ciro Gomes,@cirogomes,2022-10-01T19:14:30.000Z,"Pelas ruas do Ceará, o coração explode de alegria com o carinho e a vibração do nosso povo. Hoje estamos levando festa para as ruas em mais de 100 cidades! Vem com a gente  
@robertoclaudio",nao,180 Respostas. Resposta,295 reposts. Repost,1603 Curtidas. Curtida,,
1576281202385887232,https://x.com/i/web/status/1576281202385887232,Ciro Gomes,@cirogomes,2022-10-01T18:41:39.000Z,"CARREATA EM FORTALEZA/CE | GIRO DO CIRO | 01/10/2022  
x.com/i/broadcasts/1
…",nao,475 Respostas. Resposta,347 reposts. Repost,1776 Curtidas. Curtida,,
1576225428989018112,https://x.com/i/web/status/1576225428989018112,Ciro Gomes,@cirogomes,2022-10-01T15:00:01.000Z,"’Sabadou’ com o último clipe do 
@CartunistaT
 no primeiro turno – dessa vez, em ritmo de rock and roll. Veja CIRO CONTRA O SISTEMA, a grande solução do problema!",nao,486 Respostas. Resposta,627 reposts. Repost,2309 Curtidas. Curtida,,
1576180125972013056,https://x.com/i/web/status/1576180125972013056,Ciro Gomes,@cirogomes,2022-10-01T12:00:00.000Z,"Bom dia meu Brasil! Amanhã é dia de apertar o 12 e se livrar dessa polarização cheia de ódio, incompetência e ladroeira que tá afundando nosso país. Vamos juntos!!",nao,5573 Respostas. Resposta,3419 reposts. Repost,19313 Curtidas. Curtida,,
1576018589005774848,https://x.com/i/web/status/1576018589005774848,Ciro Gomes,@cirogomes,2022-10-01T01:18:07.000Z,"A carreata era gigante vista do alto e vibrante no solo, com milhares de pessoas saudando o cortejo nas calçadas. Amanhã a movimentação continua em cem cidades de todo o Ceará.",nao,88 Respostas. Resposta,193 reposts. Repost,1682 Curtidas. Curtida,,
1576018500803518465,https://x.com/i/web/status/1576018500803518465,Ciro Gomes,@cirogomes,2022-10-01T01:17:46.000Z,"Sobral vibrou hoje com uma das maiores carreatas dos últimos tempos, com centenas de carros e mais de duas mil motos conduzindo e saudando Ciro e 
@robertoclaudio
.",nao,381 Respostas. Resposta,567 reposts. Repost,3723 Curtidas. Curtida,,
1575997020573163520,https://x.com/i/web/status/1575997020573163520,Ciro Gomes,@cirogomes,2022-09-30T23:52:24.000Z,"Supercarreata inunda as ruas de Sobral recebendo Ciro e 
@robertoclaudio
. Uma prévia das grandes carreatas que tomarão conta de 100 cidades do Ceará, amanhã, além de Fortaleza.",nao,251 Respostas. Resposta,500 reposts. Repost,2666 Curtidas. Curtida,,
1575986425392025600,https://x.com/i/web/status/1575986425392025600,Ciro Gomes,@cirogomes,2022-09-30T23:10:18.000Z,"O Ceará em festa com #CiroPresidente12 e 
@robertoclaudio
 governador   /ADM",nao,138 Respostas. Resposta,281 reposts. Repost,1535 Curtidas. Curtida,,
1575983223930511360,https://x.com/i/web/status/1575983223930511360,Ciro Gomes,@cirogomes,2022-09-30T22:57:35.000Z,"Por todo Ceará, o Time do 12 vem surpreendendo com muita força e compromisso. Domingo é dia de votar 12 pelo Brasil e 12 pelo Ceará!  /ADM",nao,209 Respostas. Resposta,416 reposts. Repost,2544 Curtidas. Curtida,,
1575976430126518272,https://x.com/i/web/status/1575976430126518272,Ciro Gomes,@cirogomes,2022-09-30T22:30:35.000Z,"Mais imagens da nossa carreata em Sobral, com nosso candidato ao governo 
@robertoclaudio
 e o vice Domingos Filho. 

Domingo é dia de votar 12 pelo Brasil e 12 pelo Ceará! ",nao,92 Respostas. Resposta,320 reposts. Repost,1458 Curtidas. Curtida,,
1575974374704046080,https://x.com/i/web/status/1575974374704046080,Ciro Gomes,@cirogomes,2022-09-30T22:22:25.000Z,"É sempre uma alegria retornar a minha querida Sobral! Participo agora da carreata do time 12, com nosso candidato ao governo 
@robertoclaudio
, o vice Domingos Filho e demais apoiadores. Vamos juntos garantir a competência e a experiência que o nosso Ceará merece! ",nao,160 Respostas. Resposta,488 reposts. Repost,2796 Curtidas. Curtida,,
1575923626641002496,https://x.com/i/web/status/1575923626641002496,Ciro Gomes,@cirogomes,2022-09-30T19:00:46.000Z,"Por mais jogo sujo que pratiquem, ELES NÃO ME INTIMIDARÃO. Não fugirei do verdadeiro embate democrático e não compactuarei com essa farsa. Tenho compromisso com a LUTA POR UM BRASIL MELHOR. Com rebeldia e esperança ainda podemos salvar nossa pátria. Levanta, Brasil!",nao,207 Respostas. Resposta,437 reposts. Repost,2060 Curtidas. Curtida,,
1575879014929281024,https://x.com/i/web/status/1575879014929281024,Ciro Gomes,@cirogomes,2022-09-30T16:03:30.000Z,"Não perca!  
cirotv.com.br",nao,87 Respostas. Resposta,249 reposts. Repost,1152 Curtidas. Curtida,,
1575863042973237248,https://x.com/i/web/status/1575863042973237248,Ciro Gomes,@cirogomes,2022-09-30T15:00:02.000Z,Eles não vão nos calar e não vão destruir nossas ideias! ,nao,291 Respostas. Resposta,562 reposts. Repost,2372 Curtidas. Curtida,,
1575821265645932546,https://x.com/i/web/status/1575821265645932546,Ciro Gomes,@cirogomes,2022-09-30T12:14:01.000Z,Esta última não consigo deixar de responder: não pedi nenhum direito de resposta simplesmente porque não puderam me acusar de absolutamente nada. De nenhum tipo de desvio moral ou político. Mais um atestado de honestidade que consigo na vida pública.,nao,444 Respostas. Resposta,748 reposts. Repost,5105 Curtidas. Curtida,,
1575821263607836673,https://x.com/i/web/status/1575821263607836673,Ciro Gomes,@cirogomes,2022-09-30T12:14:01.000Z,Não me cabe fazer apologia ou julgamento sobre desempenho (s) no debate. Mas não posso evitar duas perguntas: o tal destemperado sou eu? Por que fui o único que não precisou  pedir nem conceder nenhum direito de resposta?,nao,4511 Respostas. Resposta,2128 reposts. Repost,14690 Curtidas. Curtida,,
1575817885733167106,https://x.com/i/web/status/1575817885733167106,Ciro Gomes,@cirogomes,2022-09-30T12:00:35.000Z,"Ciro também apresentou algumas das principais propostas do Projeto Nacional de Desenvolvimento. Foi por essas e outras que ele venceu o debate, segundo levantamento da Quaest. #DebateNaGlobo",nao,52 Respostas. Resposta,201 reposts. Repost,1088 Curtidas. Curtida,,
1575817752467705856,https://x.com/i/web/status/1575817752467705856,Ciro Gomes,@cirogomes,2022-09-30T12:00:04.000Z,"No debate da Globo, Ciro denunciou, cara a cara, a corrupção e a falta de ideias de Lula e Bolsonaro. E, detalhe, ninguém se sentiu autorizado a pedir direito de resposta porque o que foi dito era a mais absoluta verdade. (…)",nao,522 Respostas. Resposta,1110 reposts. Repost,4805 Curtidas. Curtida,,
1575718879443271680,https://x.com/i/web/status/1575718879443271680,Ciro Gomes,@cirogomes,2022-09-30T05:06:13.000Z,CIRO VENCEU O DEBATE. Veja aqui o levantamento da Quaest. Ela confirma: Ciro é o melhor candidato.,nao,978 Respostas. Resposta,743 reposts. Repost,3378 Curtidas. Curtida,,
1575718192244195333,https://x.com/i/web/status/1575718192244195333,Ciro Gomes,@cirogomes,2022-09-30T05:24:27.000Z,"Vimos nesse debate tudo o que venho alertando aos brasileiros. Brigas despolitizadas, em que Bolsonaro e Lula discutem para ver qual dos dois é o mais corrupto e não debatem uma proposta para o país. Eu quero livrar nosso povo dessa bola de chumbo que nos prende ao passado.",nao,743 Replies. Reply,700 reposts. Repost,4322 Likes. Like,,
1575717184105496577,https://x.com/i/web/status/1575717184105496577,Ciro Gomes,@cirogomes,2022-09-30T05:20:26.000Z,Veja aqui o balanço que Ciro fez do #DebateNGlobo à jornalista Renata Lo Prete.,nao,163 Replies. Reply,583 reposts. Repost,2584 Likes. Like,,
1575715948023189505,https://x.com/i/web/status/1575715948023189505,Ciro Gomes,@cirogomes,2022-09-30T05:15:32.000Z,"Nas considerações finais, Ciro lembrou que Bolsonaro e Lula parecem antagônicos, mas seguem rigorosamente o mesmo modelo político e econômico. Por isso, pediu à população para se rebelar contra o sistemão, pois só assim vai surgir um novo Brasil. #DebateNaGlobo",nao,202 Replies. Reply,680 reposts. Repost,2554 Likes. Like,,
1575714270637182978,https://x.com/i/web/status/1575714270637182978,Ciro Gomes,@cirogomes,2022-09-30T05:08:52.000Z,"Ao debater sobre meio ambiente com Lula, Ciro lembrou que o Brasil de hoje exige soluções novas e os conchavos que o ex-presidente fez eliminam qualquer perspectiva de mudança. #DebateNaGlobo",nao,86 Replies. Reply,377 reposts. Repost,1481 Likes. Like,,
1575710119379230721,https://x.com/i/web/status/1575710119379230721,Ciro Gomes,@cirogomes,2022-09-30T04:52:22.000Z,"Ciro fala aqui sobre privatizações e critica o Banco Central, que permite que o Brasil pague 500 bilhões de reais apenas em juros, dinheiro suficiente para resolver o déficit habitacional do país. #DebateNaGlobo",nao,44 Replies. Reply,330 reposts. Repost,1215 Likes. Like,,
1575703332001193986,https://x.com/i/web/status/1575703332001193986,Ciro Gomes,@cirogomes,2022-09-30T04:25:24.000Z,"Nosso projeto deixa muito claro qual é o papel do Estado, qual é o papel do capital nacional e qual é o papel do capital estrangeiro. Nós prevemos tudo isso e, na verdade, a gente tem que entender qual é a finalidade de cada agente estatal. #DebateNaGlobo",nao,92 Replies. Reply,290 reposts. Repost,1386 Likes. Like,,
1575703194583400448,https://x.com/i/web/status/1575703194583400448,Ciro Gomes,@cirogomes,2022-09-30T04:24:51.000Z,"Nos últimos 12 meses, o Brasil pagou 500 bilhões de reais em juros. Isso é 20 bilhões de reais a mais do que eu precisaria para dar uma casa para todas as 6 milhões de famílias que estão sem teto hoje no Brasil. #DebateNaGlobo",nao,63 Replies. Reply,328 reposts. Repost,1364 Likes. Like,,
1575700965948362752,https://x.com/i/web/status/1575700965948362752,Ciro Gomes,@cirogomes,2022-09-30T04:16:00.000Z,"Ciro mostrou a Lula que seu projeto para a cultura é muito diferente do dele. Ciro defende a descentralização de recursos e maior apoio à cultura das periferias. Ciro também critica o modelo do Fies, que enriqueceu empresas privadas e endividou milhares de jovens. #DebateNaGlobo",nao,214 Replies. Reply,697 reposts. Repost,3008 Likes. Like,,
1575697218568421377,https://x.com/i/web/status/1575697218568421377,Ciro Gomes,@cirogomes,2022-09-30T04:01:06.000Z,Ciro questiona Bolsonaro sobre a manutenção do mesmo modelo econômico e de governança política que colocam o Brasil na crise há mais de 30 anos. #DebateNaGlobo,nao,71 Replies. Reply,398 reposts. Repost,1493 Likes. Like,,
1575693157626413058,https://x.com/i/web/status/1575693157626413058,Ciro Gomes,@cirogomes,2022-09-30T03:44:58.000Z,Bolsonaro teve a oportunidade de ouro de combater a corrupção e a crise econômica e manteve rigorosamente o mesmo modelo econômico e rigorosamente as mesmas práticas corruptas. #DebateNaGlobo,nao,167 Replies. Reply,372 reposts. Repost,1915 Likes. Like,,
1575693071240507392,https://x.com/i/web/status/1575693071240507392,Ciro Gomes,@cirogomes,2022-09-30T03:44:37.000Z,"A cultura é o que afirma a identidade de uma nação. Quero recriar o Ministério da Cultura, reestabilizar todas as instituições como a Funarte e rever as leis de fomento. #DebateNaGlobo",nao,39 Replies. Reply,322 reposts. Repost,1292 Likes. Like,,
1575691892796301312,https://x.com/i/web/status/1575691892796301312,Ciro Gomes,@cirogomes,2022-09-30T03:39:56.000Z,"Criar 5 milhões de empregos em dois anos. Aqui, Ciro detalha como vai alcançar essa e outras metas, como renegociar as dívidas de quem está com o nome no SPC e no Serasa. #DebateNaGlobo",nao,58 Replies. Reply,395 reposts. Repost,1477 Likes. Like,,
1575688298395074561,https://x.com/i/web/status/1575688298395074561,Ciro Gomes,@cirogomes,2022-09-30T03:25:39.000Z,Precisamos renegociar as dívidas das famílias porque o consumo delas é o maior motor de atividade econômica; renegociar a dívida das 6 milhões de empresas que estão no Serasa e fazer um grande programa de emprego - retomando as mais de 14 mil obras paradas. #DebateNaGlobo,nao,58 Replies. Reply,291 reposts. Repost,1149 Likes. Like,,
1575687824099065864,https://x.com/i/web/status/1575687824099065864,Ciro Gomes,@cirogomes,2022-09-30T03:23:46.000Z,"Nosso projeto propõe uma profunda reforma fiscal que deixa livre 300 bilhões por ano. Com 100 bilhões eu quero abater impostos, especialmente sobre os mais pobres e a classe média, e com os 200 bilhões quero retomar o desenvolvimento do Brasil. #DebateNaGlobo",nao,52 Replies. Reply,281 reposts. Repost,1068 Likes. Like,,
1575686459700482050,https://x.com/i/web/status/1575686459700482050,Ciro Gomes,@cirogomes,2022-09-30T03:18:21.000Z,"Como transformar a educação pública do Brasil numa das dez melhores do mundo num prazo de 15 anos. Nesse trecho do debate, Ciro explica claramente esse projeto. #DebateNaGlobo",nao,42 Replies. Reply,362 reposts. Repost,1329 Likes. Like,,
1575681675883089920,https://x.com/i/web/status/1575681675883089920,Ciro Gomes,@cirogomes,2022-09-30T02:59:20.000Z,"O ensino tem que mudar o padrão, ao invés do decoreba antigo que não leva mais ninguém pra frente, o ensino deve ser emancipador, estimular a capacidade de formar um profissional pro mundo digital, pra economia do conhecimento. #DebateNaGlobo",nao,87 Replies. Reply,313 reposts. Repost,1343 Likes. Like,,
1575681377273786369,https://x.com/i/web/status/1575681377273786369,Ciro Gomes,@cirogomes,2022-09-30T02:58:09.000Z,O último lugar onde a classe média tem algum retorno do estado brasileiro é na universidade pública. Quero expandir esse acesso e tenho o compromisso em meu projeto de transformar a educação pública em todos os níveis entre as dez melhores do mundo em 15 anos. #DebateNaGlobo,nao,47 Replies. Reply,286 reposts. Repost,1160 Likes. Like,,
1575680354563723265,https://x.com/i/web/status/1575680354563723265,Ciro Gomes,@cirogomes,2022-09-30T02:54:05.000Z,Minha meta é transformar a educação pública brasileira em uma das dez melhores do mundo em 15 anos. E isso já está acontecendo no Ceará – 87 das 100 melhores escolas públicas do Brasil estão lá. Todas são gratuitas e estão dentro do melhor padrão de ensino. #DebateNaGlobo,nao,184 Replies. Reply,359 reposts. Repost,1675 Likes. Like,,
1575679267052163074,https://x.com/i/web/status/1575679267052163074,Ciro Gomes,@cirogomes,2022-09-30T02:49:46.000Z,Ciro deixou claro: Bolsonaro não veio de Marte. A tragédia que é o seu governo é resultado direto do modelo político e econômico adotado por Lula e o PT. #DebateNaGlobo,nao,201 Replies. Reply,477 reposts. Repost,2121 Likes. Like,,
1575673040956006401,https://x.com/i/web/status/1575673040956006401,Ciro Gomes,@cirogomes,2022-09-30T02:25:02.000Z,"No #DebateNaGlobo, Ciro perguntou se Lula quer ser presidente para repetir o mesmo modelo econômico que provocou endividamento em massa e fez com que os 5 brasileiros mais ricos concentrassem uma fortuna equivalente ao que os 100 milhões mais pobres possuem.",nao,227 Replies. Reply,508 reposts. Repost,1916 Likes. Like,,
1575670835108802560,https://x.com/i/web/status/1575670835108802560,Ciro Gomes,@cirogomes,2022-09-30T02:16:16.000Z,"Eu estou aqui por amor ao Brasil e aos brasileiros, mas vamos refletir: será que a solução para a tragédia moral, econômica e social que estamos vivendo é voltar ao passado que deu causa a isso tudo? #DebateNaGlobo",nao,410 Replies. Reply,386 reposts. Repost,2141 Likes. Like,,
1575670620008124416,https://x.com/i/web/status/1575670620008124416,Ciro Gomes,@cirogomes,2022-09-30T02:15:25.000Z,"Tudo que peço a você com, muito respeito, é que daqui até domingo você pare um pouco pra pensar. Não ensine a seu filho que o prêmio da corrupção é a impunidade. Não ensine que roubar é uma coisa que pode ser feita é que quem faz será premiado. #DebateNaGlobo",nao,990 Replies. Reply,786 reposts. Repost,4824 Likes. Like,,
1575670039264391169,https://x.com/i/web/status/1575670039264391169,Ciro Gomes,@cirogomes,2022-09-30T02:13:06.000Z,"Eu nunca deixei de denunciar as perseguições processuais que Lula sofreu, mas não dá pra aceitar esse discurso de que não aconteceu nada. 16 bilhões de reais foram devolvidos, o maior escândalo de corrupção desvendado da história do Brasil. #DebateNaGlobo",nao,650 Replies. Reply,485 reposts. Repost,2765 Likes. Like,,
1575669020971311105,https://x.com/i/web/status/1575669020971311105,Ciro Gomes,@cirogomes,2022-09-30T02:09:03.000Z,"Ora, de onde veio essa montanha de dinheiro? Quando essa turma devolveu, foram bem claros: ‘estou devolvendo porque roubei no governo do PT com o conhecimento do Lula’. Esses números são todos oficiais! #DebateNaGlobo",nao,40 Replies. Reply,176 reposts. Repost,854 Likes. Like,,
1575669018647592961,https://x.com/i/web/status/1575669018647592961,Ciro Gomes,@cirogomes,2022-09-30T02:09:03.000Z,"Bolsonaro foi eleito com 70% dos votos em diversas regiões do país e não foi porque tinha alguma obra ou proposta pra oferecer. Foi a consequência da pior crise econômica da história e da corrupção generalizada, que não dava pra esconder – 16 bilhões de reais foram devolvidos.",nao,251 Replies. Reply,485 reposts. Repost,3051 Likes. Like,,
1575666040767664128,https://x.com/i/web/status/1575666040767664128,Ciro Gomes,@cirogomes,2022-09-30T01:57:13.000Z,"Ficar falseando um período do tempo e não prestar contas do que realmente aconteceu gerou a tragédia do Bolsonaro. Se fosse verdade essa montanha de coisas boas que Lula fica anunciando, por que Bolsonaro foi eleito depois dos governos do PT? #DebateNaGlobo",nao,465 Replies. Reply,406 reposts. Repost,1857 Likes. Like,,
1575665250967617536,https://x.com/i/web/status/1575665250967617536,Ciro Gomes,@cirogomes,2022-09-30T01:54:04.000Z,"O PT concentrou 85% das transações financeiras na mão de cinco bancos e impôs a maior taxa de juros do mundo, o que destruiu a economia popular – 6 milhões de empresas estão no Serasa. Quando acabou o período do PT, 63 milhões de famílias estavam humilhadas no SPC. #DebateNaGlobo",nao,347 Replies. Reply,441 reposts. Repost,1927 Likes. Like,,
1575664582429147136,https://x.com/i/web/status/1575664582429147136,Ciro Gomes,@cirogomes,2022-09-30T01:51:25.000Z,"Participei do governo do PT e me afastei justamente pelas contradições graves: de economia e, mais grave ainda, as contradições morais. Lula pega os 14 anos do PT, separa um pedacinho e esquece o resultado final desses anos todos de governo. #DebateNaGlobo",nao,1096 Replies. Reply,644 reposts. Repost,3538 Likes. Like,,
1575655368747024385,https://x.com/i/web/status/1575655368747024385,Ciro Gomes,@cirogomes,2022-09-30T01:14:48.000Z,"Turma boa, obrigado pela força e apoio de sempre. Estou cheio de energia pro #DebateNaGlobo. Vamos mostrar ao Brasil que existe uma opção viável, experiente, ficha limpa e com projeto para mudar o Brasil!",nao,610 Replies. Reply,594 reposts. Repost,4281 Likes. Like,,
1575643413021487104,https://x.com/i/web/status/1575643413021487104,Ciro Gomes,@cirogomes,2022-09-30T00:27:18.000Z,"Chegamos para o #DebateNaGlobo! 
Convide os amigos pra assistir e conhecer as propostas de cada candidato. Encontro vocês às 22h30!",nao,198,314,1739,,
1575639651477487616,https://x.com/i/web/status/1575639651477487616,Ciro Gomes,@cirogomes,2022-09-30T00:12:21.000Z,Todo mundo pronto para o #DebateNaGlobo? 👀,nao,193,369,1679,,
1575606350637408265,https://x.com/i/web/status/1575606350637408265,Ciro Gomes,@cirogomes,2022-09-29T22:00:01.000Z,O PROGRAMA DESENROLA DO LULA É IGUAL AO SEU PROGRAMA DE LIMPAR O NOME DA POPULAÇÃO QUE ESTÁ COM O NOME SUJO NO SPC E NO SERASA? 🤨,nao,162,268,1063,,
1575577065948323840,https://x.com/i/web/status/1575577065948323840,,,,,,,,,,timeout_ou_tweet_indisponivel
1575577057735880706,https://x.com/i/web/status/1575577057735880706,Ciro Gomes,@cirogomes,2022-09-29T20:03:38.000Z,"Terminando o mês tomado pelo sentimento de dever cumprido e o coração transbordando de fé, amor e esperança. Hoje tem o último debate do primeiro turno, não deixe de acompanhar! E dia 2 é 1️⃣2️⃣ nas urnas pelo futuro do nosso Brasil! 🇧🇷",nao,156,380,1948,,
1575545955645939714,https://x.com/i/web/status/1575545955645939714,Ciro Gomes,@cirogomes,2022-09-29T18:00:02.000Z,O SERASA E O SPC JÁ FAZEM LEILÕES PARA ABATER AS DÍVIDAS DO POVO. O QUE NOSSA PROPOSTA TRAZ DE NOVO? 🧐,nao,87,247,867,,
1575521362961203200,https://x.com/i/web/status/1575521362961203200,Ciro Gomes,@cirogomes,2022-09-29T16:22:19.000Z,"Não anule seu voto e não se renda ao medo. No domingo, quando estiver na cabine de votação, te peço que vote com coragem, esperança e vontade de MUDAR o Brasil. Juntos, podemos libertar nossa nação do passado, do ódio e da corrupção.",nao,568,693,2768,,
1575504740372185090,https://x.com/i/web/status/1575504740372185090,Ciro Gomes,@cirogomes,2022-09-29T15:16:16.000Z,"É HOJE. Às 22h30, na @tvglobo, estarei frente a frente com Lula e Bolsonaro no último e mais decisivo debate desse primeiro turno. Não percam porque é o destino do Brasil que estará sendo discutido.",nao,999,863,5185,,
1575455363159171078,https://x.com/i/web/status/1575455363159171078,Ciro Gomes,@cirogomes,2022-09-29T12:00:03.000Z,Nós nunca nos renderemos! ✊,nao,868,897,4275,,
1575289255873552384,https://x.com/i/web/status/1575289255873552384,Ciro Gomes,@cirogomes,2022-09-29T01:00:00.000Z,"AFINAL, A LEI ANTIGANÂNCIA VAI FAZER O POVO TER MENOS CRÉDITO? 🧐",nao,123,317,1154,,
1575274154269581315,https://x.com/i/web/status/1575274154269581315,Ciro Gomes,@cirogomes,2022-09-29T00:00:00.000Z,"Depoimento emocionante da nossa querida militante padrão 
@SalaLolita
. Assista e compartilhe.",nao,165 Replies. Reply,595 reposts. Repost,2365 Likes. Like,,
1575259062677032961,https://x.com/i/web/status/1575259062677032961,Ciro Gomes,@cirogomes,2022-09-28T23:00:02.000Z,ACABAR COM O TETO DE GASTOS NÃO É IRRESPONSABILIDADE FISCAL? ,nao,90 Replies. Reply,338 reposts. Repost,1153 Likes. Like,,
1575228859829583898,https://x.com/i/web/status/1575228859829583898,Ciro Gomes,@cirogomes,2022-09-28T21:00:01.000Z,"Eu vim pedir a você uma chance para MUDAR O BRASIL. Vamos lá, turma boa, votar com coragem e esperança! Precisamos libertar nosso país do passado, do ódio e da corrupção e dar um importante passo na direção do futuro. Dia 2 de outubro é 12 na urna!",nao,423 Replies. Reply,637 reposts. Repost,2246 Likes. Like,,
1575221308027043840,https://x.com/i/web/status/1575221308027043840,Ciro Gomes,@cirogomes,2022-09-28T20:30:00.000Z,100% comprometido com os direitos dos calvos!  #CalvãoDeCria,nao,243 Replies. Reply,597 reposts. Repost,3753 Likes. Like,,
1575210577139728384,https://x.com/i/web/status/1575210577139728384,Ciro Gomes,@cirogomes,2022-09-28T19:47:22.000Z,"Dona Alice deixou o recado!
93 anos de muita simpatia e experiência. Vamo lá, gente boa! 

Domingo a gente vota 12!",nao,107 Replies. Reply,434 reposts. Repost,1939 Likes. Like,,
1575176070562807809,https://x.com/i/web/status/1575176070562807809,Ciro Gomes,@cirogomes,2022-09-28T17:30:15.000Z,COMO PODEMOS NOS COMPROMETER COM UMA EDUCAÇÃO DE QUALIDADE EM 15 ANOS GOVERNANDO EM APENAS 4? ,nao,130 Replies. Reply,292 reposts. Repost,913 Likes. Like,,
1575160050452254723,https://x.com/i/web/status/1575160050452254723,Ciro Gomes,@cirogomes,2022-09-28T16:26:35.000Z,"Tenho compromisso de vida e morte com a luta por um Brasil melhor e minha candidatura está de pé para defender o Brasil em qualquer circunstância. Nada me amedrontará nem irá me deter. Com rebeldia e esperança ainda podemos, juntos, salvar nossa pátria.",nao,260 Replies. Reply,651 reposts. Repost,2033 Likes. Like,,
1575145080230477824,https://x.com/i/web/status/1575145080230477824,Ciro Gomes,@cirogomes,2022-09-28T15:27:06.000Z,"Ana Paula (
@AnaPaulaMatosBA
) detalha algumas das nossas principais ações de curto, médio e longo prazo e reitera – somos a única candidatura “sem surpresinha”.",nao,76 Replies. Reply,394 reposts. Repost,1355 Likes. Like,,
1575139331936817161,https://x.com/i/web/status/1575139331936817161,Ciro Gomes,@cirogomes,2022-09-28T15:04:16.000Z,"Durante a sabatina, 
@AnaPaulaMatosBA
 foi questionada sobre nosso suposto “aceno à direita” e deu uma resposta impecável. Assista!",nao,274 Replies. Reply,915 reposts. Repost,3224 Likes. Like,,
1575136844844605440,https://x.com/i/web/status/1575136844844605440,Ciro Gomes,@cirogomes,2022-09-28T14:54:23.000Z,"Nesse trecho, 
@AnaPaulaMatosBA
 chama a atenção para a centralidade das questões brasileiras – ""se passada a eleição as pessoas continuarem sem perspectiva, o Brasil vai entrar em convulsão social. Precisamos aproveitar esse momento político para discutir os problemas do país"".",nao,64 Replies. Reply,360 reposts. Repost,1146 Likes. Like,,
1575132817578770434,https://x.com/i/web/status/1575132817578770434,Ciro Gomes,@cirogomes,2022-09-28T14:38:22.000Z,"""Tenho o sonho de tornar o Brasil num lugar mais humano, mais justo e com menos preconceito. Aproveito essa oportunidade que Deus tá me dando de cuidar do meu povo e de falar sobre o bem, sobre o amor e mostrar que vale a pena estudar, que vale a pena trabalhar."" 
@AnaPaulaMatosBA",nao,144 Replies. Reply,381 reposts. Repost,1840 Likes. Like,,
1575132249342754817,https://x.com/i/web/status/1575132249342754817,Ciro Gomes,@cirogomes,2022-09-28T14:36:07.000Z,"Na sabatina promovida pelo 
@UOL
 e 
@folha
, 
@AnaPaulaMatosBA
 reflete sobre o atual momento político brasileiro e manda um importante recado de fé, amor e respeito.",nao,53 Replies. Reply,324 reposts. Repost,1078 Likes. Like,,
1575127823811072000,https://x.com/i/web/status/1575127823811072000,Ciro Gomes,@cirogomes,2022-09-28T14:18:32.000Z,"""Aproveito a oportunidade para chamar o povo brasileiro pra refletir sobre o tempo que estamos vivendo. É momento de entender que a gente tem que ter um certo cuidado, mas precisamos vibrar no amor e na paz, sempre respeitando o outro.""
@AnaPaulaMatosBA
 na Sabatina do UOL",nao,230 Replies. Reply,402 reposts. Repost,2195 Likes. Like,,
1575108179419189249,https://x.com/i/web/status/1575108179419189249,Ciro Gomes,@cirogomes,2022-09-28T13:00:28.000Z,COMO VOU CONSEGUIR APOIO NO CONGRESSO PARA APROVAR AS REFORMAS QUE ESTAMOS PROPONDO? ,nao,143 Replies. Reply,285 reposts. Repost,908 Likes. Like,,
1575092971904667648,https://x.com/i/web/status/1575092971904667648,Ciro Gomes,@cirogomes,2022-09-28T12:00:02.000Z,"Entramos na reta final do primeiro turno. Domingo é dia de votar 12! Enquanto Lula e Bolsonaro ficam discutindo qual dos dois é mais corrupto, eu e 
@AnaPaulaMatosBA
 seguimos apresentando nossas propostas pra tirar o Brasil dessa roubada. Vem com a gente e compartilhe com a turma!",nao,561 Replies. Reply,704 reposts. Repost,2152 Likes. Like,,
1574924661758251008,https://x.com/i/web/status/1574924661758251008,Ciro Gomes,@cirogomes,2022-09-28T00:51:14.000Z,"Eleição é um contrato de futuro. O passado identifica de onde você veio, mas não dá pra esperar que o povo vote em você sem dizer o que virá pela frente.",nao,311 Replies. Reply,490 reposts. Repost,2546 Likes. Like,,
1574917217736695808,https://x.com/i/web/status/1574917217736695808,Ciro Gomes,@cirogomes,2022-09-28T00:21:39.000Z,"Já estamos ao vivo com a transmissão do nosso último programa eleitoral do primeiro turno. Assista também na 
cirotv.com.br!

E avisa pra turma: Domingo é dia de votar 12! ",nao,120 Replies. Reply,239 reposts. Repost,1182 Likes. Like,,
1574911672485044224,https://x.com/i/web/status/1574911672485044224,Ciro Gomes,@cirogomes,2022-09-27T23:59:37.000Z,Eu compreendo o povo brasileiro com a minha alma e o respeito com meu coração. Eu tento repartir aquilo que meus valores cristãos me ensinam e tento oferecer meu exemplo de vida. Sempre me dediquei com decência para ajudar as pessoas a mudarem de vida e é por isso que estou aqui.,nao,240 Replies. Reply,388 reposts. Repost,1948 Likes. Like,,
1574911302937583619,https://x.com/i/web/status/1574911302937583619,Ciro Gomes,@cirogomes,2022-09-27T23:58:09.000Z,"ÚLTIMA LIVE DO PRIMEIRO TURNO | CIRO PRESIDENTE 12| 27/09/2022 
x.com/i/broadcasts/1
…",nao,228 Replies. Reply,349 reposts. Repost,1233 Likes. Like,,
1574910167547797505,https://x.com/i/web/status/1574910167547797505,Ciro Gomes,@cirogomes,2022-09-27T23:53:39.000Z,"Chega de repetir os mesmos erros e esperar resultados diferentes. Eles já tiveram oportunidade e o Brasil que está aí não é um Brasil que te faça feliz. Me dê uma oportunidade. Sou sério, bem intencionado e tenho uma solução para o drama brasileiro. Vamos mudar o Brasil juntos!",nao,245 Replies. Reply,398 reposts. Repost,1766 Likes. Like,,
1574905293976346651,https://x.com/i/web/status/1574905293976346651,Ciro Gomes,@cirogomes,2022-09-27T23:34:17.000Z,"Durante a sabatina promovida pelo Jornal da Record, Ciro reflete sobre a desigualdade sistêmica no Brasil e afirma – estamos “fracassando explosivamente em criar oportunidades para o nosso povo”. #CiroNaRecord",nao,96 Replies. Reply,354 reposts. Repost,1494 Likes. Like,,
1574901452425895946,https://x.com/i/web/status/1574901452425895946,Ciro Gomes,@cirogomes,2022-09-27T23:19:01.000Z,Vou dar um choque de digitalização no Governo. Todo brasileiro vai poder acessar do seu celular quanto custou cada tostão em cada obra. Hoje ninguém tem controle de nada.,nao,313 Replies. Reply,468 reposts. Repost,2898 Likes. Like,,
1574898921327009817,https://x.com/i/web/status/1574898921327009817,Ciro Gomes,@cirogomes,2022-09-27T23:08:57.000Z,"Eu quero reconciliar o Brasil, mas a reconciliação que eu quero é em cima de um novo projeto, de uma nova ideia. Fazer acordo com essa gente corrupta é prorrogar eternamente a crise brasileira.",nao,417 Replies. Reply,390 reposts. Repost,1904 Likes. Like,,
1574898222874730507,https://x.com/i/web/status/1574898222874730507,Ciro Gomes,@cirogomes,2022-09-27T23:06:11.000Z,"Nos processos que Lula foi CONDENADO, ele não foi absolvido em nenhum. Depois das lambanças de Sergio Moro e de parte do judiciário que estava envolvido, o processo foi ARQUIVADO porque ele fez 75 anos.",nao,3995 Replies. Reply,3018 reposts. Repost,17187 Likes. Like,,
1574894827237515278,https://x.com/i/web/status/1574894827237515278,Ciro Gomes,@cirogomes,2022-09-27T22:52:41.000Z,"O juiz superior de uma democracia é o povo. Sou um candidato com a vida limpa, sem nenhum escândalo de corrupção no currículo e com ideias práticas, objetivas e prontas para emancipar nosso Brasil.",nao,233 Replies. Reply,326 reposts. Repost,1921 Likes. Like,,
1574891782327910405,https://x.com/i/web/status/1574891782327910405,Ciro Gomes,@cirogomes,2022-09-27T22:40:35.000Z,"Gente boa, já começou #CiroNaRecord! 

Assista ao vivo e compartilhe:
youtu.be/QFseo-KwoKc",nao,118 Replies. Reply,255 reposts. Repost,1053 Likes. Like,,
1574866469438967809,https://x.com/i/web/status/1574866469438967809,Ciro Gomes,@cirogomes,2022-09-27T21:00:00.000Z,NÃO ERA O PT QUE FALAVA EM TAXAR AS GRANDES FORTUNAS? ,nao,166 Replies. Reply,372 reposts. Repost,1334 Likes. Like,,
1574857315097972755,https://x.com/i/web/status/1574857315097972755,Ciro Gomes,@cirogomes,2022-09-27T20:23:38.000Z,"Participo daqui a pouco de uma sabatina na 
@recordtvoficial
. Vamos juntos mostrar aos brasileiros que voto útil é votar num projeto que muda o Brasil de verdade.

Espero vocês 19h30! #CiroNaRecord",nao,152 Replies. Reply,380 reposts. Repost,1385 Likes. Like,,
1574836274212442112,https://x.com/i/web/status/1574836274212442112,Ciro Gomes,@cirogomes,2022-09-27T19:00:01.000Z,TAXAR GRANDES FORTUNAS NÃO VAI AFASTAR INVESTIMENTOS E TIRAR EMPREGOS DO BRASIL? ,nao,83 Replies. Reply,284 reposts. Repost,982 Likes. Like,,
1574821169663836160,https://x.com/i/web/status/1574821169663836160,Ciro Gomes,@cirogomes,2022-09-27T18:00:00.000Z,"HOJE, às 20H45, temos um encontro mais do que especial! Nossa última live do primeiro turno está emocionante e carregada de surpresas. Anote na agenda, compartilhe com a turma, e não deixe de participar!",nao,155 Replies. Reply,387 reposts. Repost,1337 Likes. Like,,
1574806072182722565,https://x.com/i/web/status/1574806072182722565,Ciro Gomes,@cirogomes,2022-09-27T17:00:00.000Z,COMO VAMOS GARANTIR QUE O IMPOSTO SOBRE GRANDES FORTUNAS PASSE NO CONGRESSO? ,nao,107 Replies. Reply,303 reposts. Repost,1005 Likes. Like,,
1574795454709219328,https://x.com/i/web/status/1574795454709219328,Ciro Gomes,@cirogomes,2022-09-27T16:17:49.000Z,"É isso, gente boa, entramos na reta final do primeiro turno. Domingo é o GRANDE DIA de apertar o 12 nas urnas e mostrar que com rebeldia e esperança ainda podemos, juntos, salvar nossa pátria.  

Não deixe de acompanhar a ÚLTIMA LIVE hoje às 20h45. Te garanto: está IMPERDÍVEL!",nao,163 Replies. Reply,403 reposts. Repost,1357 Likes. Like,,
1574792996599513088,https://x.com/i/web/status/1574792996599513088,Ciro Gomes,@cirogomes,2022-09-27T16:08:03.000Z,"Na conversa, tivemos oportunidade de falar um pouco mais sobre a importância da política e nossas propostas para combater a fome, o desemprego, o endividamento, o abuso dos bancos com os brasileiros e muito mais.",nao,16 Replies. Reply,131 reposts. Repost,603 Likes. Like,,
1574792988168945665,https://x.com/i/web/status/1574792988168945665,Ciro Gomes,@cirogomes,2022-09-27T16:08:01.000Z,"Hoje tive um encontro com sindicalistas e trabalhadores de fábricas em Taboão da Serra, ao lado da minha querida Gleides Sodré, Antonio Neto e lideranças do PDT paulista. (…)",nao,115 Replies. Reply,286 reposts. Repost,1651 Likes. Like,,
1574766727065473030,https://x.com/i/web/status/1574766727065473030,Ciro Gomes,@cirogomes,2022-09-27T14:23:40.000Z,ENCONTRO COM TRABALHADORES EM TABOÃO DA SERRA/SP | GIRO DO CIRO | 27/09/2022,nao,85 Replies. Reply,250 reposts. Repost,1040 Likes. Like,,
1574730583221174284,https://x.com/i/web/status/1574730583221174284,Ciro Gomes,@cirogomes,2022-09-27T12:00:02.000Z,"Bolsonaristas e petistas me acusam de tudo. Não por acaso, sofro tentativas de agressão dos dois lados, como você pode ver aqui. Mas, repito pela milésima vez, nunca vão conseguir me calar.",nao,1766 Replies. Reply,1770 reposts. Repost,6365 Likes. Like,,
1574716806060711940,https://x.com/i/web/status/1574716806060711940,Ciro Gomes,@cirogomes,2022-09-27T11:05:18.000Z,"Seria, por acaso, porque alcançariam os mesmos super-ricos que ditam os juros mais altos do mundo, que concentram a riqueza da nação e fazem nossa dívida pública crescer 1 trilhão de reais a cada trilhão pago?",nao,47 Replies. Reply,297 reposts. Repost,1756 Likes. Like,,
1574716804466876418,https://x.com/i/web/status/1574716804466876418,Ciro Gomes,@cirogomes,2022-09-27T11:05:17.000Z,"Como ficam as vendas da refinaria Landulpho Alves, dos gasodutos, da carteira de crédito do BB, da Eletrobras, do propinoduto da Codevasf, das barras de ouro do MEC etc, etc? E por que nenhum outro candidato, além de mim, trata destes temas? (…)",nao,52 Replies. Reply,398 reposts. Repost,2187 Likes. Like,,
1574716802961227777,https://x.com/i/web/status/1574716802961227777,Ciro Gomes,@cirogomes,2022-09-27T11:05:17.000Z,"Qualquer tipo de investigação é bem-vinda, qualquer tipo de crime - se comprovado - deve ser punido, mas surpreende que em um governo com megas escândalos, autoridades e imprensa dêem mais atenção a contas de babá e manicure, em celular de ajudante de ordem de Bolsonaro. (…)",nao,249 Replies. Reply,507 reposts. Repost,3379 Likes. Like,,
1574585974604054541,https://x.com/i/web/status/1574585974604054541,Ciro Gomes,@cirogomes,2022-09-27T02:25:25.000Z,"Foram 3 horas de boa conversa e passamos de 81 mil pessoas acompanhando ao vivo o #CiroNoFlow! Obrigado pela audiência, gente querida! E obrigado pelo convite, 
@igor_3k
!",nao,363 Replies. Reply,532 reposts. Repost,5637 Likes. Like,,
1574577357616476160,https://x.com/i/web/status/1574577357616476160,Ciro Gomes,@cirogomes,2022-09-27T01:51:10.000Z,"Salve, família! 
Salve, @lipe_nero!

Curti demais o emblema de hoje do #CiroNoFlow!",nao,212 Replies. Reply,377 reposts. Repost,2431 Likes. Like,,
1574576884322541579,https://x.com/i/web/status/1574576884322541579,Ciro Gomes,@cirogomes,2022-09-27T01:49:18.000Z,Ciro lembra aos petistas que o acusam de colaborar com Bolsonaro que Lula nunca denunciou o presidente em nenhuma corte judicial. Já Ciro assinou vários pedidos de impeachment e denunciou Bolsonaro na Corte de Haia por charlatanismo durante a pandemia. #CiroNoFlow,nao,195 Replies. Reply,559 reposts. Repost,2272 Likes. Like,,
1574574262060732416,https://x.com/i/web/status/1574574262060732416,Ciro Gomes,@cirogomes,2022-09-27T01:38:52.000Z,"Nação nenhuma, sendo ela madura, é apaixonada por político. Político gosta de falar bonito, às vezes de boa fé e às vezes de má fé, como é que a gente se protege? Saindo do coração, do ódio e da paixão e usando a cabeça, parando pra pensar.",nao,328 Replies. Reply,449 reposts. Repost,2316 Likes. Like,,
1574570901651484672,https://x.com/i/web/status/1574570901651484672,Ciro Gomes,@cirogomes,2022-09-27T01:25:31.000Z,Ciro acabou de se comprometer que vai lutar em favor da causa dos calvos. Repassem. #CalvãoDeCria  /ADM,nao,485 Replies. Reply,1405 reposts. Repost,5662 Likes. Like,,
1574570733178564608,https://x.com/i/web/status/1574570733178564608,Ciro Gomes,@cirogomes,2022-09-27T01:24:51.000Z,"E por que isso? É isso que o estrangeiro quer pra nós, tudo isso é competição e concorrência. Se eu destruo a minha indústria, eu franqueio o meu mercado pro industrial estrangeiro. #CiroNoFlow",nao,24 Replies. Reply,147 reposts. Repost,753 Likes. Like,,
1574570731245293568,https://x.com/i/web/status/1574570731245293568,Ciro Gomes,@cirogomes,2022-09-27T01:24:51.000Z,"Em 1980, o Brasil era 6x a China em matéria de produção industrial. Hoje a China avança pra ser 20x maior que o Brasil – com os mesmos riscos e oportunidades. Devastaram a indústria brasileira – Bolsonaro, Lula, Dilma, Fernando Henrique, é o mesmo modelo econômico.",nao,142 Replies. Reply,398 reposts. Repost,2008 Likes. Like,,
1574567505712058368,https://x.com/i/web/status/1574567505712058368,Ciro Gomes,@cirogomes,2022-09-27T01:12:02.000Z,Ciro dá detalhes sobre como vai colocar o povo pra participar diretamente das decisões – através de plebiscitos – e denuncia a “tragédia brasileira”. #CiroNoFlow,nao,90 Replies. Reply,271 reposts. Repost,1160 Likes. Like,,
1574563274305183770,https://x.com/i/web/status/1574563274305183770,Ciro Gomes,@cirogomes,2022-09-27T00:55:13.000Z,Quer saber por que Ciro é o candidato antissistema? Então assista a esse trecho! #CiroNoFlow,nao,195 Replies. Reply,455 reposts. Repost,1696 Likes. Like,,
1574559763215548441,https://x.com/i/web/status/1574559763215548441,Ciro Gomes,@cirogomes,2022-09-27T00:41:16.000Z,"Ciro denuncia que o bolsonarismo inventa que ele tem empresa de carros pipa no Ceará, enquanto o petismo alimenta a história que ele batia na sua ex-mulher. ""Matam o carteiro para não lerem a carta"". #CiroNoFlow",nao,114 Replies. Reply,296 reposts. Repost,1199 Likes. Like,,
1574558705189781514,https://x.com/i/web/status/1574558705189781514,Ciro Gomes,@cirogomes,2022-09-27T00:37:03.000Z,Ciro lembra que Lula ganhou milhões fazendo palestras. Para quem? Para todas as empreiteiras denunciadas pela Lava Jato. #CiroNoFlow,nao,302 Replies. Reply,561 reposts. Repost,2419 Likes. Like,,
1574557896066490368,https://x.com/i/web/status/1574557896066490368,Ciro Gomes,@cirogomes,2022-09-27T00:33:50.000Z,"Estou envergonhado com o que certos setores da elite brasileira estão fazendo, censurando a discussão, omitindo o diagnóstico do problema, desqualificando opiniões.",nao,331 Respostas. Resposta,420 reposts. Repost,2549 Curtidas. Curtida,,
1574557861505531907,https://x.com/i/web/status/1574557861505531907,Ciro Gomes,@cirogomes,2022-09-27T00:33:42.000Z,Eu vou reconciliar a nação brasileira ao redor de um Projeto Nacional de Desenvolvimento com o qual cada brasileiro vai ver seu lugar no futuro.,nao,1150 Respostas. Resposta,461 reposts. Repost,2687 Curtidas. Curtida,,
1574554203137114124,https://x.com/i/web/status/1574554203137114124,Ciro Gomes,@cirogomes,2022-09-27T00:19:10.000Z,"Ciro explica porque o preço da comida subiu explosivamente. Veja, se espante e compartilhe. #CiroNoFlow",nao,78 Respostas. Resposta,404 reposts. Repost,1444 Curtidas. Curtida,,
1574553435072077825,https://x.com/i/web/status/1574553435072077825,Ciro Gomes,@cirogomes,2022-09-27T00:16:07.000Z,"Quero fazer da minha eleição um plebiscito de ideias e projetos: Renda Mínima de 1.000 reais, Lei Antiganância, um sistema tributário que vai cobrar dos super-ricos e vai cortar 20% das renúncias fiscais. Se me elegerem, estarão elegendo a mim e as minhas ideias.",nao,180 Respostas. Resposta,332 reposts. Repost,1631 Curtidas. Curtida,,
1574549103165440004,https://x.com/i/web/status/1574549103165440004,Ciro Gomes,@cirogomes,2022-09-26T23:58:54.000Z,Ciro lembra que denunciou as roubalheiras do governo Bolsonaro na cara dele durante o #DebateNoSBT. E lamenta que muitas dessas denúncias não são publicadas pela imprensa. Ele explica porque. #CiroNoFlow,nao,122 Respostas. Resposta,564 reposts. Repost,2213 Curtidas. Curtida,,
1574544762035752963,https://x.com/i/web/status/1574544762035752963,Ciro Gomes,@cirogomes,2022-09-26T23:41:39.000Z,"Depois de dar todos os alertas em 2018, Ciro questiona: será que a solução é voltar à causa que produziu Bolsonaro – como o sistemão está propondo? #CiroNoFlow",nao,111 Respostas. Resposta,311 reposts. Repost,1284 Curtidas. Curtida,,
1574543158377172993,https://x.com/i/web/status/1574543158377172993,Ciro Gomes,@cirogomes,2022-09-26T23:35:17.000Z,"Ciro inicia sua participação no 
@flowpdc
 explicando porque lançou o seu Manifesto à Nação. ""Sou brasileiro e não desisto nunca"". #CiroNoFlow",nao,134 Respostas. Resposta,322 reposts. Repost,1337 Curtidas. Curtida,,
1574539850585296896,https://x.com/i/web/status/1574539850585296896,Ciro Gomes,@cirogomes,2022-09-26T23:22:08.000Z,"Precisamos encontrar uma solução pra corrupção, que é uma doença que está matando nossa sociedade. Por culpa dos péssimos exemplos, que estão na frente nas pesquisas, as pessoas acham que todo mundo é ladrão e acabam procurando o corrupto do bem e o do mal. Onde nós vamos parar?",nao,199 Respostas. Resposta,292 reposts. Repost,1384 Curtidas. Curtida,,
1574537035058233345,https://x.com/i/web/status/1574537035058233345,Ciro Gomes,@cirogomes,2022-09-26T23:10:57.000Z,"Recebi mensagens dizendo que eu devia morrer, que dariam R$ 50,00 pra quem me matasse. Nossa equipe de advogados está em busca dos culpados. O manifesto de hoje veio para acabar com a fofoca. Não tem conversa, eu sou brasileiro, não desisto nunca. #CiroNoFlow",nao,961 Respostas. Resposta,987 reposts. Repost,4912 Curtidas. Curtida,,
1574533292459794432,https://x.com/i/web/status/1574533292459794432,Ciro Gomes,@cirogomes,2022-09-26T22:56:04.000Z,"Tirem da cabeça que eu vou desistir. Mesmo com tantas ameaças – inclusive à minha integridade física –, eu não vou desistir e vou lutar até o dia 2 de outubro, às 17h30. Eu nunca fui candidato porque seria fácil. Sou candidato porque tenho uma proposta para salvar nosso Brasil.",nao,2401 Respostas. Resposta,1086 reposts. Repost,9035 Curtidas. Curtida,,
1574525871989223424,https://x.com/i/web/status/1574525871989223424,Ciro Gomes,@cirogomes,2022-09-26T22:26:35.000Z,"COMEÇOU #CiroNoFlow! 
Todo mundo ON? 

 
youtu.be/b_V8DaBQdZc",nao,328 Replies. Reply,448 reposts. Repost,2157 Likes. Like,,
1574516786317361154,https://x.com/i/web/status/1574516786317361154,Ciro Gomes,@cirogomes,2022-09-26T21:50:29.000Z,"Já cheguei no 
@flowpdc
 pra entrevista de hoje! Vamos nessa?

Assista ao vivo e participe da live com a hashtag #CiroNoFlow",nao,388 Respostas. Resposta,581 reposts. Repost,3622 Curtidas. Curtida,,
1574498064919937058,https://x.com/i/web/status/1574498064919937058,Ciro Gomes,@cirogomes,2022-09-26T20:36:06.000Z,"Meu irmão, minha irmã, quem ganha ou não é você que decide. O sistema tá empurrando pro povo escolher entre o 'coisa ruim' e o 'coisa pior', querem tomar até sua liberdade de escolher em quem votar. Me dê uma oportunidade e aí eu faço história, eu mudo de verdade o nosso Brasil!",nao,846 Respostas. Resposta,656 reposts. Repost,3590 Curtidas. Curtida,,
1574484863398416384,https://x.com/i/web/status/1574484863398416384,Ciro Gomes,@cirogomes,2022-09-26T19:43:38.000Z,"Esta guerra absurda começa com linchamentos e torturais morais, se desdobra em pregações de extermínio político e termina muitas vezes assim, com sangue derramado. O Brasil pede paz, tolerância e compaixão.",nao,147 Respostas. Resposta,249 reposts. Repost,1707 Curtidas. Curtida,,
1574484861842329600,https://x.com/i/web/status/1574484861842329600,Ciro Gomes,@cirogomes,2022-09-26T19:43:38.000Z,"Em questão de horas, ocorreram dois lamentáveis crimes de mortes, por ódio político – um no Ceará, outro em Santa Catarina. Este clima insano de hostilidade, gerado pela polarização odienta, não pode continuar enlutando as famílias brasileiras. (...)",nao,1385 Replies. Reply,769 reposts. Repost,4469 Likes. Like,,
1574472141986304020,https://x.com/i/web/status/1574472141986304020,Ciro Gomes,@cirogomes,2022-09-26T18:53:05.000Z,"Se você realmente quer um novo Brasil é HORA DE MUDAR. Vamos juntos, gente boa. Dia 2 de outubro, é  nas urnas!",nao,212 Respostas. Resposta,422 reposts. Repost,1768 Curtidas. Curtida,,
1574452236922621953,https://x.com/i/web/status/1574452236922621953,Ciro Gomes,@cirogomes,2022-09-26T17:33:59.000Z,"Tenho um convite pra vocês: hoje à noite vou conversar ao vivo no 
@flowpdc
. Vamos debater os reais problemas do país e mostrar aos brasileiros que existe uma opção viável, preparada, ficha limpa e que não se dobra aos interesses do sistemão. Espero vocês às 19h! #CiroNoFlow",nao,640 Respostas. Resposta,1060 reposts. Repost,4354 Curtidas. Curtida,,
1574397577176313858,https://x.com/i/web/status/1574397577176313858,Ciro Gomes,@cirogomes,2022-09-26T13:56:47.000Z,"LEIA A ÍNTEGRA DO MANIFESTO DE CIRO À NAÇÃO: 
cirogomes.com.br/artigos/ciro-l
… 

#CiroManifestoÀNação",nao,1753 Respostas. Resposta,961 reposts. Repost,3335 Curtidas. Curtida,,
1574397029819846656,https://x.com/i/web/status/1574397029819846656,Ciro Gomes,@cirogomes,2022-09-26T13:54:37.000Z,"Com rebeldia e esperança ainda podemos, juntos, salvar nossa pátria. Levanta, Brasil! #CiroManifestoÀNação",nao,517 Respostas. Resposta,463 reposts. Repost,2263 Curtidas. Curtida,,
1574396945887629318,https://x.com/i/web/status/1574396945887629318,Ciro Gomes,@cirogomes,2022-09-26T13:54:17.000Z,"Tenho compromisso com a LUTA POR UM BRASIL MELHOR e nada me amedrontará. Minha candidatura está de pé para DEFENDER O BRASIL EM QUALQUER CIRCUNSTANCIA. E meu nome continua posto, como firme e legítima opção, para livrar o país de um presente covarde e de um futuro amedrontador.",nao,279 Respostas. Resposta,347 reposts. Repost,1700 Curtidas. Curtida,,
1574396491220688896,https://x.com/i/web/status/1574396491220688896,Ciro Gomes,@cirogomes,2022-09-26T13:52:29.000Z,"Por mais jogo sujo que pratiquem, ELES NÃO ME INTIMIDARÃO. Não fugirei do verdadeiro embate democrático e não compactuarei com essa farsa. #CiroManifestoÀNação",nao,786 Respostas. Resposta,539 reposts. Repost,2851 Curtidas. Curtida,,
1574396375604887552,https://x.com/i/web/status/1574396375604887552,Ciro Gomes,@cirogomes,2022-09-26T13:52:01.000Z,"Querem calar as vozes das dissidências e submetê-las, sob o regime do medo e do terror velado, a dois blocos rivais que se escondem no maniqueísmo e no personalismo para disfarçar as profundas semelhanças de suas candidaturas. #CiroManifestoÀNação",nao,201 Respostas. Resposta,323 reposts. Repost,1555 Curtidas. Curtida,,
1574396264317231104,https://x.com/i/web/status/1574396264317231104,Ciro Gomes,@cirogomes,2022-09-26T13:51:34.000Z,"E, se for o caso, de optarem por aqueles que mais se aproxime de suas ideias. Querem privá-las do direito de expressar seus sonhos e de testar a força de suas posições, enriquecendo o debate e fortalecendo a pluralidade de ideias. #CiroManifestoÀNação",nao,55 Respostas. Resposta,201 reposts. Repost,1187 Curtidas. Curtida,,
1574396262061080576,https://x.com/i/web/status/1574396262061080576,Ciro Gomes,@cirogomes,2022-09-26T13:51:34.000Z,"Na reta final da campanha mais vazia da história, embalam tudo no falso argumento do “voto útil”. Com esta pregação, querem eliminar a liberdade das pessoas de votarem, no regime de dois turnos, primeiro no candidato que mais representa seus valores (...)",nao,355 Respostas. Resposta,541 reposts. Repost,2952 Curtidas. Curtida,,
1574395607724294147,https://x.com/i/web/status/1574395607724294147,Ciro Gomes,@cirogomes,2022-09-26T13:48:58.000Z,Lula e o PT passaram 14 anos no poder e deixaram o Brasil com os mesmos problemas que encontraram. A prova disso é a rápida evaporação dos efeitos da fugaz benesse que conseguiram produzir impulsionada por ciclos favoráveis das commodities. #CiroManifestoÀNação,nao,786 Replies. Reply,606 reposts. Repost,2807 Likes. Like,,
1574395480057987074,https://x.com/i/web/status/1574395480057987074,Ciro Gomes,@cirogomes,2022-09-26T13:48:27.000Z,"O Brasil tem uma das piores concentrações de renda do MUNDO. Os cinco mais ricos acumulam uma fortuna equivalente a tudo que os 100 milhões mais pobres possuem, e cinco bancos concentram 85% do mercado, o que lhes permite impor à população os JUROS MAIS ALTOS DO PLANETA.",nao,79 Replies. Reply,313 reposts. Repost,1410 Likes. Like,,
1574394900094885890,https://x.com/i/web/status/1574394900094885890,Ciro Gomes,@cirogomes,2022-09-26T13:46:09.000Z,"Não por acaso, esta trágica engenharia financeira transformou-se em uma pavorosa tragédia social. #CiroManifestoÀNação",nao,27 Replies. Reply,170 reposts. Repost,957 Likes. Like,,
1574394898182176770,https://x.com/i/web/status/1574394898182176770,Ciro Gomes,@cirogomes,2022-09-26T13:46:09.000Z,"Praticamente, a cada trilhão que pagamos da dívida, em lugar de diminuir ela aumentou em mais um trilhão, algo completamente absurdo, ainda mais se lembrarmos que as taxas de juros são definidas pelo próprio governo.",nao,24 Replies. Reply,180 reposts. Repost,1056 Likes. Like,,
1574394896135475205,https://x.com/i/web/status/1574394896135475205,Ciro Gomes,@cirogomes,2022-09-26T13:46:08.000Z,"Em uma das engenharia financeiras mais perversas da história mundial, conseguiram transformar, de 2003 a 2021, uma dívida pública de pouco mais de 600 bilhões de reais em uma dívida que ultrapassa 7 trilhões, mesmo que tenhamos pago, neste mesmo período, outros 7 trilhões.",nao,92 Replies. Reply,413 reposts. Repost,1981 Likes. Like,,
1574394588168593410,https://x.com/i/web/status/1574394588168593410,Ciro Gomes,@cirogomes,2022-09-26T13:44:55.000Z,"Não questionam o fato de o Brasil vir adotando, há 30 anos, um modelo político baseado no conchavo, na corrupção e no toma lá dá cá; e de vir prologando a vida de um modelo econômico que entrega a riqueza do país para quem já tem muito e distribui migalhas para quem tem pouco.",nao,153 Replies. Reply,314 reposts. Repost,1514 Likes. Like,,
1574394411026419713,https://x.com/i/web/status/1574394411026419713,Ciro Gomes,@cirogomes,2022-09-26T13:44:13.000Z,"Reduziram o debate a um choque vazio e oportunista entre um suposto bem e um suposto mal, enquanto produzem a campanha mais sem propostas e sem projeto da nossa história recente. #CiroManifestoÀNação",nao,58 Replies. Reply,217 reposts. Repost,1139 Likes. Like,,
1574394408899846144,https://x.com/i/web/status/1574394408899846144,Ciro Gomes,@cirogomes,2022-09-26T13:44:12.000Z,"Setores da mídia e da inteligência que, em uma mistura de cumplicidade, amnésia e medo, perderam a nitidez dos fatos, das causas, dos efeitos e de suas perigosas consequências.",nao,132 Replies. Reply,331 reposts. Repost,1959 Likes. Like,,
1574394168511643648,https://x.com/i/web/status/1574394168511643648,Ciro Gomes,@cirogomes,2022-09-26T13:43:15.000Z,"Mesmo assim, as máquinas poderosas do lulismo e do bolsonarismo estão conseguindo enganar a percepção popular, passando a falsa ideia de que apenas um pode derrotar o outro. #CiroManifestoÀNação",nao,172 Replies. Reply,273 reposts. Repost,1516 Likes. Like,,
1574394166402060291,https://x.com/i/web/status/1574394166402060291,Ciro Gomes,@cirogomes,2022-09-26T13:43:14.000Z,"Bolsonaro não existiria se não fosse a grave crise econômica e moral dos governos petistas. E Lula não sobreviveria, em sua ameaçadora decadência, se não fossem os desatinos criminosos de Bolsonaro.",nao,2353 Replies. Reply,1308 reposts. Repost,7368 Likes. Like,,
1574393806836977664,https://x.com/i/web/status/1574393806836977664,Ciro Gomes,@cirogomes,2022-09-26T13:41:49.000Z,"Mas nada deterá nossa disposição de seguir em frente a empunhar a bandeira do novo Projeto Nacional de Desenvolvimento e, também, a denunciar os corruptos, farsantes e demagogos que tentam ludibriar a fé popular com suas falsas promessas. #CiroManifestoÀNação",nao,180 Replies. Reply,323 reposts. Repost,1509 Likes. Like,,
1574393603471835138,https://x.com/i/web/status/1574393603471835138,Ciro Gomes,@cirogomes,2022-09-26T13:41:00.000Z,"Aqueles que ousam resistir – como é o nosso caso – são vítimas das mais violentas campanhas de intimidação, mentiras e destruição de imagem. Está acontecendo agora quando estou sendo vítima de gigantesca campanha, nacional e internacional, para a retirada da minha candidatura.",nao,778 Replies. Reply,586 reposts. Repost,2838 Likes. Like,,
1574392813042778113,https://x.com/i/web/status/1574392813042778113,Ciro Gomes,@cirogomes,2022-09-26T13:37:52.000Z,"E para eliminar, na raiz, a diversidade do embate democrático tentam transformá-lo, de forma artificial e prematura, no embate de duas forças que utilizam falsos argumentos morais para se tornarem hegemônicas. #CiroManifestoÀNação",nao,105 Replies. Reply,237 reposts. Repost,1431 Likes. Like,,
1574392810597482497,https://x.com/i/web/status/1574392810597482497,Ciro Gomes,@cirogomes,2022-09-26T13:37:51.000Z,"Para esconder a CULPA da renúncia covarde aos verdadeiros ideais de mudança, muitos se escondem na DESCULPA de que para governar é necessária uma aliança com as forças do atraso. É um jogo de culpa-desculpa, trágico e repetitivo.",nao,625 Replies. Reply,650 reposts. Repost,4102 Likes. Like,,
1574387506874912780,https://x.com/i/web/status/1574387506874912780,Ciro Gomes,@cirogomes,2022-09-26T13:16:47.000Z,"CIRO LANÇA MANIFESTO À NAÇÃO | 26/09/2022 
x.com/i/broadcasts/1
…",nao,3762 Replies. Reply,2617 reposts. Repost,8179 Likes. Like,,
1574386277637578752,https://x.com/i/web/status/1574386277637578752,Ciro Gomes,@cirogomes,2022-09-26T13:11:53.000Z,"ATENÇÃO: a transmissão AO VIVO do Manifesto à Nação será em todas as redes oficiais e também pela 
cirotv.com.br

#CiroManifestoÀNação",nao,377 Replies. Reply,342 reposts. Repost,1514 Likes. Like,,
1574339329165611009,https://x.com/i/web/status/1574339329165611009,Ciro Gomes,@cirogomes,2022-09-26T10:05:20.000Z,"HOJE, ÀS 10H, CIRO FARÁ UM IMPORTANTE PRONUNCIAMENTO À NAÇÃO. NÃO PERCA #CiroManifestoÀNação",nao,2469 Replies. Reply,1415 reposts. Repost,6818 Likes. Like,,
1574156794435407878,https://x.com/i/web/status/1574156794435407878,Ciro Gomes,@cirogomes,2022-09-25T22:00:00.000Z,1.000 REAIS É QUASE UM SALÁRIO MÍNIMO. NÃO É ERRADO DAR ESSE VALOR? ,nao,158 Replies. Reply,378 reposts. Repost,1645 Likes. Like,,
1574153195164561408,https://x.com/i/web/status/1574153195164561408,Ciro Gomes,@cirogomes,2022-09-25T21:45:42.000Z,AMANHÃ CIRO FARÁ UM IMPORTANTE PRONUNCIAMENTO À NAÇÃO. NÃO PERCA!,nao,8333 Replies. Reply,7734 reposts. Repost,21453 Likes. Like,,
1574149243178131457,https://x.com/i/web/status/1574149243178131457,Ciro Gomes,@cirogomes,2022-09-25T21:30:00.000Z,DAR ESSE VALOR DE 1.000 REAIS NÃO VAI CRIAR UMA GERAÇÃO DE DESOCUPADOS? ,nao,137 Replies. Reply,391 reposts. Repost,1502 Likes. Like,,
1574141692617183233,https://x.com/i/web/status/1574141692617183233,Ciro Gomes,@cirogomes,2022-09-25T21:00:00.000Z,1.000 REAIS DE RENDA MÍNIMA NÃO É UM VALOR ALTO DEMAIS? ,nao,198 Replies. Reply,517 reposts. Repost,1877 Likes. Like,,
1574133396590190593,https://x.com/i/web/status/1574133396590190593,Ciro Gomes,@cirogomes,2022-09-25T20:27:02.000Z,"É sempre uma alegria encontrar com nossa gente querida do Rio de Janeiro! E deixo aqui o meu recado: vote com esperança, meu irmão. Vote com coragem! Viva o Trabalhismo! ",nao,192 Replies. Reply,433 reposts. Repost,1707 Likes. Like,,
1574104893106823168,https://x.com/i/web/status/1574104893106823168,Ciro Gomes,@cirogomes,2022-09-25T18:33:46.000Z,"Com o programa, vamos legalizar a posse das casas e de terrenos, além de financiar, em até 10 anos, a reforma de moradias populares, contratando mão-de-obra das próprias comunidades. O Brasil tem um povo maravilhoso, que, se tiver oportunidades, muda a história do país.",nao,28 Replies. Reply,205 reposts. Repost,916 Likes. Like,,
1574104885754142720,https://x.com/i/web/status/1574104885754142720,Ciro Gomes,@cirogomes,2022-09-25T18:33:44.000Z,"Junto com nosso candidato ao senado pelo Rio de Janeiro, 
@CaboDaciolo
, subimos o morro da Rocinha, onde conversamos com os moradores e comerciantes sobre a urgência de urbanizar nossas comunidades com com o programa de Reforma Urbana e Regularização Fundiária.",nao,153 Replies. Reply,455 reposts. Repost,2120 Likes. Like,,
1574094459528257536,https://x.com/i/web/status/1574094459528257536,Ciro Gomes,@cirogomes,2022-09-25T17:52:19.000Z,Já ouviu falar de BOLSOPLANISMO e LULAPLANISMO? ,nao,5690 Replies. Reply,3816 reposts. Repost,9168 Likes. Like,,
1574093960032751619,https://x.com/i/web/status/1574093960032751619,Ciro Gomes,@cirogomes,2022-09-25T17:50:19.000Z," @TodosComCiro
 

Os canalhas da mentira e da manipulação usaram essa imagem para difamar Ciro.

Mas a verdade é que Bolsonaro pediu direito de resposta ao ser indiretamente atacado por Soraya. 

Ciro então reprime o presidente: “Ela não falou seu nome!”

AUMENTE O SOM! ",nao,656 Replies. Reply,785 reposts. Repost,2902 Likes. Like,,
1574078563615211522,https://x.com/i/web/status/1574078563615211522,Ciro Gomes,@cirogomes,2022-09-25T16:49:09.000Z,"Mais registros da nossa Caminhada da Rosa Vermelha, no Rio de Janeiro. Meu coração fica muito grato com toda alegria e vibração do povo carioca! ",nao,185 Replies. Reply,332 reposts. Repost,1545 Likes. Like,,
1574076717278412804,https://x.com/i/web/status/1574076717278412804,Ciro Gomes,@cirogomes,2022-09-25T16:41:48.000Z,"COMÍCIO NA ROCINHA | RIO DE JANEIRO | GIRO DO CIRO | 25/09/2022 
x.com/i/broadcasts/1
…",nao,219 Replies. Reply,338 reposts. Repost,1408 Likes. Like,,
1574061242943442944,https://x.com/i/web/status/1574061242943442944,Ciro Gomes,@cirogomes,2022-09-25T15:40:19.000Z,"Começamos o domingo na tradicional Caminhada da Rosa Vermelha, no Rio. Mais um encontro energizante com nosso povo, ao lado de 
@AnaPaulaMatosBA
, do nosso candidato ao governo do RJ, 
@_RodrigoNeves_
, do presidente do PDT 
@CarlosLupiPDT
, da querida 
@gisellebezerra
 e demais amigos.",nao,191 Replies. Reply,332 reposts. Repost,1379 Likes. Like,,
1574052275600900096,https://x.com/i/web/status/1574052275600900096,Ciro Gomes,@cirogomes,2022-09-25T15:04:41.000Z,"CAMINHADA DA ROSA VERMELHA EM COPACABANA | RIO DE JANEIRO | GIRO DO CIRO | 25/09/2022 
x.com/i/broadcasts/1
…",nao,414 Replies. Reply,495 reposts. Repost,2420 Likes. Like,,
1573999571121864705,https://x.com/i/web/status/1573999571121864705,Ciro Gomes,@cirogomes,2022-09-25T11:35:15.000Z,"São inúmeras ações - pedidos de impeachment, denúncia em cortes internacionais de crimes contra humanidade, improbidade, abusos de poder, crimes eleitorais etc- grande parte delas vitoriosas. Nossa luta está viva em todas as frentes.",nao,192 Replies. Reply,321 reposts. Repost,1885 Likes. Like,,
1573999569704304641,https://x.com/i/web/status/1573999569704304641,Ciro Gomes,@cirogomes,2022-09-25T11:35:15.000Z,"Por falar em ações contra este presidente insano e seu governo sem rumo, nenhum candidato ou partido iguala nosso ranking. (…)",nao,147 Replies. Reply,309 reposts. Repost,2071 Likes. Like,,
1573999567657369600,https://x.com/i/web/status/1573999567657369600,Ciro Gomes,@cirogomes,2022-09-25T11:35:15.000Z,"Uma pergunta: foi coincidência, jogo cabalístico, ou apenas mau jornalismo, a Folha esconder no 12* parágrafo da matéria a informação de que fomos nós, do PDT, que acionamos o TSE para proibir as lives eleitoreiras de Bolsonaro no Planalto? (…)",nao,722 Replies. Reply,817 reposts. Repost,4377 Likes. Like,,
1573854803062448129,https://x.com/i/web/status/1573854803062448129,Ciro Gomes,@cirogomes,2022-09-25T02:00:00.000Z,"O modelo econômico que o Brasil segue há décadas, e que nem o Lula e o Bolsonaro tiveram coragem pra mudar, é todo feito pra beneficiar os mais ricos e dar migalhas aos mais pobres. É isso que nós precisamos mudar. Confira como vamos resolver esse problema.",nao,262 Replies. Reply,436 reposts. Repost,1440 Likes. Like,,
1573838707945340930,https://x.com/i/web/status/1573838707945340930,Ciro Gomes,@cirogomes,2022-09-25T00:56:03.000Z,"Ciro falou cara a cara o que Bolsonaro nunca tinha ouvido. Se Lula não teve essa coragem, Ciro teve de sobra. Confira.",nao,1861 Replies. Reply,1676 reposts. Repost,7347 Likes. Like,,
1573823384319827969,https://x.com/i/web/status/1573823384319827969,Ciro Gomes,@cirogomes,2022-09-24T23:55:09.000Z,"Mesmo que essa força não seja majoritária pra ir pro segundo turno, ela aparece forte pra COBRAR de quem ganhou e preparar o país pro futuro. O que Lula e Bolsonaro querem é que você vote com ódio. E eu quero que você vote com ESPERANÇA. Essa é uma oportunidade que eu lhe peço.",nao,147 Replies. Reply,228 reposts. Repost,1278 Likes. Like,,
1573823382549942272,https://x.com/i/web/status/1573823382549942272,Ciro Gomes,@cirogomes,2022-09-24T23:55:09.000Z,"O sistema eleitoral brasileiro estabelece um pleito de dois turnos para que você tenha a esperança de votar naquilo que você acha melhor e com quem você mais se identifica – no projeto, nas ideias e na decência.",nao,86 Replies. Reply,204 reposts. Repost,1274 Likes. Like,,
1573823380440190976,https://x.com/i/web/status/1573823380440190976,Ciro Gomes,@cirogomes,2022-09-24T23:55:08.000Z,"Eu luto pelo Brasil a minha vida inteira. Nunca respondi por nenhuma acusação de corrupção e sempre saí dos cargos que ocupei pela porta da frente. Hoje me apresento candidato à presidência com uma proposta que tem início, meio e fim.",nao,858 Replies. Reply,513 reposts. Repost,3310 Likes. Like,,
1573823220502986752,https://x.com/i/web/status/1573823220502986752,Ciro Gomes,@cirogomes,2022-09-24T23:54:30.000Z,"Nas suas considerações finais, Ciro fez um apelo para que o povo brasileiro lhe escute, pois o país está parado e a opção pelos de sempre vai produzir o resultado de sempre. #DebateNoSBT",nao,356 Replies. Reply,618 reposts. Repost,2704 Likes. Like,,
1573822395521142784,https://x.com/i/web/status/1573822395521142784,Ciro Gomes,@cirogomes,2022-09-24T23:51:13.000Z,"Peço a Deus que ilumine minha palavra. Se a gente continuar repetindo mais do mesmo, teremos o mesmo resultado – só que com o país ainda mais dividido. Me ajude a mudar o Brasil. É o apelo que eu te faço. #DebateNoSBT",nao,583 Replies. Reply,401 reposts. Repost,2355 Likes. Like,,
1573821474900688896,https://x.com/i/web/status/1573821474900688896,Ciro Gomes,@cirogomes,2022-09-24T23:47:34.000Z,Ciro não teve meias palavras para definir a atitude de Bolsonaro diante de escândalos como o do MEC no seu governo. Veja aqui! #DebateNoSBT,nao,221 Replies. Reply,459 reposts. Repost,1753 Likes. Like,,
1573819425274400769,https://x.com/i/web/status/1573819425274400769,Ciro Gomes,@cirogomes,2022-09-24T23:39:25.000Z,"O que me angustia é a devastadora consequência da corrupção e da impunidade na destruição da confiança do nosso povo na democracia e na política. Essa discussão de fascismo e comunismo não vai colocar comida no prato de ninguém, não vai gerar emprego pra ninguém. #DebateNoSBT",nao,208 Replies. Reply,266 reposts. Repost,1220 Likes. Like,,
1573818764336025601,https://x.com/i/web/status/1573818764336025601,Ciro Gomes,@cirogomes,2022-09-24T23:36:48.000Z,"Na Presidência é como no quartel, o presidente tem que ser responsável por tudo que acontece no Governo. Ele pode até ser vítima de traição, mas a questão é qual atitude o presidente toma diante da corrupção. O que vimos foi o presidente passar pano pra corrupto. #DebateNoSBT",nao,200 Replies. Reply,283 reposts. Repost,1349 Likes. Like,,
1573818152319942656,https://x.com/i/web/status/1573818152319942656,Ciro Gomes,@cirogomes,2022-09-24T23:34:22.000Z,"Ciro lamenta que o debate não tenha aberto espaço para a discussão de propostas capazes de enfrentar o desemprego e a fome no Brasil, como seu programa de renda mínima que pagará 1.000 reais às famílias mais carentes. #DebateNoSBT",nao,150 Replies. Reply,330 reposts. Repost,1260 Likes. Like,,
1573814276539793408,https://x.com/i/web/status/1573814276539793408,Ciro Gomes,@cirogomes,2022-09-24T23:18:58.000Z,Ciro ganhou direito de resposta sobre acusações falsas de Bolsonaro. E aproveitou para lembrar todas as roubalheiras que este governo vem praticando. #DebateNoSBT,nao,302 Replies. Reply,657 reposts. Repost,2826 Likes. Like,,
1573813833910591491,https://x.com/i/web/status/1573813833910591491,Ciro Gomes,@cirogomes,2022-09-24T23:17:12.000Z,"A minha desconfiança é: se foi um delegado petista, porque eu sei que é, ou se foi o governo Bolsonaro interferindo na Polícia Federal, como fez para proteger os filhos. #DebateNoSBT",nao,79 Replies. Reply,199 reposts. Repost,1052 Likes. Like,,
1573813832086159365,https://x.com/i/web/status/1573813832086159365,Ciro Gomes,@cirogomes,2022-09-24T23:17:12.000Z,"Fui vítima, de fato, de uma busca e apreensão – que é uma ação meramente cautelar, não é acusação e não fui denunciado. Nunca respondi, em 42 anos de vida pública, por qualquer denúncia de corrupção. Esta busca e apreensão foi julgada, por unanimidade, ILEGAL. #DebateNoSBT",nao,235 Replies. Reply,427 reposts. Repost,2513 Likes. Like,,
1573812887361044481,https://x.com/i/web/status/1573812887361044481,Ciro Gomes,@cirogomes,2022-09-24T23:13:27.000Z,"Ciro afirma que Bolsonaro só se elegeu como resposta à roubalheira do PT, mas caiu na mesma vala da corrupção, o que explica o ressurgimento de Lula. #DebateNoSBT",nao,182 Replies. Reply,304 reposts. Repost,1137 Likes. Like,,
1573810353619828736,https://x.com/i/web/status/1573810353619828736,Ciro Gomes,@cirogomes,2022-09-24T23:03:22.000Z,"E hoje, graças a tragédia que Bolsonaro representa, vemos Lula se dando ao luxo de não vir sequer dar satisfação ao povo do porquê ele terminou seu mandato com 5 pessoas acumulando a fortuna dos 100 milhões de brasileiros mais pobres. Isso é o que eu quero mudar. #DebateNoSBT",nao,60 Replies. Reply,184 reposts. Repost,872 Likes. Like,,
1573810351371689984,https://x.com/i/web/status/1573810351371689984,Ciro Gomes,@cirogomes,2022-09-24T23:03:22.000Z,"Bolsonaro recebeu das mãos do povo uma oportunidade de ouro. Não aproveitou e temos hoje o Brasil desastrado, desmoralizado. Em 2018, as pessoas tinham a clareza de que o PT tinha virado a organização criminosa que, no fundo, a gente sabe que é. #DebateNoSBT",nao,373 Replies. Reply,407 reposts. Repost,2192 Likes. Like,,
1573809295472447488,https://x.com/i/web/status/1573809295472447488,Ciro Gomes,@cirogomes,2022-09-24T22:59:10.000Z,"Ciro lembrou que o PT e Lula destruíram a indústria nacional e Bolsonaro nada fez para reverter o quadro. O agronegócio é que impede um déficit maior da nossa balança comercial. Por isso, Ciro destacou que uma de suas principais propostas é reindustrializar o Brasil. #DebateNoSBT",nao,149 Replies. Reply,321 reposts. Repost,1168 Likes. Like,,
1573807415912546308,https://x.com/i/web/status/1573807415912546308,Ciro Gomes,@cirogomes,2022-09-24T22:51:42.000Z,"Precisamos debater sobre o tamanho e a profundidade dessa crise econômica e por que o modelo de governança política levou à cassação, à prisão e/ou à desmoralização de todos os presidentes que já tivemos no Brasil. #DebateNoSBT",nao,37 Replies. Reply,160 reposts. Repost,765 Likes. Like,,
1573807413924347914,https://x.com/i/web/status/1573807413924347914,Ciro Gomes,@cirogomes,2022-09-24T22:51:42.000Z,"Precisamos entender o que está acontecendo. Tínhamos o maior pulso de crescimento do mundo entre os anos 30 e os anos 80. E nos últimos 11 anos, o Brasil cresceu zero pela primeira vez em 120 anos. #DebateNoSBT",nao,177 Replies. Reply,342 reposts. Repost,1602 Likes. Like,,
1573805430748463110,https://x.com/i/web/status/1573805430748463110,Ciro Gomes,@cirogomes,2022-09-24T22:43:49.000Z,"Ciro critica a tática do PT, de taxar de fascista quem não está com Lula, e a contradição de Lula ter fugido do debate. ""O que Lula e Bolsonaro querem é que você vote por ódio. Eu quero que você vote por ESPERANÇA"", acrescentou. #DebateNoSBT",nao,206 Replies. Reply,413 reposts. Repost,1645 Likes. Like,,
1573804581863264258,https://x.com/i/web/status/1573804581863264258,Ciro Gomes,@cirogomes,2022-09-24T22:40:26.000Z,O PT e os seus quatro mandatos devastaram a indústria nacional! E isso faz com que o Brasil tenha uma dependência brutal de importar tudo que é manufaturado do estrangeiro. Eu tenho uma política para reindustrializar o Brasil. #DebateNoSBT,nao,354 Replies. Reply,308 reposts. Repost,1486 Likes. Like,,
1573803524915331079,https://x.com/i/web/status/1573803524915331079,Ciro Gomes,@cirogomes,2022-09-24T22:36:14.000Z,"Como é que estamos em um debate, eu me apresentando como candidato a presidente da República e sou convidado a refletir sobre o movimento que teoricamente eu deveria fazer nesta ou naquela direção? Isso é no mínimo uma falta de respeito com o eleitor. #DebateNoSBT",nao,72 Replies. Reply,194 reposts. Repost,1097 Likes. Like,,
1573803523128672271,https://x.com/i/web/status/1573803523128672271,Ciro Gomes,@cirogomes,2022-09-24T22:36:14.000Z,"Lula produziu uma onda de propaganda que é o seguinte: todo mundo que não for Lula é fascista. E ele teve uma oportunidade de caracterizar de fascista o Bolsonaro e ao invés de vir aqui pro debate, foge, desrespeitando todos nós. #DebateNoSBT",nao,1110 Replies. Reply,769 reposts. Repost,5092 Likes. Like,,
1573801294875205632,https://x.com/i/web/status/1573801294875205632,Ciro Gomes,@cirogomes,2022-09-24T22:27:23.000Z,"Ciro criticou a baderna institucional do país e, entre os fatores que contribuem para isso, citou o fato dos últimos presidentes terem pendências graves com a Justiça. #DebateNoSBT",nao,87 Replies. Reply,315 reposts. Repost,1175 Likes. Like,,
1573799145764274182,https://x.com/i/web/status/1573799145764274182,Ciro Gomes,@cirogomes,2022-09-24T22:18:50.000Z,"Está acontecendo no Brasil uma espécie de baderna institucional. E como as pessoas que ocuparam a presidência da República nos últimos anos têm contas com a Justiça, elas perderam completamente a autoridade para enfrentar o que está errado. #DebateNoSBT",nao,87 Replies. Reply,282 reposts. Repost,1126 Likes. Like,,
1573798453204885506,https://x.com/i/web/status/1573798453204885506,Ciro Gomes,@cirogomes,2022-09-24T22:16:05.000Z,"Não tem ninguém mais dedicado em defender a vida aqui hoje do que eu. Pra quem não sabe, fui ao plenário das Nações Unidas receber o prêmio mundial de Combate à Mortalidade Infantil. E como candidato à presidência, procuro entender as questões do país como elas são. #DebateNoSBT",nao,137 Replies. Reply,296 reposts. Repost,1352 Likes. Like,,
1573797658891898881,https://x.com/i/web/status/1573797658891898881,Ciro Gomes,@cirogomes,2022-09-24T22:12:56.000Z,"Nesse trecho do debate, Ciro lembrou que nenhum dos candidatos defende mais a vida do que ele. Prova disso é que foi premiado pela ONU por seu trabalho que reduziu a mortalidade infantil no Ceará. #DebateNoSBT",nao,125 Replies. Reply,420 reposts. Repost,1720 Likes. Like,,
1573793796797743107,https://x.com/i/web/status/1573793796797743107,Ciro Gomes,@cirogomes,2022-09-24T21:57:35.000Z,"Programa de Renda Mínima que acabe com a fome; resolver o endividamento explosivo das famílias, estabelecer uma Lei Antingânancia e fazer uma revolução pedagógica na educação. #DebateNoSBT",nao,20 Replies. Reply,165 reposts. Repost,701 Likes. Like,,
1573793206067765248,https://x.com/i/web/status/1573793206067765248,Ciro Gomes,@cirogomes,2022-09-24T21:55:14.000Z,"No Brasil, temos 2/3 do povo brasileiro vivendo entre o desemprego aberto, desalento ou de bico – na mais selvagem informalidade. E estou muito concentrado produzindo soluções para isso  #DebateNoSBT",nao,99 Replies. Reply,295 reposts. Repost,1418 Likes. Like,,
1573791918768652289,https://x.com/i/web/status/1573791918768652289,Ciro Gomes,@cirogomes,2022-09-24T21:50:07.000Z,Ciro abriu sua participação no #DebateNoSBT questionando por que a corrupção se tornou tão central na política brasileira. E criticou duramente a ausência de Lula.,nao,114 Replies. Reply,294 reposts. Repost,1129 Likes. Like,,
1573789333743702016,https://x.com/i/web/status/1573789333743702016,Ciro Gomes,@cirogomes,2022-09-24T21:39:51.000Z,Bolsonaro foi eleito em função da mais devastadora crise econômica brasileira e em cima do mais generalizado escândalo de corrupção - e foi levado ao constrangimento porque teve filhos denunciados igual ao Lula e rendeu-se também à corrupção. Eu quero mudar isso! #DebateNoSBT,nao,239 Replies. Reply,363 reposts. Repost,1418 Likes. Like,,
1573788746960470023,https://x.com/i/web/status/1573788746960470023,Ciro Gomes,@cirogomes,2022-09-24T21:37:31.000Z,"Lula não veio para o debate porque não tem como explicar a falta de propostas concretas, as promessas que nunca foram cumpridas e muito menos as denúncias de corrupção. Isso é um desrespeito não só com seus oponentes, mas também com todos os brasileiros. #DebateNoSBT",nao,3670 Replies. Reply,2514 reposts. Repost,18495 Likes. Like,,
1573785846674857985,https://x.com/i/web/status/1573785846674857985,Ciro Gomes,@cirogomes,2022-09-24T21:26:00.000Z,"Começou o #DebateNoSBT! 

Assista ao vivo: 
@Estadao
: 
youtu.be/iL-2qaR8Ylo
@VEJA
: 
youtu.be/YO_faAzCKjU
@CNNBrasil
: 
youtu.be/_4igHKvUC6o
@SBTonline
: 
sbt.com.br/ao-vivo
@Terra
: 
youtube.com/watch?v=RE2HBp
…
@novabrasilfm
: 
youtube.com/watch?v=0DOJXv
…",nao,153 Replies. Reply,204 reposts. Repost,800 Likes. Like,,
1573769322970943489,https://x.com/i/web/status/1573769322970943489,Ciro Gomes,@cirogomes,2022-09-24T20:20:20.000Z,"Todo mundo pronto pra acompanhar o #DebateNoSBT? Lá em casa a turma caprichou! Saudade grande dos meus filhos, netos e da minha sogrinha ",nao,144 Replies. Reply,283 reposts. Repost,1488 Likes. Like,,
1573756755846332418,https://x.com/i/web/status/1573756755846332418,Ciro Gomes,@cirogomes,2022-09-24T19:30:24.000Z,"Lembrando que hoje é DIA DE DEBATE – o penúltimo antes das eleições. Esta é mais uma oportunidade de mostrar ao Brasil que aqui tem PROJETO, EXPERIÊNCIA, FICHA LIMPA e uma ALTERNATIVA VIÁVEL p/ essa polarização odienta. Não perca – #DebateNoSBT",nao,64 Replies. Reply,197 reposts. Repost,897 Likes. Like,,
1573756748992856067,https://x.com/i/web/status/1573756748992856067,Ciro Gomes,@cirogomes,2022-09-24T19:30:22.000Z,"Se você acha que tenho boas propostas, me dê um voto agora. Os outros já tiveram a sua chance e deu no que deu. Não dá pra repetir as mesmas coisas e esperar resultados diferentes. Se você realmente quer um novo Brasil é hora de mudar.",nao,870 Replies. Reply,632 reposts. Repost,3402 Likes. Like,,
1573752464016347136,https://x.com/i/web/status/1573752464016347136,Ciro Gomes,@cirogomes,2022-09-24T19:13:20.000Z,"Obrigado pelas palavras, querida 
@JulianaBrizola
. Querem tomar até a liberdade do povo de escolher em quem votar. Não vamos nos dobrar a isso. Voto útil é votar em quem te representa.",nao,32 Replies. Reply,77 reposts. Repost,697 Likes. Like,,
1573741555537440770,https://x.com/i/web/status/1573741555537440770,Ciro Gomes,@cirogomes,2022-09-24T18:30:00.000Z,É chocante e revoltante a falta de escrúpulos do PT e sua máquina de fake news. Eles não querem me derrotar democraticamente. Eles querem me aniquilar.,nao,1157 Replies. Reply,895 reposts. Repost,4271 Likes. Like,,
1573723499881005056,https://x.com/i/web/status/1573723499881005056,Ciro Gomes,@cirogomes,2022-09-24T17:18:15.000Z,É pouco ou quer mais? ,nao,760 Replies. Reply,1262 reposts. Repost,3948 Likes. Like,,
1573706359194935296,https://x.com/i/web/status/1573706359194935296,Ciro Gomes,@cirogomes,2022-09-24T16:10:08.000Z,"HOJE É DIA DE DEBATE!
Estarei no SBT, naquele que é o penúltimo debate, antes do de quinta-feira, na Globo. Mais uma chance pro Brasil comparar projetos e candidatos. Lula fugiu, mas contem comigo pra debater o país que temos e o que país que podemos ser. Acompanhe! #DebateNoSBT",nao,906 Replies. Reply,597 reposts. Repost,2659 Likes. Like,,
1573703818679828484,https://x.com/i/web/status/1573703818679828484,Ciro Gomes,@cirogomes,2022-09-24T16:00:03.000Z,Não podemos mais adiar uma ação que vai acabar com a miséria no Brasil. Precisamos cobrar um pouco mais dos super-ricos para beneficiar os mais pobres – porque só assim vamos tornar nosso país em um lugar realmente melhor para todos.,nao,160 Replies. Reply,373 reposts. Repost,1341 Likes. Like,,
1573682955544838150,https://x.com/i/web/status/1573682955544838150,Ciro Gomes,@cirogomes,2022-09-24T14:37:08.000Z,Conversei nesta manhã com representantes da Associação Nacional dos Delegados de Polícia Federal (ADPF). Recebi a Carta de Intenções do setor para fortalecer e aprimorar o trabalho que a PF vem desempenhando em nosso país.,nao,145 Respostas. Resposta,271 reposts. Repost,1122 Curtidas. Curtida,,
1573643420643508227,https://x.com/i/web/status/1573643420643508227,Ciro Gomes,@cirogomes,2022-09-24T12:00:03.000Z,Sabe qual é a maior FRAUDE que pode acontecer nessa eleição? Veja aqui e descubra.,nao,536 Respostas. Resposta,708 reposts. Repost,2612 Curtidas. Curtida,,
1573447152948609026,https://x.com/i/web/status/1573447152948609026,Ciro Gomes,@cirogomes,2022-09-23T23:00:09.000Z,O que você diria pra alguém que mandasse você abandonar sua família por que sem ela sua sobrevivência seria mais fácil? #VerdadeiroVotoÚtil,nao,1596 Respostas. Resposta,706 reposts. Repost,2479 Curtidas. Curtida,,
1573417752466972673,https://x.com/i/web/status/1573417752466972673,Ciro Gomes,@cirogomes,2022-09-23T21:03:19.000Z,"Enquanto muitos se perdem jogando a bomba de nêutrons do “voto útil”, que desintegra a democracia, @LaMaestrini, com muito talento, vai no alvo certo. No ninho da serpente onde nascem falsos mitos, a cada dia, e de várias espécies.",nao,1322 Respostas. Resposta,2643 reposts. Repost,3066 Curtidas. Curtida,,
1573415589229608966,https://x.com/i/web/status/1573415589229608966,Ciro Gomes,@cirogomes,2022-09-22T13:18:47.000Z,"Pois é, 
@DaniloGentili
. É absurda a falta de respeito e pudor dessa gente, mas reitero: não vão me dobrar. Eu não vou desistir do nosso Brasil.",nao,1025 Respostas. Resposta,681 reposts. Repost,4622 Curtidas. Curtida,,
1573415550533136384,https://x.com/i/web/status/1573415550533136384,Ciro Gomes,@cirogomes,2022-09-23T20:54:34.000Z,"Pois é, 
@DaniloGentili
. É absurda a falta de respeito e pudor dessa gente, mas reitero: não vão me dobrar. Eu não vou desistir do nosso Brasil.",nao,430 Respostas. Resposta,483 reposts. Repost,6979 Curtidas. Curtida,,
1573381149417959424,https://x.com/i/web/status/1573381149417959424,Ciro Gomes,@cirogomes,2022-09-23T18:37:52.000Z,"Nesta tarde conversei com representantes da Confederação Nacional dos Transportes (CNT), em São Paulo. Recebi as propostas e sugestões para potencializar a produtividade e competitividade no setor, com foco em baratear custos.",nao,43 Respostas. Resposta,136 reposts. Repost,678 Curtidas. Curtida,,
1573381143239561216,https://x.com/i/web/status/1573381143239561216,Ciro Gomes,@cirogomes,2022-09-23T18:37:51.000Z,"Uma das causas dos altos preços do frete no Brasil é a falta de investimentos em suas malhas rodoviárias, ferroviárias e hidroviárias. Além disso, o Brasil gasta menos que deveria com a conservação do pouco que já existe.",nao,108 Respostas. Resposta,320 reposts. Repost,1490 Curtidas. Curtida,,
1573367018392375297,https://x.com/i/web/status/1573367018392375297,Ciro Gomes,@cirogomes,2022-09-23T17:41:43.000Z,"Mas seja como for nada vai conseguir ocultar a corrupção escancarada da família Bolsonaro. Basta lembrar que, segundo o DataFolha, 69% dos brasileiros consideram que há corrupção no governo.",nao,80 Respostas. Resposta,225 reposts. Repost,1763 Curtidas. Curtida,,
1573367015653400579,https://x.com/i/web/status/1573367015653400579,Ciro Gomes,@cirogomes,2022-09-23T17:41:42.000Z,"Trata-se de um claro atentado à liberdade de imprensa, um ato de censura que relembra os tempos da ditadura. Tenho certeza de que essa equivocada liminar concedida pelo desembargador será cassada rapidamente. (...)",nao,40 Respostas. Resposta,235 reposts. Repost,1950 Curtidas. Curtida,,
1573367012663107585,https://x.com/i/web/status/1573367012663107585,Ciro Gomes,@cirogomes,2022-09-23T17:41:42.000Z,"Lamentável a decisão de um desembargador de Brasília que, a pedido de Flávio Bolsonaro, censurou as reportagens e postagens do UOL sobre o fato da família Bolsonaro ter usado dinheiro vivo na compra de 51 imóveis. (...) ",nao,603 Respostas. Resposta,852 reposts. Repost,6289 Curtidas. Curtida,,
1573326335451303936,https://x.com/i/web/status/1573326335451303936,Ciro Gomes,@cirogomes,2022-09-23T15:00:04.000Z,"O único candidato que não tem rabo de palha e não tem histórico de corrupção pra denunciar os absurdos que nosso povo tem sofrido nas mãos do sistema sou eu.

Quer manter a mesma coisa? Tão os dois aí. Quer mudar? Me dê uma oportunidade.",nao,440 Respostas. Resposta,626 reposts. Repost,2524 Curtidas. Curtida,,
1573309149751959552,https://x.com/i/web/status/1573309149751959552,Ciro Gomes,@cirogomes,2022-09-23T13:51:46.000Z,"Precisamos combater a corrupção. Não podemos deixar que o povo pense que ser corrupto vale a pena, que a impunidade é o prêmio para os ladrões da política, como infelizmente tá acontecendo. Hoje nós estamos vendo Lula e Bolsonaro disputando pra ver qual dos dois é mais corrupto.",nao,764 Respostas. Resposta,671 reposts. Repost,3567 Curtidas. Curtida,,
1573281028671610880,https://x.com/i/web/status/1573281028671610880,Ciro Gomes,@cirogomes,2022-09-23T12:00:02.000Z,O 'sextou' hoje começa pegando  com o último episódio da #FábulaDos2Ladrões – compartilhe com a turma!,nao,795 Respostas. Resposta,812 reposts. Repost,2636 Curtidas. Curtida,,
1573122995132006406,https://x.com/i/web/status/1573122995132006406,Ciro Gomes,@cirogomes,2022-09-23T01:32:03.000Z,"O governo gasta bilhões de dólares importando medicamentos e equipamentos de saúde que poderiam ser feitos aqui no Brasil – enquanto nosso povo sofre com filas, falta de remédios e especialistas. Isso só vai mudar se a gente parar de blábláblá e partir para ações concretas.",nao,133 Respostas. Resposta,473 reposts. Repost,1579 Curtidas. Curtida,,
1573099968126414848,https://x.com/i/web/status/1573099968126414848,Ciro Gomes,@cirogomes,2022-09-23T00:00:33.000Z,"Já começou nossa live de hoje! Acompanhe ao vivo também pela 
cirotv.com.br ",nao,112 Respostas. Resposta,224 reposts. Repost,1205 Curtidas. Curtida,,
1573096160755081222,https://x.com/i/web/status/1573096160755081222,Ciro Gomes,@cirogomes,2022-09-22T23:45:26.000Z,AO VIVO | TRILOGIA ‘FÁBULA DOS DOIS LADRÕES’ + PROGRAMA SOBRE SAÚDE | CIRO PRESIDENTE 12| 22/09/2022,nao,177 Respostas. Resposta,289 reposts. Repost,1129 Curtidas. Curtida,,
1573047409663426564,https://x.com/i/web/status/1573047409663426564,Ciro Gomes,@cirogomes,2022-09-22T20:31:42.000Z,Você mudaria seu sonho só porque alguém disse que ele não seria fácil? #VerdadeiroVotoÚtil,nao,641 Respostas. Resposta,597 reposts. Repost,3196 Curtidas. Curtida,,
1573041950504222720,https://x.com/i/web/status/1573041950504222720,Ciro Gomes,@cirogomes,2022-09-22T20:10:01.000Z,"Hoje temos mais um encontro AO VIVO na 
cirotv.com.br! Acompanhe a transmissão do nosso programa completo – com direito a muitos reacts, interação com o público e estreia da trilogia completa da #FábulaDos2Ladrões. Espero vocês às 20h45!",nao,86 Respostas. Resposta,274 reposts. Repost,1101 Curtidas. Curtida,,
1573002780389920770,https://x.com/i/web/status/1573002780389920770,Ciro Gomes,@cirogomes,2022-09-22T17:34:22.000Z,"Nossa quinta-feira está animada! Converso agora com Claudio Dantas, do 
@o_antagonista
. 

Acompanhe AO VIVO:
youtu.be/8pyaB86n5N4",nao,186 Respostas. Resposta,297 reposts. Repost,1228 Curtidas. Curtida,,
1572996027476500485,https://x.com/i/web/status/1572996027476500485,Ciro Gomes,@cirogomes,2022-09-22T17:07:32.000Z,"Chega de ódio, chega de incompetência, chega de corrupção e chega de falta de projeto. Eu te peço, com muita humildade, que me dê uma oportunidade. Vamos mudar o Brasil! Tá na hora da virada, gente boa! Dia 2 de outubro é !",nao,1430 Respostas. Resposta,805 reposts. Repost,4960 Curtidas. Curtida,,
1572979379977715712,https://x.com/i/web/status/1572979379977715712,Ciro Gomes,@cirogomes,2022-09-22T16:01:23.000Z,"Ficou com alguma dúvida? Conheça essa e outras propostas no site oficial (
cirogomes.com.br) e anote aí: logo depois do Horário Eleitoral da noite, às 20h45, temos um encontro AO VIVO na 
cirotv.com.br – não perca! #CiroPresidente12",nao,28 Respostas. Resposta,145 reposts. Repost,548 Curtidas. Curtida,,
1572979350990880772,https://x.com/i/web/status/1572979350990880772,Ciro Gomes,@cirogomes,2022-09-22T16:01:16.000Z," Aumentar os investimentos no SUS;

 E começar a fabricar aqui mesmo tudo o que for possível pra baixar o preço dos medicamentos e dos equipamentos hospitalares.",nao,27 Respostas. Resposta,216 reposts. Repost,1083 Curtidas. Curtida,,
1572979314206932993,https://x.com/i/web/status/1572979314206932993,Ciro Gomes,@cirogomes,2022-09-22T16:01:07.000Z,"No Brasil de hoje, é assim: quem pode pagar um bom plano de saúde, fica mais tranquilo. Quem não pode, fica ao 'Deus dará'. Isso só vai mudar se a gente partir pra ações concretas com dois objetivos principais ",nao,147 Replies. Reply,536 reposts. Repost,1875 Likes. Like,,
1572964687934808064,https://x.com/i/web/status/1572964687934808064,Ciro Gomes,@cirogomes,2022-09-22T15:03:00.000Z,"Gente boa, participo agora da sabatina do Correio Braziliense. Acompanhe ao vivo:
youtu.be/Kb_YtHDmbmg

#CiroNoCorreioBraziliense",nao,122 Replies. Reply,278 reposts. Repost,1085 Likes. Like,,
1572961077293449221,https://x.com/i/web/status/1572961077293449221,Ciro Gomes,@cirogomes,2022-09-22T14:48:39.000Z,"Começamos a quinta-feira com um encontro com embaixadores da União Europeia, onde conversamos sobre a importância das relações exteriores para o Brasil e assumi o compromisso de buscar uma relação sadia, baseada na confiança com toda Europa.",nao,139 Replies. Reply,364 reposts. Repost,1522 Likes. Like,,
1572918647596539904,https://x.com/i/web/status/1572918647596539904,Ciro Gomes,@cirogomes,2022-09-22T12:00:03.000Z,Se divertiu com o primeiro episódio da Fábula dos Dois Ladrões? Este segundo está ainda mais quente!  #FábulaDos2Ladrões,nao,842 Replies. Reply,946 reposts. Repost,3109 Likes. Like,,
1572751345379065859,https://x.com/i/web/status/1572751345379065859,Ciro Gomes,@cirogomes,2022-09-22T00:55:15.000Z,Atenção para o alerta de Ciro: não podemos cair nessa fraude eleitoral que está se apresentando! #CiroNoMonark,nao,944 Replies. Reply,818 reposts. Repost,3477 Likes. Like,,
1572748530812424193,https://x.com/i/web/status/1572748530812424193,Ciro Gomes,@cirogomes,2022-09-22T00:44:04.000Z,"Vamos, juntos, romper a barragem dessa polarização? #CiroNoMonark",nao,374 Replies. Reply,395 reposts. Repost,1557 Likes. Like,,
1572742228132388864,https://x.com/i/web/status/1572742228132388864,Ciro Gomes,@cirogomes,2022-09-22T00:19:01.000Z,AQUI TEM PROJETO! Assista o ‘bate-bola-jogo-rápido’ de Ciro apresentando algumas de suas principais propostas para o Brasil. #CiroNoMonark,nao,218 Replies. Reply,333 reposts. Repost,1213 Likes. Like,,
1572741723180122119,https://x.com/i/web/status/1572741723180122119,Ciro Gomes,@cirogomes,2022-09-22T00:17:01.000Z,"O que está errado aqui é para proteger esse sistemão corrupto, que quer acabar com o nosso país. Precisamos derrotar esse grande pacto de perversão!",nao,92 Replies. Reply,223 reposts. Repost,1257 Likes. Like,,
1572741721267777539,https://x.com/i/web/status/1572741721267777539,Ciro Gomes,@cirogomes,2022-09-22T00:17:01.000Z,"Peço especialmente para a juventude brasileira: vamos dar uma olhadinha, dar uma oportunidade pra si mesmo e experimentar algo novo para o Brasil. Eu tenho experiência, tenho propostas e hoje quero pedir – não vamos perder a esperança!",nao,804 Replies. Reply,711 reposts. Repost,4167 Likes. Like,,
1572739051672698881,https://x.com/i/web/status/1572739051672698881,Ciro Gomes,@cirogomes,2022-09-22T00:06:24.000Z,Devemos perder a fé no Brasil? Veja o que Ciro acha sobre o crescente sentimento de desesperança entre os mais jovens. #CiroNoMonark,nao,165 Replies. Reply,347 reposts. Repost,1382 Likes. Like,,
1572738214250819586,https://x.com/i/web/status/1572738214250819586,Ciro Gomes,@cirogomes,2022-09-22T00:03:04.000Z,"Quero restaurar a autoridade da presidência da República, que virou esconderijo de bandidos.",nao,323 Replies. Reply,356 reposts. Repost,1994 Likes. Like,,
1572730999556931584,https://x.com/i/web/status/1572730999556931584,Ciro Gomes,@cirogomes,2022-09-21T23:34:24.000Z,"Durante a conversa, 
@Monark
 questiona o porquê da esquerda não estar apoiando Ciro. Confira! #CiroNoMonark",nao,302 Replies. Reply,439 reposts. Repost,1874 Likes. Like,,
1572730157135269891,https://x.com/i/web/status/1572730157135269891,Ciro Gomes,@cirogomes,2022-09-21T23:31:04.000Z,Ciro dá detalhes sobre o que produziu a crise política no Brasil – “uma nação que endeusa políticos é uma nação doente”. #CiroNoMonark,nao,152 Replies. Reply,355 reposts. Repost,1297 Likes. Like,,
1572724858596868101,https://x.com/i/web/status/1572724858596868101,Ciro Gomes,@cirogomes,2022-09-21T23:10:00.000Z,"Na conversa com 
@Monark
, Ciro reafirmou como pretende aprovar suas propostas – “combinar com o povo antes, eleger você e as ideias, propor nos primeiros meses, negociar com os governadores e prefeitos e o que persistir de impasse, mandar pro povo votar diretamente”. #CiroNoMonark",nao,160 Replies. Reply,270 reposts. Repost,1132 Likes. Like,,
1572721174144073739,https://x.com/i/web/status/1572721174144073739,Ciro Gomes,@cirogomes,2022-09-21T22:55:22.000Z,"O 
@Monark
 concorda com a proposta de Ciro: taxar as grandes fortunas e diminuir a cobrança de impostos em cima dos mais pobres. Veja os detalhes da proposta. #CiroNoMonark",nao,605 Replies. Reply,529 reposts. Repost,2090 Likes. Like,,
1572716806938267649,https://x.com/i/web/status/1572716806938267649,Ciro Gomes,@cirogomes,2022-09-21T22:38:01.000Z,Quem foge dos debates ou não tem propostas para apresentar ou tem muita coisa pra esconder.,nao,2764 Replies. Reply,2654 reposts. Repost,21349 Likes. Like,,
1572715634584068097,https://x.com/i/web/status/1572715634584068097,Ciro Gomes,@cirogomes,2022-09-21T22:33:21.000Z,Estão tentando fraudar a história. Eles não tem coragem de assumir e tentam esconder que o que de fato elegeu Bolsonaro foi a corrupção generalizada e a crise econômica produzida pelo PT.,nao,1596 Replies. Reply,1255 reposts. Repost,8263 Likes. Like,,
1572714121644097543,https://x.com/i/web/status/1572714121644097543,Ciro Gomes,@cirogomes,2022-09-21T22:27:20.000Z,"Precisamos aumentar a tributação em cima dos super-ricos. Eles transformaram o Brasil num paraíso fiscal. E precisamos diminuir a cobrança em cima dos mais pobres, da classe média e do mundo da produção.",nao,96 Replies. Reply,294 reposts. Repost,1338 Likes. Like,,
1572713369882300417,https://x.com/i/web/status/1572713369882300417,Ciro Gomes,@cirogomes,2022-09-21T22:24:21.000Z,"Bolsonaro se entregou, se vendeu para o Centrão. O último antissistema que está aí disponível nas eleições sou eu!",nao,1254 Replies. Reply,870 reposts. Repost,4015 Likes. Like,,
1572711299041181697,https://x.com/i/web/status/1572711299041181697,Ciro Gomes,@cirogomes,2022-09-21T22:16:07.000Z,O eixo do problema no Brasil é que o Estado e a máquina governamental estão montados em uma grande e poderosa engrenagem de transferir renda dos que produzem e trabalham para os poderosos que especulam nas finanças. #CiroNoMonark,nao,101 Replies. Reply,271 reposts. Repost,1072 Likes. Like,,
1572707735267082241,https://x.com/i/web/status/1572707735267082241,Ciro Gomes,@cirogomes,2022-09-21T22:01:58.000Z,"COMEÇOU! Assista #CiroNoMonark ao vivo:
rumble.com/v1kzkav-ciro-g
…",nao,606 Replies. Reply,504 reposts. Repost,1885 Likes. Like,,
1572673048611782656,https://x.com/i/web/status/1572673048611782656,Ciro Gomes,@cirogomes,2022-09-21T19:44:08.000Z,"Estão preparados para um grande papo? Assistam hoje, às 19h, minha conversa com 
@Monark
. Sem hora pra acabar.  #CiroNoMonark",nao,3058 Replies. Reply,2451 reposts. Repost,8245 Likes. Like,,
1572612889277513728,https://x.com/i/web/status/1572612889277513728,Ciro Gomes,@cirogomes,2022-09-21T15:45:05.000Z,"Neste Dia Nacional de Luta da Pessoa com Deficiência, assumo compromissos claros com essa grande parcela da nossa população que sofre com o descaso do poder público brasileiro. Vamos construir um país onde ninguém fique para trás e onde todos tenham seus direitos respeitados.",nao,239 Replies. Reply,402 reposts. Repost,1314 Likes. Like,,
1572605227618177024,https://x.com/i/web/status/1572605227618177024,Ciro Gomes,@cirogomes,2022-09-21T15:14:38.000Z,O Brasil não aguenta mais essa divisão superficial onde mais do mesmo brigam e colocam a gente pra brigar. Tudo que eu tô pedindo é uma oportunidade. Vamos mudar o Brasil!,nao,2134 Replies. Reply,693 reposts. Repost,3420 Likes. Like,,
1572603215232860160,https://x.com/i/web/status/1572603215232860160,Ciro Gomes,@cirogomes,2022-09-21T15:06:38.000Z,"Você sabia que Ciro é o único candidato que, além de apresentar propostas concretas, explica com detalhes DE ONDE vai tirar o dinheiro para viabilizá-las?  #SabatinaComCiro",nao,166 Replies. Reply,428 reposts. Repost,1541 Likes. Like,,
1572596430950510593,https://x.com/i/web/status/1572596430950510593,Ciro Gomes,@cirogomes,2022-09-21T14:39:41.000Z,"O gabinete do ódio petista segue espalhando que eu não estava aqui no segundo turno de 2018. Repito: eu estava sim e VOTEI. O que eu NÃO FIZ – e que é meu direito como cidadão – foi fazer campanha junto de bandido. Isso eu não faço, não há a menor chance.",nao,5288 Replies. Reply,4304 reposts. Repost,28379 Likes. Like,,
1572596204441149440,https://x.com/i/web/status/1572596204441149440,Ciro Gomes,@cirogomes,2022-09-21T14:38:47.000Z,Ciro também falou sobre sua proposta de gerar 5 milhões de empregos em dois anos. Veja e compartilhe com a turma! #SabatinaComCiro,nao,87 Replies. Reply,294 reposts. Repost,1024 Likes. Like,,
1572594777836888064,https://x.com/i/web/status/1572594777836888064,Ciro Gomes,@cirogomes,2022-09-21T14:33:07.000Z,"Qual foi a proposta de reforma que FHC fez que o Congresso não deixou passar? Qual foi a proposta que Lula fez pra reformar o país? Nenhuma. E a culpa não é do Congresso, é de quem se vendeu ao conchavo da reeleição e ao medo de CPI porque tem rabo preso.",nao,93 Replies. Reply,289 reposts. Repost,1161 Likes. Like,,
1572594062665945089,https://x.com/i/web/status/1572594062665945089,Ciro Gomes,@cirogomes,2022-09-21T14:30:16.000Z,"Nesse trecho da #SabatinaComCiro, nosso presidente fala sobre pesquisa, os fujões e a pressão do “sistemão” para confinar o debate.",nao,79,268,1015,,
1572589547959234560,https://x.com/i/web/status/1572589547959234560,,,,,,,,,,timeout_ou_tweet_indisponivel
1572589546201845762,https://x.com/i/web/status/1572589546201845762,Ciro Gomes,@cirogomes,2022-09-21T14:12:19.000Z,Quero que as pessoas votem em mim pelas nossas ideias e não por um populismo rasteiro – como esse que a gente tem visto por aí. Isso significa estabelecer uma cumplicidade com o povo em torno de um grande projeto.,nao,381,385,2154,,
1572585243369955335,https://x.com/i/web/status/1572585243369955335,Ciro Gomes,@cirogomes,2022-09-21T13:55:13.000Z,"Na sabatina promovida pelo Estadão/FAAP, Ciro reitera que precisamos derrotar o fascismo na CABEÇA das pessoas – “eles estão querendo simplificar de forma absolutamente dramática o debate e querem aniquilar alternativas”. #SabatinaComCiro",nao,104,302,1145,,
1572580764402974724,https://x.com/i/web/status/1572580764402974724,Ciro Gomes,@cirogomes,2022-09-21T13:37:26.000Z,"Bolsonaro é um bandido, despreparado e sempre fui oposição a ele. Fui às ruas, assinei 3 pedidos de impeachment e fui ao Tribunal de Haia representar contra o caráter genocida do seu governo. Sabe quantos pedidos Lula assinou pelo impeachment? Nenhum!",nao,2088,1268,8520,,
1572578342020485122,https://x.com/i/web/status/1572578342020485122,Ciro Gomes,@cirogomes,2022-09-21T13:27:48.000Z,"Todo mundo acompanhando a sabatina promovida pelo @Estadao e a FAAP? #SabatinaComCiro

Assista ao vivo também na https://t.co/4nozhWVDsu",nao,51,164,679,,
1572571357757456384,https://x.com/i/web/status/1572571357757456384,Ciro Gomes,@cirogomes,2022-09-21T13:00:03.000Z,"Turma boa, participo agora da sabatina promovida pelo @Estadao em parceria com a FAAP. Assista e compartilhe com os amigos! #SabatinaComCiro",nao,88,172,762,,
1572395689849536512,https://x.com/i/web/status/1572395689849536512,Ciro Gomes,@cirogomes,2022-09-21T01:22:00.000Z,"Mensalão, Petrolão, malas de dinheiro, propina no MEC, propina na saúde, motociata com dinheiro público, orçamento secreto, compra de mansões com dinheiro vivo... Temos que dar um basta em tanta corrupção. Veja qual é a minha proposta pra isso.",nao,246,488,1427,,
1572386403362967555,https://x.com/i/web/status/1572386403362967555,Ciro Gomes,@cirogomes,2022-09-21T00:45:06.000Z,"Recusei três aposentadorias de ex-prefeito, governador e deputado. Nunca aceitei morar em palácio de governo, nunca usei cartão corporativo de ministro, nunca empreguei meus filhos em cargos públicos e nunca fui processado por corrupção. O que é raro nos dias de hoje.",nao,643,566,3876,,
1572384448896720897,https://x.com/i/web/status/1572384448896720897,Ciro Gomes,@cirogomes,2022-09-21T00:37:20.000Z,"Nenhum país está livre da corrupção. Mas os países mais desenvolvidos criam mecanismos que tornam a corrupção muito mais difícil, seja prevenindo, seja punindo com rigor quem desvia o dinheiro que devia ir pra educação, pra saúde e pra segurança, por exemplo.",nao,71,260,1144,,
1572381243232362497,https://x.com/i/web/status/1572381243232362497,Ciro Gomes,@cirogomes,2022-09-21T00:24:36.000Z,"Temos que sair desse sufoco, dar um tchau pra todo político que, comprovadamente, já desviou dinheiro público pro seu bolso ou de seus familiares. É pelo voto em gente honesta que começa a mudança.",nao,40 Replies. Reply,186 reposts. Repost,910 Likes. Like,,
1572381241277616128,https://x.com/i/web/status/1572381241277616128,Ciro Gomes,@cirogomes,2022-09-21T00:24:36.000Z,"O que a gente mais vê são escândalos pra tudo que é lado! Tem mensalão, petróleo, malas de dinheiro, propina no MEC, propina na saúde, motociata com dinheiro público, orçamento secreto, até compra de mansões com dinheiro vivo. (…) ",nao,163 Replies. Reply,354 reposts. Repost,1679 Likes. Like,,
1572377977610031104,https://x.com/i/web/status/1572377977610031104,Ciro Gomes,@cirogomes,2022-09-21T00:11:37.000Z,"O que proponho é uma mudança no modelo político que está aí. E pra quem duvidar da minha capacidade de diálogo, eu lembro: tenho mais de 40 anos de vida pública. Fui deputado, prefeito, governador e ministro. Sei que é possível negociar em bases limpas e transparentes.",nao,177 Replies. Reply,261 reposts. Repost,1128 Likes. Like,,
1572375061759414275,https://x.com/i/web/status/1572375061759414275,Ciro Gomes,@cirogomes,2022-09-21T00:00:02.000Z,A principal delas é mudar esse modelo político baseado no conchavo e no toma lá dá cá porque o brasileiro não aguenta mais tanta bandalheira.,nao,32 Replies. Reply,157 reposts. Repost,838 Likes. Like,,
1572375060228325378,https://x.com/i/web/status/1572375060228325378,Ciro Gomes,@cirogomes,2022-09-21T00:00:02.000Z,"O Brasil é o 96º país mais corrupto do mundo, segundo o ranking da Transparência Internacional. Que vexame! Mas ficar só lamentando não adianta nada. O que eu quero é encontrar soluções. (…) ",nao,142 Replies. Reply,316 reposts. Repost,1640 Likes. Like,,
1572373386185306112,https://x.com/i/web/status/1572373386185306112,Ciro Gomes,@cirogomes,2022-09-20T23:53:23.000Z,"Estamos AO VIVO na nossa 
cirotv.com.br!  Hoje é dia de falar o que vamos fazer pra acabar com essa roubalheira generalizada. A live está IMPERDÍVEL. Acompanhe! ",nao,47 Replies. Reply,180 reposts. Repost,713 Likes. Like,,
1572371179305836545,https://x.com/i/web/status/1572371179305836545,Ciro Gomes,@cirogomes,2022-09-20T23:44:37.000Z,"LIVE DE EXIBIÇÃO DO PROGRAMA SOBRE CORRUPÇÃO E MODELO POLÍTICO | CIRO PRESIDENTE 12 | 20/09/2022 
x.com/i/broadcasts/1
…",nao,62 Replies. Reply,237 reposts. Repost,741 Likes. Like,,
1572359959655768064,https://x.com/i/web/status/1572359959655768064,Ciro Gomes,@cirogomes,2022-09-20T23:00:02.000Z,"É AMANHÃ! 
NÃO PERCA!
VEJA E DISTRIBUA – #FábulaDos2Ladrões",nao,348 Replies. Reply,385 reposts. Repost,1248 Likes. Like,,
1572349885986250752,https://x.com/i/web/status/1572349885986250752,Ciro Gomes,@cirogomes,2022-09-20T22:20:00.000Z,Veja e distribua! Veja e distribua! Veja e distribua! Veja e distribua! Veja e distribua! Veja e distribua! Veja e distribua! Veja e distribua! Veja e distribua! Veja e distribua! #FábulaDos2Ladrões,nao,537 Replies. Reply,614 reposts. Repost,1991 Likes. Like,,
1572342339896594432,https://x.com/i/web/status/1572342339896594432,Ciro Gomes,@cirogomes,2022-09-20T21:50:01.000Z,Não perca! Não perca! Não perca! Não perca! Não perca! Não perca! Não perca! Não perca! Não perca! Não perca! Não perca! Não perca! Não perca! Não perca! Não perca! #FábulaDos2Ladrões,nao,431 Replies. Reply,611 reposts. Repost,2029 Likes. Like,,
1572307869722185733,https://x.com/i/web/status/1572307869722185733,Ciro Gomes,@cirogomes,2022-09-20T19:33:02.000Z,"Hoje temos mais um encontro AO VIVO na 
cirotv.com.br! Acompanhe a transmissão do nosso programa completo – com direito a muitos reacts, interação com o público e muito mais. Espero vocês às 20h45!",nao,79 Replies. Reply,197 reposts. Repost,703 Likes. Like,,
1572290928747970561,https://x.com/i/web/status/1572290928747970561,Ciro Gomes,@cirogomes,2022-09-20T18:25:43.000Z,"Com esta nova ida à ONU, Bolsonaro bateu um recorde mundial. O de presidente que mais mentiu no plenário das Nações Unidas. Se o ano passado já tinha sido um vexame, desta vez foi um horror: um Pinocchio decadente a gaguejar lorotas eleitorais.",nao,296 Replies. Reply,422 reposts. Repost,2065 Likes. Like,,
1572283810091499521,https://x.com/i/web/status/1572283810091499521,Ciro Gomes,@cirogomes,2022-09-20T17:57:26.000Z,#Faltam12Dias pra votar Ciro 12 ,nao,30 Replies. Reply,185 reposts. Repost,704 Likes. Like,,
1572283793951838213,https://x.com/i/web/status/1572283793951838213,Ciro Gomes,@cirogomes,2022-09-20T17:57:22.000Z,#Faltam12Dias pra votar Ciro 12 ,nao,276 Replies. Reply,447 reposts. Repost,1761 Likes. Like,,
1572278024141144064,https://x.com/i/web/status/1572278024141144064,Ciro Gomes,@cirogomes,2022-09-20T17:34:27.000Z,"Se liga na programação de hoje da nossa #CiroTV!  Acompanhe: 
cirotv.com.br",nao,35 Replies. Reply,159 reposts. Repost,614 Likes. Like,,
1572270298036142084,https://x.com/i/web/status/1572270298036142084,Ciro Gomes,@cirogomes,2022-09-20T17:03:45.000Z,"Qual a causa de um candidato fugir dos debates, não apresentar propostas e se esconder na memória ilusória de um passado que se dissipou? Falta de respeito? Falta de coragem? Soberba? Rabo preso? Ou simplesmente falta de vergonha?",nao,4926 Replies. Reply,4111 reposts. Repost,31203 Likes. Like,,
1572266744613376001,https://x.com/i/web/status/1572266744613376001,Ciro Gomes,@cirogomes,2022-09-19T17:41:04.000Z,"Obrigado, 
@tony_segundo
. Bela música pra gente marcar a arrancada dos doze dias finais. #Faltam12Dias ",nao,42 Replies. Reply,208 reposts. Repost,813 Likes. Like,,
1572254272292417536,https://x.com/i/web/status/1572254272292417536,Ciro Gomes,@cirogomes,2022-09-20T16:00:04.000Z,"O Brasil é o 96º país mais corrupto do mundo. Que vexame, né? No programa de hoje, vou explicar o que pretendo fazer para reprimir essa roubalheira generalizada. Acompanhe e já anote na agenda: HOJE, às 20h45, temos um encontro AO VIVO na 
cirotv.com.br",nao,130 Replies. Reply,462 reposts. Repost,1184 Likes. Like,,
1572231695738306560,https://x.com/i/web/status/1572231695738306560,Ciro Gomes,@cirogomes,2022-09-20T14:30:21.000Z,"Estamos AO VIVO na sabatina promovida pela Associação Brasileira de Supermercados (ABRAS). Acompanhe: 
cirotv.com.br ",nao,58 Replies. Reply,175 reposts. Repost,679 Likes. Like,,
1572230369172242436,https://x.com/i/web/status/1572230369172242436,Ciro Gomes,@cirogomes,2022-09-20T14:25:05.000Z,SABATINA COM ASSOCIAÇÃO DE SUPERMERCADOS | GIRO DO CIRO | 20/09/2022,nao,46 Replies. Reply,189 reposts. Repost,618 Likes. Like,,
1572229511302766592,https://x.com/i/web/status/1572229511302766592,Ciro Gomes,@cirogomes,2022-09-20T13:23:55.000Z,"Meu carinho, força e solidariedade ao 
@davidmirandario
, 
@ggreenwald
 e toda a família. Tenho toda certeza de que o David, em breve estará plenamente recuperado e pronto para continuar ajudando o Brasil e os brasileiros. Força, meu irmão!",nao,28 Replies. Reply,249 reposts. Repost,1376 Likes. Like,,
1572224327646384129,https://x.com/i/web/status/1572224327646384129,Ciro Gomes,@cirogomes,2022-09-20T14:01:04.000Z,"Pessoal, logo mais estaremos na sabatina que a Associação Brasileira de Supermercados (ABRAS) está promovendo com todos os presidenciáveis. Acompanhe AO VIVO aqui nas redes e pela 
cirotv.com.br #CiroNaABRAS",nao,35 Replies. Reply,145 reposts. Repost,527 Likes. Like,,
1572220839130431491,https://x.com/i/web/status/1572220839130431491,Ciro Gomes,@cirogomes,2022-09-20T13:47:13.000Z,"Ciro é o único com projeto para a criação de quatro complexos industriais: Saúde; Defesa; Agronegócio; e Petróleo, Gás e Bioenergia. E quando falamos de reindustrialização, estamos falando de emprego, redução de custos e fortalecimento da soberania nacional.",nao,170 Replies. Reply,416 reposts. Repost,1540 Likes. Like,,
1572212094971351044,https://x.com/i/web/status/1572212094971351044,Ciro Gomes,@cirogomes,2022-09-20T13:12:28.000Z,Você já conhece a Lei Antiganância – a proposta que vai libertar milhões de brasileiros da prisão dos juros altos? Veja os detalhes na entrevista de Ciro à Rádio Super.,nao,122 Replies. Reply,343 reposts. Repost,1156 Likes. Like,,
1572201645941092354,https://x.com/i/web/status/1572201645941092354,Ciro Gomes,@cirogomes,2022-09-20T12:30:57.000Z,"Minha proposta é que quando você pagar R$ 200, qualquer que seja o prazo, a Lei determina a quitação e eu acabo com essa coisa que levou 66,6 milhões de brasileiros à humilhação de terem o seu nome no SPC.",nao,23 Replies. Reply,136 reposts. Repost,704 Likes. Like,,
1572201644464705537,https://x.com/i/web/status/1572201644464705537,Ciro Gomes,@cirogomes,2022-09-20T12:30:56.000Z,A Lei Antiganância vem para libertar nosso povo dos mais altos juros do mundo. Porque hoje você pega emprestado R$ 100 e paga muitas vezes mais.,nao,96 Replies. Reply,348 reposts. Repost,1611 Likes. Like,,
1572193419182702593,https://x.com/i/web/status/1572193419182702593,Ciro Gomes,@cirogomes,2022-09-20T11:58:15.000Z,Eu vou lutar até o fim com humildade e obstinação porque temos um PROJETO concreto para os principais problemas do Brasil. E espero que Deus abençoe o povo brasileiro para que escolha aquilo que for o melhor pra nós.,nao,622 Replies. Reply,465 reposts. Repost,2402 Likes. Like,,
1572188341550084098,https://x.com/i/web/status/1572188341550084098,Ciro Gomes,@cirogomes,2022-09-20T11:38:05.000Z,"Gente boa, já começou minha entrevista na Rádio Super Notícia, de Minas Gerais. Assista ao vivo:
youtu.be/gA4Myco5nHs",nao,111 Replies. Reply,179 reposts. Repost,812 Likes. Like,,
1572179753045721092,https://x.com/i/web/status/1572179753045721092,Ciro Gomes,@cirogomes,2022-09-20T11:03:57.000Z,BOM DIA MEU BRASILZÃO!  Passando pra lembrar que faltam só 12 dias pra gente votar #CiroPresidente12 e mudar o rumo do nosso país! Vamos juntos? #Faltam12Dias ,nao,1208 Replies. Reply,844 reposts. Repost,4181 Likes. Like,,
1572072403907346432,https://x.com/i/web/status/1572072403907346432,Ciro Gomes,@cirogomes,2022-09-20T03:57:23.000Z,Ciro tem um pedido especial pra você! #CiroNaRedeVida,nao,242 Replies. Reply,424 reposts. Repost,1396 Likes. Like,,
1572067979055210497,https://x.com/i/web/status/1572067979055210497,Ciro Gomes,@cirogomes,2022-09-20T03:39:48.000Z,"Precisamos combater a corrupção! Não podemos deixar que o povo pense que ser corrupto vale a pena, que a impunidade é o prêmio para os ladrões da política, como infelizmente está acontecendo. Hoje nós estamos vendo Lula e Bolsonaro debatendo pra ver qual dos dois é mais corrupto.",nao,242 Replies. Reply,286 reposts. Repost,1239 Likes. Like,,
1572067685780914310,https://x.com/i/web/status/1572067685780914310,Ciro Gomes,@cirogomes,2022-09-20T03:38:38.000Z,"Faz cinco anos que não é atualizado o valor da merenda escolar, que muitas vezes é a única refeição que uma criança tem. Enquanto isso, nosso povo assiste toda essa roubalheira em escândalos como o Orçamento Secreto e a Emenda do Relator, que passam de 20 bilhões de reais.",nao,78 Replies. Reply,288 reposts. Repost,1147 Likes. Like,,
1572064604708126721,https://x.com/i/web/status/1572064604708126721,Ciro Gomes,@cirogomes,2022-09-20T03:26:23.000Z,"""É preciso combater a corrupção pelo desvio de dinheiro público que faz falta na vida sofrida do nosso povo, mas também para não ensinar aos brasileiros que roubar vale a pena"". Ciro conhece as distorções do Brasil e fala um pouco sobre elas. Confira! #CiroNaRedeVida",nao,69 Replies. Reply,249 reposts. Repost,861 Likes. Like,,
1572064262306267142,https://x.com/i/web/status/1572064262306267142,Ciro Gomes,@cirogomes,2022-09-20T03:25:02.000Z,Eu não sirvo a dois senhores. Meu senhor é o povo brasileiro. Sou o único candidato que está propondo uma reforma tributária para diminuir os impostos do nosso povo pobre e da classe média e aumentar os impostos dos super-ricos que não pagam nada no Brasil.,nao,400 Replies. Reply,452 reposts. Repost,2174 Likes. Like,,
1572062028587565064,https://x.com/i/web/status/1572062028587565064,Ciro Gomes,@cirogomes,2022-09-20T03:16:09.000Z,"Transformar a educação brasileira é uma das principais prioridades de Ciro. Em entrevista à 
@REDEVIDA
, ele explica como vai fazer para melhorar a educação das nossas crianças e jovens. #CiroNaRedeVida",nao,55 Replies. Reply,251 reposts. Repost,732 Likes. Like,,
1572060869252775936,https://x.com/i/web/status/1572060869252775936,Ciro Gomes,@cirogomes,2022-09-20T03:11:33.000Z,"Só a educação vai transformar nosso povo pobre, sofrido, desempregado, numa nação livre, soberana, democrática e capaz de enfrentar o desafio do trabalho. Por isso, uma das minhas grandes prioridades é transformar a educação brasileira em uma das dez melhores do mundo em 15 anos.",nao,128 Replies. Reply,245 reposts. Repost,978 Likes. Like,,
1572038422226771968,https://x.com/i/web/status/1572038422226771968,Ciro Gomes,@cirogomes,2022-09-20T01:42:21.000Z,"Logo mais, às 23h, vamos fechar a segunda-feira com uma entrevista para a 
@REDEVIDA
. Acompanhe e participe com a hashtag #CiroNaRedeVida ",nao,121 Replies. Reply,224 reposts. Repost,840 Likes. Like,,
1572034796406317059,https://x.com/i/web/status/1572034796406317059,Ciro Gomes,@cirogomes,2022-09-20T01:27:57.000Z,"Muito obrigado a todos que acompanharam #CiroNoRatinho! É sempre um prazer quando tenho a oportunidade de me apresentar ao nosso povo como um candidato preparado, com nome limpo e com projeto para mudar o Brasil! ",nao,180 Replies. Reply,248 reposts. Repost,1303 Likes. Like,,
1572031146745266177,https://x.com/i/web/status/1572031146745266177,Ciro Gomes,@cirogomes,2022-09-20T01:13:26.000Z,"Meu irmão, minha irmã, quem ganha ou não é você que decide. O sistema está empurrando pro povo escolher entre o coisa ruim e o coisa pior, querem tomar até a sua liberdade de escolher em quem votar. Me dê uma oportunidade e aí eu faço história, eu mudo de verdade o nosso Brasil!",nao,5970 Replies. Reply,2693 reposts. Repost,11422 Likes. Like,,
1572030884332584960,https://x.com/i/web/status/1572030884332584960,Ciro Gomes,@cirogomes,2022-09-20T01:12:24.000Z,"Na sequência de propostas apresentadas para o 
@ratinhodosbt
, Ciro também explicou como vai funcionar a taxação de grandes fortunas e porque ela não vai estimular a fuga de investidores do país. #CiroNoRatinho",nao,125 Replies. Reply,445 reposts. Repost,1484 Likes. Like,,
1572019000023945216,https://x.com/i/web/status/1572019000023945216,Ciro Gomes,@cirogomes,2022-09-20T00:25:10.000Z,"Se você acha que eu tenho boas propostas e quer conhecer melhor, me dê um voto agora. Me dê uma oportunidade, porque esses outros já tiveram e a gente sabe muito bem no que deu. Não dá pra repetir as mesmas coisas e esperar resultados diferentes. Temos a chance de mudar o país!",nao,812 Replies. Reply,591 reposts. Repost,2744 Likes. Like,,
1572018866133540864,https://x.com/i/web/status/1572018866133540864,Ciro Gomes,@cirogomes,2022-09-20T00:24:39.000Z,"Temos o maior estoque de terras férteis do mundo, a província mineral mais rica, a biodiversidade mais enriquecedora e fomos a economia que mais cresceu entre 1930 e 1980, agora crescemos 0. Por que não crescemos mais? É a política, tá na sua mão mudar!",nao,69 Replies. Reply,265 reposts. Repost,1106 Likes. Like,,
1572018056049606669,https://x.com/i/web/status/1572018056049606669,Ciro Gomes,@cirogomes,2022-09-20T00:21:25.000Z,"Em sua conversa com 
@ratinhodosbt
, Ciro deu detalhes sobre como pretende limpar o nome dos mais de 66 milhões de brasileiros endividados. #CiroNoRatinho",nao,105 Replies. Reply,429 reposts. Repost,1541 Likes. Like,,
1572006067290218497,https://x.com/i/web/status/1572006067290218497,Ciro Gomes,@cirogomes,2022-09-19T23:33:47.000Z,"Aproveitando que está todo mundo prestando atenção no sepultamento da Rainha, vamos aos fatos: na Inglaterra, o governo gasta 8x o que gastamos aqui na saúde pública da população. Exatamente por isso precisamos rever a questão do Teto de Gastos.",nao,79 Replies. Reply,275 reposts. Repost,1226 Likes. Like,,
1572003920603648000,https://x.com/i/web/status/1572003920603648000,Ciro Gomes,@cirogomes,2022-09-19T23:25:15.000Z,"As pessoas sabem que é necessário o refinanciamento das dívidas, mas todos os dias estão sendo bombardeadas com o deboche de que isso não é possível. É possível e muito simples de fazer. Resolvo isso nos seis primeiros meses de governo.",nao,68 Replies. Reply,296 reposts. Repost,1151 Likes. Like,,
1572003045126324229,https://x.com/i/web/status/1572003045126324229,Ciro Gomes,@cirogomes,2022-09-19T23:21:47.000Z,"O povo brasileiro, indignado com o mais devastador escândalo de corrupção e com a mais grave crise da história, elegeu Bolsonaro.

Será que é razoável agora, decepcionado com Bolsonaro, votar no Lula – um dos maiores responsáveis por essa tragédia? Precisamos desarmar essa bomba!",nao,1626 Replies. Reply,757 reposts. Repost,4325 Likes. Like,,
1572001560627912704,https://x.com/i/web/status/1572001560627912704,Ciro Gomes,@cirogomes,2022-09-19T23:15:53.000Z,"A política brasileira se vendeu para um sistema econômico que transfere renda de quem trabalha e produz para o sistema financeiro. O Brasil tem 4 dos 10 bancos mais lucrativos do mundo, ao mesmo tempo que a economia brasileira está estagnada há 11 anos: 8 de PT e 3 de Bolsonaro.",nao,173 Replies. Reply,329 reposts. Repost,1281 Likes. Like,,
1572000521489354752,https://x.com/i/web/status/1572000521489354752,Ciro Gomes,@cirogomes,2022-09-19T23:11:45.000Z,Eu não sou candidato porque é fácil. Sou candidato porque é necessário. E lamento por ser o único com propostas concretas para tirar o Brasil dessa crise.,nao,638 Replies. Reply,573 reposts. Repost,3319 Likes. Like,,
1571988115388235776,https://x.com/i/web/status/1571988115388235776,Ciro Gomes,@cirogomes,2022-09-19T22:22:27.000Z,"Já chegamos para a entrevista de hoje no 
@ratinhodosbt
! Avise pra todo mundo e acompanhe ao vivo! #CiroNoRatinho",nao,524 Replies. Reply,553 reposts. Repost,2949 Likes. Like,,
1571967368892399617,https://x.com/i/web/status/1571967368892399617,Ciro Gomes,@cirogomes,2022-09-19T21:00:01.000Z,Sabe qual é a maior FRAUDE que pode acontecer nessa eleição? Veja aqui e descubra.,nao,1696 Respostas. Resposta,1809 reposts. Repost,4821 Curtidas. Curtida,,
1571956040622481408,https://x.com/i/web/status/1571956040622481408,Ciro Gomes,@cirogomes,2022-09-19T20:15:00.000Z,"Com a palavra, minha mulher, amiga, companheira e militante pelo Brasil: 
@gisellebezerra
 ",nao,118 Respostas. Resposta,307 reposts. Repost,1084 Curtidas. Curtida,,
1571951225670615040,https://x.com/i/web/status/1571951225670615040,Ciro Gomes,@cirogomes,2022-09-19T19:55:52.000Z,"E sobre a necessidade de retomar a produção de muitos dos medicamentos e equipamentos que hoje compramos lá fora – economizando para investir no SUS, no desenvolvimento de tecnologias nacionais e na geração de empregos no Brasil.",nao,19 Respostas. Resposta,146 reposts. Repost,692 Curtidas. Curtida,,
1571951221984104448,https://x.com/i/web/status/1571951221984104448,Ciro Gomes,@cirogomes,2022-09-19T19:55:51.000Z,"Hoje pela manhã também tivemos um encontro com o pessoal do Conselho Nacional dos Secretários de Saúde (CONASS), aqui em São Paulo. Na conversa, falamos sobre nosso projeto de fortalecer o Complexo Industrial da Saúde, que foi destroçado pelos últimos governos –",nao,61 Respostas. Resposta,278 reposts. Repost,1253 Curtidas. Curtida,,
1571909354227482628,https://x.com/i/web/status/1571909354227482628,Ciro Gomes,@cirogomes,2022-09-19T17:09:29.000Z,"Tenho um rumo, tenho princípios e o que eu mais quero nesse universo é MUDAR NOSSO BRASIL! ",nao,471 Respostas. Resposta,812 reposts. Repost,2564 Curtidas. Curtida,,
1571899889273180161,https://x.com/i/web/status/1571899889273180161,Ciro Gomes,@cirogomes,2022-09-19T16:31:52.000Z,No encontro falamos um pouco mais sobre a necessidade de acabar com o cartel dos cinco bancos que controlam 85% do mercado e impõem à população os juros mais altos do mundo.,nao,36 Respostas. Resposta,140 reposts. Repost,656 Curtidas. Curtida,,
1571899869656395778,https://x.com/i/web/status/1571899869656395778,Ciro Gomes,@cirogomes,2022-09-19T16:31:48.000Z,"Gente boa, nossa segunda-feira começou na #CasaCiro12, onde tivemos um encontro com representantes da Associação Brasileira de Fintechs e Zetta – que congrega bancos digitais e tem como foco a inovação do setor financeiro no país.",nao,77 Respostas. Resposta,233 reposts. Repost,1071 Curtidas. Curtida,,
1571872705388986372,https://x.com/i/web/status/1571872705388986372,Ciro Gomes,@cirogomes,2022-09-19T14:43:51.000Z,"Atenção, turma: temos um encontro marcado hoje, às 20h! Vou participar da sabatina Candidatos com o Ratinho, promovida pelo SBT. Compartilhe com os amigos e acompanhe AO VIVO. #CiroNoRatinho",nao,448 Respostas. Resposta,689 reposts. Repost,2324 Curtidas. Curtida,,
1571635302283808770,https://x.com/i/web/status/1571635302283808770,Ciro Gomes,@cirogomes,2022-09-18T23:00:30.000Z,"Minha gente, vamos mudar o rumo dessa prosa ruim que fizeram do nosso Brasil? 

O 
@CartunistaT
 mandou o recado! Assista e comente o que você achou.",nao,417 Respostas. Resposta,545 reposts. Repost,1856 Curtidas. Curtida,,
1571605228599787521,https://x.com/i/web/status/1571605228599787521,Ciro Gomes,@cirogomes,2022-09-18T21:01:00.000Z,Você mudaria de time só porque alguém disse que ele não seria campeão? #VerdadeiroVotoÚtil,nao,1523 Respostas. Resposta,742 reposts. Repost,3125 Curtidas. Curtida,,
1571590621605036032,https://x.com/i/web/status/1571590621605036032,Ciro Gomes,@cirogomes,2022-09-18T20:02:57.000Z,"O Giro do domingo foi direto de São Paulo, onde tivemos um encontro com empresas do setor de Tecnologia da Informação. Na conversa, falamos sobre o mercado de trabalho na área – principalmente p/ os jovens que buscam o primeiro emprego – e sobre nosso projeto Internet do Povo.",nao,94 Respostas. Resposta,321 reposts. Repost,1337 Curtidas. Curtida,,
1571514524200587266,https://x.com/i/web/status/1571514524200587266,Ciro Gomes,@cirogomes,2022-09-18T15:00:34.000Z,"O que eu tenho pra oferecer é isso: um Projeto Nacional de Desenvolvimento, mais de 40 anos de experiência, currículo limpo e muito AMOR por nosso Brasil!",nao,513 Respostas. Resposta,771 reposts. Repost,3701 Curtidas. Curtida,,
1571491731589177347,https://x.com/i/web/status/1571491731589177347,Ciro Gomes,@cirogomes,2022-09-18T13:30:00.000Z,"Dança, 
@vinijr
! Sacuda o mundo com seus pés, sacuda as redes com seus gols e sacuda a alma doente dos racistas com sua alegria arrebatadora. Abaixo o racismo e todos seus disfarces!",nao,86 Respostas. Resposta,407 reposts. Repost,2546 Curtidas. Curtida,,
1571469083878588416,https://x.com/i/web/status/1571469083878588416,Ciro Gomes,@cirogomes,2022-09-18T12:00:00.000Z,"Fala, meu povo! ",nao,325 Replies. Reply,959 reposts. Repost,2374 Likes. Like,,
1571317066417770496,https://x.com/i/web/status/1571317066417770496,Ciro Gomes,@cirogomes,2022-09-18T01:55:56.000Z,"Terminando mais uma live com a energia lá nas alturas! Obrigado pela companhia, turma boa! ",nao,165 Respostas. Resposta,356 reposts. Repost,1926 Curtidas. Curtida,,
1571309829691408385,https://x.com/i/web/status/1571309829691408385,Ciro Gomes,@cirogomes,2022-09-18T01:27:11.000Z,"Fizemos uma revolução na educação do Ceará, resultado de um trabalho continuado ao longo dos anos e com PROJETO. E quero levar esse modelo para todo o Brasil, porque só a educação transforma vidas e pode libertar nosso povo. Vamos juntos?",nao,140 Respostas. Resposta,414 reposts. Repost,1245 Curtidas. Curtida,,
1571288434492284930,https://x.com/i/web/status/1571288434492284930,Ciro Gomes,@cirogomes,2022-09-18T00:02:10.000Z,"Todo mundo ON na #CiroTV? Assista ao vivo e compartilhe com a turma: 
cirotv.com.br",nao,128 Respostas. Resposta,301 reposts. Repost,1376 Curtidas. Curtida,,
1571284654354735106,https://x.com/i/web/status/1571284654354735106,Ciro Gomes,@cirogomes,2022-09-17T23:47:09.000Z,"LIVE DE EXIBIÇÃO DO PROGRAMA SOBRE EDUCAÇÃO | CIRO PRESIDENTE 12 | SÃO PAULO/SP | 17/09/2022 
x.com/i/broadcasts/1
…",nao,84 Respostas. Resposta,316 reposts. Repost,1038 Curtidas. Curtida,,
1571227508585811968,https://x.com/i/web/status/1571227508585811968,Ciro Gomes,@cirogomes,2022-09-17T20:00:04.000Z,"Eu sou bem diferente deles: não sou corrupto e sei como tirar o Brasil da crise. O que eu não tenho é tempo de TV, mas aqui nas redes e na nossa 
cirotv.com.br, você pode conhecer a verdade e se aprofundar no projeto que vai libertar nossa gente.",nao,436 Respostas. Resposta,695 reposts. Repost,2166 Curtidas. Curtida,,
1571197320808386560,https://x.com/i/web/status/1571197320808386560,Ciro Gomes,@cirogomes,2022-09-17T18:00:07.000Z,"Hoje temos mais um encontro AO VIVO na 
cirotv.com.br! Acompanhe a transmissão do nosso programa completo sobre EDUCAÇÃO – com direito a muitos reacts, interação com quem estiver participando e muito mais. Espero vocês às 20h45!",nao,207 Respostas. Resposta,317 reposts. Repost,1024 Curtidas. Curtida,,
1571175548793094148,https://x.com/i/web/status/1571175548793094148,Ciro Gomes,@cirogomes,2022-09-17T16:33:36.000Z,"Hoje o dia começou no Centro-Oeste deste Brasilzão!  Estamos aqui em Trindade, região metropolitana de Goiânia, para visitar a Vila do Sonho e falar um pouco mais sobre o funcionamento do nosso programa de Reforma Urbana e Regularização Fundiária.",nao,199 Replies. Reply,308 reposts. Repost,1447 Likes. Like,,
1571167472744529921,https://x.com/i/web/status/1571167472744529921,Ciro Gomes,@cirogomes,2022-09-17T16:01:31.000Z,"Conheça essa e outras propostas no site oficial (
cirogomes.com.br) e anote aí: logo depois do Horário Eleitoral da noite, às 20h45, temos um encontro AO VIVO na 
cirotv.com.br – não perca! #EducaçãoNota12",nao,35 Replies. Reply,141 reposts. Repost,485 Likes. Like,,
1571167467094917126,https://x.com/i/web/status/1571167467094917126,Ciro Gomes,@cirogomes,2022-09-17T16:01:29.000Z,Transformar a educação pública numa das 10 melhores do mundo num prazo de 15 anos pode parecer uma utopia pra quem não conhece a revolução que foi feita no Ceará. Veja como ela foi e continua sendo feita e depois deixe aqui o seu comentário.,nao,137 Replies. Reply,501 reposts. Repost,1516 Likes. Like,,
1571144648412000262,https://x.com/i/web/status/1571144648412000262,Ciro Gomes,@cirogomes,2022-09-17T14:30:49.000Z,É com base nesse modelo que pretendo transformar a educação pública brasileira numa das dez melhores do mundo em 15 anos! ,nao,43 Replies. Reply,266 reposts. Repost,1497 Likes. Like,,
1571144645765386246,https://x.com/i/web/status/1571144645765386246,Ciro Gomes,@cirogomes,2022-09-17T14:30:48.000Z,"E, entre as cem melhores, 87 são cearenses. E tem mais: as oito primeiras colocadas do 5º ao 9º ano, são também do Ceará. Incrível, não? Parabéns a todas as prefeituras, diretores escolares, professores e alunos que fazem do Ceará esse exemplo de educação de qualidade. (...)",nao,21 Replies. Reply,276 reposts. Repost,1606 Likes. Like,,
1571144643483676672,https://x.com/i/web/status/1571144643483676672,Ciro Gomes,@cirogomes,2022-09-17T14:30:48.000Z,"Quando o trabalho de longo prazo é bem-feito, o resultado sempre aparece e PERMANECE. Vocês viram o resultado do Ideb, divulgado ontem? As dez melhores escolas públicas do Brasil nos primeiros anos do ensino fundamental (1º ao 5º ano) são TODAS do Ceará. (...) ",nao,336 Replies. Reply,792 reposts. Repost,3528 Likes. Like,,
1571121926164054016,https://x.com/i/web/status/1571121926164054016,Ciro Gomes,@cirogomes,2022-09-17T13:00:31.000Z,"Nessa reta final, minha filha 
@liviasaboya
 começou uma corrente muito bacana aqui nas redes sociais. Veja detalhes de algumas das nossas principais propostas – como o PROGRAMA RENDA DIGNA – detalhadas por ela.",nao,121 Replies. Reply,468 reposts. Repost,1396 Likes. Like,,
1570946405472124928,https://x.com/i/web/status/1570946405472124928,Ciro Gomes,@cirogomes,2022-09-17T01:23:04.000Z,"Visitamos três estados em um só dia  Seguimos firmes na luta para mostrar ao nosso povo que o Brasil tem jeito e que podemos dar um passo adiante em direção ao futuro. Obrigado pela confiança e por tanto apoio, gente boa!",nao,166 Replies. Reply,484 reposts. Repost,1804 Likes. Like,,
1570931543220318209,https://x.com/i/web/status/1570931543220318209,Ciro Gomes,@cirogomes,2022-09-17T00:24:01.000Z,Terminamos o dia com essa vibração da gente querida do Macapá (AP)! Obrigado a todas e todos pelo apoio e carinho. Saio daqui mais energizado ainda! ,nao,112 Replies. Reply,307 reposts. Repost,1385 Likes. Like,,
1570904552525934592,https://x.com/i/web/status/1570904552525934592,Ciro Gomes,@cirogomes,2022-09-16T22:36:45.000Z,Você piscou e agora já estamos em Macapá!  O ‘sextou’ de hoje foi do jeito que a gente gosta – com muita andança pelo país e muita conversa com nosso povo.,nao,203 Replies. Reply,475 reposts. Repost,1861 Likes. Like,,
1570899137746595840,https://x.com/i/web/status/1570899137746595840,Ciro Gomes,@cirogomes,2022-09-16T22:15:14.000Z,Olha só a energia e carinho que recebi do pessoal da nossa querida Belém do Pará. Tem sido assim todo o Giro que estamos fazendo pelo Norte e Nordeste. Vamos juntos construir um novo Brasil!,nao,162 Replies. Reply,314 reposts. Repost,1482 Likes. Like,,
1570864941682524160,https://x.com/i/web/status/1570864941682524160,Ciro Gomes,@cirogomes,2022-09-16T19:59:22.000Z,"Viciados em meter a mão no bolso alheio, alguns petistas tão conseguindo se superar. Escondidinho, “chuparam” a MARCA OFICIAL DA CAMPANHA DE LULA de uma empresa americana (
bit.ly/3qHCbzM). Agora tentam se apropriar da nossa marca. Onde vai parar a roubalheira?  /ADM",nao,3721 Replies. Reply,2073 reposts. Repost,4436 Likes. Like,,
1570855243650420744,https://x.com/i/web/status/1570855243650420744,Ciro Gomes,@cirogomes,2022-09-16T19:20:49.000Z,"CIRO APRESENTA PROPOSTAS EM BELÉM/PA | GIRO DO CIRO | 16/09/2022 
x.com/i/broadcasts/1
…",nao,87 Replies. Reply,292 reposts. Repost,1055 Likes. Like,,
1570837479686819843,https://x.com/i/web/status/1570837479686819843,Ciro Gomes,@cirogomes,2022-09-16T18:10:14.000Z,"Nossa sexta-feira começou animada! Essa linda recepção foi no calçadão de Campina Grande, na Paraíba. Obrigado pelo carinho de todos!",nao,123 Replies. Reply,359 reposts. Repost,1501 Likes. Like,,
1570790570439901185,https://x.com/i/web/status/1570790570439901185,Ciro Gomes,@cirogomes,2022-09-16T15:03:50.000Z,"Por onde Ciro passa, o Brasil se levanta em um clamor de fé, rebeldia e esperança. Esta manhã o espetáculo cívico foi em Campina Grande, na Paraíba. ",nao,558 Replies. Reply,854 reposts. Repost,3847 Likes. Like,,
1570749133711089664,https://x.com/i/web/status/1570749133711089664,Ciro Gomes,@cirogomes,2022-09-16T12:19:11.000Z,O ex-presidente da Petrobras insiste que este aparelho contém provas de crime de Bolsonaro. Mas o Ministério das Minas e Energia se nega a entregá-lo  a parlamentares que investigam o caso no Congresso. O governo vai decretar sigilo de 100 anos e a Justiça não fazer nada?,nao,60 Replies. Reply,356 reposts. Repost,2237 Likes. Like,,
1570749131324522501,https://x.com/i/web/status/1570749131324522501,Ciro Gomes,@cirogomes,2022-09-16T12:19:10.000Z,"Antes da sua estranha morte, Bebianno guardava seu celular sob sete chaves e dizia que continha segredos importantes. Ninguém sabe onde  foi parar. O celular corporativo de Castello Branco, todos sabem, está em um cofre da Petrobras.",nao,33 Replies. Reply,296 reposts. Repost,2114 Likes. Like,,
1570749128455618560,https://x.com/i/web/status/1570749128455618560,Ciro Gomes,@cirogomes,2022-09-16T12:19:09.000Z,"Mais um celular misteriosamente oculto retarda o que  poderia ser um desfecho na carreira de Bolsonaro. Depois do celular “desaparecido” após a morte de Gustavo Bebianno, agora é o celular de Roberto Castello Branco que o governo coloca sob o manto do sigilo.",nao,204 Replies. Reply,776 reposts. Repost,4327 Likes. Like,,
1570744432449789952,https://x.com/i/web/status/1570744432449789952,Ciro Gomes,@cirogomes,2022-09-16T12:00:30.000Z,"Nosso RENDA DIGNA tem três braços: 

 O Programa de Renda Mínima de R$ 1 mil reais para as famílias mais carentes; 
 Reajuste do salário mínimo sempre acima da inflação; 
 A geração de 5 milhões de empregos em dois anos. 

Saiba como vai ser e de onde vem o dinheiro!",nao,108 Replies. Reply,443 reposts. Repost,1269 Likes. Like,,
1570583037632552960,https://x.com/i/web/status/1570583037632552960,Ciro Gomes,@cirogomes,2022-09-16T01:19:10.000Z,"O modelo econômico que o Brasil segue há décadas, e que nem Lula nem Bolsonaro tiveram coragem pra mudar, é feito pra beneficiar os mais ricos e dar migalhas aos mais pobres. Chega desse Brasil angustiado, cheio de dívidas e dúvidas.",nao,246 Replies. Reply,538 reposts. Repost,1509 Likes. Like,,
1570563817012092929,https://x.com/i/web/status/1570563817012092929,Ciro Gomes,@cirogomes,2022-09-16T00:02:48.000Z,"Também estamos ON na 
cirotv.com.br! Acompanhe AO VIVO e direto do nosso Recife ",nao,75 Replies. Reply,172 reposts. Repost,730 Likes. Like,,
1570559403043987456,https://x.com/i/web/status/1570559403043987456,Ciro Gomes,@cirogomes,2022-09-15T23:45:15.000Z,"LIVE DE EXIBIÇÃO DO PROGRAMA TAXAÇÃO DE GRANDES FORTUNAS | CIRO PRESIDENTE 12 | RECIFE/PE | 15/09/22 
x.com/i/broadcasts/1
…",nao,88 Replies. Reply,296 reposts. Repost,1035 Likes. Like,,
1570543141136248832,https://x.com/i/web/status/1570543141136248832,Ciro Gomes,@cirogomes,2022-09-15T22:40:38.000Z,"Durante nossa visita no Recife, visitamos o Porto Digital - um dos principais parques tecnológicos e ambientes de inovação do Brasil, ao lado de 
@AnaPaulaMatosBA
 e 
@isabelladroldao
. Tivemos uma ótima conversa com a turma sobre os caminhos para o desenvolvimento do nosso Brasil.",nao,36 Replies. Reply,229 reposts. Repost,791 Likes. Like,,
1570535776114319364,https://x.com/i/web/status/1570535776114319364,Ciro Gomes,@cirogomes,2022-09-15T22:11:22.000Z,"Fomos recebidos com muito carinho e entusiasmo pela gente querida do Recife! Mais um momento que mostrou como, juntos, podemos construir um novo Brasil! ",nao,108 Replies. Reply,353 reposts. Repost,1383 Likes. Like,,
1570520209341165569,https://x.com/i/web/status/1570520209341165569,Ciro Gomes,@cirogomes,2022-09-15T21:09:31.000Z,"Hoje temos um encontro AO VIVO na 
cirotv.com.br – diretamente de Recife, Pernambuco! Acompanhe a transmissão do nosso programa completo sobre a TAXAÇÃO DE GRANDES FORTUNAS – com muitos reacts, interação com quem estiver participando e muito mais. Espero vocês às 20h45!",nao,84 Replies. Reply,248 reposts. Repost,812 Likes. Like,,
1570510017840975873,https://x.com/i/web/status/1570510017840975873,Ciro Gomes,@cirogomes,2022-09-15T20:29:01.000Z,É sobre  /ADM,nao,3 Replies. Reply,9 reposts. Repost,118 Likes. Like,,
1570508690687668225,https://x.com/i/web/status/1570508690687668225,Ciro Gomes,@cirogomes,2022-09-15T20:23:45.000Z,Esse seria um bom motivo para repensar seu voto  /ADM,nao,3 Replies. Reply,9 reposts. Repost,92 Likes. Like,,
1570507808013168641,https://x.com/i/web/status/1570507808013168641,Ciro Gomes,@cirogomes,2022-09-15T20:20:14.000Z,"Pra quem não fez ainda, façam aí pra gente ver uma coisinha:",nao,214 Replies. Reply,286 reposts. Repost,1408 Likes. Like,,
1570507805257527296,https://x.com/i/web/status/1570507805257527296,Ciro Gomes,@cirogomes,2022-09-15T20:20:14.000Z,"O teste de vocês DEU CIRO aí no sigilo, né? a /ADM aqui tá de olho... ",nao,979 Replies. Reply,1178 reposts. Repost,6102 Likes. Like,,
1570482637621313541,https://x.com/i/web/status/1570482637621313541,Ciro Gomes,@cirogomes,2022-09-15T18:40:13.000Z,CIRO APRESENTA SUAS PROPOSTAS NO PORTO DIGITAL | RECIFE/PE | GIRO DO CIRO | 15/09/2022,nao,49 Replies. Reply,211 reposts. Repost,748 Likes. Like,,
1570467849256271873,https://x.com/i/web/status/1570467849256271873,Ciro Gomes,@cirogomes,2022-09-15T17:41:27.000Z,"ESTAMOS AO VIVO!
Convido todo mundo pra acompanhar minha entrevista na 
@cbnrecife
:
youtu.be/7_Doz7VUs-4",nao,59 Replies. Reply,160 reposts. Repost,626 Likes. Like,,
1570449383690321921,https://x.com/i/web/status/1570449383690321921,Ciro Gomes,@cirogomes,2022-09-15T16:28:05.000Z,"Logo mais estaremos no Porto Digital, acompanhe a cobertura completa aqui nas redes e na 
cirotv.com.br!",nao,12 Replies. Reply,80 reposts. Repost,339 Likes. Like,,
1570449334990159872,https://x.com/i/web/status/1570449334990159872,Ciro Gomes,@cirogomes,2022-09-15T16:27:53.000Z,"Quinta-feira de muito calor e carinho do nosso povo pernambucano! Estive há pouco na Casa 12 – o comitê do partido aqui no Recife – muito bem acompanhado por 
@gisellebezerra
, 
@AnaPaulaMatosBA
, 
@isabelladroldao
 e outras lideranças do PDT.",nao,54 Replies. Reply,260 reposts. Repost,996 Likes. Like,,
1570443254344073220,https://x.com/i/web/status/1570443254344073220,Ciro Gomes,@cirogomes,2022-09-15T16:03:43.000Z,"Ficou com alguma dúvida? Conheça essa e outras propostas no site oficial (
cirogomes.com.br) e anote aí: logo depois do Horário Eleitoral da noite, às 20h45, temos um encontro AO VIVO na 
cirotv.com.br – não perca! #CiroPresidente12",nao,16 Replies. Reply,87 reposts. Repost,361 Likes. Like,,
1570442443115331586,https://x.com/i/web/status/1570442443115331586,Ciro Gomes,@cirogomes,2022-09-15T16:00:30.000Z,Não podemos mais adiar uma ação que vai acabar com a miséria no Brasil. Precisamos cobrar um pouco mais dos super-ricos para beneficiar os mais pobres – porque só assim vamos tornar nosso país em um lugar realmente melhor para todos.,nao,106 Replies. Reply,460 reposts. Repost,1309 Likes. Like,,
1570438208382550018,https://x.com/i/web/status/1570438208382550018,Ciro Gomes,@cirogomes,2022-09-15T15:43:40.000Z,"A visita a Aracaju desta quarta-feira foi uma festa só!! É esse contato com o povo que me enche o coração de alegria, esperança e muita vontade de mudar nosso Brasil. Vamos juntos, gente boa! Dia 2 de outubro é  ",nao,115 Replies. Reply,250 reposts. Repost,912 Likes. Like,,
1570416047525707781,https://x.com/i/web/status/1570416047525707781,Ciro Gomes,@cirogomes,2022-09-15T14:15:37.000Z,Eu quero mostrar ao povo brasileiro que temos saída para livrar o país dessa bola de chumbo que nos prende ao passado. Só não podemos repetir as mesmas coisas esperando resultados diferentes.,nao,310 Replies. Reply,384 reposts. Repost,1806 Likes. Like,,
1570413727723229186,https://x.com/i/web/status/1570413727723229186,Ciro Gomes,@cirogomes,2022-09-15T14:06:24.000Z,Ciro dá detalhes sobre o programa RENDA DIGNA e explica de onde vem o dinheiro para o financiar o maior projeto de transferência de renda e promoção social da nossa história. #CiroNaRádioJornal,nao,59 Replies. Reply,313 reposts. Repost,972 Likes. Like,,
1570411358478278656,https://x.com/i/web/status/1570411358478278656,Ciro Gomes,@cirogomes,2022-09-15T13:56:59.000Z,"CIRO, ANA PAULA E ISABELLA DE ROLDÃO VISITAM A CASA 12 | RECIFE/PE | GIRO DO CIRO | 15/09/2022",nao,73 Replies. Reply,206 reposts. Repost,699 Likes. Like,,
1570402345388843009,https://x.com/i/web/status/1570402345388843009,Ciro Gomes,@cirogomes,2022-09-15T13:21:10.000Z,"Eu vou transformar em federal – por tanto, minha responsabilidade – o enfrentamento do crime organizado e das facções. Vamos livrar a periferia do Brasil desse flagelo  terrorista que as facções criminosas têm feito.",nao,124 Replies. Reply,349 reposts. Repost,1509 Likes. Like,,
1570402203453759491,https://x.com/i/web/status/1570402203453759491,Ciro Gomes,@cirogomes,2022-09-15T13:20:36.000Z,Quero ser reconhecido como o presidente que fez uma revolução na EDUCAÇÃO do Brasil. Nossa meta é transformar a educação brasileira em uma das dez melhores do mundo em 15 anos!,nao,400 Replies. Reply,411 reposts. Repost,1991 Likes. Like,,
1570401545677578240,https://x.com/i/web/status/1570401545677578240,Ciro Gomes,@cirogomes,2022-09-15T13:17:59.000Z,Ciro responde como vai governar sem o clássico ‘toma-lá-dá-cá’ da política brasileira: “O erro não é negociar. (…) A minha diferença é que eu vou negociar um projeto ao invés de negociar reeleição ou medo de CPI”. #CiroNaRádioJornal,nao,54 Replies. Reply,271 reposts. Repost,873 Likes. Like,,
1570394162754625536,https://x.com/i/web/status/1570394162754625536,Ciro Gomes,@cirogomes,2022-09-15T12:48:39.000Z,Veja como Ciro pretende mudar o modelo de governança política e econômica no Brasil. #CiroNaRádioJornal,nao,108 Replies. Reply,337 reposts. Repost,1102 Likes. Like,,
1570391129937383425,https://x.com/i/web/status/1570391129937383425,Ciro Gomes,@cirogomes,2022-09-15T12:36:36.000Z,O resultado hoje é que mais 66 milhões de pessoas estão endividadas e humilhadas no SPC. E não vão sair daí sem uma política pública!,nao,67 Replies. Reply,230 reposts. Repost,1414 Likes. Like,,
1570391128544874497,https://x.com/i/web/status/1570391128544874497,Ciro Gomes,@cirogomes,2022-09-15T12:36:36.000Z,"A memória afetiva do governo Lula veio por conta da expansão do crédito, que levou a uma explosão de consumo. Só que o povo brasileiro não percebeu que as letrinhas miúdas do crediário mandaram a conta do juro mais alto do mundo, que foi praticado pela política econômica do PT.",nao,1010 Replies. Reply,831 reposts. Repost,4176 Likes. Like,,
1570389387573366785,https://x.com/i/web/status/1570389387573366785,Ciro Gomes,@cirogomes,2022-09-15T12:29:41.000Z,Campanha política não pode ser uma farra de paixões despolitizadas que não botam comida no prato de ninguém. O próximo presidente vai pegar um problema muito grande porque o Brasil está mais quebrado que arroz de terceira.,nao,177 Replies. Reply,357 reposts. Repost,1485 Likes. Like,,
1570383624578424841,https://x.com/i/web/status/1570383624578424841,Ciro Gomes,@cirogomes,2022-09-15T12:06:47.000Z,"Bom dia, pessoal! Começamos nossa quinta-feira na 
@radiojornalpe
. 

Acompanhe a entrevista ao vivo: 
youtu.be/Z4kJygOfpnU",nao,36 Replies. Reply,141 reposts. Repost,579 Likes. Like,,
1570371378242519040,https://x.com/i/web/status/1570371378242519040,Ciro Gomes,@cirogomes,2022-09-15T11:18:07.000Z,"Ou você - igual a Bolsonaro - vai continuar contra taxação de grandes fortunas, cobrança de impostos sobre lucros  e dividendos, e a Lei Antiganancia? E não me venham, por favor, com papo de falsa simetria!",nao,74 Replies. Reply,240 reposts. Repost,1262 Likes. Like,,
1570371376279601155,https://x.com/i/web/status/1570371376279601155,Ciro Gomes,@cirogomes,2022-09-15T11:18:06.000Z,"A mídia, em geral, que tanto gosta de pesquisas, não deu quase nenhum destaque a este DataFolha que traz resultado tão esmagador (85%) a favor da minha proposta de taxação de grandes fortunas. E aí Lula, vai copiar esta também? (…)",nao,522 Replies. Reply,846 reposts. Repost,2978 Likes. Like,,
1570363982053281792,https://x.com/i/web/status/1570363982053281792,Ciro Gomes,@cirogomes,2022-09-15T10:48:43.000Z,"E você, já fez seu teste?  poste o print do resultado aqui e vamos ver uma coisa… /ADM",nao,233 Replies. Reply,225 reposts. Repost,1182 Likes. Like,,
1570363979071102976,https://x.com/i/web/status/1570363979071102976,Ciro Gomes,@cirogomes,2022-09-15T10:48:43.000Z,"Tenho profunda esperança de que, após o teste de fidelidade eleitoral ter revelado o meu nome para eles, muitos dos que estão temporariamente estacionados em outros candidatos VOTEM , NO 2 DE OUTUBRO. ",nao,425 Replies. Reply,593 reposts. Repost,3236 Likes. Like,,
1570208917338337280,https://x.com/i/web/status/1570208917338337280,Ciro Gomes,@cirogomes,2022-09-15T00:32:33.000Z,"Este teste, criado pelo 
@OGloboPolitica
, está fazendo o maior sucesso aqui nos grupos de Zap! Faça o teste pra saber com qual candidato você mais se identifica e descubra quem é o seu #VerdadeiroVotoÚtil 
infograficos.oglobo.globo.com/politica/quiz-
…",nao,585 Replies. Reply,709 reposts. Repost,3094 Likes. Like,,
1570193125431463939,https://x.com/i/web/status/1570193125431463939,Ciro Gomes,@cirogomes,2022-09-14T23:29:48.000Z,JÁ CONHECE O NOSSO PROGRAMA RENDA DIGNA? Veja os detalhes deste que vai ser o mais amplo programa de transferência de renda e promoção social da nossa história.,nao,125 Replies. Reply,385 reposts. Repost,1242 Likes. Like,,
1570169011345969152,https://x.com/i/web/status/1570169011345969152,Ciro Gomes,@cirogomes,2022-09-14T21:53:59.000Z,Finalizamos o dia com essa linda festa em Aracaju! É sempre uma alegria poder conversar com nosso povo e mostrar que o Brasil tem jeito e que os brasileiros têm na mão o poder de começar essa mudança. Muito obrigado a todas e todos pelo carinho e apoio. ,nao,130 Replies. Reply,346 reposts. Repost,1444 Likes. Like,,
1570138942514552832,https://x.com/i/web/status/1570138942514552832,Ciro Gomes,@cirogomes,2022-09-14T19:54:30.000Z,"ENCONTRO COM O PREFEITO EDVALDO NOGUEIRA | ARACAJU/SE | GIRO DO CIRO | 14/09/2022
 
x.com/i/broadcasts/1
…",nao,53 Replies. Reply,186 reposts. Repost,752 Likes. Like,,
1570067025287864323,https://x.com/i/web/status/1570067025287864323,Ciro Gomes,@cirogomes,2022-09-14T15:08:43.000Z,"Seguimos em agenda por Salvador – e logo depois da entrevista a 
@marioksz
, viemos para uma caminhada na Feira de São Joaquim, que é a maior e mais tradicional feira livre da Bahia. Pra aliviar o sol e calor, eu e 
@AnaPaulaMatosBA
 tomamos até uma aguinha de coco! ",nao,91 Replies. Reply,245 reposts. Repost,950 Likes. Like,,
1570034817919483905,https://x.com/i/web/status/1570034817919483905,Ciro Gomes,@cirogomes,2022-09-14T13:00:45.000Z,"Todos esses que estão aí já tiveram oportunidade e deu no que deu. Eleição é contrato de futuro. Repetir as coisas do passado é repetir toda a tragédia e os escândalos de corrupção que temos vivenciado nos últimos anos. Me dê uma oportunidade, vamos juntos mudar o Brasil!",nao,391 Replies. Reply,497 reposts. Repost,1929 Likes. Like,,
1570031597239369729,https://x.com/i/web/status/1570031597239369729,Ciro Gomes,@cirogomes,2022-09-14T12:47:57.000Z,"4) mandar para o voto popular direto o que persistir de impasse;

5) transformar minha eleição numa eleição de PROJETOS. 

Então quem votar em mim, vai estar votando em um conjunto de IDEIAS – e não em personalidades baseadas em populismo barato.",nao,54 Replies. Reply,220 reposts. Repost,1240 Likes. Like,,
1570031595289214977,https://x.com/i/web/status/1570031595289214977,Ciro Gomes,@cirogomes,2022-09-14T12:47:56.000Z,"1) abrir mão da reeleição em troca de todas as reformas que o Brasil precisa;

2) aproveitar a “hora mágica” dos seis primeiros meses; 

3) mudar a interlocução com o Congresso através de um novo acordo envolvendo governadores e prefeitos;",nao,37 Replies. Reply,227 reposts. Repost,1241 Likes. Like,,
1570031593250594817,https://x.com/i/web/status/1570031593250594817,Ciro Gomes,@cirogomes,2022-09-14T12:47:56.000Z,"Sempre me perguntam como vou governar denunciando sistematicamente os escândalos de corrupção que assombram a política brasileira. Bom, pra começar, vamos –",nao,212 Replies. Reply,480 reposts. Repost,2338 Likes. Like,,
1570027942574542848,https://x.com/i/web/status/1570027942574542848,Ciro Gomes,@cirogomes,2022-09-14T12:33:25.000Z,Querem esmagar a liberdade do povo. Nossa gente sendo humilhada e não querem deixar sequer as pessoas terem a autonomia e a serenidade de escolher seu candidato numa eleição de dois turnos. Não tem fascismo de direita e nem fascismo de esquerda que me abata!,nao,1781 Replies. Reply,1240 reposts. Repost,3181 Likes. Like,,
1570026694081118209,https://x.com/i/web/status/1570026694081118209,Ciro Gomes,@cirogomes,2022-09-14T12:28:28.000Z,"Na entrevista ao 
@metropole
, Ciro traz os valores que Lula e Bolsonaro transferiram aos bancos: “não é possível imaginar que fazendo essas mesmas coisas nós vamos conseguir resultados diferentes!”. #CiroNoMetro1",nao,141 Replies. Reply,458 reposts. Repost,1373 Likes. Like,,
1570019411162972160,https://x.com/i/web/status/1570019411162972160,Ciro Gomes,@cirogomes,2022-09-14T11:59:31.000Z,O único candidato que não tem rabo preso e não tem histórico de corrupção pra denunciar os absurdos que nosso povo tem sofrido nas mãos do sistema sou eu. Quer manter a mesma coisa? Estão os outros dois aí. Quer mudar? Me dê uma oportunidade.,nao,397 Replies. Reply,536 reposts. Repost,2112 Likes. Like,,
1570017033156284418,https://x.com/i/web/status/1570017033156284418,Ciro Gomes,@cirogomes,2022-09-14T11:50:04.000Z,Ciro reiterates what everyone knows: Lula and Bolsonaro are completely different people. But what lies behind the two? Strictly the same economic model and the same model of political governance. #CiroNoMetro1,nao,210 Replies. Reply,519 reposts. Repost,1794 Likes. Like,,
1570012701648211969,https://x.com/i/web/status/1570012701648211969,Ciro Gomes,@cirogomes,2022-09-14T11:32:52.000Z,"Terei orgulho de dizer aos meus filhos e netos: ""Eu não me vendi. Eu não me rendi"". E aqueles que me apoiam terão orgulho de revisar meu passado limpo e de muita luta pelo povo brasileiro.",nao,4154 Replies. Reply,2274 reposts. Repost,13758 Likes. Like,,
1570010219790450689,https://x.com/i/web/status/1570010219790450689,Ciro Gomes,@cirogomes,2022-09-14T11:23:00.000Z,"Por isso peço todos os dias ao povo brasileiro que, antes de votar, guarde suas paixões e ódios no coração. Política se resolve com o cérebro, com a inteligência. Senão estaremos fadados a cair na lambança dos políticos que não prestam.",nao,59 Replies. Reply,178 reposts. Repost,857 Likes. Like,,
1570010218032930818,https://x.com/i/web/status/1570010218032930818,Ciro Gomes,@cirogomes,2022-09-14T11:23:00.000Z,Precisamos entender a ORIGEM da crise brasileira e exigir que todos os candidatos proponham SOLUÇÕES práticas e concretas.,nao,146 Replies. Reply,367 reposts. Repost,1782 Likes. Like,,
1570005388354883585,https://x.com/i/web/status/1570005388354883585,Ciro Gomes,@cirogomes,2022-09-14T11:03:48.000Z,"Bom dia, turma! Converso agora com Mário Kertész diretamente de Salvador! Acompanhe ao vivo: 
youtu.be/tfaAs9vLjBU",nao,40 Replies. Reply,205 reposts. Repost,743 Likes. Like,,
1569984784297857025,https://x.com/i/web/status/1569984784297857025,Ciro Gomes,@cirogomes,2022-09-14T09:41:56.000Z,"Enquanto isso, assistimos uma das campanhas mais despolitizadas e vazias de propostas de todos os tempos, onde proliferam a demagogia, a mentira e a cumplicidade vergonhosa de amplos setores  – a começar da mídia – com esta tragédia que pode nos levar para um ponto sem retorno.",nao,27 Replies. Reply,160 reposts. Repost,745 Likes. Like,,
1569984782477524992,https://x.com/i/web/status/1569984782477524992,Ciro Gomes,@cirogomes,2022-09-14T09:41:55.000Z,"O desgoverno de Bolsonaro e a soma dos erros acumulados por décadas são as causas principais desta tragédia. Seus agentes finais são o desemprego, o baixo crescimento, a inflação, o enfraquecimento da merenda escola e, principalmente, a indiferença de todos. (...)",nao,17 Replies. Reply,153 reposts. Repost,772 Likes. Like,,
1569984780308987904,https://x.com/i/web/status/1569984780308987904,Ciro Gomes,@cirogomes,2022-09-14T09:41:55.000Z,"São mais que cruéis e pavorosos os dados da última pesquisa da Rede Penssan que apontam que HÁ FOME em 37,8% dos lares brasileiros com crianças de até 10 anos. Um país que atingiu esta marca perdeu seu passo na história. (...)",nao,87 Replies. Reply,332 reposts. Repost,1458 Likes. Like,,
1569978297961906176,https://x.com/i/web/status/1569978297961906176,Ciro Gomes,@cirogomes,2022-09-14T09:16:09.000Z,"Os cães raivosos, como Douglas Garcia, não agiriam com tanta desenvoltura se não tivessem, de um lado, o estímulo e o apoio de Bolsonaro, líder da facção, e do outro, a passividade das autoridades. A mesa do Legislativo paulista também não pode ficar em silêncio.",nao,139 Replies. Reply,326 reposts. Repost,2579 Likes. Like,,
1569978296535842817,https://x.com/i/web/status/1569978296535842817,Ciro Gomes,@cirogomes,2022-09-14T09:16:09.000Z,"A escalada de ataques de bolsonaristas à jornalista 
@veramagalhaes
 já chegou ao ponto máximo, e tem que ser visto como uma múltipla ação terrorista que afronta não apenas uma mulher e jornalista independente, mas toda uma sociedade democrática. (...)",nao,1347 Replies. Reply,813 reposts. Repost,7875 Likes. Like,,
1569859379330949121,https://x.com/i/web/status/1569859379330949121,Ciro Gomes,@cirogomes,2022-09-14T01:23:37.000Z,"Chega de beneficiar quem já tem muito e de distribuir migalhas pra quem tem pouco! Com o programa Renda Digna, nós vamos enfrentar os três maiores problemas que o Brasil já deveria ter superado há décadas: a pobreza, o baixíssimo poder de compra e o desemprego.",nao,73 Replies. Reply,332 reposts. Repost,1010 Likes. Like,,
1569855208666144768,https://x.com/i/web/status/1569855208666144768,Ciro Gomes,@cirogomes,2022-09-14T01:07:02.000Z,"42 anos de vida pública e nunca respondi nenhum processo por corrupção. Nem pra ser inocentado. Não é nada mais do que a minha obrigação, mas eu me garanto como uma pessoa decente.",nao,898 Replies. Reply,680 reposts. Repost,4154 Likes. Like,,
1569854524025671682,https://x.com/i/web/status/1569854524025671682,Ciro Gomes,@cirogomes,2022-09-14T01:04:19.000Z,"Ele fez um programa inteirinho pra homenagear as mulheres. Vale a homenagem? Vale. Mas, além de homenagear da boca pra fora, temos que empoderar e respeitar as mulheres – e isso Bolsonaro nunca fez e nunca se esforçou pra fazer.",nao,65 Replies. Reply,196 reposts. Repost,1257 Likes. Like,,
1569854522620526595,https://x.com/i/web/status/1569854522620526595,Ciro Gomes,@cirogomes,2022-09-14T01:04:19.000Z,"Bolsonaro disse hoje que tava arrependido, mas será que esse arrependimento é verdadeiro ou é pra tentar diminuir a rejeição?",nao,343 Replies. Reply,414 reposts. Repost,3059 Likes. Like,,
1569843060778975232,https://x.com/i/web/status/1569843060778975232,Ciro Gomes,@cirogomes,2022-09-14T00:18:46.000Z,"Ciro explica na 
cirotv.com.br de onde vai tirar dinheiro pro RENDA DIGNA, que vai garantir –

 Renda Mínima de R$ 1 mil reais por família que precisa; 

 Salário-mínimo sempre com ganhos reais, acima da inflação; 

 Geração de 5 milhões de empregos em dois anos.",nao,62 Replies. Reply,277 reposts. Repost,920 Likes. Like,,
1569834706648158208,https://x.com/i/web/status/1569834706648158208,Ciro Gomes,@cirogomes,2022-09-13T23:45:34.000Z,"Todo mundo ON na 
cirotv.com.br ? ",nao,68 Replies. Reply,149 reposts. Repost,630 Likes. Like,,
1569833119133360128,https://x.com/i/web/status/1569833119133360128,Ciro Gomes,@cirogomes,2022-09-13T23:39:16.000Z,LIVE DE EXIBIÇÃO DO PROGRAMA SOBRE RENDA DIGNA | CIRO PRESIDENTE 12 | SALVADOR/BA | 13/09/2022,nao,75 Respostas. Resposta,246 reposts. Repost,869 Curtidas. Curtida,,
1569824696069398529,https://x.com/i/web/status/1569824696069398529,Ciro Gomes,@cirogomes,2022-09-13T23:05:48.000Z,"Mais cedo estivemos na 
@APAESALVADOR
, essa grande organização da sociedade civil do Brasil, que presta assistência às pessoas com deficiência há quase 70 anos. Depois, fomos a um evento em defesa da causa animal. E a agenda em Salvador segue amanhã. Acompanhe aqui nas redes ",nao,13 Respostas. Resposta,88 reposts. Repost,417 Curtidas. Curtida,,
1569824664855126016,https://x.com/i/web/status/1569824664855126016,Ciro Gomes,@cirogomes,2022-09-13T23:05:40.000Z,"Mais cedo estivemos na 
@APAESALVADOR
, essa grande organização da sociedade civil do Brasil, que presta assistência às pessoas com deficiência há quase 70 anos. Depois, fomos a um evento em defesa da causa animal. E a agenda em Salvador segue amanhã. Acompanhe aqui nas redes ",nao,44 Respostas. Resposta,211 reposts. Repost,867 Curtidas. Curtida,,
1569782252778684417,https://x.com/i/web/status/1569782252778684417,Ciro Gomes,@cirogomes,2022-09-13T20:17:08.000Z,"Hoje temos mais um encontro AO VIVO na 
cirotv.com.br – diretamente de Salvador, Bahia! Acompanhe a transmissão do nosso programa completo sobre RENDA DIGNA – com direito a muitos reacts, interação com quem estiver participando e muito mais. Espero vocês às 20h45!",nao,97 Respostas. Resposta,277 reposts. Repost,922 Curtidas. Curtida,,
1569778633731985413,https://x.com/i/web/status/1569778633731985413,Ciro Gomes,@cirogomes,2022-09-13T20:02:46.000Z,"Estamos juntos nessa luta, meu querido 
@antonionetopdt
!  #VerdadeiroVotoÚtil",nao,17 Respostas. Resposta,91 reposts. Repost,695 Curtidas. Curtida,,
1569764979368251393,https://x.com/i/web/status/1569764979368251393,Ciro Gomes,@cirogomes,2022-09-13T19:08:30.000Z,"CIRO E ANA PAULA VISITAM APAE EM SALVADOR/BA | GIRO DO CIRO | 13/09/2022 
x.com/i/broadcasts/1
…",nao,49 Replies. Reply,213 reposts. Repost,772 Likes. Like,,
1569732708573528064,https://x.com/i/web/status/1569732708573528064,Ciro Gomes,@cirogomes,2022-09-13T17:00:16.000Z,"Nosso novo RENDA DIGNA tem três braços: 

 O projeto de Renda Mínima de R$ 1 mil reais por família que precisa; 
 Salário mínimo sempre com ganhos reais, acima da inflação; 
 A geração de 5 milhões de empregos em dois anos. 

Saiba como vai ser e de onde vem o dinheiro!",nao,122 Respostas. Resposta,503 reposts. Repost,1473 Curtidas. Curtida,,
1569700020303036419,https://x.com/i/web/status/1569700020303036419,Ciro Gomes,@cirogomes,2022-09-13T14:50:23.000Z,"E já anote aí na agenda: hoje temos um encontro AO VIVO na 
cirotv.com.br logo depois do Horário Eleitoral da noite. Espero vocês às 20h45 em ponto!",nao,42 Respostas. Resposta,134 reposts. Repost,485 Curtidas. Curtida,,
1569700016364875783,https://x.com/i/web/status/1569700016364875783,Ciro Gomes,@cirogomes,2022-09-13T14:50:22.000Z,"Nosso primeiro #GiroDoCiro desta terça é na ‘Capital Mundial do Feijão’ – Irecê, sertão da Bahia. Meu coração explode de alegria com o carinho e a vibração do povo baiano! ",nao,162 Respostas. Resposta,377 reposts. Repost,1724 Curtidas. Curtida,,
1569657273286262785,https://x.com/i/web/status/1569657273286262785,Ciro Gomes,@cirogomes,2022-09-13T12:00:31.000Z,"O melhor da vida é o amor. O melhor do amor é a parceria leal, a entrega, a escuta, o apoio mútuo, a compreensão, a partilha de todos os momentos.  
@gisellebezerra",nao,310 Respostas. Resposta,557 reposts. Repost,2384 Curtidas. Curtida,,
1569621319767195654,https://x.com/i/web/status/1569621319767195654,Ciro Gomes,@cirogomes,2022-09-13T09:37:39.000Z,"Ao fechar seus olhos para sempre, Jean-Luc Godard desligou sua câmera particular que nos fez reenxergar o mundo por um ângulo diferente, que nos ensinou que não existe mudança de conteúdo sem subversão da forma. Descanse em paz, grande mestre!",nao,120 Respostas. Resposta,333 reposts. Repost,1828 Curtidas. Curtida,,
1569456786477817857,https://x.com/i/web/status/1569456786477817857,Ciro Gomes,@cirogomes,2022-09-12T22:43:51.000Z,"Nosso querido 
@antonionetopdt
 puxando o coro do  agora em São Paulo! É a grande virada que está chegando! #Dia12ComCiro12",nao,365 Respostas. Resposta,495 reposts. Repost,1810 Curtidas. Curtida,,
1569450263353741313,https://x.com/i/web/status/1569450263353741313,Ciro Gomes,@cirogomes,2022-09-12T22:17:56.000Z,"11 - Ciro assumiu o compromisso de reajustar o salário mínimo sempre acima da inflação, garantindo ganhos reais à população;

12 - Ciro é o único que assume o COMPROMISSO DE MUDAR esse modelo econômico que beneficia quem tem muito e dá migalhas a quem tem pouco.",nao,35 Respostas. Resposta,204 reposts. Repost,740 Curtidas. Curtida,,
1569450254105456640,https://x.com/i/web/status/1569450254105456640,Ciro Gomes,@cirogomes,2022-09-12T22:17:54.000Z,"9 - Ciro vai renegociar as dívidas e LIMPAR O NOME de todo mundo que tá no SPC e Serasa; 

10 - Quando foi governador, prefeito e ministro, Ciro NUNCA USOU cartão corporativo, não foi morar no palácio e ainda RECUSOU três aposentadorias;",nao,35 Respostas. Resposta,206 reposts. Repost,790 Curtidas. Curtida,,
1569450248010866689,https://x.com/i/web/status/1569450248010866689,Ciro Gomes,@cirogomes,2022-09-12T22:17:52.000Z,"7 - Com a Lei Antiganância, Ciro vai impedir que os bancos e cartões de crédito cobrem mais de 2x o valor que você deve – libertando milhões da PRISÃO DOS JUROS ALTOS;

8 - Com o Programa INTERNET DO POVO, Ciro vai democratizar o acesso à internet para os brasileiros;",nao,8 Respostas. Resposta,156 reposts. Repost,532 Curtidas. Curtida,,
1569450241077682177,https://x.com/i/web/status/1569450241077682177,Ciro Gomes,@cirogomes,2022-09-12T22:17:51.000Z,"5 - Ciro vê a EDUCAÇÃO como PRIORIDADE e vai colocar o ensino público brasileiro entre os dez melhores do mundo em 15 anos;

6 - Ciro vai gerar 5 milhões de empregos em 2 anos – confirmando sua crença de que o que bota uma nação pra frente é o trabalho decentemente remunerado;",nao,9 Respostas. Resposta,144 reposts. Repost,474 Curtidas. Curtida,,
1569450234107015168,https://x.com/i/web/status/1569450234107015168,Ciro Gomes,@cirogomes,2022-09-12T22:17:49.000Z,"3 - Ciro é 100% FICHA LIMPA e nunca respondeu nenhum processo por corrupção – nem pra ser absolvido; 

4 - O Programa de RENDA MÍNIMA de Ciro vai beneficiar com R$ 1.000 todas as famílias abaixo da linha da pobreza;",nao,55 Respostas. Resposta,189 reposts. Repost,670 Curtidas. Curtida,,
1569450225017958400,https://x.com/i/web/status/1569450225017958400,Ciro Gomes,@cirogomes,2022-09-12T22:17:47.000Z,"1 - Ciro tem PROJETO! Mostra como vai fazer e de onde vai tirar o dinheiro pra resolver os problemas do Brasil;

2 - Ciro é o único capaz de ACABAR com essa POLARIZAÇÃO e trazer PAZ pro nosso Brasil;",nao,30 Respostas. Resposta,215 reposts. Repost,720 Curtidas. Curtida,,
1569342601433604102,https://x.com/i/web/status/1569342601433604102,Ciro Gomes,@cirogomes,2022-09-12T15:10:07.000Z,"Não faz sentido o brasileiro adiar em mais 4 anos a Prosperidade e Justiça Social que Ciro está preparado para implantar no Brasil JÁ. Pense bem, vote 12, o verdadeiro voto útil para você e para o Brasil! #Dia12ComCiro12",nao,325 Respostas. Resposta,486 reposts. Repost,2149 Curtidas. Curtida,,
1569342599520993282,https://x.com/i/web/status/1569342599520993282,Ciro Gomes,@cirogomes,2022-09-12T15:10:07.000Z,"A fraca candidatura de Lula é a verdadeira linha auxiliar de Bolsonaro, que não merece mais uma chance. O Brasil de hoje tem fome, pobreza e economia fraca. Por isso tem pressa!",nao,641 Respostas. Resposta,620 reposts. Repost,2303 Curtidas. Curtida,,
1569342597675507712,https://x.com/i/web/status/1569342597675507712,Ciro Gomes,@cirogomes,2022-09-12T15:10:06.000Z,"No primeiro turno, vote 12! O voto triste no menos pior você pode dar no 2º turno! Mas com certeza - com seu voto verdadeiramente útil – estaremos lá!",nao,153 Replies. Reply,400 reposts. Repost,2160 Likes. Like,,
1569342595062534144,https://x.com/i/web/status/1569342595062534144,Ciro Gomes,@cirogomes,2022-09-12T15:10:06.000Z,"CONCLUSÃO: Se você está triste em ir para a urna votar no menos pior, apenas pra derrotar o outro, lembre-se que Ciro pode vencer os dois! Basta que você dê a Ciro a chance que os outros dois já tiveram.",nao,106 Replies. Reply,446 reposts. Repost,2098 Likes. Like,,
1569342593166897152,https://x.com/i/web/status/1569342593166897152,Ciro Gomes,@cirogomes,2022-09-12T15:10:05.000Z,"Contra Ciro, Lula marca hoje apenas 46% e a diferença caiu para 11%. Contra Bolsonaro, Lula chega a 51%, e a diferença é maior chegando a 13%. Certamente Ciro irá somar os votos de quem não quer mais o PT, vai ao 2º turno e vai vencer Lula!",nao,131 Replies. Reply,376 reposts. Repost,1752 Likes. Like,,
1569342590969085952,https://x.com/i/web/status/1569342590969085952,Ciro Gomes,@cirogomes,2022-09-12T15:10:05.000Z,"VOCÊ QUER DERROTAR O PT? Ciro é o mais forte adversário que Lula pode ter (e quem mais teme, vide o ataque dos últimos dias).",nao,144 Replies. Reply,389 reposts. Repost,1906 Likes. Like,,
1569342588934578178,https://x.com/i/web/status/1569342588934578178,Ciro Gomes,@cirogomes,2022-09-12T15:10:04.000Z,"Lula, que ainda está a frente de Bolsonaro (51% a 38%), certamente seguirá – até o dia da eleição - perdendo votos para o crescente anti-petismo, tanto que perdeu 2 pontos em uma semana, no cenário de segundo turno contra Bolsonaro. Lula cada dia mais fraco para vencer Bolsonaro!",nao,155 Replies. Reply,340 reposts. Repost,1757 Likes. Like,,
1569342586451795969,https://x.com/i/web/status/1569342586451795969,Ciro Gomes,@cirogomes,2022-09-12T15:10:04.000Z,"O QUE DIZ A PESQUISA? Ciro ganhará de Bolsonaro com certeza, marcando 50% contra 38%!",nao,81 Replies. Reply,451 reposts. Repost,1988 Likes. Like,,
1569342584358637568,https://x.com/i/web/status/1569342584358637568,Ciro Gomes,@cirogomes,2022-09-12T15:10:03.000Z,"VOCÊ QUER DERROTAR BOLSONARO? Ciro tem hoje imensa facilidade de ganhar de Bolsonaro no 2º turno - na verdade maior que qualquer adversário - visto que Lula cai a cada dia com as lembranças de tudo o que tenta, em vão, negar. Mas o povo não é bobo!",nao,112 Replies. Reply,393 reposts. Repost,1895 Likes. Like,,
1569342582160752640,https://x.com/i/web/status/1569342582160752640,Ciro Gomes,@cirogomes,2022-09-12T15:10:03.000Z,"O JOGO ESTÁ PRESTES A VIRAR! A pesquisa da FSB/BTG permite uma discussão honesta e REVELADORA sobre voto útil. Mas... Será que você está preparado para essa conversa ou vai continuar negando que teremos 2º turno, caindo na mentira de seu malvado favorito? Vamos aos fatos ",nao,270 Replies. Reply,542 reposts. Repost,2584 Likes. Like,,
1569311379999309824,https://x.com/i/web/status/1569311379999309824,Ciro Gomes,@cirogomes,2022-09-12T13:06:04.000Z,PALESTRA NA CIEE | SÃO PAULO/SP | GIRO DO CIRO | 12/09/2022,nao,100 Replies. Reply,243 reposts. Repost,858 Likes. Like,,
1569294755292405762,https://x.com/i/web/status/1569294755292405762,Ciro Gomes,@cirogomes,2022-09-12T12:00:00.000Z,"Através de um projeto com início, meio e fim, podemos encontrar, juntos, a saída desse labirinto.",nao,237 Replies. Reply,595 reposts. Repost,1689 Likes. Like,,
1569290444781064192,https://x.com/i/web/status/1569290444781064192,Ciro Gomes,@cirogomes,2022-09-12T11:42:52.000Z,"Em momentos de choques, disputas e excessos, é fator de otimismo e equilíbrio a chegada na presidência do STF de uma mulher firme e serena como a ministra Rosa Weber.",nao,156 Replies. Reply,336 reposts. Repost,2162 Likes. Like,,
1569098590546436098,https://x.com/i/web/status/1569098590546436098,Ciro Gomes,@cirogomes,2022-09-11T23:00:31.000Z,Você sabe que dia é amanhã? ,nao,409 Replies. Reply,546 reposts. Repost,2091 Likes. Like,,
1569071361603125248,https://x.com/i/web/status/1569071361603125248,Ciro Gomes,@cirogomes,2022-09-11T21:12:19.000Z,"Você já sabe quem é quem nessa eleição? Assista ao vídeo do 
@CartunistaT
 e teste os seus conhecimentos!",nao,828 Replies. Reply,1038 reposts. Repost,3299 Likes. Like,,
1569038191432171522,https://x.com/i/web/status/1569038191432171522,Ciro Gomes,@cirogomes,2022-09-11T19:00:30.000Z,Como é o Brasil dos seus sonhos?,nao,325 Replies. Reply,581 reposts. Repost,1920 Likes. Like,,
1568985263400951809,https://x.com/i/web/status/1568985263400951809,Ciro Gomes,@cirogomes,2022-09-11T15:30:11.000Z,Final de semana do jeito que a gente gosta ! ,nao,52 Replies. Reply,156 reposts. Repost,942 Likes. Like,,
1568985259814916098,https://x.com/i/web/status/1568985259814916098,Ciro Gomes,@cirogomes,2022-09-11T15:30:10.000Z,Final de semana do jeito que a gente gosta ! ,nao,192 Replies. Reply,366 reposts. Repost,2009 Likes. Like,,
1568973495442329600,https://x.com/i/web/status/1568973495442329600,Ciro Gomes,@cirogomes,2022-09-11T14:43:26.000Z,"LANÇAMENTO DA CANDIDATURA DE JULIANA BRIZOLA | PORTO ALEGRE/RS | GIRO DO CIRO | 11/09/2022 
x.com/i/broadcasts/1
…",nao,110 Replies. Reply,262 reposts. Repost,1019 Likes. Like,,
1568932495168520193,https://x.com/i/web/status/1568932495168520193,Ciro Gomes,@cirogomes,2022-09-11T12:00:30.000Z,Os gabinetes do ódio e das fake news estão funcionando a todo vapor. Compartilhe a verdade!,nao,603 Replies. Reply,1167 reposts. Repost,3798 Likes. Like,,
1568771617806815232,https://x.com/i/web/status/1568771617806815232,Ciro Gomes,@cirogomes,2022-09-11T01:21:14.000Z,"Já passou da hora de preparar os brasileiros para o mundo digital, mas isso só é possível com a democratização do acesso à internet, equipamentos modernos e capacitação! Aqui eu explico como será o programa Internet do Povo. Assista e comente o que achou!",nao,152 Replies. Reply,428 reposts. Repost,1382 Likes. Like,,
1568762388006027267,https://x.com/i/web/status/1568762388006027267,Ciro Gomes,@cirogomes,2022-09-11T00:44:34.000Z,"Ele foi retirado do local e depois descobrimos que ele não estava armado coisa nenhuma. Tem muito bolsonarista por aí que, além de frouxo e covarde, é mentiroso também! Mas enfim, estamos bem e continuamos trabalhando.",nao,192 Replies. Reply,283 reposts. Repost,2840 Likes. Like,,
1568762386592440320,https://x.com/i/web/status/1568762386592440320,Ciro Gomes,@cirogomes,2022-09-11T00:44:33.000Z,"Hoje estivemos no Acampamento Farroupilha, onde fui recebido com muito carinho. Em determinado momento, estávamos cantando e chegou o apoiador do atual presidente, que fez uma provocação e afirmou que estava armado. (...)",nao,77 Replies. Reply,273 reposts. Repost,2544 Likes. Like,,
1568762385221001217,https://x.com/i/web/status/1568762385221001217,Ciro Gomes,@cirogomes,2022-09-11T00:44:33.000Z,"Sobre o incidente envolvendo um apoiador de Bolsonaro hoje em Porto Alegre, quero dizer que tá tudo bem, não aconteceu nada comigo. Mas, como vocês sabem, eu tô trabalhando, tô andando na rua, abraçando o povo, conversando, ouvindo. ",nao,941 Replies. Reply,692 reposts. Repost,5656 Likes. Like,,
1568748166882770948,https://x.com/i/web/status/1568748166882770948,Ciro Gomes,@cirogomes,2022-09-10T23:48:03.000Z,"Gente boa, estamos ao vivo na #CiroTV! Hoje a nossa live é diretamente do Rio Grande do Sul. Assista e compartilhe: 
cirotv.com.br",nao,118 Replies. Reply,265 reposts. Repost,1218 Likes. Like,,
1568690367905808384,https://x.com/i/web/status/1568690367905808384,Ciro Gomes,@cirogomes,2022-09-10T19:58:23.000Z,"Mais surpreendente ainda é o teste que fizemos em várias qualis (e que você mesmo poderá testar, ou enviar  para os amigos, usando o link). É arrasador o efeito vira voto pró-Ciro para os que assistem “O dever da esperança”. 

Vamos maratonar? 
bit.ly/3L1q8a1",nao,232 Replies. Reply,327 reposts. Repost,1505 Likes. Like,,
1568690366093864961,https://x.com/i/web/status/1568690366093864961,Ciro Gomes,@cirogomes,2022-09-10T19:58:22.000Z,"Para quem estuda profundamente o tema, é o caso mais curioso, nas eleições brasileiras, de um “suposto voto decidido menos decidido de toda história”. (...)",nao,69 Replies. Reply,248 reposts. Repost,1489 Likes. Like,,
1568690363505983490,https://x.com/i/web/status/1568690363505983490,Ciro Gomes,@cirogomes,2022-09-10T19:58:22.000Z,"Mesmo os que dizem já estar decididos no voto, revelam, quando questionado mais profundamente nas qualis, que só tomarão a decisão definitiva na “última semana ou no dia da eleição”. (...)",nao,44 Replies. Reply,246 reposts. Repost,1410 Likes. Like,,
1568690361391882243,https://x.com/i/web/status/1568690361391882243,Ciro Gomes,@cirogomes,2022-09-10T19:58:21.000Z,"37% dos eleitores de Lula e 30% dos eleitores de Bolsonaro mudariam sem pestanejar o voto para Ciro, caso se convencessem da nossa possibilidade de vitória. (Vem daí, e não da balela de vitória em primeiro turno, ou de medo de golpe, a pregação do tal “voto inútil”). (...)",nao,135 Replies. Reply,388 reposts. Repost,1853 Likes. Like,,
1568690358346981377,https://x.com/i/web/status/1568690358346981377,Ciro Gomes,@cirogomes,2022-09-10T19:58:20.000Z,"Um terço dos eleitores de Bolsonaro sabe que ele é mentiroso e incompetente – mas relevam ou fantasiam isso – porque querem, a qualquer custo, impedir a volta do PT. (...)",nao,48 Replies. Reply,266 reposts. Repost,1605 Likes. Like,,
1568690354458591237,https://x.com/i/web/status/1568690354458591237,Ciro Gomes,@cirogomes,2022-09-10T19:58:20.000Z,Quase metade dos eleitores de Lula lamenta que ele tenha se envolvido em corrupção e que “só fale do passado”. Só vota nele para impedir que Bolsonaro continue. (...),nao,61 Replies. Reply,249 reposts. Repost,1480 Likes. Like,,
1568690352768565250,https://x.com/i/web/status/1568690352768565250,Ciro Gomes,@cirogomes,2022-09-10T19:58:19.000Z,74% dos brasileiros não estão felizes com seu voto. 68% não querem mais clima de briga entre dois grupos. Mesmo os chamados votos “duros” de Lula e de Bolsonaro não estão cem por cento decididos. Sabem apenas o que não querem. Não o que querem. (...),nao,49 Replies. Reply,270 reposts. Repost,1480 Likes. Like,,
1568690350197202945,https://x.com/i/web/status/1568690350197202945,Ciro Gomes,@cirogomes,2022-09-10T19:58:19.000Z,"A segunda hipótese é fora de dúvida a mais provável. E explicamos com base em nossas “qualis” e “quantis”.

Vamos a fatos e números ",nao,25 Replies. Reply,220 reposts. Repost,1442 Likes. Like,,
1568690348456820737,https://x.com/i/web/status/1568690348456820737,Ciro Gomes,@cirogomes,2022-09-10T19:58:18.000Z,"Qualquer pesquisa séria feita nestes dias, no Brasil, vai captar um inquietante momento de imobilidade. Tanto pode ser aquela paradeira que precede um quadro definitivo, como aquele silêncio que antecede um grande tsunami. ",nao,66 Replies. Reply,274 reposts. Repost,1592 Likes. Like,,
1568675678085578752,https://x.com/i/web/status/1568675678085578752,Ciro Gomes,@cirogomes,2022-09-10T19:00:00.000Z,"SE LIGA NA DICA DO CIRÃO PARA OS EMBALOS DE SÁBADO À NOITE: Às 20h45 temos um encontro AO VIVO na https://t.co/4nozhWV5CW – diretamente de Porto Alegre/RS! Acompanhe a transmissão do nosso 7º programa completo, com direito a reacts, interações e muito mais. Espero vocês!",nao,118,235,829,,
1568660993542131713,https://x.com/i/web/status/1568660993542131713,Ciro Gomes,@cirogomes,2022-09-10T18:01:39.000Z,Espetáculo de vulgaridade sem fim. Quanta vergonha!,nao,771,571,3446,,
1568643885383192576,https://x.com/i/web/status/1568643885383192576,,,,,,,,,,timeout_ou_tweet_indisponivel
1568643881431961600,https://x.com/i/web/status/1568643881431961600,,,,,,,,,,timeout_ou_tweet_indisponivel
1568643877128511495,https://x.com/i/web/status/1568643877128511495,,,,,,,,,,timeout_ou_tweet_indisponivel
1568643873815277570,https://x.com/i/web/status/1568643873815277570,,,,,,,,,,timeout_ou_tweet_indisponivel
1568643867825537025,https://x.com/i/web/status/1568643867825537025,Ciro Gomes,@cirogomes,2022-09-10T16:53:36.000Z,"VEM AÍ A INTERNET DO POVO! Nosso projeto, que visa democratizar o acesso à internet, gerar empregos e desenvolver a tecnologia nacional, prevê o seguinte:",nao,202,519,1903,,
1568617059499524096,https://x.com/i/web/status/1568617059499524096,Ciro Gomes,@cirogomes,2022-09-10T15:07:05.000Z,CAMPANHA EM PASSO FUNDO/RS | GIRO DO CIRO | 10/09/2022 https://t.co/b6yDEtpcJN,nao,146,191,849,,
1568570108280176640,https://x.com/i/web/status/1568570108280176640,Ciro Gomes,@cirogomes,2022-09-10T12:00:31.000Z,"Pode acreditar: um Brasil desenvolvido e com pleno emprego é possível e eu te mostro como pretendo fazer – sem saudosismo fiado, sem demagogia e sem corrupção generalizada. Assista ao vídeo e conheça mais sobre as minhas propostas!",nao,432,470,1682,,
1568383703738351617,https://x.com/i/web/status/1568383703738351617,Ciro Gomes,@cirogomes,2022-09-09T23:39:48.000Z,ENCONTRO COM REINALDO AZAMBUJA E INAUGURAÇÃO DO COMITÊ DE CAMPO GRANDE/MS | GIRO DO CIRO | 09/09/2022 https://t.co/gZgNWvqEJl,nao,441,209,1075,,
1568348213735743492,https://x.com/i/web/status/1568348213735743492,Ciro Gomes,@cirogomes,2022-09-09T21:18:47.000Z,"Oi, 
@felipeneto
! Que bom que gostou! Essa é a luz de um novo Brasil que tá surgindo com o nosso Projeto Nacional de Desenvolvimento. Um projeto coletivo. Chegue mais (os destaques individuais te mando depois )!",nao,207 Replies. Reply,400 reposts. Repost,4136 Likes. Like,,
1568331050773790728,https://x.com/i/web/status/1568331050773790728,Ciro Gomes,@cirogomes,2022-09-09T20:10:35.000Z,Já são mais de 40 anos de vida pública e de muito trabalho para melhorar a vida do nosso povo. Você conhece os detalhes dessa trajetória? Veja o vídeo e compartilhe com a turma! ,nao,312 Replies. Reply,1101 reposts. Repost,7147 Likes. Like,,
1568322736006565889,https://x.com/i/web/status/1568322736006565889,Ciro Gomes,@cirogomes,2022-09-09T19:37:32.000Z,"Começou o VIRA VOTO da #CiroTV! Acompanhe AO VIVO e compartilhe com a turma: 
cirotv.com.br",nao,351 Replies. Reply,314 reposts. Repost,1148 Likes. Like,,
1568307745245257729,https://x.com/i/web/status/1568307745245257729,Ciro Gomes,@cirogomes,2022-09-09T18:37:58.000Z,VISITA AO COMITÊ DE MARINGÁ/PR | GIRO DO CIRO | 09/09/2022,nao,84 Replies. Reply,256 reposts. Repost,1030 Likes. Like,,
1568259889054588932,https://x.com/i/web/status/1568259889054588932,Ciro Gomes,@cirogomes,2022-09-09T15:27:49.000Z,"Mais uma vítima da guerra fratricida, semeada por uma polarização irracional e odienta que pode inundar de sangue o nosso solo. Abaixo a violência política. O Brasil quer paz!",nao,2661 Replies. Reply,1141 reposts. Repost,4253 Likes. Like,,
1568252500586668033,https://x.com/i/web/status/1568252500586668033,Ciro Gomes,@cirogomes,2022-09-09T14:58:27.000Z,"Lula, veja as consequências de se aliar com difamadores radicais, que vivem cantando o hino da Internacional Socialista!",nao,1655 Replies. Reply,1502 reposts. Repost,4444 Likes. Like,,
1568237850105188354,https://x.com/i/web/status/1568237850105188354,Ciro Gomes,@cirogomes,2022-09-09T14:00:14.000Z,"BORA BILL! Boa sexta-feira, gente boa! 'Vamo que vamo' que hoje o dia promete!",nao,116 Replies. Reply,442 reposts. Repost,2005 Likes. Like,,
1568224416818991106,https://x.com/i/web/status/1568224416818991106,Ciro Gomes,@cirogomes,2022-09-09T13:06:51.000Z,Sábias palavras.,nao,865 Replies. Reply,2053 reposts. Repost,5653 Likes. Like,,
1568211491874082828,https://x.com/i/web/status/1568211491874082828,Ciro Gomes,@cirogomes,2022-09-09T12:15:30.000Z,Não podemos aceitar os absurdos que Bolsonaro cometeu no dia 7 de Setembro. Alô Justiça brasileira! Não podemos deixar tanta desmoralização ficar impune!,nao,410 Replies. Reply,649 reposts. Repost,2731 Likes. Like,,
1568204372911292418,https://x.com/i/web/status/1568204372911292418,Ciro Gomes,@cirogomes,2022-09-09T11:47:12.000Z,"Chamar indistintamente uma plateia, mesmo que de seguidores frenéticos, de membros da Ku Klux Klan, é tão grave e desrespeitoso quanto chamar alguém de nazista. Mas como desculpa e autocrítica não cabem na boca desta falsa divindade, tudo vai ficar por isso mesmo.",nao,562 Replies. Reply,596 reposts. Repost,3261 Likes. Like,,
1568204371342532609,https://x.com/i/web/status/1568204371342532609,Ciro Gomes,@cirogomes,2022-09-09T11:47:12.000Z,"É este o homem que quer pacificar o país? É este o entendimento que ele tem do fenômeno que fez eclodir o bolsonarismo? É esta a autocrítica por ser, ele mesmo, um dos responsáveis diretos pelo radicalismo que hoje domina nossas ruas? (…)",nao,136 Replies. Reply,348 reposts. Repost,2691 Likes. Like,,
1568204369421557760,https://x.com/i/web/status/1568204369421557760,Ciro Gomes,@cirogomes,2022-09-09T11:47:12.000Z,"É tão grande a quantidade de absurdos ditos, diariamente, por Lula e Bolsonaro, que parte da sociedade brasileira já os encara como normais. Depois dos “imbrocháveis” do dia 7, agora é a falsa divindade da esquerda que chama os bolsonaristas de membros da Ku Klux Klan. (…)",nao,2541 Replies. Reply,1384 reposts. Repost,5992 Likes. Like,,
1568050742048456705,https://x.com/i/web/status/1568050742048456705,Ciro Gomes,@cirogomes,2022-09-09T01:36:44.000Z,"Você conhece minha história? Nos últimos 40 anos trabalhei incansavelmente pra melhorar a vida do nosso povo – e hoje, apresento um legado de trabalho, experiência e ficha limpa. Compartilhe com seus amigos e familiares que ainda não me conhecem e vamos juntos mudar o Brasil!",nao,501 Replies. Reply,606 reposts. Repost,1822 Likes. Like,,
1568048603590950914,https://x.com/i/web/status/1568048603590950914,Ciro Gomes,@cirogomes,2022-09-09T01:28:14.000Z,"Nossa bandeira pertence ao povo brasileiro! Nosso verde e amarelo pertencem ao povo negro, às mulheres, crianças e comunidades tradicionais – massacrados pela omissão do atual presidente. Bolsonaro é um ladrão não só de dinheiro público, é um ladrão dos nossos símbolos nacionais!",nao,191 Replies. Reply,518 reposts. Repost,2700 Likes. Like,,
1568035676981010432,https://x.com/i/web/status/1568035676981010432,Ciro Gomes,@cirogomes,2022-09-09T00:36:52.000Z,Eleitor meu tem o privilégio de não precisar explicar ladroeira nenhuma. 40 anos de vida pública e nunca respondi a nenhum mal feito de corrupção – nem pra ser absolvido. Podem procurar aí no Google. Eu sou limpo e me apresento ao povo brasileiro limpo.,nao,446 Replies. Reply,719 reposts. Repost,3336 Likes. Like,,
1568023939473108992,https://x.com/i/web/status/1568023939473108992,Ciro Gomes,@cirogomes,2022-09-08T23:50:14.000Z,"Turma boa, começou! Estamos ao vivo na 
cirotv.com.br. Chama a galera pra assistir, a live de hoje promete!  #CiroTV",nao,45 Replies. Reply,228 reposts. Repost,1089 Likes. Like,,
1568020861046738945,https://x.com/i/web/status/1568020861046738945,Ciro Gomes,@cirogomes,2022-09-08T23:38:00.000Z,LIVE DE EXIBIÇÃO DO SEXTO PROGRAMA ELEITORAL CIRO PRESIDENTE 12 | SÃO PAULO/SP | 08/09/2022,nao,44 Replies. Reply,224 reposts. Repost,790 Likes. Like,,
1568006563797045248,https://x.com/i/web/status/1568006563797045248,Ciro Gomes,@cirogomes,2022-09-08T22:41:11.000Z,"Agora, o Brasil já tem quatro campeões mundiais – Filipinho, Italo, Adriano de Souza, o 
@MineirinhoSurf
, e 
@gabriel1medina
. Esse, sim, é um Brasil que nos enche de orgulho! ",nao,14 Replies. Reply,98 reposts. Repost,680 Likes. Like,,
1568006560055697408,https://x.com/i/web/status/1568006560055697408,Ciro Gomes,@cirogomes,2022-09-08T22:41:10.000Z,"Parabéns a 
@Filipetoledo77
, o Filipinho, que agora à tarde conquistou o título de campeão mundial de surfe numa grande final brasileira, contra o também gigante 
@italoferreira
.",nao,51 Replies. Reply,224 reposts. Repost,1636 Likes. Like,,
1567929279085772803,https://x.com/i/web/status/1567929279085772803,Ciro Gomes,@cirogomes,2022-09-08T17:34:05.000Z,"Com a morte da Rainha Elizabeth II se fecha um ciclo da monarquia britânica e se abrem as portas da história para uma mulher que foi um símbolo de superação, sacrifício pessoal e devotamento à causa de uma nação. Que ela descanse, merecidamente, em paz.",nao,504 Replies. Reply,1017 reposts. Repost,8432 Likes. Like,,
1567928321232576518,https://x.com/i/web/status/1567928321232576518,Ciro Gomes,@cirogomes,2022-09-08T17:30:17.000Z,"A ação foi motivada pelos flagrantes atos de campanha eleitoral realizados por Bolsonaro durante o desfile cívico comemorativo do bicentenário da independência do Brasil, em Brasília.",nao,78 Replies. Reply,165 reposts. Repost,1048 Likes. Like,,
1567928317667430401,https://x.com/i/web/status/1567928317667430401,Ciro Gomes,@cirogomes,2022-09-08T17:30:16.000Z,"Hoje, eu e o 
@PDT_Nacional
 ingressamos com ação na Justiça Eleitoral pedindo a inelegibilidade do presidente Jair Bolsonaro e de seu candidato a vice-presidente, general Braga Neto, por abuso de poder e desvio de finalidade.",nao,759 Replies. Reply,734 reposts. Repost,3640 Likes. Like,,
1567920761041559556,https://x.com/i/web/status/1567920761041559556,Ciro Gomes,@cirogomes,2022-09-08T17:00:14.000Z,"HOJE A LIVE VAI FERVER! Às 20h45 temos um encontro AO VIVO na 
cirotv.com.br – diretamente de São Paulo! Acompanhe a transmissão do nosso 6º programa eleitoral completo, com direito a reacts, interação com quem estiver participando e muitas surpresas. Espero vocês!",nao,47 Replies. Reply,268 reposts. Repost,839 Likes. Like,,
1567905712742735873,https://x.com/i/web/status/1567905712742735873,Ciro Gomes,@cirogomes,2022-09-08T16:00:26.000Z,"E anote aí: logo depois do Horário Eleitoral da noite, às 20h45, temos um encontro AO VIVO na 
cirotv.com.br. E hoje vai ferver, com reacts e outras surpresas. Não perca! #CiroPresidente12",nao,14 Replies. Reply,122 reposts. Repost,472 Likes. Like,,
1567905707172798465,https://x.com/i/web/status/1567905707172798465,Ciro Gomes,@cirogomes,2022-09-08T16:00:25.000Z,Veja no programa de hoje porque Ciro é o candidato mais preparado desta campanha. ,nao,190 Replies. Reply,518 reposts. Repost,1551 Likes. Like,,
1567877447395278848,https://x.com/i/web/status/1567877447395278848,Ciro Gomes,@cirogomes,2022-09-08T14:08:07.000Z,Como fazer uma campanha independente sem criticar Lula? Como fazer uma campanha democrática sem criticar Bolsonaro? Merval Pereira acha que reprimir a crítica é autoritarismo.,nao,743 Replies. Reply,1174 reposts. Repost,3834 Likes. Like,,
1567845235593543680,https://x.com/i/web/status/1567845235593543680,Ciro Gomes,@cirogomes,2022-09-08T12:00:07.000Z,"A grande verdade é que os últimos governantes destruíram a indústria nacional e estamos levando um tremendo 7 a 1 nesta área. Resultado: atraso, desemprego e produtos caros. Assista ao último programa completo 
youtube.com/watch?v=yxSItE
… e veja mais detalhes sobre nosso projeto.",nao,90 Replies. Reply,442 reposts. Repost,1381 Likes. Like,,
1567830145892843520,https://x.com/i/web/status/1567830145892843520,Ciro Gomes,@cirogomes,2022-09-08T11:00:10.000Z,"Tudo isso é resultado de TRABALHO, PLANEJAMENTO e VONTADE POLÍTICA. Dá pra levar esse modelo pra todo o Brasil? Claro que dá. Então, vamos juntos?",nao,22 Replies. Reply,177 reposts. Repost,971 Likes. Like,,
1567830142986199042,https://x.com/i/web/status/1567830142986199042,Ciro Gomes,@cirogomes,2022-09-08T11:00:09.000Z,"Lembrando o seguinte: não existe segredo nem fórmula mágica por trás da revolução que fizemos no ensino público do Ceará, que hoje é o estado com o melhor Ensino Fundamental do Brasil. Nesse nível de ensino, 79 escolas cearenses estão entre as 100 melhores do país.",nao,18 Replies. Reply,189 reposts. Repost,1029 Likes. Like,,
1567830140310142977,https://x.com/i/web/status/1567830140310142977,Ciro Gomes,@cirogomes,2022-09-08T11:00:08.000Z,O Dia Mundial da Alfabetização reforça a nossa grande bandeira: EDUCAÇÃO É PRIORIDADE. É aí que temos que fazer a grande revolução que o Brasil precisa e merece.,nao,91 Replies. Reply,448 reposts. Repost,1972 Likes. Like,,
1567680225428885506,https://x.com/i/web/status/1567680225428885506,Ciro Gomes,@cirogomes,2022-09-08T01:04:26.000Z,"Brasileiros e brasileiras, vamos comemorar o que nos une, o verde amarelo nos pertence. Deus é grande e vai cobrir de bênçãos nossa nação para outros tantos 200 anos – agora sem fome, sem miséria, sem injustiça e sem presidente ladrão e corrupto, como o que temos e o que tivemos.",nao,301 Replies. Reply,502 reposts. Repost,2519 Likes. Like,,
1567665643146682368,https://x.com/i/web/status/1567665643146682368,Ciro Gomes,@cirogomes,2022-09-08T00:06:29.000Z,"Assista AO VIVO o nosso MESA 12 ESPECIAL desta quarta-feira, 7 de setembro de 2022. Hoje teremos a presença de 
@aldorebelo
, 
@antonionetopdt
 e 
@neudespdt
! Acompanhe: 
cirotv.com.br",nao,33 Replies. Reply,171 reposts. Repost,758 Likes. Like,,
1567652060484583424,https://x.com/i/web/status/1567652060484583424,Ciro Gomes,@cirogomes,2022-09-07T23:12:31.000Z,"VEJA O PRONUNCIAMENTO DE CIRO GOMES CONTRA O USO ESCANDALOSO DO 7 DE SETEMBRO POR BOLSONARO 
youtu.be/YW8vFhf_ksM",nao,498 Replies. Reply,434 reposts. Repost,1648 Likes. Like,,
1567623751012868097,https://x.com/i/web/status/1567623751012868097,Ciro Gomes,@cirogomes,2022-09-07T21:20:01.000Z,"Hoje assistimos um espetáculo de vulgaridade e de uso despudorado do dinheiro do povo para fazer um comício envolvendo todas as estruturas, inclusive da opinião pública internacional. Isso é uma vergonha!",nao,1401 Replies. Reply,807 reposts. Repost,5263 Likes. Like,,
1567623477040914433,https://x.com/i/web/status/1567623477040914433,Ciro Gomes,@cirogomes,2022-09-07T21:18:56.000Z,Fico entristecido com o que estão fazendo no Brasil. Bolsonaro é produto desse ’nós contra eles’ e dessa polarização que está dividindo a nação. Mas reforço: não vou me abater e vou continuar me inspirando nos grandes brasileiros que construíram momentos radiosos na história.,nao,943 Replies. Reply,506 reposts. Repost,2885 Likes. Like,,
1567607990462586882,https://x.com/i/web/status/1567607990462586882,Ciro Gomes,@cirogomes,2022-09-07T20:17:24.000Z,"Bolsonaro transformou o 7 de Setembro dos 200 anos da independência no mais desavergonhado comício eleitoral já feito neste país. E houve outras transgressões políticas, institucionais e morais seríssimas. Os brasileiros cobram uma ação da justiça!",nao,5730 Replies. Reply,1622 reposts. Repost,12720 Likes. Like,,
1567604695690100737,https://x.com/i/web/status/1567604695690100737,Ciro Gomes,@cirogomes,2022-09-07T20:04:18.000Z,"GIRO DO CIRO - 7 DE SETEMBRO | OURO PRETO/MG | 07/09/2022 
x.com/i/broadcasts/1
…",nao,157 Replies. Reply,308 reposts. Repost,1052 Likes. Like,,
1567604308144787461,https://x.com/i/web/status/1567604308144787461,Ciro Gomes,@cirogomes,2022-09-07T20:02:46.000Z,"Começou, gente boa! Acompanhe o pronunciamento de Ciro Gomes sobre o 7 de Setembro, direto de Ouro Preto.

Ao vivo também na #CiroTV: 
cirotv.com.br",nao,35 Replies. Reply,139 reposts. Repost,580 Likes. Like,,
1567570512028524544,https://x.com/i/web/status/1567570512028524544,Ciro Gomes,@cirogomes,2022-09-07T17:48:28.000Z,"Tristeza na cena cultural, em especial no mundo afro-brasileiro, com a morte de Emanoel Araújo, que espalhou seu talento em vários ramos das artes plásticas e no âmbito da museologia. Meus sentimentos a amigos e parentes.",nao,38 Replies. Reply,183 reposts. Repost,1016 Likes. Like,,
1567564800707760132,https://x.com/i/web/status/1567564800707760132,Ciro Gomes,@cirogomes,2022-09-07T17:25:47.000Z,"Veja o balanço que Ciro vai fazer do 7 de Setembro, direto de Ouro Preto. 
cirotv.com.br

#CiroPresidente12",nao,64 Replies. Reply,178 reposts. Repost,625 Likes. Like,,
1567528178159128580,https://x.com/i/web/status/1567528178159128580,Ciro Gomes,@cirogomes,2022-09-07T15:00:15.000Z,"Minha resposta educada à canalhice do BOLSOPETISMO, que pinta de mentiras até uma foto. Não apoio corrupto nem de esquerda nem corrupto de direita. E não tenho medo de nenhum dos dois gabinetes da mentira e do ódio.",nao,694 Replies. Reply,1118 reposts. Repost,3410 Likes. Like,,
1567515621448876032,https://x.com/i/web/status/1567515621448876032,Ciro Gomes,@cirogomes,2022-09-07T14:10:21.000Z,"Me encontrei essa manhã com o Arcebispo de Mariana, Dom Airton José. Conversamos sobre o Brasil, fé, meio ambiente, educação e democracia. Neste 7 de setembro fazemos um apelo à paz, à conciliação. O nosso país não aceitará qualquer ameaça à liberdade.",nao,83 Replies. Reply,293 reposts. Repost,1358 Likes. Like,,
1567467212574756865,https://x.com/i/web/status/1567467212574756865,Ciro Gomes,@cirogomes,2022-09-07T10:58:00.000Z,"Viva o 7 de Setembro! E que Deus nos abençoe para que nada nem ninguém sejam capazes de roubar a nossa paz e a nossa liberdade - neste dia ou em qualquer momento da nossa história. Vamos em frente, com a mais profunda esperança de que encontraremos, juntos, um novo caminho.",nao,529 Replies. Reply,1054 reposts. Repost,3747 Likes. Like,,
1567324272615477248,https://x.com/i/web/status/1567324272615477248,Ciro Gomes,@cirogomes,2022-09-07T01:30:00.000Z,"Os últimos governos, incluindo os de Lula e Bolsonaro, destruíram a indústria nacional. Resultado: atraso tecnológico, desemprego e produtos caros. Veja aqui como pretendo reverter essa situação. #CiroPresidente12",nao,230 Replies. Reply,431 reposts. Repost,1240 Likes. Like,,
1567306541585268737,https://x.com/i/web/status/1567306541585268737,Ciro Gomes,@cirogomes,2022-09-07T00:19:33.000Z,"Peço uma oportunidade ao povo brasileiro. Veja de onde eu venho, procure conhecer minhas ideias. O Brasil pode mudar e está em nossas mãos. Vamos libertar o país dessa bola de chumbo do passado e dar um passo em direção ao futuro!",nao,2148 Replies. Reply,910 reposts. Repost,5577 Likes. Like,,
1567305204810260480,https://x.com/i/web/status/1567305204810260480,Ciro Gomes,@cirogomes,2022-09-07T00:14:14.000Z,"Você sabe qual é a diferença entre o projeto de Ciro e do PT?  Se ainda não sabe, assista este trecho de #CiroNaRedeTV e deixe sua opinião.",nao,347 Replies. Reply,635 reposts. Repost,2235 Likes. Like,,
1567303740016803842,https://x.com/i/web/status/1567303740016803842,Ciro Gomes,@cirogomes,2022-09-07T00:08:25.000Z,Veja como Ciro pretende revolucionar a educação pública no Brasil em “apenas uma gestão”. #CiroNaRedeTV,nao,58 Replies. Reply,361 reposts. Repost,1174 Likes. Like,,
1567299016853016577,https://x.com/i/web/status/1567299016853016577,Ciro Gomes,@cirogomes,2022-09-06T23:49:39.000Z,"Ciro dá detalhes sobre os quatro complexos industriais que vão fazer o Brasil retomar o protagonismo global: Complexo Industrial da Saúde, Complexo Industrial do Agronegócio, Complexo Industrial da Defesa e Complexo Industrial do Petróleo. #CiroNoCanalRural",nao,61 Replies. Reply,313 reposts. Repost,1048 Likes. Like,,
1567298826028867584,https://x.com/i/web/status/1567298826028867584,Ciro Gomes,@cirogomes,2022-09-06T23:48:53.000Z,"Todo mundo ON na 
cirotv.com.br ? ",nao,117 Replies. Reply,174 reposts. Repost,620 Likes. Like,,
1567296453420191744,https://x.com/i/web/status/1567296453420191744,Ciro Gomes,@cirogomes,2022-09-06T23:39:28.000Z,Eu quero ser o presidente que vai reconciliar o país e que vai proteger o bolso do trabalhador e do empreendedor brasileiro. #CiroNoCanalRural,nao,839 Replies. Reply,392 reposts. Repost,2259 Likes. Like,,
1567295889714061312,https://x.com/i/web/status/1567295889714061312,Ciro Gomes,@cirogomes,2022-09-06T23:37:13.000Z,"A política agrícola que defendemos envolve crédito, assistência técnica, capacitação gerencial, acesso a mercados, verticalização da produção, políticas de abastecimento e de preços. #CiroNoCanalRural",nao,51 Respostas. Resposta,198 reposts. Repost,838 Curtidas. Curtida,,
1567294444054921218,https://x.com/i/web/status/1567294444054921218,Ciro Gomes,@cirogomes,2022-09-06T23:31:29.000Z,LIVE DE EXIBIÇÃO DO QUINTO PROGRAMA ELEITORAL CIRO PRESIDENTE 12 | SÃO PAULO/SP | 06/09/2022,nao,32 Respostas. Resposta,198 reposts. Repost,595 Curtidas. Curtida,,
1567293635464413185,https://x.com/i/web/status/1567293635464413185,Ciro Gomes,@cirogomes,2022-09-06T23:28:16.000Z,"Ciro responde como pretende resolver o déficit de estados e municípios: ""proponho reestruturar a dívida em troca do apoio de governadores e prefeitos para um novo acordo que mude a governança política do Brasil, que está entregue à corrupção e à fisiologia"". #CiroNaRedeTV",nao,39 Respostas. Resposta,277 reposts. Repost,973 Curtidas. Curtida,,
1567289705896591361,https://x.com/i/web/status/1567289705896591361,Ciro Gomes,@cirogomes,2022-09-06T23:12:39.000Z,"Afinal, a taxação sobre grandes fortunas vai provocar uma evasão de divisas no Brasil? Veja a resposta de Ciro à pergunta de Luís Ernesto Lacombe. #CiroNaRedeTV",nao,105 Respostas. Resposta,460 reposts. Repost,1662 Curtidas. Curtida,,
1567286578606755840,https://x.com/i/web/status/1567286578606755840,Ciro Gomes,@cirogomes,2022-09-06T23:00:13.000Z,"Em entrevista ao Canal Rural, Ciro fala sobre o Projeto Nacional de Desenvolvimento, política industrial e de comércio exterior e a importância de investir na reestruturação do sistema de defesa brasileiro. #CiroNoCanalRural",nao,73 Respostas. Resposta,311 reposts. Repost,1070 Curtidas. Curtida,,
1567283740379955202,https://x.com/i/web/status/1567283740379955202,Ciro Gomes,@cirogomes,2022-09-06T22:48:57.000Z,"Eu não tenho um dia de déficit fiscal na minha história. Fui ministro da Fazenda, ajudei a fazer o Plano Real. Acredito que organizar as contas públicas brasileiras significa entender onde e como elas estão dispersas. #CiroNoCanalRural",nao,153 Respostas. Resposta,332 reposts. Repost,1553 Curtidas. Curtida,,
1567283599078002690,https://x.com/i/web/status/1567283599078002690,Ciro Gomes,@cirogomes,2022-09-06T22:48:23.000Z,"Não estou propondo um auxílio. Estou propondo um programa de renda mínima que será um benefício previdenciário, com status constitucional - não dependerá de partido X ou Y. Vai ser um direito garantido por lei para o povo de baixa renda, assim como a aposentadoria. #CiroNaRedeTV",nao,82 Respostas. Resposta,346 reposts. Repost,1305 Curtidas. Curtida,,
1567278411181170689,https://x.com/i/web/status/1567278411181170689,Ciro Gomes,@cirogomes,2022-09-06T22:27:46.000Z,"Sem uma indústria poderosa, nós não daremos o grande passo rumo à economia do conhecimento. O Brasil é o país que mais destruiu e está destruindo indústrias na história do capitalismo mundial. Não há precedente. #CiroNoCanalRural",nao,94 Respostas. Resposta,301 reposts. Repost,1208 Curtidas. Curtida,,
1567277238348824583,https://x.com/i/web/status/1567277238348824583,Ciro Gomes,@cirogomes,2022-09-06T22:23:06.000Z,"Turma, também conversei com os jornalistas da 
@RedeTV
. Acompanhe agora e compartilhe com os amigos: 
youtu.be/OsVHoyWYYo4

#CiroNaRedeTV",nao,85 Respostas. Resposta,241 reposts. Repost,803 Curtidas. Curtida,,
1567272884589953024,https://x.com/i/web/status/1567272884589953024,Ciro Gomes,@cirogomes,2022-09-06T22:05:48.000Z,"Começou, gente boa! 
Entrevista AO VIVO no Canal Rural. Acompanhe: 
youtu.be/-jKWx6n42Ow

#CiroNoCanalRural",nao,138 Respostas. Resposta,213 reposts. Repost,709 Curtidas. Curtida,,
1567250771892207616,https://x.com/i/web/status/1567250771892207616,Ciro Gomes,@cirogomes,2022-09-06T20:37:56.000Z,"Hoje temos mais um encontro AO VIVO na #CiroTV – diretamente de Jabaquara, São Paulo! Acompanhe a transmissão do nosso quinto programa eleitoral completo, com direito a muitos reacts, interação com quem estiver participando e muito mais. Espero vocês às 20h45!",nao,95 Respostas. Resposta,263 reposts. Repost,818 Curtidas. Curtida,,
1567208628276297729,https://x.com/i/web/status/1567208628276297729,Ciro Gomes,@cirogomes,2022-09-06T17:50:28.000Z,Você sabia que os números mais importantes das pesquisas nem sempre são os que saem nas manchetes?  #CiroPresidente12,nao,261 Respostas. Resposta,597 reposts. Repost,1530 Curtidas. Curtida,,
1567206436114993153,https://x.com/i/web/status/1567206436114993153,Ciro Gomes,@cirogomes,2022-09-06T17:41:46.000Z,Veja a opinião de Ciro sobre a flexibilização da compra e porte de armas.,nao,33 Respostas. Resposta,195 reposts. Repost,707 Curtidas. Curtida,,
1567201543308427265,https://x.com/i/web/status/1567201543308427265,Ciro Gomes,@cirogomes,2022-09-06T17:22:19.000Z,Ciro explica porque uma floresta vale mais em pé do que derrubada e fala sobre a importância de uma reconversão produtiva na Amazônia.,nao,74 Respostas. Resposta,286 reposts. Repost,1110 Curtidas. Curtida,,
1567196446507651075,https://x.com/i/web/status/1567196446507651075,Ciro Gomes,@cirogomes,2022-09-06T17:02:04.000Z,É possível produzir e preservar? Veja a resposta de Ciro na roda de conversa sobre propostas para a Região Amazônica.,nao,56 Respostas. Resposta,249 reposts. Repost,839 Curtidas. Curtida,,
1567189791657041920,https://x.com/i/web/status/1567189791657041920,Ciro Gomes,@cirogomes,2022-09-06T16:35:37.000Z,"Precisamos deixar para trás essa polarização personalista e dar um passo adiante. Se nós não entendermos que o Brasil não vai resolver seus problemas com saudosismo fiado, com demagogia e com corrupção generalizada, o nosso país vai sofrer ainda mais.",nao,926 Respostas. Resposta,476 reposts. Repost,2220 Curtidas. Curtida,,
1567186993129426945,https://x.com/i/web/status/1567186993129426945,Ciro Gomes,@cirogomes,2022-09-06T16:24:30.000Z,"A biodiversidade é a grande riqueza da Amazônia. Ela só será transformada em desenvolvimento econômico, em renda, se fizermos o domínio biotecnológico, a extensão e a difusão desses domínios na capacitação do nosso povo.",nao,53 Respostas. Resposta,254 reposts. Repost,1061 Curtidas. Curtida,,
1567182468951818242,https://x.com/i/web/status/1567182468951818242,Ciro Gomes,@cirogomes,2022-09-06T16:06:32.000Z,Precisamos discutir e amadurecer um Projeto Nacional que entenda que o Brasil são vários ‘Brasis’ e que o desenvolvimento regional tem que ser um elemento guia desse processo. E a Amazônia é o mais delicado e sofisticado desafio para um bom governante que o país possa eleger.,nao,124 Respostas. Resposta,302 reposts. Repost,1169 Curtidas. Curtida,,
1567181336523296769,https://x.com/i/web/status/1567181336523296769,Ciro Gomes,@cirogomes,2022-09-06T16:02:02.000Z,"Hoje parte importante da Amazônia é território controlado pelo crime, com a presença do narcotráfico e do contrabando ilegal. É uma vergonha o estado do Amazonas só ter duas delegacias da Polícia Federal. É isso que precisamos resolver com máxima seriedade e não com demagogia.",nao,60 Respostas. Resposta,261 reposts. Repost,980 Curtidas. Curtida,,
1567177742822555649,https://x.com/i/web/status/1567177742822555649,Ciro Gomes,@cirogomes,2022-09-06T15:47:45.000Z,"Nós podemos desenvolver a Amazônia e ter, ao mesmo tempo, uma exemplar resposta para o mundo que se preocupa com a sustentação ambiental. Em tudo isso o Brasil tem capacidade, como nenhuma outra nação do mundo, de liderar e não de ser uma espécie de pária internacional.",nao,66 Respostas. Resposta,253 reposts. Repost,1084 Curtidas. Curtida,,
1567175277909889027,https://x.com/i/web/status/1567175277909889027,Ciro Gomes,@cirogomes,2022-09-06T15:37:57.000Z,CIRO APRESENTA PROPOSTAS PARA A AMAZÔNIA,nao,67 Respostas. Resposta,278 reposts. Repost,855 Curtidas. Curtida,,
1567159391102664705,https://x.com/i/web/status/1567159391102664705,Ciro Gomes,@cirogomes,2022-09-06T14:34:49.000Z,"Pessoal, daqui a pouco estaremos AO VIVO para discutir nossas propostas para a Região Amazônica, como a preservação da floresta, geração de emprego, infraestrutura, como unir ciência e saberes tradicionais e muito mais. Fiquem ligados: 
youtu.be/54B8JtgAB7Y",nao,124 Respostas. Resposta,270 reposts. Repost,959 Curtidas. Curtida,,
1567147570568249347,https://x.com/i/web/status/1567147570568249347,Ciro Gomes,@cirogomes,2022-09-06T13:47:51.000Z,"O dia está movimentado! Além da nossa live Drible de Mestre – que hoje será em São Paulo, onde vamos exibir mais um programa eleitoral –, estaremos na Rede TV (#CiroNaRedeTV) e no Canal Rural (#CiroNoCanalRural) a partir das 19h. Anote as informações e compartilhe com a turma!",nao,174 Respostas. Resposta,356 reposts. Repost,1077 Curtidas. Curtida,,
1567135416855273472,https://x.com/i/web/status/1567135416855273472,Ciro Gomes,@cirogomes,2022-09-06T12:59:34.000Z,"Nesta véspera do 7 de Setembro, fiz um programa dedicado ao meu projeto de reindustrializar o Brasil - um tema bem apropriado, pois tem tudo a ver com soberania e independência.",nao,164 Replies. Reply,491 reposts. Repost,1406 Likes. Like,,
1567107000164651008,https://x.com/i/web/status/1567107000164651008,Ciro Gomes,@cirogomes,2022-09-06T11:06:38.000Z,Vejam o que eu disse. Compartilhem a verdade.,nao,784 Replies. Reply,1353 reposts. Repost,3952 Likes. Like,,
1567106924868403202,https://x.com/i/web/status/1567106924868403202,Ciro Gomes,@cirogomes,2022-09-06T11:06:20.000Z,"O serviço de checagem do grupo, a “meticulosa” coluna Lupa, só serve para exagerar imprecisões de entrevistados e não enxerga este tipo de abusos? Para aclarar a memória e ativar a responsabilidade jornalística de vocês republico, no post a seguir, o vídeo do trecho da entrevista",nao,76 Replies. Reply,328 reposts. Repost,2081 Likes. Like,,
1567106921777319936,https://x.com/i/web/status/1567106921777319936,Ciro Gomes,@cirogomes,2022-09-06T11:06:20.000Z,"Em defesa da memória de dois saudosos próceres do grupo - os ilustres Octávio Frias, pai e filho - pergunto aos atuais diretores e editores: isto é jornalismo isento e imparcial? É desta forma que se exerce a liberdade de expressão e a boa prática do debate democrático?",nao,26 Replies. Reply,326 reposts. Repost,2045 Likes. Like,,
1567106919340318722,https://x.com/i/web/status/1567106919340318722,Ciro Gomes,@cirogomes,2022-09-06T11:06:19.000Z,"Pior ainda: colunistas do próprio UOL, como Leonardo Sakamoto e Carla Araújo, repercutiram a notícia deturpada, sem se dar o mínimo cuidado de ouvir a minha fala.",nao,47 Replies. Reply,333 reposts. Repost,2143 Likes. Like,,
1567106916932898822,https://x.com/i/web/status/1567106916932898822,Ciro Gomes,@cirogomes,2022-09-06T11:06:19.000Z,"Um dos apresentadores do UOL Notícia, Diego Sarza, chegou a dizer no ar que recebeu mensagens de “apoiadores do Ciro” relatando o erro da reportagem, mas seguiu repercutindo a declaração distorcida sem dar atenção devida ao fato.",nao,12 Replies. Reply,302 reposts. Repost,1984 Likes. Like,,
1567106914542125056,https://x.com/i/web/status/1567106914542125056,Ciro Gomes,@cirogomes,2022-09-06T11:06:18.000Z,"Da hora da publicação até a retificação, centenas de blogs e portais reproduziram, em todo o Brasil, a falsa versão e fui vítima de ataques os mais violentos nas redes sociais.",nao,7 Replies. Reply,284 reposts. Repost,1836 Likes. Like,,
1567106912293949440,https://x.com/i/web/status/1567106912293949440,Ciro Gomes,@cirogomes,2022-09-06T11:06:17.000Z,Trata-se de um exemplo tão grotesco de mau jornalismo que fica difícil acreditar que seja motivado apenas por incompetência ou imperícia.,nao,16 Replies. Reply,326 reposts. Repost,2102 Likes. Like,,
1567106909819310083,https://x.com/i/web/status/1567106909819310083,Ciro Gomes,@cirogomes,2022-09-06T11:06:17.000Z,"Minhas posições, tanto em relação à constituição chilena como a estas lutas, foram expostas de forma muito clara na entrevista ao programa Pânico, mas o autor e os editores as ignoraram por completo.",nao,13 Replies. Reply,290 reposts. Repost,1936 Likes. Like,,
1567106907348901889,https://x.com/i/web/status/1567106907348901889,Ciro Gomes,@cirogomes,2022-09-06T11:06:16.000Z,"Como ditam as regras do mau jornalismo, a deturpação maior começava no título (“Ciro diz que peculiaridades identitárias são 'baboseiras da esquerda”), que tinha o claro intuito de dar a entender que repudio e defino, deste modo, as lutas justas de determinados segmentos.",nao,27 Replies. Reply,325 reposts. Repost,2008 Likes. Like,,
1567106904370864128,https://x.com/i/web/status/1567106904370864128,Ciro Gomes,@cirogomes,2022-09-06T11:06:16.000Z,"Por mais de seis horas, o UOL exibiu, ontem, uma manchete falsa que deturpava uma declaração minha sobre excessos de esquerdismo identitário na natimorta constituição chilena. Somente após insistência da minha equipe, o portal fez uma errata e, depois, reescreveu a matéria. ",nao,946 Replies. Reply,1324 reposts. Repost,5657 Likes. Like,,
1566939394287828993,https://x.com/i/web/status/1566939394287828993,Ciro Gomes,@cirogomes,2022-09-06T00:00:38.000Z,"Assista AO VIVO o nosso programa MESA 12 desta segunda-feira! LINK: 
cirotv.com.br",nao,212 Replies. Reply,157 reposts. Repost,698 Likes. Like,,
1566917583303049216,https://x.com/i/web/status/1566917583303049216,Ciro Gomes,@cirogomes,2022-09-05T22:33:58.000Z,"Fico honrado com seu apoio, 
@MarcelaMaeve
.  É muito importante que todos analisem os projetos dos seus candidatos. Por isso tenho pedido: votem nas ideias. Não adianta acreditar em salvadores da pátria ou que os problemas do Brasil serão resolvidos com personalismo.",nao,25 Replies. Reply,173 reposts. Repost,1162 Likes. Like,,
1566909208909545476,https://x.com/i/web/status/1566909208909545476,Ciro Gomes,@cirogomes,2022-09-05T22:00:41.000Z,"Assista mais uma edição do nosso DIÁRIO DE CAMPANHA na #CiroTV e veja toda a movimentação de Ciro e Ana Paula pelo Brasil. Entramos no ar às 19h, não perca! LINK: 
cirotv.com.br",nao,103 Replies. Reply,180 reposts. Repost,729 Likes. Like,,
1566886929873997830,https://x.com/i/web/status/1566886929873997830,Ciro Gomes,@cirogomes,2022-09-05T20:32:10.000Z,"Com a “degustação experimental”, a Febraban provavelmente já sabe os dados de todos os brasileiros com CPF, para fazer o uso que bem quiser. Na verdade, é crime reincidente. Lembram a história do crédito consignado do Auxílio Brasil? O MPF já está apurando.",nao,72 Replies. Reply,310 reposts. Repost,2278 Likes. Like,,
1566886927881703424,https://x.com/i/web/status/1566886927881703424,Ciro Gomes,@cirogomes,2022-09-05T20:32:09.000Z,"Os canalhas deram o nome de “degustação experimental” a esta ação criminosa. Quem está por trás deste crime? Quanto lucraram com isto? Em um governo sério era para cair toda cúpula do Ministério, e em um país obediente às leis era para todo mundo ir para a cadeia. (…)",nao,45 Replies. Reply,324 reposts. Repost,2515 Likes. Like,,
1566886925859962880,https://x.com/i/web/status/1566886925859962880,Ciro Gomes,@cirogomes,2022-09-05T20:32:09.000Z,"CRIME HEDIONDO! O Ministério da Economia, do notório Paulo Guedes, cometeu em silêncio um dos maiores crimes deste país contra a privacidade e independência financeira dos cidadãos. Entregou dados biométricos e biográficos dos brasileiros aos bancos. ",nao,558 Replies. Reply,1021 reposts. Repost,5740 Likes. Like,,
1566869772532436995,https://x.com/i/web/status/1566869772532436995,Ciro Gomes,@cirogomes,2022-09-05T19:23:59.000Z,"Estamos AO VIVO no Vira Voto da #CiroTV  Acompanhe: 
cirotv.com.br",nao,77 Replies. Reply,144 reposts. Repost,568 Likes. Like,,
1566866579748429824,https://x.com/i/web/status/1566866579748429824,Ciro Gomes,@cirogomes,2022-09-05T19:11:18.000Z,"Foca na economia! 
Gostaram da minha participação no 
@programapanico
 ?",nao,3792 Replies. Reply,706 reposts. Repost,7086 Likes. Like,,
1566861828965154823,https://x.com/i/web/status/1566861828965154823,Ciro Gomes,@cirogomes,2022-09-05T18:52:25.000Z,Ciro explica o que está errado no Brasil e fala sobre as semelhanças entre Bolsonaro e Lula. #CiroNoPanico,nao,691 Replies. Reply,404 reposts. Repost,1636 Likes. Like,,
1566859614485979136,https://x.com/i/web/status/1566859614485979136,Ciro Gomes,@cirogomes,2022-09-05T18:43:37.000Z,"Ciro afirma que só quer ser presidente do Brasil se for para mudar tudo o que está errado: ""por isso que alguns partidos tradicionais não me apoiam - eles todos estão agarrados na manutenção desse mesmo sistema"". #CiroNoPanico",nao,221 Replies. Reply,423 reposts. Repost,1740 Likes. Like,,
1566836405917171723,https://x.com/i/web/status/1566836405917171723,Ciro Gomes,@cirogomes,2022-09-05T17:11:24.000Z,Ciro alerta para os perigos da polarização e da manutenção do mesmo modelo econômico e de governança: “a ciência da insanidade é repetir as mesmas coisas e esperar resultados diferentes.” #CiroNoPanico,nao,226 Replies. Reply,385 reposts. Repost,1457 Likes. Like,,
1566832436213944320,https://x.com/i/web/status/1566832436213944320,Ciro Gomes,@cirogomes,2022-09-05T16:55:37.000Z,"Cinco brasileiros acumulam renda dos 100 milhões de brasileiros mais pobres e de classe média. Isso mudou com o Bolsonaro? Não. E está se agravando porque atrás da retórica, é o mesmo modelo econômico. #CiroNoPanico",nao,25 Replies. Reply,149 reposts. Repost,717 Likes. Like,,
1566832434452258819,https://x.com/i/web/status/1566832434452258819,Ciro Gomes,@cirogomes,2022-09-05T16:55:37.000Z,"O que está errado no Brasil, está errado para privilegiar um punhado de instituições que protegem um dos mais perversos pactos de concentração de renda da história.",nao,71 Replies. Reply,288 reposts. Repost,1341 Likes. Like,,
1566831856699457537,https://x.com/i/web/status/1566831856699457537,Ciro Gomes,@cirogomes,2022-09-05T16:53:19.000Z,"Eu estou com 
@AnaPaulaMatosBA
, professora, advogada, petroleira e nossa futura vice-presidente. Eu brinco que nós fomos separados na maternidade, tamanha a afinidade e convergência de nossas ideias. É a união das nossas experiências que vai transformar o Brasil!",nao,34 Replies. Reply,271 reposts. Repost,1113 Likes. Like,,
1566831068531015689,https://x.com/i/web/status/1566831068531015689,Ciro Gomes,@cirogomes,2022-09-05T16:50:11.000Z,Veja a previsão de Ciro em relação ao crescimento econômico e seu comentário sobre as mentiras eleitorais de Bolsonaro. #CiroNoPânico,nao,85 Replies. Reply,364 reposts. Repost,1389 Likes. Like,,
1566828701538549760,https://x.com/i/web/status/1566828701538549760,Ciro Gomes,@cirogomes,2022-09-05T16:40:47.000Z,"Fui governador e não morei em palácio. Fui ministro e não usei cartão corporativo. A política não é e nunca será meu meio de vida pra ganhar dinheiro, como é de muitos. Estou na política com a única razão de mudar a vida do nosso povo.",nao,550 Replies. Reply,511 reposts. Repost,2520 Likes. Like,,
1566828212545519616,https://x.com/i/web/status/1566828212545519616,Ciro Gomes,@cirogomes,2022-09-05T16:38:50.000Z,Chega de passar pano pra corrupto de estimação. Chega de denunciar os erros de um e ignorar ou relativizar os erros de outro. É urgente a necessidade de correção e moralidade na cadeira da presidência.,nao,107 Replies. Reply,375 reposts. Repost,1582 Likes. Like,,
1566827230466039809,https://x.com/i/web/status/1566827230466039809,Ciro Gomes,@cirogomes,2022-09-05T16:34:56.000Z,Ciro faz um breve resumo da história política brasileira e afirma: “pra mim a política não é meio de vida e eu só quero ser presidente se for para mudar a história do Brasil”. #CiroNoPanico,nao,235 Replies. Reply,629 reposts. Repost,2592 Likes. Like,,
1566824535705387008,https://x.com/i/web/status/1566824535705387008,Ciro Gomes,@cirogomes,2022-09-05T16:24:14.000Z,"Outro dado: 50 milhões de brasileiros estão indo pra velhice sem nenhuma cobertura previdenciária. Se eu tiver a honra de ser presidente, vamos resolver juntos e com seriedade esses grandes problemas. #CiroNoPanico",nao,8 Replies. Reply,146 reposts. Repost,679 Likes. Like,,
1566824533922922497,https://x.com/i/web/status/1566824533922922497,Ciro Gomes,@cirogomes,2022-09-05T16:24:13.000Z,"Eu sou o único candidato que está propondo uma mudança no modelo econômico e no modelo de governança política. O atual modelo está gerando desastres: 70 de cada 100 brasileiros estão no desalento, desempregados ou na informalidade.",nao,124 Replies. Reply,331 reposts. Repost,1486 Likes. Like,,
1566820095191666693,https://x.com/i/web/status/1566820095191666693,Ciro Gomes,@cirogomes,2022-09-05T16:06:35.000Z,"Eu não sou pego no contrapé porque sou honesto. Bolsonaro vem falando da economia, porém, anote o que estou dizendo: a economia brasileira vai entrar em 2023 em depressão com esta taxa de juros de 13,75%, mais alta do que a rentabilidade média dos negócios. Eu conheço esse filme.",nao,82 Replies. Reply,307 reposts. Repost,1470 Likes. Like,,
1566818058089500672,https://x.com/i/web/status/1566818058089500672,Ciro Gomes,@cirogomes,2022-09-05T15:58:29.000Z,Ciro fala sobre a relação entre lutas identitárias e a grande luta contra a superação da miséria e das desigualdades. #CiroNoPanico,nao,102 Replies. Reply,463 reposts. Repost,1795 Likes. Like,,
1566817000210456576,https://x.com/i/web/status/1566817000210456576,Ciro Gomes,@cirogomes,2022-09-05T15:54:17.000Z,"Não é possível defender o indefensável. Em qualquer país sério, a compra de mais de 50 imóveis com dinheiro em espécie ou a compra de toneladas de cloroquina com 700% de superfaturamento seria motivo de imensa e unânime indignação por todos. #CiroNoPânico",nao,160 Replies. Reply,474 reposts. Repost,2132 Likes. Like,,
1566815469478322178,https://x.com/i/web/status/1566815469478322178,Ciro Gomes,@cirogomes,2022-09-05T15:48:12.000Z,"Bolsonaro se elegeu denunciando a corrupção do PT, mas aderiu ao centrão. Eu estou dizendo ao povo brasileiro: vote nas minhas ideias. Não adianta acreditar em salvadores da pátria. É preciso que nós transformemos as eleições em um plebiscito de ideais.",nao,472 Replies. Reply,378 reposts. Repost,2050 Likes. Like,,
1566812764903014401,https://x.com/i/web/status/1566812764903014401,Ciro Gomes,@cirogomes,2022-09-05T15:37:27.000Z,Mas essa luta identitária tem que ser feita na luta maior da superação da miséria e das desigualdades. #CiroNoPânico,nao,9 Replies. Reply,154 reposts. Repost,714 Likes. Like,,
1566812762944278528,https://x.com/i/web/status/1566812762944278528,Ciro Gomes,@cirogomes,2022-09-05T15:37:27.000Z,As mulheres comandaram 2/3 do orçamento dos meus governos. Portanto o compromisso real é empoderar as mulheres. Tenho todo um conjunto de políticas que entendem também que o Brasil ainda paga 75% a um negro do que paga a um branco pelo mesmo trabalho e mesma jornada.,nao,41 Replies. Reply,295 reposts. Repost,1313 Likes. Like,,
1566811860552368128,https://x.com/i/web/status/1566811860552368128,Ciro Gomes,@cirogomes,2022-09-05T15:33:52.000Z,Emílio Surita fala sobre a falta de projeto de muitos políticos e Ciro explica como o sistema atua pra desacelerar e desmoralizar a política. #CiroNoPanico,nao,240 Replies. Reply,416 reposts. Repost,1873 Likes. Like,,
1566810660738056194,https://x.com/i/web/status/1566810660738056194,Ciro Gomes,@cirogomes,2022-09-05T15:29:06.000Z,A minha diferença é que eu tenho espírito público e me guio por ele. Pra mim a política não é meio de vida e eu só quero ser presidente se for para mudar a história do Brasil.,nao,571 Replies. Reply,354 reposts. Repost,2029 Likes. Like,,
1566807090106073088,https://x.com/i/web/status/1566807090106073088,Ciro Gomes,@cirogomes,2022-09-05T15:14:54.000Z,"O preço do feijão, da passagem do ônibus, a qualidade da saúde e da educação. Só a política pode desestabilizar o que está dando errado e começar algo completamente novo. E é nisso que estou apostando. #CiroNoPânico",nao,10 Replies. Reply,170 reposts. Repost,793 Likes. Like,,
1566807088411582465,https://x.com/i/web/status/1566807088411582465,Ciro Gomes,@cirogomes,2022-09-05T15:14:54.000Z,"Tudo é política, por mais que as pessoas tenham tomado nojo. E eu compreendo. Os jovens, por exemplos, veem a política como espaço de privilégio, de mentira, de enganação. Mas a gente precisa trazer de volta a compreensão de que TUDO é política.",nao,68 Replies. Reply,360 reposts. Repost,1831 Likes. Like,,
1566804527818444802,https://x.com/i/web/status/1566804527818444802,Ciro Gomes,@cirogomes,2022-09-05T15:04:43.000Z,"Estamos AO VIVO no 
@programapanico
! Acompanhe e participe com a hashtag #CiroNoPânico 
youtu.be/5Beyt_BEopg",nao,80 Replies. Reply,245 reposts. Repost,968 Likes. Like,,
1566793595960557568,https://x.com/i/web/status/1566793595960557568,Ciro Gomes,@cirogomes,2022-09-05T14:21:17.000Z,"Programa eleitoral e inserções de TV: 
youtube.com/playlist?list=
…

Live Drible de Mestre: 
youtube.com/playlist?list=
…

Live Vira Voto: 
youtube.com/playlist?list=
…

Live Mesa 12: 
youtube.com/playlist?list=
…

Diário de Campanha: 
youtube.com/playlist?list=
…",nao,2 Replies. Reply,72 reposts. Repost,264 Likes. Like,,
1566793593519497218,https://x.com/i/web/status/1566793593519497218,Ciro Gomes,@cirogomes,2022-09-04T21:49:46.000Z,"Isto aí minha gente, sigam este exemplo do grande 
@ChopeComPasTheo
. Nenhum candidato está apresentando programas como os nossos. Como só temos 52 segundos na TV, eles estão todos na 
CiroTv.com.br e nas playlists do Youtube. Compartilhe com a turma! ",nao,25 Replies. Reply,190 reposts. Repost,683 Likes. Like,,
1566780791568449536,https://x.com/i/web/status/1566780791568449536,Ciro Gomes,@cirogomes,2022-09-05T13:30:24.000Z,"Gente boa, se liga no recado: hoje, a partir de 12h, temos um encontro no 
@programapanico
. Esta é mais uma oportunidade de mostrar ao Brasil que aqui tem PROJETO, EXPERIÊNCIA e FICHA LIMPA! #CiroNoPanico",nao,218 Replies. Reply,456 reposts. Repost,1806 Likes. Like,,
1566756405683568645,https://x.com/i/web/status/1566756405683568645,Ciro Gomes,@cirogomes,2022-09-05T11:53:30.000Z,"Assista ao programa completo do último sábado 
youtu.be/OeFc6ETeNIg e veja mais detalhes sobre o projeto.",nao,6 Replies. Reply,104 reposts. Repost,426 Likes. Like,,
1566756018226446336,https://x.com/i/web/status/1566756018226446336,Ciro Gomes,@cirogomes,2022-09-05T11:51:58.000Z," Neste trecho do programa de sábado, 
@AnaPaulaMatosBA
 explica de um jeito bem didático como faremos pra facilitar a vida de mais de 66 milhões de brasileiros e 6 milhões de empresas que estão endividadas.",nao,7 Replies. Reply,122 reposts. Repost,636 Likes. Like,,
1566755779453091840,https://x.com/i/web/status/1566755779453091840,Ciro Gomes,@cirogomes,2022-09-05T11:51:01.000Z,"Tem candidato por aí copiando nossa proposta de limpar o nome das pessoas e das empresas que estão no SPC/Serasa, sem sequer dizer como vai fazer – o dito ‘candidato Kinder Ovo’...",nao,98 Replies. Reply,408 reposts. Repost,1401 Likes. Like,,
1566727879626457088,https://x.com/i/web/status/1566727879626457088,Ciro Gomes,@cirogomes,2022-09-05T10:00:09.000Z,"Não acho uma mera coincidência que hoje, 5 de setembro, seja o Dia da Amazônia. Comemorar a floresta na antevéspera do Dia da Independência é um sinal poderoso de que nela reside parte importante do nosso futuro e da nossa soberania. Todos Unidos pela Amazônia!",nao,110 Replies. Reply,430 reposts. Repost,1817 Likes. Like,,
1566536908787879936,https://x.com/i/web/status/1566536908787879936,Ciro Gomes,@cirogomes,2022-09-04T21:21:18.000Z,"Acompanhe AO VIVO a festa de inauguração da #CasaCiro12 na 
cirotv.com.br",nao,35 Replies. Reply,219 reposts. Repost,994 Likes. Like,,
1566536822527868929,https://x.com/i/web/status/1566536822527868929,Ciro Gomes,@cirogomes,2022-09-04T21:20:57.000Z,GIRO DO CIRO - INAUGURAÇÃO DA CASA CIRO 12 | SÃO PAULO/SP | 04/09/2022,nao,28 Replies. Reply,242 reposts. Repost,940 Likes. Like,,
1566513492324139013,https://x.com/i/web/status/1566513492324139013,Ciro Gomes,@cirogomes,2022-09-04T19:48:15.000Z,"E pra quem ainda não tá sabendo, na nossa líder de audiência, a live Drible de Mestre (todas as terças, quintas e sábados às 20h45), Ciro apresenta nosso programa eleitoral completo (de 5 minutos) e debate, a cada dia, com a comunidade de bairros populares de cidades diferentes.",nao,13 Replies. Reply,166 reposts. Repost,806 Likes. Like,,
1566513490826858497,https://x.com/i/web/status/1566513490826858497,Ciro Gomes,@cirogomes,2022-09-04T19:48:15.000Z,"Teremos muitas novidades na programação da #CiroTv, que devem aumentar ainda mais as visualizações – rivalizando com as campeãs Drible de Mestre, Vira Voto e Mesa 12. ",nao,10 Replies. Reply,170 reposts. Repost,1005 Likes. Like,,
1566513488968785921,https://x.com/i/web/status/1566513488968785921,Ciro Gomes,@cirogomes,2022-09-04T19:48:14.000Z,"VOCÊ SABIA QUE A MAIOR CONCORRENTE DA GLOBO HOJE É A 
cirotv.com.br ? 

Então se liga no recado da /ADM ",nao,77 Replies. Reply,409 reposts. Repost,2127 Likes. Like,,
1566509698005831680,https://x.com/i/web/status/1566509698005831680,Ciro Gomes,@cirogomes,2022-09-04T19:33:11.000Z,"Antes de ver o vídeo, me responda: você sabe quanto uma pessoa que toma R$ 100 emprestados vai pagar daqui a 5 anos com os juros praticados no Brasil? Veja neste trecho do nosso quarto programa eleitoral – eu garanto que a resposta vai lhe surpreender!",nao,86 Replies. Reply,508 reposts. Repost,1487 Likes. Like,,
1566481381068259329,https://x.com/i/web/status/1566481381068259329,Ciro Gomes,@cirogomes,2022-09-04T17:40:39.000Z,GIRO DO CIRO - ENCONTRO COM MULHERES EM UBERLÂNDIA/MG | 04/09/2022,nao,35 Replies. Reply,223 reposts. Repost,792 Likes. Like,,
1566467228219985927,https://x.com/i/web/status/1566467228219985927,Ciro Gomes,@cirogomes,2022-09-04T16:44:25.000Z,"É HOJE, TURMA BOA! Convido todo mundo pra inauguração da nossa CASA CIRO 12, a partir das 17h, em São Paulo. Pra quem não puder ir, fique ligado que vamos fazer a cobertura completa aqui nas redes e na 
cirotv.com.br  #CasaCiro12",nao,155 Replies. Reply,423 reposts. Repost,1446 Likes. Like,,
1566443304094515204,https://x.com/i/web/status/1566443304094515204,Ciro Gomes,@cirogomes,2022-09-04T15:09:21.000Z,"Por isso estamos propondo a Lei Antiganância e o refinanciamento das dívidas dos brasileiros. Conheça essa e outras propostas no nosso site oficial: 
cirogomes.com.br",nao,8 Replies. Reply,147 reposts. Repost,598 Likes. Like,,
1566443176570798080,https://x.com/i/web/status/1566443176570798080,Ciro Gomes,@cirogomes,2022-09-04T15:08:51.000Z,"Vamos enfrentar a agiotagem oficial e os juros que estão humilhando não só os mais de 66 milhões de brasileiros que estão com o nome no SPC/Serasa, mas também 6 milhões de empresas que estão quase falindo.",nao,97 Replies. Reply,484 reposts. Repost,1640 Likes. Like,,
1566427289570738179,https://x.com/i/web/status/1566427289570738179,Ciro Gomes,@cirogomes,2022-09-04T14:05:43.000Z,GIRO DO CIRO - CAMINHADA EM ALFENAS/MG | 04/09/2022,nao,54 Replies. Reply,276 reposts. Repost,1039 Likes. Like,,
1566396762205585414,https://x.com/i/web/status/1566396762205585414,Ciro Gomes,@cirogomes,2022-09-04T12:04:25.000Z,"Estas tendências que começam agora a se refletir nos números, já vinham se insinuando há tempo nas pesquisas qualitativas. Mas nos últimos dias, as “qualis” estão emitindo alertas ainda mais vigorosos. Segurem os nervos: teremos um final eletrizante de campanha! ",nao,98 Replies. Reply,257 reposts. Repost,1585 Likes. Like,,
1566396759848501248,https://x.com/i/web/status/1566396759848501248,Ciro Gomes,@cirogomes,2022-09-04T12:04:24.000Z,A perda de substância de Lula e Bolsonaro vai se acentuar e afrouxar a corda da tal polarização que foi esticada artificialmente  pela enxurrada de pesquisas prematuras e a superficialidade e despreparo de muitos analistas. (…),nao,58 Replies. Reply,243 reposts. Repost,1582 Likes. Like,,
1566396757583486981,https://x.com/i/web/status/1566396757583486981,Ciro Gomes,@cirogomes,2022-09-04T12:04:23.000Z,"Mas Bolsonaro não pode bater tambor. Estes votos não estão indo majoritariamente para ele, mas se distribuindo entre outros candidatos, em especial para Ciro. Isso ficará cada vez mais claro a partir de agora. (…)",nao,38 Replies. Reply,208 reposts. Repost,1547 Likes. Like,,
1566396755624824834,https://x.com/i/web/status/1566396755624824834,Ciro Gomes,@cirogomes,2022-09-04T12:04:23.000Z,A diferença entre Lula e Bolsonaro caiu 10 pontos de maio até setembro. Lula perdeu 10% entre os jovens. 9% entre os negros. 6% no Sul e 3% no Sudeste. 9% na classe A. 3% entre quem tem curso superior e 2% no médio. (…),nao,112 Replies. Reply,300 reposts. Repost,2096 Likes. Like,,
1566396753317957637,https://x.com/i/web/status/1566396753317957637,Ciro Gomes,@cirogomes,2022-09-04T12:04:22.000Z,A última DataFolha começa a indicar o que estamos dizendo há tempos: Ciro é o candidato potencialmente mais forte para enfrentar Bolsonaro no 2º turno. Os sinais do enfraquecimento de Lula tornam-se cada vez mais evidentes. ,nao,2969 Replies. Reply,1493 reposts. Repost,7792 Likes. Like,,
1566237143328083969,https://x.com/i/web/status/1566237143328083969,Ciro Gomes,@cirogomes,2022-09-04T01:30:08.000Z,"Veja nosso quarto programa eleitoral completo, que foi exibido há pouco na 
cirotv.com.br. Você vai ficar sabendo tudo sobre a Lei Antiganância e a renegociação das dívidas que vai limpar o nome de todo mundo que está no SPC e no Serasa. #CiroPresidente12",nao,90 Replies. Reply,472 reposts. Repost,1241 Likes. Like,,
1566216921648975877,https://x.com/i/web/status/1566216921648975877,Ciro Gomes,@cirogomes,2022-09-04T00:09:47.000Z,"Todo mundo ON na 
cirotv.com.br ? ",nao,79 Replies. Reply,313 reposts. Repost,1691 Likes. Like,,
1566207517306281984,https://x.com/i/web/status/1566207517306281984,Ciro Gomes,@cirogomes,2022-09-03T23:32:25.000Z,LIVE DE EXIBIÇÃO DO QUARTO PROGRAMA ELEITORAL CIRO PRESIDENTE 12 | BELO HORIZONTE/MG | 03/09/2022,nao,69 Replies. Reply,311 reposts. Repost,1004 Likes. Like,,
1566189415575293953,https://x.com/i/web/status/1566189415575293953,Ciro Gomes,@cirogomes,2022-09-03T22:20:29.000Z,"Fala, pessoal! Passando pra lembrar que logo mais, às 20h45, entramos AO VIVO na 
cirotv.com.br pra exibir nosso programa eleitoral completo e interagir bastante com vocês. Mandem suas dúvidas e outros comentários pra Ciro, 
@gisellebezerra
 e 
@AnaPaulaMatosBA
 ",nao,39 Replies. Reply,198 reposts. Repost,783 Likes. Like,,
1566170572739977221,https://x.com/i/web/status/1566170572739977221,Ciro Gomes,@cirogomes,2022-09-03T21:05:37.000Z,É doloroso acreditar que cena tão chocante aconteça no nosso Brasil. Impossível alguém assistir este vídeo e não se sentir um bebê desprotegido ou uma mãe em desespero. Punição rigorosa para este monstro!,nao,447 Replies. Reply,723 reposts. Repost,3937 Likes. Like,,
1566159593796952064,https://x.com/i/web/status/1566159593796952064,Ciro Gomes,@cirogomes,2022-09-03T20:21:59.000Z,"Hoje temos mais um encontro AO VIVO na #CiroTV – diretamente do Aglomerado da Serra, em Belo Horizonte! Acompanhe a transmissão do nosso quarto programa eleitoral completo, com direito a muitos reacts, interação com quem estiver participando e muito mais. Espero vocês às 20h45!",nao,38 Replies. Reply,233 reposts. Repost,751 Likes. Like,,
1566140482094342147,https://x.com/i/web/status/1566140482094342147,Ciro Gomes,@cirogomes,2022-09-03T19:06:03.000Z,"O que bota uma nação pra frente é o trabalho decentemente remunerado. E vocês vão ver que o meu programa vai gerar 5 milhões de empregos em dois anos porque meu compromisso é não apenas derrotar a pobreza, mas também fortalecer a economia e gerar empregos com salários dignos.",nao,16 Replies. Reply,198 reposts. Repost,955 Likes. Like,,
1566140480001380358,https://x.com/i/web/status/1566140480001380358,Ciro Gomes,@cirogomes,2022-09-03T19:06:02.000Z,"Sobre a questão da suposta preguiça e falta de vontade de trabalhar, quero dizer que essa é uma visão muito equivocada. A ideia do projeto é banir a pobreza, a miséria e erradicar a fome no Brasil.",nao,14 Replies. Reply,181 reposts. Repost,954 Likes. Like,,
1566140477820264452,https://x.com/i/web/status/1566140477820264452,Ciro Gomes,@cirogomes,2022-09-03T19:06:02.000Z,"E a única campanha que propõe consertar essa conta é a nossa. Então, que fique bem claro: vamos reajustar o salário-mínimo sempre acima da inflação.",nao,7 Replies. Reply,175 reposts. Repost,911 Likes. Like,,
1566140475693826051,https://x.com/i/web/status/1566140475693826051,Ciro Gomes,@cirogomes,2022-09-03T19:06:01.000Z,"Aqui, faço um primeiro questionamento: qual é a explicação pro Brasil, maior economia da América Latina, ter o segundo pior salário da região, só ganhando da Venezuela? A explicação disso é a conta do governo, que tá quebrada.",nao,4 Replies. Reply,140 reposts. Repost,768 Likes. Like,,
1566140473596678147,https://x.com/i/web/status/1566140473596678147,Ciro Gomes,@cirogomes,2022-09-03T19:06:01.000Z,"Sobre a questão do salário mínimo, quero começar reafirmando: o programa de Renda Mínima não vem pra rivalizar com o salário. Ele vem pra COMPLEMENTAR a renda da família.",nao,2 Replies. Reply,150 reposts. Repost,750 Likes. Like,,
1566140471474274304,https://x.com/i/web/status/1566140471474274304,Ciro Gomes,@cirogomes,2022-09-03T19:06:00.000Z,"A primeira é sobre o aumento do salário mínimo e a segunda é sobre as chances do auxílio – que será permanente – acabar estimulando a “preguiça e a falta de vontade de trabalhar”. Bom, vamos por partes.",nao,3 Replies. Reply,148 reposts. Repost,912 Likes. Like,,
1566140469893120002,https://x.com/i/web/status/1566140469893120002,Ciro Gomes,@cirogomes,2022-09-03T19:06:00.000Z,Tem duas perguntas sobre nosso RENDA MÍNIMA DE R$ 1.000 que têm aparecido com frequência aqui nas redes e por onde a gente tem andado. ,nao,83 Respostas. Resposta,490 reposts. Repost,2468 Curtidas. Curtida,,
1566124313807392770,https://x.com/i/web/status/1566124313807392770,Ciro Gomes,@cirogomes,2022-09-03T18:01:48.000Z,"Até agora nos limitamos a apontar as boas notícias para Ciro, deixando de lado as nuvens que ameaçam as campanhas de Lula e Bolsonaro. Você gostaria que a gente falasse delas também? Responda aí. ",nao,91 Respostas. Resposta,181 reposts. Repost,1061 Curtidas. Curtida,,
1566124312049876993,https://x.com/i/web/status/1566124312049876993,Ciro Gomes,@cirogomes,2022-09-03T18:01:47.000Z,"Como Ciro está em ritmo de crescimento, enquanto eles patinam, e tem também o menor índice de rejeição, significa que ele é o candidato que pode crescer mais. ",nao,15 Replies. Reply,205 reposts. Repost,1071 Likes. Like,,
1566124309789249536,https://x.com/i/web/status/1566124309789249536,Ciro Gomes,@cirogomes,2022-09-03T18:01:47.000Z,"O potencial de voto de Ciro varia de 51% a 55%. O de Lula vai de 54% a 59%, um empate técnico cravado. E o de Bolsonaro não passa de 40%. O que isso significa? ",nao,58 Respostas. Resposta,276 reposts. Repost,1437 Curtidas. Curtida,,
1566124307582959619,https://x.com/i/web/status/1566124307582959619,Ciro Gomes,@cirogomes,2022-09-03T18:01:46.000Z,"Pois bem, o mais espetacular vamos dizer agora: Ciro tem maior potencial de voto que Bolsonaro, empata neste item com Lula e tem rejeição menor que os dois. ",nao,21 Respostas. Resposta,215 reposts. Repost,1182 Curtidas. Curtida,,
1566124305116794881,https://x.com/i/web/status/1566124305116794881,Ciro Gomes,@cirogomes,2022-09-03T18:01:46.000Z,"Lembra dos posts anteriores em que apontamos os indicadores fabulosos, em favor de Ciro, que estão nas camadas ocultas do DataFolha e de pesquisas recentes? (Se não lembra, procure aí na sua timeline) ",nao,508 Respostas. Resposta,705 reposts. Repost,3426 Curtidas. Curtida,,
1566094839791370240,https://x.com/i/web/status/1566094839791370240,Ciro Gomes,@cirogomes,2022-09-03T16:04:41.000Z,"Confira o programa que foi ao ar às 13h e não perca a versão completa – que vamos exibir AO VIVO na live de 20h45 da 
cirotv.com.br.",nao,9 Respostas. Resposta,90 reposts. Repost,393 Curtidas. Curtida,,
1566094114189451265,https://x.com/i/web/status/1566094114189451265,Ciro Gomes,@cirogomes,2022-09-03T16:01:48.000Z,"No programa eleitoral de hoje, falamos sobre duas das nossas principais propostas: a Lei Antiganância e a renegociação das dívidas que vai limpar o nome de todo mundo que está no SPC e no Serasa.",nao,72 Respostas. Resposta,445 reposts. Repost,1465 Curtidas. Curtida,,
1566062783325773826,https://x.com/i/web/status/1566062783325773826,Ciro Gomes,@cirogomes,2022-09-03T13:57:18.000Z,"GIRO DO CIRO - CAMINHADA NO CENTRO DE SERRA | SERRA/SP | 03/09/2022 
x.com/i/broadcasts/1
…",nao,65 Respostas. Resposta,279 reposts. Repost,1080 Curtidas. Curtida,,
1566053088955629568,https://x.com/i/web/status/1566053088955629568,Ciro Gomes,@cirogomes,2022-09-03T13:18:46.000Z,Isso nos leva à conclusão mais espetacular - mas vamos deixar vocês com gostinho de ‘quero mais’ e só apresentá-la daqui a pouco!,nao,28 Respostas. Resposta,151 reposts. Repost,1034 Curtidas. Curtida,,
1566053085566345217,https://x.com/i/web/status/1566053085566345217,Ciro Gomes,@cirogomes,2022-09-03T13:18:46.000Z,"Se examinarmos outras pesquisas  confiáveis, vemos indicadores ainda mais importantes: a rejeição do Ciro oscila de 16% a 24%; contra 39% a 42% de Lula e 45%  a 56% de Bolsonaro.",nao,23 Respostas. Resposta,198 reposts. Repost,1194 Curtidas. Curtida,,
1566036733799563265,https://x.com/i/web/status/1566036733799563265,Ciro Gomes,@cirogomes,2022-09-03T12:13:47.000Z,"Mesmo fazendo uma campanha crítica e vigorosa, os índices de rejeição do Ciro vêm baixando de forma consistente e acelerada, em todos os segmentos. No DataFolha ele agora tem uma  rejeição de apenas 24% - menor que a de Lula, que subiu para 39%.",nao,20 Respostas. Resposta,275 reposts. Repost,1438 Curtidas. Curtida,,
1566036647782846465,https://x.com/i/web/status/1566036647782846465,Ciro Gomes,@cirogomes,2022-09-03T12:13:27.000Z,"Atenção, muita atenção!  para os que se surpreenderam com as análises bastante positivas para o Ciro de cortes por segmentos do DataFolha. Atenção, muita atenção, porque o melhor vem agora! ",nao,403 Respostas. Resposta,691 reposts. Repost,3452 Curtidas. Curtida,,
1565852408454029313,https://x.com/i/web/status/1565852408454029313,Ciro Gomes,@cirogomes,2022-09-03T00:01:20.000Z,"Estamos AO VIVO em mais uma edição da nossa MESA 12 na #CiroTV! Acompanhe pelo 
cirotv.com.br",nao,73 Respostas. Resposta,224 reposts. Repost,1179 Curtidas. Curtida,,
1565840724138102789,https://x.com/i/web/status/1565840724138102789,Ciro Gomes,@cirogomes,2022-09-02T23:14:55.000Z,"A partir do modelo das escolas técnicas do Ceará, vamos criar o programa Minha Escola, Meu Emprego, Meu Negócio. Ele vai ajudar muitos jovens a vencerem o desafio do primeiro emprego.",nao,134 Respostas. Resposta,683 reposts. Repost,2009 Curtidas. Curtida,,
1565798678346010625,https://x.com/i/web/status/1565798678346010625,Ciro Gomes,@cirogomes,2022-09-02T20:27:50.000Z,"Bolsonaro e seu gabinete do ódio resolveram atacar a advogada e apresentadora Gabriela Prioli. A tentativa de intimidação é grave e deve ser investigada. Minha solidariedade, 
@GabrielaPrioli
.",nao,1177 Respostas. Resposta,759 reposts. Repost,8538 Curtidas. Curtida,,
1565780941305483264,https://x.com/i/web/status/1565780941305483264,Ciro Gomes,@cirogomes,2022-09-02T19:17:21.000Z,"Dos 32% de eleitores brasileiros que se inclinam a votar em Bolsonaro, quase um terço deles tem Ciro como segunda opção. Nenhum candidato demonstra tanto potencial de crescimento!",nao,31 Respostas. Resposta,243 reposts. Repost,1189 Curtidas. Curtida,,
1565780939464212481,https://x.com/i/web/status/1565780939464212481,Ciro Gomes,@cirogomes,2022-09-02T19:17:21.000Z,"Não bastasse tudo isso, consolidou-se em definitivo como a segunda opção de voto entre os eleitores de Lula e de Bolsonaro. Exemplo: 45% do eleitorado brasileiro inclina-se por Lula (37% deste universo tem Ciro como segunda opção). (...)",nao,25 Respostas. Resposta,198 reposts. Repost,1100 Curtidas. Curtida,,
1565780937794895873,https://x.com/i/web/status/1565780937794895873,Ciro Gomes,@cirogomes,2022-09-02T19:17:21.000Z,"Ciro praticamente dobrou as intenções de votos entres os mais jovens (de 8% para 15%), mais que dobrou na classe A (de 6% para 13%) e cresceu nas regiões Sul e Norte e entre os evangélicos.  (...)",nao,9 Respostas. Resposta,228 reposts. Repost,1263 Curtidas. Curtida,,
1565780935106248706,https://x.com/i/web/status/1565780935106248706,Ciro Gomes,@cirogomes,2022-09-02T19:17:20.000Z,"O crescimento de Ciro, em termos absolutos no DataFolha, contém outras novidades ainda mais positivas nos cortes por segmentos. Isso é suficiente para garantir avanços bem significativos no curto prazo. ",nao,312 Respostas. Resposta,664 reposts. Repost,3557 Curtidas. Curtida,,
1565776577467535362,https://x.com/i/web/status/1565776577467535362,Ciro Gomes,@cirogomes,2022-09-02T19:00:01.000Z,"Nesse corte do programa de ontem, faço uma pergunta provocativa. Quero saber se você concorda comigo.",nao,76 Respostas. Resposta,398 reposts. Repost,1282 Curtidas. Curtida,,
1565724215378149379,https://x.com/i/web/status/1565724215378149379,Ciro Gomes,@cirogomes,2022-09-02T15:31:57.000Z,"Assista ao programa completo desta quinta 
youtu.be/Ip4x8ZfaXdw e veja mais detalhes sobre o projeto.",nao,13 Respostas. Resposta,120 reposts. Repost,470 Curtidas. Curtida,,
1565724112290463745,https://x.com/i/web/status/1565724112290463745,Ciro Gomes,@cirogomes,2022-09-02T15:31:32.000Z,"Não existe segredo nem fórmula mágica por trás da revolução que fizemos no ensino público de Sobral – que foi de 1.366 no ranking do Ideb para o primeiro lugar em apenas 10 anos. Tudo foi feito com muito TRABALHO, PLANEJAMENTO e VONTADE POLÍTICA.",nao,84 Replies. Reply,439 reposts. Repost,1404 Likes. Like,,
1565706660504559617,https://x.com/i/web/status/1565706660504559617,Ciro Gomes,@cirogomes,2022-09-02T14:22:11.000Z,"Temos quase 50 milhões de brasileiros vivendo na informalidade mais selvagem da história do capitalismo mundial. Jornada de trabalho semanal de 70h, sem descanso remunerado, sem férias, sem 13º e sem nenhuma aposentadoria – o que está acabando com a saúde mental do nosso povo.",nao,165 Replies. Reply,429 reposts. Repost,2026 Likes. Like,,
1565696780427313153,https://x.com/i/web/status/1565696780427313153,Ciro Gomes,@cirogomes,2022-09-02T13:42:56.000Z,"Também estamos AO VIVO na 
cirotv.com.br! Acompanhe ",nao,42 Replies. Reply,204 reposts. Repost,855 Likes. Like,,
1565692241636720640,https://x.com/i/web/status/1565692241636720640,Ciro Gomes,@cirogomes,2022-09-02T13:24:54.000Z,GIRO DO CIRO - ENCONTRO A OAB | SÃO PAULO/SP | 02/09/2022,nao,49 Replies. Reply,254 reposts. Repost,864 Likes. Like,,
1565680430858354689,https://x.com/i/web/status/1565680430858354689,Ciro Gomes,@cirogomes,2022-09-02T12:37:58.000Z,É na divisão justa de direitos e responsabilidades que fazemos um mundo melhor. Bom dia e boa sexta-feira pra todo mundo. ,nao,27 Replies. Reply,264 reposts. Repost,1546 Likes. Like,,
1565680428484362242,https://x.com/i/web/status/1565680428484362242,Ciro Gomes,@cirogomes,2022-09-02T12:37:57.000Z,"Hoje é um bom dia pra relembrar que cuidar dos filhos e dos serviços domésticos é tarefa solidária do casal. E a ocupação igualitária do mercado de trabalho, por homens e mulheres, é dever de toda sociedade.",nao,298 Replies. Reply,1171 reposts. Repost,3777 Likes. Like,,
1565670879106932740,https://x.com/i/web/status/1565670879106932740,Ciro Gomes,@cirogomes,2022-09-02T12:00:00.000Z,"Eu quero ser presidente do Brasil para que nossa educação pública esteja entre as dez melhores do MUNDO em 15 anos. E você, o que quer ser?",nao,233 Replies. Reply,610 reposts. Repost,1859 Likes. Like,,
1565644784097759232,https://x.com/i/web/status/1565644784097759232,Ciro Gomes,@cirogomes,2022-09-02T10:16:19.000Z,"Para nós, fica a lição de onde pode chegar o radicalismo cego, e como polarizações odientas podem armar braços de loucos radicais ou de radicais loucos. Ainda há tempo de salvar o Brasil de uma grande tragédia gerada pelo ódio. Paz!",nao,557 Replies. Reply,521 reposts. Repost,2944 Likes. Like,,
1565644782352961538,https://x.com/i/web/status/1565644782352961538,Ciro Gomes,@cirogomes,2022-09-02T10:16:19.000Z,O atentado frustrado a Cristina Kirchner por pouco não transforma em chuva de sangue a nuvem de ódio que se espalha pelo nosso continente. Nossa solidariedade a esta mulher guerreira que com certeza não se intimidará.,nao,434 Replies. Reply,643 reposts. Repost,5579 Likes. Like,,
1565505192560312320,https://x.com/i/web/status/1565505192560312320,Ciro Gomes,@cirogomes,2022-09-02T01:01:38.000Z,Aqui EDUCAÇÃO É PRIORIDADE! E nosso terceiro programa eleitoral fala exatamente sobre nossa meta de colocar a educação no Brasil entre as dez melhores do mundo num prazo de 15 anos. Pode anotar e me cobrar lá na frente! #CiroPresidente12,nao,76 Replies. Reply,415 reposts. Repost,1180 Likes. Like,,
1565503241349210115,https://x.com/i/web/status/1565503241349210115,Ciro Gomes,@cirogomes,2022-09-02T00:53:53.000Z,"No final da sabatina feita pela 
@CNNBrasil
, Ciro reafirma a necessidade de dar um passo em direção ao futuro para libertar o Brasil dessa ‘bola de chumbo que nos amarra ao passado’. #CiroNaCNN",nao,73 Replies. Reply,345 reposts. Repost,1244 Likes. Like,,
1565501301026349056,https://x.com/i/web/status/1565501301026349056,Ciro Gomes,@cirogomes,2022-09-02T00:46:10.000Z,Ciro fala sobre a polarização que “está rachando a nação brasileira” e responde pra quem vai o seu apoio no segundo turno. #CiroNaCNN,nao,110 Replies. Reply,376 reposts. Repost,1460 Likes. Like,,
1565497257922805760,https://x.com/i/web/status/1565497257922805760,Ciro Gomes,@cirogomes,2022-09-02T00:30:06.000Z,Ciro responde como pretende negociar com o Congresso. #CiroNaCNN,nao,55 Replies. Reply,295 reposts. Repost,1124 Likes. Like,,
1565493843264503815,https://x.com/i/web/status/1565493843264503815,Ciro Gomes,@cirogomes,2022-09-02T00:16:32.000Z,"Ciro mostra nesse trecho da entrevista à 
@CNNBrasil
 que é o único candidato com propostas concretas pra beneficiar os mais pobres e com coragem pra taxar os super-ricos. #CiroNaCNN",nao,46 Replies. Reply,330 reposts. Repost,1138 Likes. Like,,
1565492860794900481,https://x.com/i/web/status/1565492860794900481,Ciro Gomes,@cirogomes,2022-09-02T00:12:38.000Z,"Essa polarização tá rachando a nação brasileira. É só parar pra pensar: qualquer um dos dois que sejam eleitos, o Brasil vai amanhecer mais ou menos radicalizado? Mais ou menos assentado no ódio?",nao,1843 Replies. Reply,757 reposts. Repost,4872 Likes. Like,,
1565492582058172420,https://x.com/i/web/status/1565492582058172420,Ciro Gomes,@cirogomes,2022-09-02T00:11:31.000Z,Vou refinanciar a dívida de 66 milhões de brasileiros e vou fazer a mesma coisa para as 6 milhões de empresas que estão no Serasa; vou retomar 14 mil obras paradas e vou forçar a mão na reindustrialização do Brasil produzindo aqui tudo o que estamos importando de fora. #CiroNaCNN,nao,17 Replies. Reply,160 reposts. Repost,800 Likes. Like,,
1565492580376346624,https://x.com/i/web/status/1565492580376346624,Ciro Gomes,@cirogomes,2022-09-02T00:11:31.000Z,"Como pretendo fazer a economia voltar a crescer? Vamos lá: pra começar, precisamos entender que o principal motor de ativação da nossa economia é o consumo das famílias. Então eu quero estabelecer uma cumplicidade com o povo brasileiro.",nao,85 Replies. Reply,358 reposts. Repost,1772 Likes. Like,,
1565490882958295041,https://x.com/i/web/status/1565490882958295041,Ciro Gomes,@cirogomes,2022-09-02T00:04:46.000Z,A primeira pergunta de William Waack foi sobre a declaração de Ciro ontem na Firjan. Veja o que ele respondeu. #CiroNaCNN,nao,161 Replies. Reply,521 reposts. Repost,2345 Likes. Like,,
1565489315483877385,https://x.com/i/web/status/1565489315483877385,Ciro Gomes,@cirogomes,2022-09-01T23:58:32.000Z,"Como é que o nosso povo maravilhoso, trabalhador, dá quase 70% dos votos ao Bolsonaro? Se a gente não tiver humildade pra entender, não vamos achar o caminho. #CiroNaCNN",nao,199 Replies. Reply,394 reposts. Repost,2419 Likes. Like,,
1565487645748346881,https://x.com/i/web/status/1565487645748346881,Ciro Gomes,@cirogomes,2022-09-01T23:51:54.000Z,"LIVE DE EXIBIÇÃO DO TERCEIRO PROGRAMA ELEITORAL CIRO PRESIDENTE 12 | SÃO PAULO/SP | 01/08/2022 
x.com/i/broadcasts/1
…",nao,18 Replies. Reply,229 reposts. Repost,763 Likes. Like,,
1565486721105645569,https://x.com/i/web/status/1565486721105645569,Ciro Gomes,@cirogomes,2022-09-01T23:48:14.000Z,"Presta atenção, galera. Ciro não tem discurso só pra FIRJAN. Ele também tem discurso pra favela. Olha ele aí, anteontem, explicando suas propostas pra moradores da comunidade Tavares Bastos, no Rio de Janeiro. Que outro candidato já fez isso?  /ADM",nao,230 Replies. Reply,600 reposts. Repost,2206 Likes. Like,,
1565483995613347842,https://x.com/i/web/status/1565483995613347842,Ciro Gomes,@cirogomes,2022-09-01T23:37:24.000Z,"Lula está com Renan Calheiros, Eunício Oliveira, Geddel Vieira Lima, os ladrões da Petrobras estão todos hoje juntos com o Lula. Já Bolsonaro esta filiado ao partido do Valdemar Costa Neto, que foi condenado e preso no mensalão. É esse passado sujo que o Brasil mais aguenta mais!",nao,56 Replies. Reply,253 reposts. Repost,1214 Likes. Like,,
1565483993931386882,https://x.com/i/web/status/1565483993931386882,Ciro Gomes,@cirogomes,2022-09-01T23:37:24.000Z,"Eu apresento minha proposta e mostro como posso viabilizar sem vender a presidência da República pro centrão, sem ser cassado ou preso. Não é mais possível que seja repetida essa prática. É isso que destruiu o Brasil. Lula e Bolsonaro são rigorosamente dependentes do tal centrão.",nao,155 Replies. Reply,436 reposts. Repost,2154 Likes. Like,,
1565479312702201857,https://x.com/i/web/status/1565479312702201857,Ciro Gomes,@cirogomes,2022-09-01T23:18:48.000Z,"Tenho uma proposta que chamo de Lei Antiganância que vai permitir a quitação, por lei, de qualquer empréstimo de curto prazo a partir do cidadão pagar duas vezes aquilo que tomou emprestado. #CiroNaCNN",nao,21 Replies. Reply,196 reposts. Repost,907 Likes. Like,,
1565479310496043012,https://x.com/i/web/status/1565479310496043012,Ciro Gomes,@cirogomes,2022-09-01T23:18:47.000Z,"O que eu proponho para fazer uma economia popular de alta energia e de superação de gravíssimas injustiças do Brasil é muito claro. Por exemplo, eu tenho uma proposta com começo, meio e fim de garantir 1.000 reais de renda mínima, com status constitucional.",nao,108 Replies. Reply,369 reposts. Repost,1946 Likes. Like,,
1565474611940270083,https://x.com/i/web/status/1565474611940270083,Ciro Gomes,@cirogomes,2022-09-01T23:00:07.000Z,"Todo mundo pronto pra acompanhar nossa sabatina na 
@CNNBrasil
? Acompanhe ao vivo e participe com a hashtag #CiroNaCNN

 
youtu.be/mdP-roUajEI",nao,77 Replies. Reply,313 reposts. Repost,958 Likes. Like,,
1565451546812420101,https://x.com/i/web/status/1565451546812420101,Ciro Gomes,@cirogomes,2022-09-01T21:28:28.000Z,Responda aqui quais dessas informações sobre minha biografia você já sabia e compartilhe com a turma! ,nao,125 Replies. Reply,379 reposts. Repost,1221 Likes. Like,,
1565431301318098946,https://x.com/i/web/status/1565431301318098946,Ciro Gomes,@cirogomes,2022-09-01T20:08:01.000Z,"Foram muitas emoções neste mês de agosto! Demos início à campanha, anunciamos nossa vice 
@AnaPaulaMatosBA
, participamos de sabatinas e fomos ao primeiro debate presidencial. Todo o carinho que tenho recebido me dá ainda mais forças para seguir na luta pelo Brasil! #AugustDump",nao,5 Replies. Reply,101 reposts. Repost,475 Likes. Like,,
1565431288814882818,https://x.com/i/web/status/1565431288814882818,,,,,,,,,,timeout_ou_tweet_indisponivel
1565416383587942401,https://x.com/i/web/status/1565416383587942401,Ciro Gomes,@cirogomes,2022-09-01T19:08:44.000Z,"Gente boa, hoje temos um encontro imperdível na sabatina da @CNNBrasil, às 20h. A hashtag oficial é: #CiroNaCNN – espero vocês!",nao,315,578,2406,,
1565405819348422657,https://x.com/i/web/status/1565405819348422657,Ciro Gomes,@cirogomes,2022-09-01T18:26:45.000Z,"Turma boa, daqui a pouquinho temos mais um encontro no VIRA VOTO, programa da nossa #CiroTV! Hoje a pergunta do dia é: QUEM DA SUA FAMÍLIA VAI VOTAR 12? 

Venha participar da transmissão AO VIVO pela https://t.co/4nozhWV5CW, começa às 15h!",nao,56,204,795,,
1565401290355736579,https://x.com/i/web/status/1565401290355736579,Ciro Gomes,@cirogomes,2022-09-01T18:08:46.000Z,"Devo muito do que sei ao contato direto e permanente com o povo, com a sabedoria popular. Podem me chamar de tudo, menos de elitista. Quem desrespeita os pobres são aqueles que os tratam com demagogia, mentira e manipulação.",nao,833,1161,4048,,
1565393139963236358,https://x.com/i/web/status/1565393139963236358,Ciro Gomes,@cirogomes,2022-09-01T17:36:22.000Z,Acesse: https://t.co/U7BtKoE3BW – e ajude a campanha que vai construir um Brasil melhor! 🇧🇷,nao,107,320,1075,,
1565369092638375940,https://x.com/i/web/status/1565369092638375940,,,,,,,,,,timeout_ou_tweet_indisponivel
1565368897267572737,https://x.com/i/web/status/1565368897267572737,Ciro Gomes,@cirogomes,2022-09-01T16:00:02.000Z,"A revolução começou em Sobral e foi para todo o Ceará, hoje o estado com a melhor educação pública do Brasil! Agora, queremos levar esse modelo para todo o país. Isso é plenamente viável com o seu voto. Então, vamos juntos? #CiroPresidente12",nao,118,437,1460,,
1565344916166742019,https://x.com/i/web/status/1565344916166742019,Ciro Gomes,@cirogomes,2022-09-01T14:24:45.000Z,Esta é a verdadeira fala de Ciro sobre as favelas.,nao,482,902,3123,,
1565329661281722370,https://x.com/i/web/status/1565329661281722370,Ciro Gomes,@cirogomes,2022-09-01T13:24:08.000Z,GIRO DO CIRO - ENCONTRO COM O MOVIMENTO AGENDA 227 | SÃO PAULO/SP | 01/09/2022 https://t.co/B9aJ8pHvNq,nao,57,265,988,,
1565311102413688833,https://x.com/i/web/status/1565311102413688833,Ciro Gomes,@cirogomes,2022-09-01T12:10:23.000Z,"O #TBT de hoje é pra lembrar da importância dos DEBATES porque só através deles vamos achar, juntos, a saída para a mais profunda, grave e complexa crise da nossa história. Lembrando que hoje vou participar da sabatina da @CNNBrasil, às 20h. Já deixe anotado na agenda!",nao,130,449,1654,,
1565126045451304961,https://x.com/i/web/status/1565126045451304961,Ciro Gomes,@cirogomes,2022-08-31T23:55:02.000Z,"Isso não se dá por acaso. Com medo do nosso crescimento, as máquinas do ódio do petismo e do bolsonarismo destamparam suas usinas de agressões, fake news e manipulações. Assista ao vídeo e tire suas próprias conclusões.",nao,703 Replies. Reply,765 reposts. Repost,4047 Likes. Like,,
1565126040585994241,https://x.com/i/web/status/1565126040585994241,Ciro Gomes,@cirogomes,2022-08-31T23:55:01.000Z,"Aos fatos: a um diretor da Firjan que chamou a palestra de “aula”, respondi, brincando, que era “um comício”. E completei: “imagine explicar na favela, seria pesado”. Usei o termo “gente preparada” no sentido técnico, nunca como menosprezo à sabedoria popular. Que amo e respeito.",nao,495 Replies. Reply,797 reposts. Repost,3999 Likes. Like,,
1565126036345462785,https://x.com/i/web/status/1565126036345462785,Ciro Gomes,@cirogomes,2022-08-31T23:55:00.000Z,A pior luta da sinceridade é contra a hipocrisia. Fiz uma palestra na Firjan sobre temas extremamente técnicos - capazes de serem entendidos por poucos - e conclui com uma autocrítica por usar linguagem tão técnica. Daí a dizer que menosprezei moradores das favelas é muita ma fé.,nao,3407 Replies. Reply,2231 reposts. Repost,7603 Likes. Like,,
1565097148647186434,https://x.com/i/web/status/1565097148647186434,Ciro Gomes,@cirogomes,2022-08-31T22:00:12.000Z,"Esta é uma das perguntas que a turma mais tem feito sobre o nosso RENDA MÍNIMA de R$ 1.000: QUANTO VAI CUSTAR ESSE PROGRAMA e DE ONDE VEM O DINHEIRO? Aqui eu explico direitinho! Assista ao programa completo desta terça 
bit.ly/ProgramaEleito
… e veja mais detalhes sobre o projeto.",nao,309 Replies. Reply,584 reposts. Repost,1720 Likes. Like,,
1565044149543370754,https://x.com/i/web/status/1565044149543370754,Ciro Gomes,@cirogomes,2022-08-31T18:29:37.000Z,"Turma boa, estamos AO VIVO na 
cirotv.com.br com a estreia do nosso programa VIRA VOTO. Acompanhe!",nao,275 Replies. Reply,357 reposts. Repost,1684 Likes. Like,,
1565036726736896000,https://x.com/i/web/status/1565036726736896000,Ciro Gomes,@cirogomes,2022-08-31T18:00:07.000Z,"Você ainda tem dúvidas sobre o RENDA MÍNIMA DE R$ 1.000? Nesse corte do nosso segundo programa eleitoral, Ana Paula Matos traz um exemplo bem didático. Assista o programa completo 
bit.ly/ProgramaEleito
… e compartilhe com a turma!",nao,102 Replies. Reply,425 reposts. Repost,1395 Likes. Like,,
1564996943037726721,https://x.com/i/web/status/1564996943037726721,Ciro Gomes,@cirogomes,2022-08-31T15:22:02.000Z,"Alexa, quem é Ciro Gomes?",nao,271 Replies. Reply,675 reposts. Repost,2655 Likes. Like,,
1564963328199360513,https://x.com/i/web/status/1564963328199360513,Ciro Gomes,@cirogomes,2022-08-31T13:08:27.000Z,"Feliz aniversário, querido 
@edmarcrf
! Que você e sua linda família sejam muito abençoados. Vamos à luta para construir o futuro que nós brasileiros merecemos. Forte abraço! ",nao,14 Replies. Reply,66 reposts. Repost,852 Likes. Like,,
1564946159868825606,https://x.com/i/web/status/1564946159868825606,Ciro Gomes,@cirogomes,2022-08-31T12:00:14.000Z,"Quer saber mais? Assista ao nosso segundo programa eleitoral completo 
bit.ly/ProgramaEleito
… e conheça melhor essa e outras propostas no site oficial: 
cirogomes.com.br.",nao,40 Replies. Reply,162 reposts. Repost,600 Likes. Like,,
1564946154638516225,https://x.com/i/web/status/1564946154638516225,Ciro Gomes,@cirogomes,2022-08-31T12:00:13.000Z,Conheça um pouco mais sobre o RENDA MÍNIMA EDUARDO SUPLICY – o maior programa de renda da história do Brasil que vai garantir R$ 1.000 mensais aos brasileiros e brasileiras que mais precisam.  #CiroPresidente12,nao,150 Replies. Reply,605 reposts. Repost,1863 Likes. Like,,
1564781666765357062,https://x.com/i/web/status/1564781666765357062,Ciro Gomes,@cirogomes,2022-08-31T01:06:36.000Z,"Pra quem não viu (ou pra quem quer rever), segue o nosso segundo programa eleitoral completo – exibido há pouco na 
cirotv.com.br. Compartilhe com a turma e deixe seu comentário!",nao,239 Replies. Reply,673 reposts. Repost,1705 Likes. Like,,
1564778660204122112,https://x.com/i/web/status/1564778660204122112,Ciro Gomes,@cirogomes,2022-08-31T00:54:39.000Z,"Por exemplo, um operário da construção civil que ganha um salário-mínimo e tem a mulher desempregada e dois filhos, ele ganha o salário-mínimo, mas tem quatro bocas pra dividir esse salário, o que dá 200 reais por cabeça. O que vou fazer e aumentar para 417 reais por pessoa.",nao,37 Replies. Reply,225 reposts. Repost,1125 Likes. Like,,
1564778657486356486,https://x.com/i/web/status/1564778657486356486,Ciro Gomes,@cirogomes,2022-08-31T00:54:38.000Z,"O programa de renda mínima Eduardo Suplicy não vem para concorrer com o salário-mínimo, mas sim para complementar a renda das famílias.",nao,111 Replies. Reply,432 reposts. Repost,2459 Likes. Like,,
1564777176628707329,https://x.com/i/web/status/1564777176628707329,Ciro Gomes,@cirogomes,2022-08-31T00:48:45.000Z,"Lula anunciou hoje que vai fazer o mesmo programa que eu estou propondo do SPC, mas no caso dele é só marketing, ele não estudou sobre isso, não sabe como fazer.",nao,4074 Replies. Reply,1846 reposts. Repost,14519 Likes. Like,,
1564772530036023297,https://x.com/i/web/status/1564772530036023297,Ciro Gomes,@cirogomes,2022-08-31T00:30:17.000Z,"Ana Paula (
@AnaPaulaMatosBA
): Tenho muito orgulho da cor da minha pele, do meu sangue negro, mas sei que o meu avô, que tinha a pele muito mais preta que a minha, sofreu muito mais preconceito do que eu. Nós temos toda uma ancestralidade pra respeitar e muita dor pra resgatar.",nao,184 Replies. Reply,493 reposts. Repost,2627 Likes. Like,,
1564772145858838534,https://x.com/i/web/status/1564772145858838534,Ciro Gomes,@cirogomes,2022-08-31T00:28:46.000Z,"O Brasil é tão desigual, tão injusto, que essa cobrança só vai atingir 58 mil pessoas de um total de 212 milhões de brasileiros.",nao,29 Replies. Reply,264 reposts. Repost,1966 Likes. Like,,
1564772143916896257,https://x.com/i/web/status/1564772143916896257,Ciro Gomes,@cirogomes,2022-08-31T00:28:45.000Z,"Estudei e vou cobrar um imposto sobre grandes fortunas, que está autorizado na Constituição do Brasil, mas nem o Lula nem o Bolsonaro tiraram do papel. 

Esse imposto será de 50 centavos de cada 100 reais apenas dos patrimônios maiores do que 20 milhões de reais.",nao,498 Replies. Reply,831 reposts. Repost,5878 Likes. Like,,
1564771498279243776,https://x.com/i/web/status/1564771498279243776,Ciro Gomes,@cirogomes,2022-08-31T00:26:11.000Z, Vamos livrar mais de 66 milhões de pessoas que estão com o nome sujo no SPC/Serasa com o refinanciamento das dívidas através de descontos de 70% a 90%.,nao,10 Replies. Reply,245 reposts. Repost,1130 Likes. Like,,
1564771496475639808,https://x.com/i/web/status/1564771496475639808,Ciro Gomes,@cirogomes,2022-08-31T00:26:11.000Z," Criação da Lei Antiganância, que vai acabar com o abuso dos bancos sobre os brasileiros que ficaram pendurados no empréstimo, no cheque especial ou no cartão de crédito.",nao,10 Replies. Reply,262 reposts. Repost,1288 Likes. Like,,
1564771494579806211,https://x.com/i/web/status/1564771494579806211,Ciro Gomes,@cirogomes,2022-08-31T00:26:11.000Z,"Com três grandes passos nós vamos mudar a vida de milhões de famílias:

 Criação do maior programa de transferência de renda da nossa história – o Programa de Renda Mínima Eduardo Suplicy, que vai garantir R$ 1.000 reais mensais aos brasileiros mais carentes.",nao,54 Replies. Reply,465 reposts. Repost,2117 Likes. Like,,
1564766287204581377,https://x.com/i/web/status/1564766287204581377,Ciro Gomes,@cirogomes,2022-08-31T00:05:29.000Z,Comigo não vai ter essa de agradar os ricos e dar migalhas para os pobres. Muito pelo contrário. Nós vamos acabar de vez com a miséria e a pobreza neste Brasil tão generoso pra uns poucos e tão injusto com a grande maioria.,nao,342 Replies. Reply,545 reposts. Repost,3115 Likes. Like,,
1564766179994046464,https://x.com/i/web/status/1564766179994046464,Ciro Gomes,@cirogomes,2022-08-31T00:05:03.000Z,Vou priorizar a vida de quem mais precisa e de quem deixou seus sonhos para trás porque trabalha e vive apenas pra pagar dívidas. Isso só será possível com visão estratégica e coragem para enfrentar o sistema financeiro.,nao,55 Replies. Reply,295 reposts. Repost,1501 Likes. Like,,
1564761293151764483,https://x.com/i/web/status/1564761293151764483,Ciro Gomes,@cirogomes,2022-08-30T23:45:38.000Z,"LIVE DE EXIBIÇÃO DO SEGUNDO PROGRAMA ELEITORAL CIRO PRESIDENTE 12 | RIO DE JANEIRO/RJ | 30/08/2022 
x.com/i/broadcasts/1
…",nao,30 Replies. Reply,352 reposts. Repost,1067 Likes. Like,,
1564760852162543616,https://x.com/i/web/status/1564760852162543616,Ciro Gomes,@cirogomes,2022-08-30T23:43:53.000Z,"E aí gente boa, todo mundo ON na 
cirotv.com.br? Já já, às 20h45, entramos AO VIVO! Mande suas perguntas e participe com a hashtag: #CiroTV.",nao,32 Replies. Reply,217 reposts. Repost,819 Likes. Like,,
1564749750846590981,https://x.com/i/web/status/1564749750846590981,Ciro Gomes,@cirogomes,2022-08-30T22:59:46.000Z,Descubra em 30 segundos porque sou o candidato mais preparado desta campanha.  #CiroPresidente12,nao,157 Replies. Reply,683 reposts. Repost,2230 Likes. Like,,
1564735181071814657,https://x.com/i/web/status/1564735181071814657,Ciro Gomes,@cirogomes,2022-08-30T22:01:53.000Z,"De onde você vai assistir a live de hoje na 
cirotv.com.br?  Lembrando que começa às 20h45!",nao,206 Replies. Reply,339 reposts. Repost,1513 Likes. Like,,
1564719608916877313,https://x.com/i/web/status/1564719608916877313,Ciro Gomes,@cirogomes,2022-08-30T21:00:00.000Z,"500 MIL NO YOUTUBE! E vamos continuar crescendo! 

Corre lá no canal pra fazer sua inscrição e compartilhe com os amigos: 
youtube.com/CiroGomesOfici
…",nao,137 Replies. Reply,439 reposts. Repost,2190 Likes. Like,,
1564704511813304320,https://x.com/i/web/status/1564704511813304320,Ciro Gomes,@cirogomes,2022-08-30T20:00:01.000Z,"O tamanho da miséria no Brasil é assustador. Veja aqui mais esse corte do nosso primeiro programa e não esqueça – hoje, às 20H45 em ponto, temos um encontro na 
cirotv.com.br.",nao,75 Replies. Reply,407 reposts. Repost,1292 Likes. Like,,
1564685030550634496,https://x.com/i/web/status/1564685030550634496,Ciro Gomes,@cirogomes,2022-08-30T18:42:36.000Z,"Logo depois do Diálogo Unecs, partimos para uma caminhada no Mercado Central do Núcleo Bandeirante, com nossa candidata ao Governo do DF, 
@leiladovolei
. Estamos sentindo – aqui e no Brasil – um grande movimento de virada acontecendo! Vamos juntos pela mudança! ",nao,70 Replies. Reply,336 reposts. Repost,1386 Likes. Like,,
1564659274919415809,https://x.com/i/web/status/1564659274919415809,Ciro Gomes,@cirogomes,2022-08-30T17:00:15.000Z,"Hoje estive no Diálogo Unecs, em Brasília, onde falei sobre a necessidade de criarmos um novo código brasileiro do trabalho, que trará empresários, trabalhadores e as melhores práticas internacionais para o centro do debate. Veja a sabatina completa: 
youtu.be/Eo33l4fwaWI",nao,56 Replies. Reply,260 reposts. Repost,1041 Likes. Like,,
1564644139131719685,https://x.com/i/web/status/1564644139131719685,Ciro Gomes,@cirogomes,2022-08-30T16:00:07.000Z,"Lembrando que logo depois do Horário Eleitoral da noite temos um encontro AO VIVO na 
cirotv.com.br.",nao,27 Replies. Reply,173 reposts. Repost,736 Likes. Like,,
1564644134517968899,https://x.com/i/web/status/1564644134517968899,Ciro Gomes,@cirogomes,2022-08-30T16:00:06.000Z,"O programa eleitoral de hoje foi sobre algumas das nossas principais propostas, como o Renda Mínima Eduardo Suplicy – que vai ser o maior programa de transferência de renda da nossa história, garantindo R$ 1.000 a todas as famílias carentes do Brasil.",nao,118 Replies. Reply,513 reposts. Repost,1851 Likes. Like,,
1564638860474195969,https://x.com/i/web/status/1564638860474195969,Ciro Gomes,@cirogomes,2022-08-30T15:39:08.000Z,"GIRO DO CIRO - CAMINHADA COM LEILA BARROS | BRASÍLIA/DF | 30/08/2022 
x.com/i/broadcasts/1
…",nao,51 Replies. Reply,210 reposts. Repost,863 Likes. Like,,
1564630656243605508,https://x.com/i/web/status/1564630656243605508,Ciro Gomes,@cirogomes,2022-08-30T15:06:32.000Z,"Pessoal, hoje à noite temos mais um encontro AO VIVO na #CiroTV – diretamente do Rio de Janeiro! Acompanhe a transmissão do nosso segundo programa eleitoral completo, com direito a muitos reacts, interação com quem estiver participando, e muito mais. Espero vocês às 20h45!",nao,105,384,1405,,
1564611102838775813,https://x.com/i/web/status/1564611102838775813,Ciro Gomes,@cirogomes,2022-08-30T13:48:50.000Z,,nao,82 Replies. Reply,396 reposts. Repost,1333 Likes. Like,,
1564588964698357762,https://x.com/i/web/status/1564588964698357762,Ciro Gomes,@cirogomes,2022-08-30T12:20:52.000Z,GIRO DO CIRO - ENCONTRO COM A UNIÃO NACIONAL DE ENTIDADES DO COMÉRCIO E SERVIÇOS | BRASÍLIA/DF | 30/08/2022,nao,56 Replies. Reply,313 reposts. Repost,1133 Likes. Like,,
1564584540923957249,https://x.com/i/web/status/1564584540923957249,Ciro Gomes,@cirogomes,2022-08-30T12:03:17.000Z,"Bom dia, gente boa! Estamos em Brasília e daqui a pouco temos um encontro AO VIVO com a União Nacional de Entidades do Comércio e Serviços. Acompanhe! 
cirotv.com.br",nao,118 Replies. Reply,309 reposts. Repost,1661 Likes. Like,,
1564401501526806528,https://x.com/i/web/status/1564401501526806528,Ciro Gomes,@cirogomes,2022-08-29T23:55:57.000Z,"Logo mais, às 21h, vamos estrear a nossa MESA 12 na #CiroTV! O programa vai contar com a presença de ativistas divertidos e bem humorados, que vão comentar os fatos mais recentes (e quentes) da campanha eleitoral. Não perca: 
cirotv.com.br",nao,214 Replies. Reply,366 reposts. Repost,1867 Likes. Like,,
1564358643818139650,https://x.com/i/web/status/1564358643818139650,Ciro Gomes,@cirogomes,2022-08-29T21:05:39.000Z,"Movimentamos as redes com o lançamento da #CiroTV! Confira como foi a estreia do nosso canal e compartilhe com a turma: 
CiroTv.com.br",nao,149 Replies. Reply,362 reposts. Repost,1486 Likes. Like,,
1564329798847139842,https://x.com/i/web/status/1564329798847139842,Ciro Gomes,@cirogomes,2022-08-29T19:11:02.000Z,Não adianta só mudar os políticos. O importante é eleger políticos que queiram mudar a política. Veja aqui esse corte do programa transmitido pela https://t.co/azPKEpkFfH,nao,259,500,2295,,
1564267643879800833,https://x.com/i/web/status/1564267643879800833,Ciro Gomes,@cirogomes,2022-08-29T15:04:03.000Z,"GIRO DO CIRO NA CIROTV - DEBATE SOBRE INFRAESTRUTURA E INDÚSTRIAS COM A ABDIB | SÃO PAULO/SP | 29/08/2022 
x.com/i/broadcasts/1
…",nao,360 Replies. Reply,343 reposts. Repost,1351 Likes. Like,,
1564267048938733569,https://x.com/i/web/status/1564267048938733569,Ciro Gomes,@cirogomes,2022-08-29T15:01:41.000Z,"Pessoal, daqui a pouco tem #GiroDoCiro AO VIVO na 
cirotv.com.br. Acompanhe!",nao,192 Replies. Reply,252 reposts. Repost,1464 Likes. Like,,
1564255811307819015,https://x.com/i/web/status/1564255811307819015,Ciro Gomes,@cirogomes,2022-08-29T14:17:02.000Z,"Quer conhecer melhor a minha trajetória? Então, veja esse trecho do programa completo que transmitimos pela 
CiroTV.com.br. #CiroPresidente12",nao,382 Replies. Reply,554 reposts. Repost,2146 Likes. Like,,
1564221388554108930,https://x.com/i/web/status/1564221388554108930,Ciro Gomes,@cirogomes,2022-08-29T12:00:15.000Z,"Curtiu? De onde veio essa proposta tem muito mais! Conheça detalhes do nosso projeto: 
cirogomes.com.br",nao,82 Replies. Reply,151 reposts. Repost,832 Likes. Like,,
1564221386318561282,https://x.com/i/web/status/1564221386318561282,Ciro Gomes,@cirogomes,2022-08-29T12:00:14.000Z, QUEM VAI TER DIREITO? Todas as famílias que se encontram abaixo da linha da pobreza.,nao,30 Replies. Reply,172 reposts. Repost,1181 Likes. Like,,
1564221383999213568,https://x.com/i/web/status/1564221383999213568,Ciro Gomes,@cirogomes,2022-08-29T12:00:14.000Z," Afinal, nada mais justo que os super-ricos paguem um pouquinho dessa fortuna pra tirar a fome, a miséria e a humilhação da maioria esmagadora, né?",nao,30 Replies. Reply,221 reposts. Repost,1364 Likes. Like,,
1564221381520330752,https://x.com/i/web/status/1564221381520330752,Ciro Gomes,@cirogomes,2022-08-29T12:00:13.000Z," DE ONDE VEM O DINHEIRO? De programas de transferência de renda já existentes (como o Auxílio Brasil, antigo Bolsa Família) + imposto sobre grandes fortunas e taxação de lucros e dividendos –",nao,14 Replies. Reply,162 reposts. Repost,873 Likes. Like,,
1564221379091857413,https://x.com/i/web/status/1564221379091857413,Ciro Gomes,@cirogomes,2022-08-29T12:00:13.000Z," GARANTIA – O programa será um direito constitucional, ou seja, ele estará garantido seja qual for o governo. Exatamente por isso, vai acabar com as chantagens e ameaças que aparecem em toda eleição.",nao,13 Replies. Reply,153 reposts. Repost,772 Likes. Like,,
1564221376709419009,https://x.com/i/web/status/1564221376709419009,Ciro Gomes,@cirogomes,2022-08-29T12:00:12.000Z," O QUE É? O Programa de Renda Mínima ‘Eduardo Suplicy’ será o maior programa de transferência de renda da nossa história. Ele vai garantir uma renda de R$1 mil, em média, para 24,2 milhões de famílias carentes.",nao,15 Respostas. Resposta,186 reposts. Repost,874 Curtidas. Curtida,,
1564221373022720000,https://x.com/i/web/status/1564221373022720000,Ciro Gomes,@cirogomes,2022-08-29T12:00:11.000Z,"AQUI A RENDA MÍNIMA VAI SER DE R$1.000 MENSAIS PREVISTOS POR LEI – independente do governo! 

Ainda não conhece o nosso Programa de Renda Mínima ‘Eduardo Suplicy’? Então corre aqui e aproveita pra compartilhar com a turma 🧶",nao,554,633,2976,,
1564210181797470212,https://x.com/i/web/status/1564210181797470212,Ciro Gomes,@cirogomes,2022-08-29T11:15:43.000Z,"Defensor irresponsável do uso de armas, Bolsonaro é a prova mais legítima do risco - para si e para a sociedade - do manuseio de armas de fogo por pessoas despreparadas. Deixei claro isso no debate.",nao,327 Respostas. Resposta,956 reposts. Repost,4689 Curtidas. Curtida,,
1564206052341698563,https://x.com/i/web/status/1564206052341698563,Ciro Gomes,@cirogomes,2022-08-29T10:59:19.000Z,"Já me solidarizei com Vera Magalhães durante o debate e volto a fazer agora. Bolsonaro exibiu seu lado mais sórdido e covarde, não só por agredir uma talentosa jornalista, como por ela estar impedida -pelas regras do debate- de usar a palavra para se defender.",nao,6672 Respostas. Resposta,1465 reposts. Repost,17873 Curtidas. Curtida,,
1564107503834746880,https://x.com/i/web/status/1564107503834746880,Ciro Gomes,@cirogomes,2022-08-29T04:27:43.000Z,"Ciro reforça seu compromisso para livrar o Brasil da mais grave crise da história. ""É preciso mudar esse modelo econômico e político, que só produz estagnação por um lado e corrupção por outro"". #DebateNaBand",nao,156 Respostas. Resposta,704 reposts. Repost,3052 Curtidas. Curtida,,
1564103736187912192,https://x.com/i/web/status/1564103736187912192,Ciro Gomes,@cirogomes,2022-08-29T04:12:45.000Z,"Chega de ódio, chega de incompetência, chega de corrupção e chega de falta de projeto. Eu te peço, com muita humildade, que me dê uma oportunidade. Vamos mudar o Brasil. Tá na hora da virada, gente boa! É 12! #CiroNaBand",nao,1163 Respostas. Resposta,771 reposts. Repost,6092 Curtidas. Curtida,,
1564103307886563339,https://x.com/i/web/status/1564103307886563339,Ciro Gomes,@cirogomes,2022-08-29T04:11:02.000Z,O amor da minha vida é o BRASIL e o sentido moral da minha vida é lutar pra mudar nosso país. Eu quero o lugar na história de quem deu oportunidade e dignidade para todos. #CiroNaBand,nao,183 Respostas. Resposta,409 reposts. Repost,2479 Curtidas. Curtida,,
1564102688740106242,https://x.com/i/web/status/1564102688740106242,Ciro Gomes,@cirogomes,2022-08-29T04:08:35.000Z,"Depois de Lula, foi a vez de Bolsonaro apelar contra Ciro com o tema Patrícia Pillar. Mas Ciro respondeu à altura. Veja aqui. #DebateNaBand",nao,466 Respostas. Resposta,1046 reposts. Repost,6073 Curtidas. Curtida,,
1564091619309244418,https://x.com/i/web/status/1564091619309244418,Ciro Gomes,@cirogomes,2022-08-29T03:24:36.000Z,Ciro lembrou nesse trecho do debate que o PT praticou os juros mais altos do planeta e levou mais de 66 milhões de pessoas e 6 milhões de empresas para o SPC e Serasa. E explicou como pretende limpar o nome de todo mundo. Confira. #DebateNaBand,nao,121 Respostas. Resposta,411 reposts. Repost,1932 Curtidas. Curtida,,
1564087992892915714,https://x.com/i/web/status/1564087992892915714,Ciro Gomes,@cirogomes,2022-08-29T03:10:11.000Z,"É por meio do DEBATE que vamos achar – juntos – a saída para a mais profunda, grave e complexa crise da nossa história. A minha luta não é contra nenhum dos outros candidatos presentes no #DebateNaBand. Minha luta é contra este modelo econômico e de governança política.",nao,328 Respostas. Resposta,509 reposts. Repost,3489 Curtidas. Curtida,,
1564084722044735488,https://x.com/i/web/status/1564084722044735488,Ciro Gomes,@cirogomes,2022-08-29T02:57:11.000Z,Ciro deixou claro que atribui a Lula a contradição moral e econômica que fez surgir um presidente como Bolsonaro e explicou por quê. Veja aqui. #DebateNaBand,nao,361,830,4554,,
1564082089313591303,https://x.com/i/web/status/1564082089313591303,Ciro Gomes,@cirogomes,2022-08-29T02:46:43.000Z,"A pergunta era sobre vacina. Ciro comentou, enquanto Bolsonaro atacou a apresentadora Vera Magalhães e a candidata Simone Tebet. Veja a réplica de Ciro. #DebateNaBand",nao,234 Respostas. Resposta,772 reposts. Repost,4092 Curtidas. Curtida,,
1564079314605334528,https://x.com/i/web/status/1564079314605334528,Ciro Gomes,@cirogomes,2022-08-29T02:35:42.000Z,"Arma só serve para matar. No interior do Brasil, onde não existe a polícia pra se chamar, concordo que a pessoa possa ter uma arma em casa para proteção. Mas acabar com a regulação do Exército no sensoriamento de armas e munições só presta para reforçar as milícias. #DebateNaBand",nao,94 Respostas. Resposta,422 reposts. Repost,2353 Curtidas. Curtida,,
1564079005606739969,https://x.com/i/web/status/1564079005606739969,Ciro Gomes,@cirogomes,2022-08-29T02:34:28.000Z,"Eu não sou um daqueles críticos que esquece a realidade e os limites, mas uma coisa é fato: o governo Bolsonaro não conseguiu responder nem a questão econômica nem a questão política, que segue tendo a roubalheira como eixo central do modelo de governança. #DebateNaBand",nao,56 Respostas. Resposta,339 reposts. Repost,1702 Curtidas. Curtida,,
1564078660562583552,https://x.com/i/web/status/1564078660562583552,Ciro Gomes,@cirogomes,2022-08-29T02:33:06.000Z,A lei que estou propondo de combate à ganância faz com que a quitação da dívida das pessoas aconteça quando elas pagarem o dobro do que estavam devendo. Não é razoável essa escravidão eterna dos brasileiros com os bancos. #DebateNaBand,nao,48 Respostas. Resposta,371 reposts. Repost,1866 Curtidas. Curtida,,
1564078486398160896,https://x.com/i/web/status/1564078486398160896,Ciro Gomes,@cirogomes,2022-08-29T02:32:24.000Z,"Hoje, 78 de cada 100 mulheres brasileiras estão no limite recorde de endividamento. Elas não vão sair dessa dívida sem uma política pública que as ajude. É preciso ter um programa de renda mínima que erradique a miséria no Brasil. #DebateNaBand",nao,43 Respostas. Resposta,321 reposts. Repost,1682 Curtidas. Curtida,,
1564077044211875846,https://x.com/i/web/status/1564077044211875846,Ciro Gomes,@cirogomes,2022-08-29T02:26:41.000Z,"“Eu serei o presidente da EDUCAÇÃO”. Aqui, respondendo a Felipe D’Ávila, Ciro assumiu um de seus maiores compromissos com o povo brasileiro. #DebateNaBand",nao,62 Replies. Reply,445 reposts. Repost,2113 Likes. Like,,
1564074457626443778,https://x.com/i/web/status/1564074457626443778,Ciro Gomes,@cirogomes,2022-08-29T02:16:24.000Z,"Precisamos restaurar o poder de compra das famílias. Renegociar a dívida dos brasileiros é possível. Vamos fazer leilões para reduzir a dívida pra uma média de R$ 1.400,00 e financiar esse valor em várias prestações, com juros moderados. É simples e eu posso fazer! #CiroNaBand",nao,52 Replies. Reply,332 reposts. Repost,1650 Likes. Like,,
1564073643809857539,https://x.com/i/web/status/1564073643809857539,Ciro Gomes,@cirogomes,2022-08-29T02:13:10.000Z,"O Lula se deixou corromper. HOJE, 2022, ele está de novo com Geddel Vieira Lima, com Renan Calheiros, com Eunício Oliveira e por aí vai. Pesquise quem são essas pessoas. #DebateNaBand",nao,552 Replies. Reply,898 reposts. Repost,5291 Likes. Like,,
1564073177218781184,https://x.com/i/web/status/1564073177218781184,Ciro Gomes,@cirogomes,2022-08-29T02:11:19.000Z,"Precisamos reconciliar o Brasil ao redor de um novo e generoso projeto que mude o modelo econômico e o modelo de governança, que é o mesmo patrocinado por Lula e Bolsonaro e que coloca a corrupção como centro da organização política. #DebateNaBand",nao,79 Replies. Reply,318 reposts. Repost,1461 Likes. Like,,
1564072854311903233,https://x.com/i/web/status/1564072854311903233,Ciro Gomes,@cirogomes,2022-08-29T02:10:02.000Z,Atribuo a eleição de Bolsonaro à contradição econômica e moral do Lula e do PT. Bolsonaro não desceu de Marte com essas contradições todas. Ele foi resultado de um protesto contra a devastadora crise econômica e corrupção generalizada que o Lula e o PT produziram. #DebateNaBand,nao,126 Replies. Reply,357 reposts. Repost,1719 Likes. Like,,
1564072300076482565,https://x.com/i/web/status/1564072300076482565,Ciro Gomes,@cirogomes,2022-08-29T02:07:50.000Z,"Enquanto persistir este nível de agressividade entre PT x Bolsonaro, correremos sérios riscos. É hora de reconciliar nosso povo e olhar para o futuro. #DebateNaBand",nao,269 Replies. Reply,404 reposts. Repost,2451 Likes. Like,,
1564071459085062145,https://x.com/i/web/status/1564071459085062145,Ciro Gomes,@cirogomes,2022-08-29T02:04:29.000Z,"No #DebateNaBand, Lula apelou para a fake news de que Ciro foi a Paris para não votar em Haddad em 2018. Veja aqui a verdade.",nao,221 Replies. Reply,835 reposts. Repost,2604 Likes. Like,,
1564069246136684545,https://x.com/i/web/status/1564069246136684545,Ciro Gomes,@cirogomes,2022-08-29T01:55:41.000Z,"Ciro perguntou a Bolsonaro porque ele nega a existência da fome no Brasil. Bolsonaro enrolou, enrolou e não disse nada. Na réplica, Ciro apresentou os números que dão a real dimensão desse drama. #DebateNaBand",nao,406 Replies. Reply,678 reposts. Repost,3685 Likes. Like,,
1564063373934956544,https://x.com/i/web/status/1564063373934956544,Ciro Gomes,@cirogomes,2022-08-29T01:32:21.000Z,Quero dizer ao povo brasileiro que eu serei o PRESIDENTE DA EDUCAÇÃO e aquele que vai cuidar do bolso das famílias mais carentes. #DebateNaBand,nao,233 Replies. Reply,503 reposts. Repost,3226 Likes. Like,,
1564062956085723141,https://x.com/i/web/status/1564062956085723141,Ciro Gomes,@cirogomes,2022-08-29T01:30:42.000Z,"Entre desalento e desemprego aberto, são 15 milhões de brasileiros. Mais de 50 milhões estão na informalidade – com jornada semanal de 50/60 horas, sem descanso, sem férias, sem 13º salário e sem nenhum tipo de aposentadoria. Este é o Brasil que estão produzindo. #DebateNaBand",nao,58 Replies. Reply,374 reposts. Repost,1731 Likes. Like,,
1564062326889881603,https://x.com/i/web/status/1564062326889881603,Ciro Gomes,@cirogomes,2022-08-29T01:28:12.000Z,Tudo no Brasil está fora do lugar! Me choca ouvir Bolsonaro dizer que a economia brasileira está bombando. #DebateNaBand,nao,517 Replies. Reply,666 reposts. Repost,5140 Likes. Like,,
1564056856997273600,https://x.com/i/web/status/1564056856997273600,Ciro Gomes,@cirogomes,2022-08-29T01:06:28.000Z,"No Ceará, 60% dos estudantes do ensino médio já estão em tempo integral, boa parte com ensino profissionalizante. Saem da escola com estágio remunerado e mais de 93% são contratados pelas empresas. Essa é uma experiência que quero levar para todo o Brasil! #DebateNaBand",nao,178 Replies. Reply,395 reposts. Repost,1907 Likes. Like,,
1564056102421073921,https://x.com/i/web/status/1564056102421073921,Ciro Gomes,@cirogomes,2022-08-29T01:03:28.000Z,"Além disso, será o MAIOR PROGRAMA DE TRANSFERÊNCIA DE RENDA DA NOSSA HISTÓRIA – assegurando o valor de R$ 1.000 por domicílio, acabando com a fome e a manipulação política e demagógica da miséria do povo. #DebateNaBand",nao,18 Replies. Reply,208 reposts. Repost,1040 Likes. Like,,
1564056100063813633,https://x.com/i/web/status/1564056100063813633,Ciro Gomes,@cirogomes,2022-08-29T01:03:27.000Z,"Precisamos encerrar essa disputa de quem é mais Papai Noel em véspera de eleição, que mostra os limites politiqueiros de uma política de renda. Nosso PROGRAMA DE RENDA MÍNIMA EDUARDO SUPLICY vai ser um direito constitucional, ou seja, estará garantido seja qual for o governo. ",nao,55 Replies. Reply,460 reposts. Repost,2289 Likes. Like,,
1564053457983754240,https://x.com/i/web/status/1564053457983754240,Ciro Gomes,@cirogomes,2022-08-29T00:52:57.000Z,"É uma aberração o Brasil ter um presidente como Bolsonaro, que simplesmente ignora a realidade de que hoje mais de 33 milhões de brasileiros estão passando fome. #CiroNaBand",nao,501 Replies. Reply,979 reposts. Repost,7027 Likes. Like,,
1564049614688362498,https://x.com/i/web/status/1564049614688362498,Ciro Gomes,@cirogomes,2022-08-29T00:37:41.000Z,"Para isso, precisamos mudar o padrão pedagógico, trocando o decoreba por um ensino emancipador que os tempos digitais pedem, e reforçar estruturalmente o financiamento da educação. Pode anotar e me cobrar lá na frente! #CiroNaBand",nao,14 Replies. Reply,196 reposts. Repost,1053 Likes. Like,,
1564049611500789760,https://x.com/i/web/status/1564049611500789760,Ciro Gomes,@cirogomes,2022-08-29T00:37:40.000Z,Educação é nossa PRIORIDADE e vamos colocar a educação no Brasil entre as dez melhores do mundo num prazo de 15 anos. #CiroNaBand,nao,16 Replies. Reply,234 reposts. Repost,1399 Likes. Like,,
1564049609772728320,https://x.com/i/web/status/1564049609772728320,Ciro Gomes,@cirogomes,2022-08-29T00:37:40.000Z,"A primeira pergunta sobre EDUCAÇÃO é realmente um presente. No Ceará, temos 79 das 100 melhores escolas públicas do Brasil e já estamos encaminhando uma equação para esse prejuízo grave que a pandemia causou entre a comunidade escolar. #CiroNaBand",nao,119 Replies. Reply,621 reposts. Repost,3474 Likes. Like,,
1564048670919639040,https://x.com/i/web/status/1564048670919639040,Ciro Gomes,@cirogomes,2022-08-29T00:33:56.000Z,A primeira participação de Ciro no debate foi sobre EDUCAÇÃO PÚBLICA. E ele mostrou porque é o candidato mais preparado. Confira aqui. #CiroNaBand,nao,215 Replies. Reply,834 reposts. Repost,4098 Likes. Like,,
1564039016596611073,https://x.com/i/web/status/1564039016596611073,Ciro Gomes,@cirogomes,2022-08-28T23:55:34.000Z,"Vai começar, gente boa! Acompanhe ao vivo também no link: 
youtu.be/WwdgWl_nmKI

#CiroNaBand",nao,83 Replies. Reply,274 reposts. Repost,1201 Likes. Like,,
1564019138489614336,https://x.com/i/web/status/1564019138489614336,Ciro Gomes,@cirogomes,2022-08-28T22:36:35.000Z,"Fala, turma boa! Me contem aí, o que vocês esperam do debate daqui a pouco?  #CiroNaBand",nao,2209 Replies. Reply,587 reposts. Repost,6299 Likes. Like,,
1563994834745958400,https://x.com/i/web/status/1563994834745958400,Ciro Gomes,@cirogomes,2022-08-28T21:00:00.000Z,"Nesse corte do meu programa completo na 
CiroTV.com.br, mostro o espanto que é entrar num supermercado hoje em dia. Como pode?",nao,96 Replies. Reply,385 reposts. Repost,1430 Likes. Like,,
1563982145667866626,https://x.com/i/web/status/1563982145667866626,Ciro Gomes,@cirogomes,2022-08-28T20:09:35.000Z,"Registros da grande festa de hoje no lançamento da candidatura do meu querido amigo e futuro deputado federal por São Paulo, 
@antonionetopdt
. Estamos juntos! ",nao,42 Replies. Reply,230 reposts. Repost,1152 Likes. Like,,
1563950545882288131,https://x.com/i/web/status/1563950545882288131,Ciro Gomes,@cirogomes,2022-08-28T18:04:01.000Z,"ESTAMOS NO AR! Acompanhe a programação da 
cirotv.com.br.",nao,52 Replies. Reply,305 reposts. Repost,1196 Likes. Like,,
1563920627442270209,https://x.com/i/web/status/1563920627442270209,Ciro Gomes,@cirogomes,2022-08-28T16:05:08.000Z,"Se liguem na novidade: hoje, a partir de 15h, estreamos nossa programação 24h na 
cirotv.com.br. Nossa plataforma de TV terá transmissão de diferentes formas e lugares do Brasil, com uma programação cada vez mais especial e diversificada. Vem com a gente! #CiroTV",nao,77 Replies. Reply,398 reposts. Repost,1489 Likes. Like,,
1563905452542402560,https://x.com/i/web/status/1563905452542402560,Ciro Gomes,@cirogomes,2022-08-28T15:04:50.000Z,"Gente boa, hoje acontece nosso primeiro debate! É um momento importante para discutir propostas e mostrar ao povo que existe uma alternativa pra essa polarização odienta que está destruindo o Brasil. Encontro vocês às 21h!",nao,364 Replies. Reply,791 reposts. Repost,3778 Likes. Like,,
1563859708439674882,https://x.com/i/web/status/1563859708439674882,Ciro Gomes,@cirogomes,2022-08-28T12:03:04.000Z,"Tenho um novo Projeto Nacional de Desenvolvimento com sínteses  das melhores experiências internacionais do momento, atualizado e adaptado para o Brasil moderno, mas com o sopro inspirador de Getúlio e Juscelino. #CiroPresidente12",nao,103 Replies. Reply,552 reposts. Repost,2009 Likes. Like,,
1563710623921356803,https://x.com/i/web/status/1563710623921356803,Ciro Gomes,@cirogomes,2022-08-28T02:10:39.000Z,"Pessoal, passando pra lembrar que neste domingo, às 21h, teremos o primeiro debate presidencial de 2022, promovido pela Band, Uol, Folha e TV Cultura. Acompanhe esta importante oportunidade para debater o futuro do nosso Brasil!",nao,196 Replies. Reply,574 reposts. Repost,3615 Likes. Like,,
1563704607607504896,https://x.com/i/web/status/1563704607607504896,Ciro Gomes,@cirogomes,2022-08-28T01:46:45.000Z,"Se você não viu na 
CiroTv.com.br, assista aqui o nosso primeiro programa eleitoral completo! E muito obrigado a todos pela audiência na estreia da #CiroTV 
youtu.be/tFFoSRBwyY8",nao,70 Replies. Reply,331 reposts. Repost,1298 Likes. Like,,
1563700324602445824,https://x.com/i/web/status/1563700324602445824,Ciro Gomes,@cirogomes,2022-08-28T01:29:44.000Z,"Vejam só a vantagem: votando em mim, você se livra dessas duas bolas de chumbo que prendem o Brasil ao passado. Vamos superar essa polarização odienta e reconciliar o nosso querido Brasil!",nao,1596 Replies. Reply,884 reposts. Repost,6646 Likes. Like,,
1563694617320636417,https://x.com/i/web/status/1563694617320636417,Ciro Gomes,@cirogomes,2022-08-28T01:07:03.000Z,"Eu tô pronto pro debate!  Vou mostrar aos brasileiros as causas e a complexidade dos problemas, mas também a força esperançosa de uma solução que vai fazer o país voltar a crescer e enfrentar a miséria, a fome e a pobreza que hoje atingem a maioria esmagadora do nosso povo.",nao,238 Replies. Reply,432 reposts. Repost,2659 Likes. Like,,
1563685827288465408,https://x.com/i/web/status/1563685827288465408,Ciro Gomes,@cirogomes,2022-08-28T00:32:07.000Z,Quero tirar o Brasil das garras dos sanguessugas. Talvez por isso os partidos tradicionais não me apoiam e eu tenha o menor tempo na televisão. Mas tenho o principal: um projeto capaz de conquistar o coração e mudar a vida dos brasileiros. Conto com você nesta caminhada!,nao,68 Replies. Reply,285 reposts. Repost,1502 Likes. Like,,
1563685721575235584,https://x.com/i/web/status/1563685721575235584,Ciro Gomes,@cirogomes,2022-08-28T00:31:42.000Z,A verdade é uma só! No Brasil de hoje a vida só melhora para os ricos e para determinados tipos de políticos: os oportunistas e os corruptos. São políticos muito diferentes do que eu tenho sido durante toda a minha vida.,nao,34 Replies. Reply,266 reposts. Repost,1224 Likes. Like,,
1563685614700093441,https://x.com/i/web/status/1563685614700093441,Ciro Gomes,@cirogomes,2022-08-28T00:31:17.000Z,"Recusei três aposentadorias de ex-prefeito, governador e deputado, nunca aceitei morar em palácio de governo, nunca usei cartão corporativo de ministro, nunca empreguei meus filhos em cargos públicos e nunca fui processado por corrupção. O que é raro nos dias de hoje.",nao,1030 Replies. Reply,1302 reposts. Repost,9328 Likes. Like,,
1563681060784832512,https://x.com/i/web/status/1563681060784832512,Ciro Gomes,@cirogomes,2022-08-28T00:13:11.000Z,"Pessoal, ao vivo é isso mesmo!  Paramos um minutinho pra deixar o áudio nos 'trinques' e voltamos já já! #CiroTV",nao,51 Replies. Reply,231 reposts. Repost,1509 Likes. Like,,
1563680558726623233,https://x.com/i/web/status/1563680558726623233,Ciro Gomes,@cirogomes,2022-08-28T00:11:11.000Z,"Esse é um projeto que diz como o Brasil vai voltar a crescer e a recuperar a confiança do nosso povo numa vida melhor. Uma vida diferente da atual, que só impõe sofrimento e dificuldades, inclusive na hora de colocar comida na mesa. #CiroPresidente12",nao,9 Replies. Reply,153 reposts. Repost,842 Likes. Like,,
1563680556138864641,https://x.com/i/web/status/1563680556138864641,Ciro Gomes,@cirogomes,2022-08-28T00:11:11.000Z, E revitalizar a indústria brasileira para diminuir a nossa dependência de produtos importados;,nao,9 Replies. Reply,169 reposts. Repost,1056 Likes. Like,,
1563680554255532032,https://x.com/i/web/status/1563680554255532032,Ciro Gomes,@cirogomes,2022-08-28T00:11:10.000Z," Combater a fome e a miséria criando o Programa de Renda Mínima Universal Eduardo Suplicy. 

 Acabar com a reeleição presidencial que é a principal fonte de corrupção e conchavos do atual sistema político;",nao,6 Replies. Reply,135 reposts. Repost,766 Likes. Like,,
1563680552095723520,https://x.com/i/web/status/1563680552095723520,Ciro Gomes,@cirogomes,2022-08-28T00:11:10.000Z," Mudar a política de preços da Petrobras para reduzir o preço dos combustíveis e do gás de cozinha; 

 Promover uma ampla reforma tributária para reduzir os impostos sobre a classe média e os mais pobres e cobrar mais dos super ricos;",nao,3 Replies. Reply,128 reposts. Repost,666 Likes. Like,,
1563680549709160448,https://x.com/i/web/status/1563680549709160448,Ciro Gomes,@cirogomes,2022-08-28T00:11:09.000Z," Gerar 5 milhões de empregos nos dois primeiros anos de governo;

 Renegociar a dívida dos 66 milhões de brasileiros e das 6 milhões de empresas que estão com o nome no SPC e no Serasa;",nao,5 Replies. Reply,156 reposts. Repost,719 Likes. Like,,
1563680547540443141,https://x.com/i/web/status/1563680547540443141,Ciro Gomes,@cirogomes,2022-08-28T00:11:08.000Z,"Eu quero implantar, junto com vocês, um novo e moderno Projeto Nacional de Desenvolvimento. Ele define metas, métodos, prazos e as fontes de recursos pra colocar tudo em prática. Na campanha vou falar muito sobre esse projeto, mas adianto aqui algumas de suas prioridades, como:",nao,74 Replies. Reply,475 reposts. Repost,2838 Likes. Like,,
1563669394542280704,https://x.com/i/web/status/1563669394542280704,Ciro Gomes,@cirogomes,2022-08-27T23:26:49.000Z,"E aí, gente boa! Todo mundo ON na 
cirotv.com.br? ",nao,182 Replies. Reply,409 reposts. Repost,2187 Likes. Like,,
1563568479365525504,https://x.com/i/web/status/1563568479365525504,Ciro Gomes,@cirogomes,2022-08-27T16:45:49.000Z,"Começou o horário eleitoral! Veja aqui o meu primeiro programa e me diga o que achou. Mas vamos lembrar: esse programa completo vai ser transmitido ao vivo, depois do nosso horário eleitoral da noite, na 
CiroTV.com.br. Estamos te esperando lá! #CiroPresidente12",nao,336 Replies. Reply,1124 reposts. Repost,3143 Likes. Like,,
1563545263267987456,https://x.com/i/web/status/1563545263267987456,Ciro Gomes,@cirogomes,2022-08-27T15:13:34.000Z,"Fico muito feliz com seu apoio, 
@rafinhabastos
! Vamos reconciliar o Brasil – que não aguenta mais essa polarização odienta e despolitizada. E focar em ideias concretas que possam mudar a triste realidade do nosso povo! ",nao,109 Replies. Reply,399 reposts. Repost,5174 Likes. Like,,
1563528786402070528,https://x.com/i/web/status/1563528786402070528,Ciro Gomes,@cirogomes,2022-08-27T14:08:06.000Z,"CHEGOU O DIA, GENTE BOA! Hoje, em dois horários – 13h e 20h30 – daremos início ao horário eleitoral. E às 20h45, quero convidar todo mundo pra acessar nossa 
cirotv.com.br e assistir a um programa completamente diferente de tudo que vocês já viram! #CiroPresidente12",nao,136 Replies. Reply,741 reposts. Repost,2274 Likes. Like,,
1563496549430296576,https://x.com/i/web/status/1563496549430296576,Ciro Gomes,@cirogomes,2022-08-27T12:00:00.000Z,"O BRASIL QUER PAZ! E uma das minhas principais tarefas é RECONCILIAR o Brasil e nos livrar desta polarização que tá dividindo nosso povo. Vote 12 e vote pela mudança, pelo futuro e pela PAZ. #CiroPresidente12",nao,242 Replies. Reply,911 reposts. Repost,2610 Likes. Like,,
1563274063715663872,https://x.com/i/web/status/1563274063715663872,Ciro Gomes,@cirogomes,2022-08-26T21:15:55.000Z,"E aí, gente boa! Todo mundo preparado pro lançamento da nossa #CiroTV neste sábado, às 21h? ",nao,112 Replies. Reply,481 reposts. Repost,1913 Likes. Like,,
1563246254204669958,https://x.com/i/web/status/1563246254204669958,Ciro Gomes,@cirogomes,2022-08-26T19:25:25.000Z,"Concordo, amiga @gisellybicalho! E diferente dos outros, Ciro não rouba e faz.  /ADM",nao,40 Replies. Reply,105 reposts. Repost,1457 Likes. Like,,
1563245262281183232,https://x.com/i/web/status/1563245262281183232,Ciro Gomes,@cirogomes,2022-08-26T19:21:28.000Z,"TMJ, 
@Rolandinho
.  Em todas as ocasiões que tenho oportunidade de dialogar com nosso povo, faço questão de discutir IDEIAS e um PROJETO. É assim que vamos mudar o Brasil!",nao,14 Replies. Reply,171 reposts. Repost,1244 Likes. Like,,
1563225972916502529,https://x.com/i/web/status/1563225972916502529,Ciro Gomes,@cirogomes,2022-08-26T18:04:49.000Z,"Espero ter plantado uma sementinha de esperança nos corações dos brasileiros, 
@FabioPorchat
. Sou muito grato a todos que acompanharam e insisto: vamos libertar o Brasil dessa bola de chumbo do passado e dar um passo adiante para o futuro!",nao,68 Replies. Reply,373 reposts. Repost,3336 Likes. Like,,
1563224917453438976,https://x.com/i/web/status/1563224917453438976,Ciro Gomes,@cirogomes,2022-08-26T18:00:38.000Z,"Nossa Lei Antiganância tem a missão de libertar milhões de brasileiros da prisão dos juros altos. 
@eduardomoreira
 explica como ela vai funcionar. Assista e comente o que achou! #CiroPresidente12",nao,61 Replies. Reply,506 reposts. Repost,1649 Likes. Like,,
1563194468131409922,https://x.com/i/web/status/1563194468131409922,Ciro Gomes,@cirogomes,2022-08-26T15:59:38.000Z,"Insanidade é repetir as mesmas coisas do passado e esperar resultados diferentes. Me dê uma oportunidade, é tudo que eu peço!",nao,5286 Replies. Reply,5213 reposts. Repost,22273 Likes. Like,,
1563192018922139650,https://x.com/i/web/status/1563192018922139650,Ciro Gomes,@cirogomes,2022-08-26T15:49:54.000Z,"Ciro comenta a possibilidade de Lula e Bolsonaro não irem ao debate de domingo do pool Band/TV Cultura/UOL/Folha de S.Paulo, e aponta as contradições dos candidatos. Confira! #CiroPresidente12",nao,99 Replies. Reply,515 reposts. Repost,1935 Likes. Like,,
1563188999656992769,https://x.com/i/web/status/1563188999656992769,Ciro Gomes,@cirogomes,2022-08-26T15:37:54.000Z,"Peço que as pessoas se perguntem: eleito o Lula, o Brasil amanhecerá pacificado? Reeleito o Bolsonaro, o Brasil terá condições de ser pacificado? Essa é uma armadilha terrível.",nao,1063 Replies. Reply,818 reposts. Repost,3835 Likes. Like,,
1563187171041103872,https://x.com/i/web/status/1563187171041103872,Ciro Gomes,@cirogomes,2022-08-26T15:30:38.000Z,Ciro expõe a sua indignação com o quadro social do país neste trecho da sabatina O Globo/Valor/CBN. Veja agora! #CiroPresidente12,nao,36 Replies. Reply,334 reposts. Repost,1192 Likes. Like,,
1563181881616920577,https://x.com/i/web/status/1563181881616920577,Ciro Gomes,@cirogomes,2022-08-26T15:09:37.000Z,Ciro esclarece as dúvidas e explica os objetivos da Lei Antiganância que ele vai criar para colocar um limite nos juros que os bancos cobram da população. #CiroPresidente12,nao,29 Replies. Reply,330 reposts. Repost,1185 Likes. Like,,
1563175941060169728,https://x.com/i/web/status/1563175941060169728,Ciro Gomes,@cirogomes,2022-08-26T14:46:01.000Z,Com uma escola pública emancipadora e as mulheres tendo condições concretas de criar seus filhos.,nao,17 Replies. Reply,167 reposts. Repost,977 Likes. Like,,
1563175938896334849,https://x.com/i/web/status/1563175938896334849,Ciro Gomes,@cirogomes,2022-08-26T14:46:00.000Z,"Vou ser o maestro de uma linda sinfonia em que a orquestra será maravilhosamente organizada. Em um canto, um Estado forte estimulador, planejador, supervisor; de outro, uma iniciativa privada estimulada, com um sistema tributário moderno, com crédito farto e barato.",nao,245 Replies. Reply,422 reposts. Repost,2218 Likes. Like,,
1563174442443743232,https://x.com/i/web/status/1563174442443743232,Ciro Gomes,@cirogomes,2022-08-26T14:40:04.000Z,"Na sabatina O Globo/Valor/CBN, Ciro diz o que achou de Lula copiar a sua proposta de limpar o nome de quem está no SPC e no Serasa. Confira!",nao,60 Replies. Reply,487 reposts. Repost,1748 Likes. Like,,
1563172840043859972,https://x.com/i/web/status/1563172840043859972,Ciro Gomes,@cirogomes,2022-08-26T14:33:42.000Z,"Eu vou restaurar a autoridade da presidência da República, que hoje não existe mais. A presidência da República hoje é a testa de ferro de um grande pacto de barões e ladrões, que estão de costas para a humilhação e a miséria da maioria do povo brasileiro.",nao,69 Replies. Reply,289 reposts. Repost,1455 Likes. Like,,
1563172485344169986,https://x.com/i/web/status/1563172485344169986,Ciro Gomes,@cirogomes,2022-08-26T14:32:17.000Z,"Tenho a firme convicção de que estou em uma missão. Sou o único que está propondo um desenho diferente, que tem ideias concretas e tem um rumo: erradicar a pobreza, retomar o desenvolvimento e proteger o Brasil da fome.",nao,69 Replies. Reply,311 reposts. Repost,1657 Likes. Like,,
1563172087338250240,https://x.com/i/web/status/1563172087338250240,Ciro Gomes,@cirogomes,2022-08-26T14:30:42.000Z,O Lula disse que não quer anunciar o que vai fazer porque quer deixar uma pulga atrás da orelha. É um candidato kinder ovo - que é aquele chocolate que quando você abre tem uma surpresa dentro.,nao,1514 Replies. Reply,1263 reposts. Repost,6705 Likes. Like,,
1563170699174645761,https://x.com/i/web/status/1563170699174645761,Ciro Gomes,@cirogomes,2022-08-26T14:25:11.000Z,"Sou o único candidato que tem uma proposta de reforma das contas do Governo consistente, que diz de onde vem o dinheiro para financiar a retomada do desenvolvimento, para qualificar a educação, qualificar a saúde e retomar o investimento e o emprego.",nao,88 Replies. Reply,418 reposts. Repost,2281 Likes. Like,,
1563169744567427072,https://x.com/i/web/status/1563169744567427072,Ciro Gomes,@cirogomes,2022-08-26T14:21:24.000Z,O modelo de governança que está aí é a certeza de fracasso e escândalos. Veja esse corte da entrevista de Ciro na sabatina O Globo/Valor/CBN. #CiroPresidente12,nao,28 Replies. Reply,315 reposts. Repost,1157 Likes. Like,,
1563168645613637634,https://x.com/i/web/status/1563168645613637634,Ciro Gomes,@cirogomes,2022-08-26T14:17:02.000Z,"A Lei Antiganância propõe o seguinte: o cidadão que faz um financiamento, no crédito pessoal ou no cartão de crédito, vai pagar no máximo até duas vezes o que tomou emprestado. Não pagará mais do que isso, que já é muita coisa.",nao,78 Replies. Reply,392 reposts. Repost,2103 Likes. Like,,
1563167356330786816,https://x.com/i/web/status/1563167356330786816,Ciro Gomes,@cirogomes,2022-08-26T14:11:54.000Z,Mas o que Lula não diz é a razão desse grave nível de endividamento de nosso povo e das empresas. Está assim por consequência de seu governo.,nao,89 Replies. Reply,260 reposts. Repost,1909 Likes. Like,,
1563167354254594048,https://x.com/i/web/status/1563167354254594048,Ciro Gomes,@cirogomes,2022-08-26T14:11:54.000Z,"Lula copiar nossa proposta de limpar o nome dos brasileiros do SPC/Serasa é bom. Mas, se você espremer a entrevista dele ao JN, a única proposta que saiu de lá foi essa.",nao,835 Replies. Reply,1126 reposts. Repost,7444 Likes. Like,,
1563165165851652096,https://x.com/i/web/status/1563165165851652096,Ciro Gomes,@cirogomes,2022-08-26T14:03:12.000Z,"Deveríamos pacificar entre nós, brasileiros: esse caminho de submissão ao centrão, ao orçamento secreto e à roubalheira, não dá mais. Isso está destruindo o Brasil.",nao,53 Replies. Reply,285 reposts. Repost,1512 Likes. Like,,
1563162875774255105,https://x.com/i/web/status/1563162875774255105,Ciro Gomes,@cirogomes,2022-08-26T13:54:06.000Z,"O mundo do trabalho está se revolucionando - novas tecnologias e novos modos de organização. Isso precisa ser incorporado em novo código brasileiro do trabalho, que vai ser construído a partir das convenções internacionais que o Brasil assinou e da proteção da renda do trabalho.",nao,20 Replies. Reply,237 reposts. Repost,1112 Likes. Like,,
1563159467575091204,https://x.com/i/web/status/1563159467575091204,Ciro Gomes,@cirogomes,2022-08-26T13:40:33.000Z,"Eu não compreendo como alguém que pretenda dirigir nosso país fique sem se explicar, sem anunciar o que pretende fazer para resolver os reais problemas da vida dos brasileiros.",nao,1208 Replies. Reply,1302 reposts. Repost,7771 Likes. Like,,
1563155546215047168,https://x.com/i/web/status/1563155546215047168,Ciro Gomes,@cirogomes,2022-08-26T13:24:58.000Z,"VAI COMEÇAR! Sabatina promovida pelo Valor, o Globo e CBN. Acompanhe ao vivo: 
youtu.be/imExgxVrWCU

#CiroPresidente12",nao,28 Replies. Reply,252 reposts. Repost,850 Likes. Like,,
1563134236655484928,https://x.com/i/web/status/1563134236655484928,Ciro Gomes,@cirogomes,2022-08-26T12:00:18.000Z," ME COMPROMETO: a acabar com essa farra dos juros altos que colocou 4 bancos brasileiros entre os 10 mais lucrativos do mundo. 

Conheça essa e outras propostas no nosso site oficial: 
cirogomes.com.br.",nao,17 Replies. Reply,280 reposts. Repost,1049 Likes. Like,,
1563134233920831491,https://x.com/i/web/status/1563134233920831491,Ciro Gomes,@cirogomes,2022-08-26T12:00:17.000Z, EXEMPLIFICANDO: o economista Eduardo Moreira deu um exemplo chocante dos juros altos no Brasil:  uma pessoa que pega um empréstimo de R$ 100 pode ficar devendo R$ 14 MILHÕES ao final de cinco anos . Tem cabimento?,nao,21 Replies. Reply,268 reposts. Repost,1351 Likes. Like,,
1563134231131279360,https://x.com/i/web/status/1563134231131279360,Ciro Gomes,@cirogomes,2022-08-26T12:00:16.000Z," O QUE É? A Lei Antiganância vai proibir os bancos de cobrarem mais que duas vezes o valor de uma dívida com o cartão de crédito, o cheque especial ou um empréstimo.",nao,11 Replies. Reply,271 reposts. Repost,1216 Likes. Like,,
1563134226211299328,https://x.com/i/web/status/1563134226211299328,Ciro Gomes,@cirogomes,2022-08-26T12:00:15.000Z,"Você já conhece a Lei Antiganância – a proposta que apresentei terça-feira no 
@jornalnacional
 para libertar milhões de brasileiros da prisão dos juros altos? #CiroPresidente12 ",nao,147 Replies. Reply,905 reposts. Repost,2821 Likes. Like,,
1562938906127089664,https://x.com/i/web/status/1562938906127089664,Ciro Gomes,@cirogomes,2022-08-25T23:04:07.000Z,"Atenção, turma: temos um encontro marcado nesta sexta-feira, às 10h30! Vou participar da sabatina do O Globo, Valor e CBN. Compartilhe com os amigos e acompanhe ao vivo! #CiroPresidente12",nao,192 Replies. Reply,830 reposts. Repost,3275 Likes. Like,,
1562847743353053185,https://x.com/i/web/status/1562847743353053185,Ciro Gomes,@cirogomes,2022-08-25T00:14:12.000Z,"O professor 
@marconi_nelson
 desmonta os argumentos frágeis e tendenciosos daqueles que estão sempre do lado dos banqueiros. Leiam com atenção e pesquisem a lei inglesa que nos inspirou.",nao,48 Replies. Reply,393 reposts. Repost,1577 Likes. Like,,
1562817184417681408,https://x.com/i/web/status/1562817184417681408,Ciro Gomes,@cirogomes,2022-08-25T15:00:27.000Z,Veja a surpresa que fizemos ao Erikson Feitosa esses dias! O que você faria se recebesse uma ligação assim do nada? ,nao,109 Replies. Reply,400 reposts. Repost,1527 Likes. Like,,
1562802916217569280,https://x.com/i/web/status/1562802916217569280,Ciro Gomes,@cirogomes,2022-08-25T14:03:45.000Z,Faltam 2 dias! Parte da surpresa de sábado a gente já revelou: a super #CiroTV! Mais alguém ansioso por aí?,nao,73 Replies. Reply,364 reposts. Repost,1606 Likes. Like,,
1562785714638843906,https://x.com/i/web/status/1562785714638843906,Ciro Gomes,@cirogomes,2022-08-25T12:55:24.000Z,"Amo o Brasil, amo o povo brasileiro e quero o lugar na história daquele cidadão que organizou um novo e esperançoso Projeto Nacional de Desenvolvimento, que conseguiu superar o passado de miséria da nossa gente.",nao,148 Replies. Reply,431 reposts. Repost,2539 Likes. Like,,
1562783102329446402,https://x.com/i/web/status/1562783102329446402,Ciro Gomes,@cirogomes,2022-08-25T12:45:01.000Z,"Gente boa, nossa quinta-feira está animada! Convido vocês pra acompanhar a entrevista que gravei na Rádio Gaúcha (
@gzhdigital
): 
youtu.be/6UoveG7kLi0",nao,24 Replies. Reply,206 reposts. Repost,996 Likes. Like,,
1562777938290180100,https://x.com/i/web/status/1562777938290180100,Ciro Gomes,@cirogomes,2022-08-25T12:24:30.000Z,"Vamos nos unir, gente boa! Acreditar na nossa própria força. Peço humildemente uma oportunidade porque temos um projeto com começo, meio e fim – que vai abraçar nosso povo e trabalhar por um país mais justo e igual para todos.",nao,456 Replies. Reply,755 reposts. Repost,5495 Likes. Like,,
1562777277238222848,https://x.com/i/web/status/1562777277238222848,Ciro Gomes,@cirogomes,2022-08-25T12:21:52.000Z,Ciro manda recado aos brasileiros que não querem Lula nem Bolsonaro. #CiroNaJovemPan,nao,117 Replies. Reply,695 reposts. Repost,2685 Likes. Like,,
1562774525300903937,https://x.com/i/web/status/1562774525300903937,Ciro Gomes,@cirogomes,2022-08-25T12:10:56.000Z,Ciro se compromete a criar 5 milhões de empregos nos dois primeiros anos de seu governo - e diz como fazer. #CiroNaJovemPan,nao,39 Replies. Reply,373 reposts. Repost,1578 Likes. Like,,
1562772978655453184,https://x.com/i/web/status/1562772978655453184,Ciro Gomes,@cirogomes,2022-08-25T12:04:47.000Z,GIRO DO CIRO - ASSINATURA DE COMPROMISSO COM A ABRINQ | SÃO PAULO/SP | 25/08/2022,nao,22 Respostas. Resposta,224 reposts. Repost,811 Curtidas. Curtida,,
1562771888635535361,https://x.com/i/web/status/1562771888635535361,Ciro Gomes,@cirogomes,2022-08-25T12:00:27.000Z,"Ciro propõe uma profunda reforma para mudar o Brasil. Um projeto apresentado com começo, meio e fim. Confira! #CiroNaJovemPan",nao,44 Respostas. Resposta,384 reposts. Repost,1459 Curtidas. Curtida,,
1562764677213560833,https://x.com/i/web/status/1562764677213560833,Ciro Gomes,@cirogomes,2022-08-25T11:31:48.000Z,Ciro explica o porquê de Lula e Bolsonaro estarem fugindo dos debates. #CiroNaJovemPan,nao,160 Respostas. Resposta,684 reposts. Repost,3050 Curtidas. Curtida,,
1562763602125209607,https://x.com/i/web/status/1562763602125209607,Ciro Gomes,@cirogomes,2022-08-25T11:27:32.000Z,"Em 42 anos de vida pública, nunca respondi a um processo por corrupção, nem para ser absolvido depois. Isso nada mais é do que minha obrigação, mas eu me apresento com autoridade moral para falar sobre essas questões.",nao,417 Respostas. Resposta,685 reposts. Repost,4626 Curtidas. Curtida,,
1562763327582785537,https://x.com/i/web/status/1562763327582785537,Ciro Gomes,@cirogomes,2022-08-25T11:26:26.000Z,O que tem feito aumentar a corrupção no Brasil é a impunidade. O problema aqui é a generalização e a transformação da corrupção numa ferramenta central do modelo de governança política no país.,nao,48 Respostas. Resposta,303 reposts. Repost,1440 Curtidas. Curtida,,
1562761630638915584,https://x.com/i/web/status/1562761630638915584,Ciro Gomes,@cirogomes,2022-08-25T11:19:42.000Z,Falta comida nos lares de 33 milhões de brasileiros. Isso em um dos países que mais produz alimentos no mundo. Ou seja: a questão no Brasil é política! Confira a proposta de Ciro para superar esta triste realidade no país. #CiroNaJovemPan,nao,59 Respostas. Resposta,484 reposts. Repost,1845 Curtidas. Curtida,,
1562758119608156161,https://x.com/i/web/status/1562758119608156161,Ciro Gomes,@cirogomes,2022-08-25T11:05:45.000Z,O sistema previdenciário brasileiro não é viável e o que fizeram foi colocar um band-aid quando o caso era de cirurgia. Somente mais dois países dos 63 que estudei mantêm o mesmo sistema do Brasil: Argentina e Venezuela. Olhem com que companhias estamos neste momento!,nao,34 Respostas. Resposta,284 reposts. Repost,1432 Curtidas. Curtida,,
1562757658310250499,https://x.com/i/web/status/1562757658310250499,Ciro Gomes,@cirogomes,2022-08-25T11:03:55.000Z,"Nosso povo tá passando fome e a questão é totalmente política. Um plano de abastecimento e preços e um projeto de renda mínima, como o que estamos propondo, erradicam a fome. O Brasil tem vários caminhos! 

Veja os detalhes dessas e de outras propostas 
cirogomes.com.br",nao,19 Respostas. Resposta,198 reposts. Repost,817 Curtidas. Curtida,,
1562754458240438272,https://x.com/i/web/status/1562754458240438272,Ciro Gomes,@cirogomes,2022-08-25T10:51:12.000Z,"Na economia é a equação câmbio flutuante, superávit primário, meta de inflação e teto de gastos. E na política é entregar a presidência da República à fisiologia e à corrupção.",nao,66 Respostas. Resposta,207 reposts. Repost,1752 Curtidas. Curtida,,
1562754456735076353,https://x.com/i/web/status/1562754456735076353,Ciro Gomes,@cirogomes,2022-08-25T10:51:11.000Z,"Lula e Bolsonaro são pessoas diferentes, a gente sabe disso. Mas a rigor, representam o mesmo tipo de gestão econômica e o mesmo tipo de gestão política. ",nao,1337 Replies. Reply,891 reposts. Repost,7039 Likes. Like,,
1562751764226805766,https://x.com/i/web/status/1562751764226805766,Ciro Gomes,@cirogomes,2022-08-25T10:40:29.000Z,"Debates e sabatinas são essenciais pra entender a causa da crise no Brasil. E se a gente não discutir o que está acontecendo, é muito improvável que achemos a solução.",nao,67 Respostas. Resposta,351 reposts. Repost,2100 Curtidas. Curtida,,
1562745165504057345,https://x.com/i/web/status/1562745165504057345,Ciro Gomes,@cirogomes,2022-08-25T10:14:16.000Z,"Bom dia, gente boa! Hoje a quinta-feira começou animada – logo mais, 7h30, estaremos no ar na 
@JovemPanNews
 com uma entrevista AO VIVO. A hashtag oficial é: #CiroNaJovemPan, fique ligado! ",nao,67 Respostas. Resposta,223 reposts. Repost,908 Curtidas. Curtida,,
1562730031704510464,https://x.com/i/web/status/1562730031704510464,Ciro Gomes,@cirogomes,2022-08-25T09:14:08.000Z,"Este absurdo, que só dura até as eleições, é mistura de hipocrisia, covardia e enganação do governo Bolsonaro. Em lugar de mudar a política de preços - e era possível fazer isso sem causar déficit - o governo resolveu empurrar o lixo, com a barriga, pra debaixo do tapete.",nao,7 Respostas. Resposta,150 reposts. Repost,974 Curtidas. Curtida,,
1562730030018732033,https://x.com/i/web/status/1562730030018732033,Ciro Gomes,@cirogomes,2022-08-25T09:14:07.000Z,"Além de sermos vítimas, hoje, da absurda política de preços da empresa que produz em reais e cobra em dólar, vamos pagar, no futuro, com menos saúde, educação e segurança, a “solução” eleitoreira de Bolsonaro - que cortou de forma desordenada impostos sobre combustíveis. (…)",nao,4 Respostas. Resposta,163 reposts. Repost,1094 Curtidas. Curtida,,
1562730027522764800,https://x.com/i/web/status/1562730027522764800,Ciro Gomes,@cirogomes,2022-08-25T09:14:07.000Z,"A Petrobras foi a empresa que mais distribuiu lucros no mundo no segundo trimestre deste ano. Não há milagre, mas puro assalto ao bolso dos brasileiros. ",nao,62 Respostas. Resposta,464 reposts. Repost,2239 Curtidas. Curtida,,
1562606233550393345,https://x.com/i/web/status/1562606233550393345,Ciro Gomes,@cirogomes,2022-08-25T01:02:12.000Z,"Pessoal, passando pra avisar que amanhã tem #CiroNaJovemPan, às 7h30. Quero todo mundo acordando cedinho pra acompanhar!",nao,327 Respostas. Resposta,565 reposts. Repost,3134 Curtidas. Curtida,,
1562593671954026497,https://x.com/i/web/status/1562593671954026497,Ciro Gomes,@cirogomes,2022-08-25T00:12:17.000Z,Sou muito grato a todos que acompanharam minha entrevista ao Jornal Nacional. Confira um pouco da repercussão e comente o que você achou! #CiroNoJN,nao,263 Respostas. Resposta,913 reposts. Repost,4365 Curtidas. Curtida,,
1562545511957159936,https://x.com/i/web/status/1562545511957159936,Ciro Gomes,@cirogomes,2022-08-24T21:00:55.000Z,"ATENÇÃO: a #CiroTV estreia no SÁBADO, às 21h. Não perca! ",nao,102 Respostas. Resposta,731 reposts. Repost,2611 Curtidas. Curtida,,
1562533595893403648,https://x.com/i/web/status/1562533595893403648,Ciro Gomes,@cirogomes,2022-08-24T20:13:34.000Z,"ATENÇÃO BRASILEIROS PROPRIETÁRIOS DE TÍTULO DE ELEITOR – escute esse recall, deixe seu 12 nos comentários (e nas urnas) e compartilhe com a galera!",nao,485 Respostas. Resposta,712 reposts. Repost,2542 Curtidas. Curtida,,
1562526374388170752,https://x.com/i/web/status/1562526374388170752,Ciro Gomes,@cirogomes,2022-08-24T19:44:52.000Z,"GIRO DO CIRO - HOMENAGEM A GETÚLIO VARGAS | PORTO ALEGRE/RS | 24/08/2022 
x.com/i/broadcasts/1
…",nao,37 Replies. Reply,188 reposts. Repost,945 Likes. Like,,
1562513356984143872,https://x.com/i/web/status/1562513356984143872,Ciro Gomes,@cirogomes,2022-08-24T18:53:09.000Z,GIRO DO CIRO - HOMENAGEM A GETÚLIO VARGAS | PORTO ALEGRE/RS | 24/08/2022,nao,39 Replies. Reply,190 reposts. Repost,967 Likes. Like,,
1562498917253558274,https://x.com/i/web/status/1562498917253558274,Ciro Gomes,@cirogomes,2022-08-24T17:55:46.000Z,"Terminamos nossa manhã com a inauguração do comitê do nosso candidato ao governo do Paraná, Ricardo Gomyde (@gomyde12). Um brasileiro fiel às suas origens e comprometido com a luta para melhorar a vida do nosso povo.",nao,8 Replies. Reply,128 reposts. Repost,771 Likes. Like,,
1562498910341328897,https://x.com/i/web/status/1562498910341328897,Ciro Gomes,@cirogomes,2022-08-24T17:55:44.000Z,"São 14 milhões de brasileiros que vivem em condições precárias, correndo risco de despejo. E hoje estive em Curitiba para falar com famílias que enfrentam essa realidade. É urgente a mudança que o Brasil precisa.",nao,69 Replies. Reply,409 reposts. Repost,2323 Likes. Like,,
1562455344621572097,https://x.com/i/web/status/1562455344621572097,Ciro Gomes,@cirogomes,2022-08-24T15:02:37.000Z,"GIRO DO CIRO - INAUGURAÇÃO DO COMITÊ DA CAMPANHA DE RICARDO GOMYDE | CURITIBA/PR | 24/08/2022 
x.com/i/broadcasts/1
…",nao,20 Replies. Reply,191 reposts. Repost,843 Likes. Like,,
1562441721455480834,https://x.com/i/web/status/1562441721455480834,Ciro Gomes,@cirogomes,2022-08-24T14:08:29.000Z,FALTAM 3 DIAS PRA COMEÇAR O NOSSO PROGRAMA ELEITORAL! Fique ligado que tem muita surpresa vindo por aí. ,nao,131 Replies. Reply,509 reposts. Repost,2574 Likes. Like,,
1562431576884973569,https://x.com/i/web/status/1562431576884973569,Ciro Gomes,@cirogomes,2022-08-24T13:28:11.000Z,GIRO DO CIRO - CAMINHADA NA VILA NOVA ESPERANÇA | CURITIBA/PR | 24/08/2022,nao,25 Replies. Reply,195 reposts. Repost,885 Likes. Like,,
1562417341991878656,https://x.com/i/web/status/1562417341991878656,Ciro Gomes,@cirogomes,2022-08-24T12:31:37.000Z,"Indo pra nossa primeira agenda do dia ao lado da querida Giselle, nosso candidato ao Governo do Paraná @gomyde12, sua vice Elisa, nossa candidata ao Senado Desiree, o vereador Dalton e Nelton Friedrich.",nao,130 Replies. Reply,278 reposts. Repost,2099 Likes. Like,,
1562371718013980673,https://x.com/i/web/status/1562371718013980673,Ciro Gomes,@cirogomes,2022-08-24T09:30:19.000Z,Veja a íntegra de #CiroNoJN:,nao,64 Replies. Reply,356 reposts. Repost,2031 Likes. Like,,
1562371716025819136,https://x.com/i/web/status/1562371716025819136,Ciro Gomes,@cirogomes,2022-08-24T09:30:19.000Z,"Bom dia gente boa! 6h30 de quarta-feira e ainda estamos no topo dos assuntos mais comentados aqui nas redes!  o que vocês acharam da minha participação no 
@jornalnacional
 de ontem? #CiroNoJN",nao,1300 Replies. Reply,783 reposts. Repost,9283 Likes. Like,,
1562246028442701825,https://x.com/i/web/status/1562246028442701825,Ciro Gomes,@cirogomes,2022-08-24T01:10:52.000Z,"Vamos lá, gente boa. Peço a vocês uma oportunidade. Me ajudem a libertar o Brasil dessa bola de chumbo do passado. Vamos nos esperançar de novo! #CiroNoJN",nao,3644 Replies. Reply,2603 reposts. Repost,25910 Likes. Like,,
1562245895839940608,https://x.com/i/web/status/1562245895839940608,Ciro Gomes,@cirogomes,2022-08-24T01:10:21.000Z,"No final do Jornal Nacional, Ciro anunciou, em primeira mão, o compromisso de criar a Lei Anti Ganância. Ele falou também sobre a CIROTV. #CiroNoJN",nao,167 Replies. Reply,748 reposts. Repost,4345 Likes. Like,,
1562243702332231686,https://x.com/i/web/status/1562243702332231686,Ciro Gomes,@cirogomes,2022-08-24T01:01:38.000Z,Ciro fala sobre duas de suas grandes metas: gerar 5 milhões de empregos e colocar a educação brasileira entre as 10 melhores do mundo. #CiroNoJN,nao,116 Replies. Reply,585 reposts. Repost,3251 Likes. Like,,
1562242335798448128,https://x.com/i/web/status/1562242335798448128,Ciro Gomes,@cirogomes,2022-08-24T00:56:12.000Z,Nós precisamos fazer o trabalho de reconversão da lógica produtiva. Proteger e fazer com que a economia rural entenda que a floresta vale muito mais em pé do que derrubada. #CiroNoJN,nao,66 Replies. Reply,401 reposts. Repost,2435 Likes. Like,,
1562241890413875207,https://x.com/i/web/status/1562241890413875207,Ciro Gomes,@cirogomes,2022-08-24T00:54:26.000Z,Ciro explica o seu plano para modernizar e fortalecer a segurança pública brasileira. #CiroNoJN,nao,79 Replies. Reply,485 reposts. Repost,2698 Likes. Like,,
1562241270038548480,https://x.com/i/web/status/1562241270038548480,Ciro Gomes,@cirogomes,2022-08-24T00:51:58.000Z,"Quer saber como Ciro vai defender e revitalizar a Amazônia? Então, assista esse bloco. #CiroNoJN",nao,80 Replies. Reply,532 reposts. Repost,2806 Likes. Like,,
1562240309391761409,https://x.com/i/web/status/1562240309391761409,Ciro Gomes,@cirogomes,2022-08-24T00:48:09.000Z,É grande a massa de brasileiros que está votando no Lula ou no Bolsonaro porque quer se livrar de um ou de outro e esquece que amanhã temos um país pra governar. E eu estou aqui pedindo uma oportunidade pra mostrar que o Brasil tem saída. #CiroNoJN,nao,680 Replies. Reply,1201 reposts. Repost,8664 Likes. Like,,
1562239827327713280,https://x.com/i/web/status/1562239827327713280,Ciro Gomes,@cirogomes,2022-08-24T00:46:14.000Z,"Meu povo, muita atenção na hora de escolher os deputados porque vai ser com eles que eu vou ser democraticamente obrigado a negociar. Mas me comprometo com vocês: a negociação vai ser em cima da mesa. E se persistir algum tipo de impasse, vamos levar pra plebiscito popular.",nao,241 Replies. Reply,651 reposts. Repost,5389 Likes. Like,,
1562239422611038208,https://x.com/i/web/status/1562239422611038208,Ciro Gomes,@cirogomes,2022-08-24T00:44:38.000Z,"Abrindo mão da reeleição, vou cuidar só das REFORMAS que o Brasil precisa e sem nenhum ‘toma-lá-dá-cá’. #CiroNoJN",nao,202 Replies. Reply,507 reposts. Repost,3699 Likes. Like,,
1562237248619397121,https://x.com/i/web/status/1562237248619397121,Ciro Gomes,@cirogomes,2022-08-24T00:35:59.000Z,"O que destruiu a política foi a reeleição. O presidente, com medo dos conflitos, fica querendo agradar e acaba se vendendo. Eu tenho outra relação com a questão moral. Não sou corrupto e não tenho medo de CPI, muito pelo contrário. Eu não roubo e não vou deixar ninguém roubar.",nao,118 Replies. Reply,520 reposts. Repost,3570 Likes. Like,,
1562237140318175232,https://x.com/i/web/status/1562237140318175232,Ciro Gomes,@cirogomes,2022-08-24T00:35:33.000Z,Nós estamos mandando pra velhice 50 milhões de brasileiros que não têm NENHUM tipo de cobertura previdenciária. E parece que só eu tô preocupado com isso! A política não pode ser reduzida a essa coisa odienta que temos visto por aí. Nosso povo não aguenta mais tanta humilhação.,nao,56 Replies. Reply,548 reposts. Repost,3332 Likes. Like,,
1562234206297927680,https://x.com/i/web/status/1562234206297927680,Ciro Gomes,@cirogomes,2022-08-24T00:23:54.000Z,"Porque vou abrir mão da reeleição, qual é a minha diferença em relação a Lula e Bolsonaro e a proposta de resolver impasses através de plebiscitos. Nesse bloco, Ciro explica tudo isso. #CiroNoJN",nao,161 Replies. Reply,741 reposts. Repost,4531 Likes. Like,,
1562233896775069697,https://x.com/i/web/status/1562233896775069697,Ciro Gomes,@cirogomes,2022-08-24T00:22:40.000Z,Ciro explica as reformas que vai realizar para tirar o Brasil dessa crise eterna. #CiroNoJN,nao,159 Replies. Reply,895 reposts. Repost,6053 Likes. Like,,
1562229270071721985,https://x.com/i/web/status/1562229270071721985,Ciro Gomes,@cirogomes,2022-08-24T00:04:17.000Z,"Como pretendo formar maioria e conseguir aprovar as profundas reformas que o Brasil precisa? Mudando esse modelo econômico desastroso e esse modelo de governança política, que são a certeza de uma crise eterna. #CiroNoJN",nao,90 Replies. Reply,414 reposts. Repost,2435 Likes. Like,,
1562229176962371584,https://x.com/i/web/status/1562229176962371584,Ciro Gomes,@cirogomes,2022-08-24T00:03:55.000Z,"A crise brasileira está instalada e tem 30 anos. O Brasil tinha 35% da sua riqueza tirada da indústria, que paga os melhores salários, dá os melhores empregos. Hoje está com menos de 10%, destruíram a indústria nacional.",nao,70 Replies. Reply,442 reposts. Repost,3043 Likes. Like,,
1562229007646703617,https://x.com/i/web/status/1562229007646703617,Ciro Gomes,@cirogomes,2022-08-24T00:03:14.000Z,"COMO VAMOS FINANCIAR O RENDA MÍNIMA DE 1.000 REAIS? Um dos caminhos é tributando grandes fortunas acima de R$20 milhões. Cada super-rico (apenas 58 mil pessoas) no Brasil vai ajudar a financiar com R$0,50 de cada R$100 a sobrevivência digna de milhões de brasileiros. #CiroNoJN",nao,764 Replies. Reply,1196 reposts. Repost,9401 Likes. Like,,
1562228733972553728,https://x.com/i/web/status/1562228733972553728,Ciro Gomes,@cirogomes,2022-08-24T00:02:09.000Z,"O Brasil tem hoje 33 milhões de pessoas passando fome. Nosso Programa de Renda Mínima de 1.000 reais com caráter constitucional vai proteger nosso povo das manipulações eleitoreiras. Para viabilizar isso, eu preciso confrontar aqueles que mandaram no Brasil nesses anos todos.",nao,83 Replies. Reply,394 reposts. Repost,2360 Likes. Like,,
1562227977793859584,https://x.com/i/web/status/1562227977793859584,Ciro Gomes,@cirogomes,2022-08-23T23:59:09.000Z,Como vai funcionar nosso Programa de Renda Mínima de 1.000 reais? William Bonner perguntou e eu expliquei. Confira! #CiroNoJN,nao,241 Replies. Reply,866 reposts. Repost,5179 Likes. Like,,
1562227490495537152,https://x.com/i/web/status/1562227490495537152,Ciro Gomes,@cirogomes,2022-08-23T23:57:13.000Z,"Minha proposta é transformar a minha eleição não em um voto pessoal, mas num plesbicito programático. Eu vou tentar em todas as ocasiões que eu tiver oportunidade pra que a gente discuta IDEIAS. Com isso eu celebro uma nova cumplicidade com o povo brasileiro.",nao,141 Replies. Reply,565 reposts. Repost,3875 Likes. Like,,
1562226413532495872,https://x.com/i/web/status/1562226413532495872,Ciro Gomes,@cirogomes,2022-08-23T23:52:56.000Z,Nós temos que denunciar o que está acontecendo agora porque é uma reprise de 2018. Não podemos repetir as mesmas coisas esperando resultados diferentes. Essa polarização odienta e corrupção generalizada precisam ser denunciadas porque são um flagelo na vida brasileira. #CiroNoJN,nao,51 Replies. Reply,398 reposts. Repost,2160 Likes. Like,,
1562226159680643072,https://x.com/i/web/status/1562226159680643072,Ciro Gomes,@cirogomes,2022-08-23T23:51:55.000Z,"Eu pretendo unir o Brasil ao redor de um projeto. Nosso país vive hoje a mais grave crise social, econômica e política, e tenho certeza que a maior ameaça à democracia é o fracasso dela na vida do povo.",nao,667 Replies. Reply,978 reposts. Repost,9030 Likes. Like,,
1562217459373031424,https://x.com/i/web/status/1562217459373031424,Ciro Gomes,@cirogomes,2022-08-23T23:17:21.000Z,"Chegamos no Projac pra entrevista de hoje no 
@jornalnacional
. Vou apresentar nosso Projeto Nacional de Desenvolvimento e mostrar aos brasileiros que eles não são obrigados a escolher entre o coisa ruim e o coisa pior. Nós precisamos dar um passo adiante para o futuro! #CiroNoJN",nao,249 Replies. Reply,646 reposts. Repost,3706 Likes. Like,,
1562188256678068224,https://x.com/i/web/status/1562188256678068224,Ciro Gomes,@cirogomes,2022-08-23T21:21:19.000Z,Todo mundo aquecendo pro #CiroNoJN? Começa 20h30!,nao,257 Replies. Reply,658 reposts. Repost,3198 Likes. Like,,
1562175466215247873,https://x.com/i/web/status/1562175466215247873,,,,,,,,,,"webdriver_error: Message: target frame detached
  (failed to check if window was closed: disconnected: Unable to receive message from renderer)
  (Session info: chrome=150.0.7871.129)
Stacktrace:
	chromedriver!GetHand"
1562137594527264768,https://x.com/i/web/status/1562137594527264768,,,,,,,,,,timeout_ou_tweet_indisponivel
1562092297252179972,https://x.com/i/web/status/1562092297252179972,,,,,,,,,,timeout_ou_tweet_indisponivel
1562069646479605763,https://x.com/i/web/status/1562069646479605763,,,,,,,,,,timeout_ou_tweet_indisponivel
1562048013635289088,https://x.com/i/web/status/1562048013635289088,,,,,,,,,,timeout_ou_tweet_indisponivel
1562047851542323200,https://x.com/i/web/status/1562047851542323200,,,,,,,,,,timeout_ou_tweet_indisponivel
1561892381317894145,https://x.com/i/web/status/1561892381317894145,,,,,,,,,,timeout_ou_tweet_indisponivel
1561850710425223168,https://x.com/i/web/status/1561850710425223168,,,,,,,,,,timeout_ou_tweet_indisponivel
1561835632846327808,https://x.com/i/web/status/1561835632846327808,,,,,,,,,,timeout_ou_tweet_indisponivel
1561835630514126848,https://x.com/i/web/status/1561835630514126848,,,,,,,,,,timeout_ou_tweet_indisponivel
1561835627565518851,https://x.com/i/web/status/1561835627565518851,Ciro Gomes,@cirogomes,2022-08-22T22:00:05.000Z,"Qualquer brasileiro que compare estes números sente uma dor na alma e uma mão bandida no bolso. Continuam vendendo nosso patrimônio a preço de banana. A venda da Eletrobras, mesmo se feita pelo preço justo, já seria um absurdo. Imagine desta forma!",nao,52 Replies. Reply,594 reposts. Repost,2257 Likes. Like,,
1561822078638211076,https://x.com/i/web/status/1561822078638211076,Ciro Gomes,@cirogomes,2022-08-22T21:06:15.000Z,"Que legenda vocês dariam a este meme?  Pra quem não lembra, ele é da minha entrevista ao 
@jornalnacional
, nas eleições de 2018. E TERÇA-FEIRA tem mais: já anote aí na agenda pra não esquecer! #CiroNoJN",nao,174 Replies. Reply,347 reposts. Repost,1410 Likes. Like,,
1561776317267427333,https://x.com/i/web/status/1561776317267427333,Ciro Gomes,@cirogomes,2022-08-22T18:04:25.000Z,Alguém arrisca qual vai ser nossa  pra esquentar a festa? #CiroDribleDeMestre,nao,103 Replies. Reply,331 reposts. Repost,1361 Likes. Like,,
1561736422305964033,https://x.com/i/web/status/1561736422305964033,Ciro Gomes,@cirogomes,2022-08-22T15:25:53.000Z,"NENHUMA FAMÍLIA BRASILEIRA TERÁ RENDA INFERIOR A R$1.000! Nossa economia quando cresce é puxada principalmente pelo consumo das famílias. Além de erradicar a fome nos lares, o Renda Mínima vai reativar toda a cadeia produtiva e gerar muitos empregos!",nao,189 Replies. Reply,693 reposts. Repost,2394 Likes. Like,,
1561730883870400512,https://x.com/i/web/status/1561730883870400512,Ciro Gomes,@cirogomes,2022-08-22T15:03:52.000Z,Lula fez menos reforma agrária do que FHC. Lula patrocinou o lucro do sistema financeiro 8 vezes mais que o governo FHC. Tudo isso são fatos. E agora quem não apoia Lula é fascista?,nao,226 Replies. Reply,528 reposts. Repost,3063 Likes. Like,,
1561730882058309633,https://x.com/i/web/status/1561730882058309633,Ciro Gomes,@cirogomes,2022-08-22T15:03:52.000Z,"Lula traz uma memória afetiva mentirosa. Ele nunca promoveu picanha e cerveja pro povo. Quando terminou seu mandato, cinco brasileiros acumulavam a renda de 100 milhões de brasileiros mais pobres. Uma das piores concentrações de renda do mundo.",nao,1815 Replies. Reply,1192 reposts. Repost,6574 Likes. Like,,
1561726055718731784,https://x.com/i/web/status/1561726055718731784,Ciro Gomes,@cirogomes,2022-08-22T14:44:41.000Z,"Estão chamando o Brasil para bailar na beira do abismo de novo. Querendo ou não, o antipetismo ainda está vivíssimo – basta observar as pesquisas pra concluir que o crescimento de Bolsonaro está diretamente associado ao ‘já ganhou’ de Lula e do PT.",nao,640 Replies. Reply,444 reposts. Repost,2220 Likes. Like,,
1561721482165764096,https://x.com/i/web/status/1561721482165764096,Ciro Gomes,@cirogomes,2022-08-22T14:26:31.000Z,"Como vamos superar as dificuldades do Brasil sem um plano, sem orçamentação e sem continuidade estratégica? Nossa nação infelizmente não sabe pra onde está indo porque não tem projeto, não tem planejamento, não tem metas.",nao,50 Replies. Reply,331 reposts. Repost,1518 Likes. Like,,
1561706947845537793,https://x.com/i/web/status/1561706947845537793,Ciro Gomes,@cirogomes,2022-08-22T13:28:46.000Z,GIRO DO CIRO - PALESTRA NO INSTITUTO PARA O DESENVOLVIMENTO DO VAREJO | SÃO PAULO/SP | 22/08/2022,nao,39 Replies. Reply,297 reposts. Repost,1009 Likes. Like,,
1561503703110238208,https://x.com/i/web/status/1561503703110238208,Ciro Gomes,@cirogomes,2022-08-22T00:01:08.000Z,Fotos do domingo na minha querida Fortaleza! Como é bom estar em casa e cercado de tanta gente querida. ,nao,16 Replies. Reply,120 reposts. Repost,625 Likes. Like,,
1561503696831365129,https://x.com/i/web/status/1561503696831365129,Ciro Gomes,@cirogomes,2022-08-22T00:01:07.000Z,Fotos do domingo na minha querida Fortaleza! Como é bom estar em casa e cercado de tanta gente querida. ,nao,51 Replies. Reply,248 reposts. Repost,1305 Likes. Like,,
1561494702301519877,https://x.com/i/web/status/1561494702301519877,Ciro Gomes,@cirogomes,2022-08-21T23:25:22.000Z,"Eu represento um projeto, uma rebelião contra a injustiça que faz com que o Brasil tenha cinco pessoas com a fortuna equivalente aos 100 milhões de brasileiros mais pobres. Por isso, tenho coragem de pedir aos brasileiros uma oportunidade para dirigir essa grande nação.",nao,116 Replies. Reply,423 reposts. Repost,1953 Likes. Like,,
1561491803915911170,https://x.com/i/web/status/1561491803915911170,Ciro Gomes,@cirogomes,2022-08-21T23:13:51.000Z,"""Não voto em despreparado, 
também não voto em ladrão. 
Voto em quem é honesto, 
por isso voto no Cirão."" 
@rodolfo_poeta",nao,300 Replies. Reply,386 reposts. Repost,2264 Likes. Like,,
1561489597988749312,https://x.com/i/web/status/1561489597988749312,Ciro Gomes,@cirogomes,2022-08-21T23:05:05.000Z,"A política está virando no Brasil uma espécie de corrida de cavalos, um lugar de fazer apostas. Mas a política não é isso, ela é o único lugar onde o povo tem condição de impor aos seus dirigentes os caminhos, os rumos, o destino de toda a comunidade e de toda a nação.",nao,88 Replies. Reply,319 reposts. Repost,1383 Likes. Like,,
1561488665972543495,https://x.com/i/web/status/1561488665972543495,Ciro Gomes,@cirogomes,2022-08-21T23:01:23.000Z,"O Brasil está doente, por qualquer ângulo que se queira considerar. Os brasileiros estão com medo do futuro, de não saber o que vai ter amanhã na mesa de comer da família e dos filhos.",nao,176 Replies. Reply,354 reposts. Repost,1931 Likes. Like,,
1561468940508864520,https://x.com/i/web/status/1561468940508864520,Ciro Gomes,@cirogomes,2022-08-21T21:43:00.000Z,"GIRO DO CIRO - INAUGURAÇÃO DO COMITÊ DE ROBERTO CLÁUDIO | FORTALEZA/CE | 21/08/2022 
x.com/i/broadcasts/1
…",nao,36 Replies. Reply,214 reposts. Repost,837 Likes. Like,,
1561463656700854275,https://x.com/i/web/status/1561463656700854275,Ciro Gomes,@cirogomes,2022-08-21T21:22:01.000Z,"Cara 
@maragabrilli
, receba minha irrestrita solidariedade. Se uma senadora, candidata a vice-presidente e representante internacional sofre este tipo de constrangimento, imagine os milhões de anônimos portadores de deficiência espalhados pelo mundo. Parabéns pela firmeza!",nao,19 Replies. Reply,123 reposts. Repost,1877 Likes. Like,,
1561463533895909377,https://x.com/i/web/status/1561463533895909377,Ciro Gomes,@cirogomes,2022-08-21T17:56:15.000Z,"Cara 
@maragabrilli
, receba minha irrestrita solidariedade. Se uma senadora, candidata a vice-presidente e representante internacional sofre este tipo de constrangimento, imagine os milhões de anônimos portadores de deficiência espalhados pelo mundo. Parabéns pela firmeza!",nao,20 Replies. Reply,252 reposts. Repost,1929 Likes. Like,,
1561397775916417025,https://x.com/i/web/status/1561397775916417025,Ciro Gomes,@cirogomes,2022-08-21T17:00:13.000Z,"Siga prometendo picanha e cerveja - e a continuidade deste modelo - que você estará semeando, se eleito, a mais terrível tempestade de frustração social de todos os tempos. Mas o povo vai acordar a tempo e se livrar de vocês dois.",nao,54 Replies. Reply,281 reposts. Repost,1686 Likes. Like,,
1561397773341282304,https://x.com/i/web/status/1561397773341282304,Ciro Gomes,@cirogomes,2022-08-21T17:00:13.000Z,"NÃO É SÓ POR ISSO NÃO, LULA! É porque você, Dilma, Temer e Bolsonaro mantiveram o mesmo modelo econômico que explora o povo, esmaga quem produz e dá privilégios absurdos aos banqueiros.",nao,20 Replies. Reply,292 reposts. Repost,1799 Likes. Like,,
1561397771185246208,https://x.com/i/web/status/1561397771185246208,Ciro Gomes,@cirogomes,2022-08-21T17:00:12.000Z,"NÃO É SÓ POR ISSO NÃO, LULA! Você garantiu um lucro dos bancos oito vezes maior que FHC, que já promovera um dos maiores do mundo. Hoje 4 dos 5 bancos mais rentáveis do planeta são brasileiros e dominam quase todo nosso mercado.",nao,15 Replies. Reply,275 reposts. Repost,1694 Likes. Like,,
1561397768954183680,https://x.com/i/web/status/1561397768954183680,Ciro Gomes,@cirogomes,2022-08-20T16:12:02.000Z,"NÃO É SÓ POR ISSO NÃO, LULA!! Você e Bolsonaro são grandes parceiros nesta tragédia. Você expandiu o crédito de 15% para 55% do PIB, ao mesmo tempo em que promoveu, de forma contínua, uma das maiores taxas de juros do mundo.",nao,484 Replies. Reply,850 reposts. Repost,3905 Likes. Like,,
1561380181637578752,https://x.com/i/web/status/1561380181637578752,Ciro Gomes,@cirogomes,2022-08-21T15:50:19.000Z,"A mudança do Brasil não é coisa para ""salvador da pátria"", mas para uma corrente que junte todas as pessoas de bem, todos os cristãos, todo mundo que não tenha uma pedra no lugar do coração. Todo mundo pode e deve dar sua contribuição nessa luta por mudança.",nao,169 Replies. Reply,324 reposts. Repost,1481 Likes. Like,,
1561378032811741191,https://x.com/i/web/status/1561378032811741191,Ciro Gomes,@cirogomes,2022-08-21T15:41:46.000Z,"Hoje 33 milhões de pessoas estão passando fome no país que mais produz alimentos do MUNDO! A distância entre a produção que sobra e a fome que humilha os brasileiros, é a política e esse modelo econômico perverso.",nao,105 Replies. Reply,421 reposts. Repost,2103 Likes. Like,,
1561368921210486784,https://x.com/i/web/status/1561368921210486784,Ciro Gomes,@cirogomes,2022-08-21T15:05:34.000Z,GIRO DO CIRO - CIRO E ROBERTO CLÁUDIO EM FORTALEZA/CE | 21/08/2022,nao,27 Replies. Reply,164 reposts. Repost,638 Likes. Like,,
1561324111137329152,https://x.com/i/web/status/1561324111137329152,Ciro Gomes,@cirogomes,2022-08-21T12:07:30.000Z,"Conheça essa e outras propostas no nosso site oficial: 
cirogomes.com.br",nao,9 Replies. Reply,150 reposts. Repost,602 Likes. Like,,
1561324108272619523,https://x.com/i/web/status/1561324108272619523,Ciro Gomes,@cirogomes,2022-08-21T12:07:30.000Z,"Implantando um modelo baseado na valorização do professor, em escolas de tempo integral e um método de ensino que estimula o aluno a aprender cada vez mais e melhor. Só assim vamos ter um país realmente justo e próspero.",nao,12 Replies. Reply,191 reposts. Repost,969 Likes. Like,,
1561324104384479232,https://x.com/i/web/status/1561324104384479232,Ciro Gomes,@cirogomes,2022-08-21T12:07:29.000Z,EDUCAÇÃO é e sempre será nossa PRIORIDADE. E eu assumo o compromisso desde já: fazer uma REVOLUÇÃO pra colocar a nossa educação pública entre as 10 melhores do mundo num prazo em 15 anos. Como vamos fazer isso? ,nao,128 Replies. Reply,615 reposts. Repost,2195 Likes. Like,,
1561121517450182657,https://x.com/i/web/status/1561121517450182657,Ciro Gomes,@cirogomes,2022-08-20T22:42:28.000Z,"Forte abraço a toda gente querida do Rio de Janeiro que sempre nos recebe tão bem! Passamos por Campo Grande, São Gonçalo, Niterói e inauguramos nosso comitê no Rio. Foi só o começo da nossa caminhada para mudar o Brasil!",nao,48 Replies. Reply,284 reposts. Repost,1268 Likes. Like,,
1561111494061953024,https://x.com/i/web/status/1561111494061953024,Ciro Gomes,@cirogomes,2022-08-20T22:02:38.000Z,"Obrigado pela recepção calorosa, gente boa do Rio! ",nao,68 Replies. Reply,357 reposts. Repost,1573 Likes. Like,,
1561095925803745280,https://x.com/i/web/status/1561095925803745280,Ciro Gomes,@cirogomes,2022-08-20T21:00:47.000Z,"ANOTA AÍ NA AGENDA: Terça-feira temos um importante encontro no 
@jornalnacional
. Momento chave pra mostrar que existe uma opção viável, ficha limpa e que não foge dos debates! #CiroPresidente12 #CiroNoJN",nao,145 Replies. Reply,702 reposts. Repost,2803 Likes. Like,,
1561087634717507587,https://x.com/i/web/status/1561087634717507587,Ciro Gomes,@cirogomes,2022-08-20T20:27:50.000Z,GIRO DO CIRO - ENCONTRO COM ASSOCIAÇÕES DE PROTETORES DE ANIMAIS | NITERÓI/RJ | 20/08/2022,nao,24 Replies. Reply,206 reposts. Repost,783 Likes. Like,,
1561065892125065217,https://x.com/i/web/status/1561065892125065217,Ciro Gomes,@cirogomes,2022-08-20T19:01:26.000Z,Fake news aqui não se cria! Quem me conhece sabe que eu tenho uma sólida formação religiosa e nenhum gabinete do ódio vai mudar minha história. Compartilhe a verdade!,nao,112 Replies. Reply,631 reposts. Repost,2415 Likes. Like,,
1561061016632426501,https://x.com/i/web/status/1561061016632426501,Ciro Gomes,@cirogomes,2022-08-20T18:42:04.000Z,"Se eu pudesse descrever minhas idas à Bahia em duas palavras, certamente seriam: FÉ e EMOÇÃO. Confira os melhores momentos do nosso #GiroDoCiro com 
@AnaPaulaMatosBA
 em Salvador.",nao,36 Replies. Reply,251 reposts. Repost,855 Likes. Like,,
1561042010278137857,https://x.com/i/web/status/1561042010278137857,Ciro Gomes,@cirogomes,2022-08-20T12:25:58.000Z,"Complete a frase: até o Banco Imobiliário taxa grandes fortunas, só a pequena Estônia, a Colômbia e o _____ que não.  /ADM",nao,57 Replies. Reply,343 reposts. Repost,1597 Likes. Like,,
1561029681616502786,https://x.com/i/web/status/1561029681616502786,Ciro Gomes,@cirogomes,2022-08-20T16:37:33.000Z,GIRO DO CIRO - CAMINHADA SÃO GONÇALO/RJ | 20/08/2022,nao,25 Replies. Reply,190 reposts. Repost,719 Likes. Like,,
1561022721668136960,https://x.com/i/web/status/1561022721668136960,Ciro Gomes,@cirogomes,2022-08-20T16:09:53.000Z,EDUCAÇÃO É NOSSA PRIORIDADE! E pode anotar: vamos transformar e colocar a educação no Brasil entre as dez melhores do mundo num prazo de 15 anos! #CiroPresidente12,nao,60 Replies. Reply,388 reposts. Repost,1343 Likes. Like,,
1561007881322958848,https://x.com/i/web/status/1561007881322958848,Ciro Gomes,@cirogomes,2022-08-20T15:10:55.000Z,GIRO DO CIRO - CAMINHADA NO COMÉRCIO DO CAMPO GRANDE | RIO DE JANEIRO/RJ | 20/08/2022,nao,30 Replies. Reply,166 reposts. Repost,653 Likes. Like,,
1561005916950089728,https://x.com/i/web/status/1561005916950089728,Ciro Gomes,@cirogomes,2022-08-20T15:03:07.000Z,"Começamos o sábado aqui no comércio do Campo Grande, um dos maiores bairros do Rio de Janeiro, ao lado de lideranças do PDT. E hoje o dia promete: fique ligado que tem muita agenda boa aqui no Rio!",nao,49 Replies. Reply,276 reposts. Repost,1270 Likes. Like,,
1560976884443250688,https://x.com/i/web/status/1560976884443250688,Ciro Gomes,@cirogomes,2022-08-20T13:07:45.000Z,"Associo-me às manifestações de apoio que começam a espocar Nordeste a fora, em especial no Ceará, e rogo a Deus que o processo tramite com rapidez, compensando o atraso histórico. Dê-me sua benção, querido Padim Ciço!",nao,9 Replies. Reply,110 reposts. Repost,726 Likes. Like,,
1560976882887233536,https://x.com/i/web/status/1560976882887233536,Ciro Gomes,@cirogomes,2022-08-20T13:07:45.000Z,"Além de um resgate histórico, é uma prova de compreensão e sensibilidade do Vaticano para com a religiosidade popular nordestina, que já entronizou, há muito tempo, o Padim Ciço como nosso Santo do Nordeste.",nao,5 Replies. Reply,111 reposts. Repost,840 Likes. Like,,
1560976880546861056,https://x.com/i/web/status/1560976880546861056,Ciro Gomes,@cirogomes,2022-08-20T13:07:44.000Z,"Nossos corações cearenses, nordestinos e brasileiros estão em júbilo, com o anúncio feito por Dom Magnus Lopes, bispo do Crato, de que o Vaticano autorizou a abertura do processo de beatificação de Padre Cícero Romão.",nao,77 Replies. Reply,320 reposts. Repost,2606 Likes. Like,,
1560969935429550088,https://x.com/i/web/status/1560969935429550088,Ciro Gomes,@cirogomes,2022-08-20T12:40:08.000Z,"O largo sorriso, vitalidade e capacidade de nos fazer rir será a eterna lembrança da talentosa Claudia Jimenez que nos deixou hoje. Nossos sentimentos a seus parentes e amigos.",nao,33 Replies. Reply,240 reposts. Repost,2586 Likes. Like,,
1560962971207081984,https://x.com/i/web/status/1560962971207081984,Ciro Gomes,@cirogomes,2022-08-20T12:12:28.000Z,"Nosso projeto, que visa inclusão, geração de emprego e diminuição das desigualdades, tem três metas principais: 1) smartphones em 36x sem juros; 2) redes wi-fi; 3) cursos gratuitos! Conheça e compartilhe com a turma 
cirogomes.com.br",nao,15 Replies. Reply,155 reposts. Repost,539 Likes. Like,,
1560962967440695296,https://x.com/i/web/status/1560962967440695296,Ciro Gomes,@cirogomes,2022-08-20T12:12:27.000Z,"CONHEÇA NOSSO PROJETO QUE VAI LEVAR INTERNET PARA OS QUATRO CANTOS DO BRASIL! Enquanto eles deram internet boa só para os ricos, a gente vai dar a MELHOR para quem realmente precisa.",nao,171 Replies. Reply,593 reposts. Repost,1891 Likes. Like,,
1560783830654631938,https://x.com/i/web/status/1560783830654631938,Ciro Gomes,@cirogomes,2022-08-20T00:20:37.000Z,Sextou com #CiroPresidente12! ,nao,39 Replies. Reply,261 reposts. Repost,866 Likes. Like,,
1560774457811140610,https://x.com/i/web/status/1560774457811140610,Ciro Gomes,@cirogomes,2022-08-19T23:43:23.000Z,"Hoje é o Dia Nacional de Luta da População em Situação de Rua. E pra quem ainda não sabe, 
@AnaPaulaMatosBA
, nossa vice, atuou como Secretária de Promoção Social e Combate à Pobreza em 2019 e sub secretária em 2015. Ficou curioso? Leia o artigo! 
cirogomes.com.br/artigos/dia-na
…",nao,23 Replies. Reply,210 reposts. Repost,764 Likes. Like,,
1560763738403356674,https://x.com/i/web/status/1560763738403356674,Ciro Gomes,@cirogomes,2022-08-19T23:00:47.000Z,"Você sabe qual é a relação entre o endividamento do povo e o baixo crescimento econômico do Brasil? Se não sabe, veja aqui e conheça minha proposta pra limpar o nome de todo mundo do SPC e Serasa! Mas já adianto: não é nada de outro mundo. ",nao,56 Replies. Reply,431 reposts. Repost,1416 Likes. Like,,
1560761684880416768,https://x.com/i/web/status/1560761684880416768,Ciro Gomes,@cirogomes,2022-08-19T22:52:37.000Z,"A corrupção relativizada, banalizada e transformada em uma ""coisa normal"" está desmoralizando a política brasileira e destruindo a democracia.",nao,64 Replies. Reply,329 reposts. Repost,1522 Likes. Like,,
1560760872590577665,https://x.com/i/web/status/1560760872590577665,Ciro Gomes,@cirogomes,2022-08-19T22:49:24.000Z,"O papel de um líder progressista não é ir na onda demagógica. O papel de um líder progressista é, muitas vezes, ficar sozinho segurando a BANDEIRA DA VERDADE, do EXEMPLO e dos PRINCÍPIOS.",nao,319 Replies. Reply,515 reposts. Repost,2790 Likes. Like,,
1560760398483177486,https://x.com/i/web/status/1560760398483177486,Ciro Gomes,@cirogomes,2022-08-19T22:47:31.000Z,"GIRO DO CIRO - INAUGURAÇÃO DO COMITÊ NO RIO DE JANEIRO | 19/08/2022
 
x.com/i/broadcasts/1
…",nao,25 Replies. Reply,182 reposts. Repost,600 Likes. Like,,
1560759027222679553,https://x.com/i/web/status/1560759027222679553,Ciro Gomes,@cirogomes,2022-08-19T22:42:04.000Z,"O Brasil tem a mais perversa desigualdade do mundo. Só 1 a cada 4 crianças fazem as três refeições diárias, 33 milhões de brasileiros não comeram nada hoje, isso no país que mais produz comida no mundo. O problema é a canalhice política que tem dominado a nossa história!",nao,46 Respostas. Resposta,280 reposts. Repost,1217 Curtidas. Curtida,,
1560758510190837760,https://x.com/i/web/status/1560758510190837760,Ciro Gomes,@cirogomes,2022-08-19T22:40:00.000Z,"Só uma revolução pacífica, democrática e esperançosa vai levantar o povo brasileiro ao redor de um novo e redentor Projeto Nacional de Desenvolvimento. Essa é a nossa tarefa, que não é fácil nem simples, mas é necessária!",nao,105 Respostas. Resposta,327 reposts. Repost,1552 Curtidas. Curtida,,
1560745267867095053,https://x.com/i/web/status/1560745267867095053,Ciro Gomes,@cirogomes,2022-08-19T21:47:23.000Z,"GIRO DO CIRO - INAUGURAÇÃO DO COMITÊ NO RIO DE JANEIRO | 19/08/2022 
x.com/i/broadcasts/1
…",nao,33 Respostas. Resposta,209 reposts. Repost,771 Curtidas. Curtida,,
1560699246470467588,https://x.com/i/web/status/1560699246470467588,Ciro Gomes,@cirogomes,2022-08-19T18:44:31.000Z,"Uma escolha não tão difícil assim parte 2  /ADM 
t.co/jTsPFNX9R7",nao,369 Respostas. Resposta,509 reposts. Repost,2680 Curtidas. Curtida,,
1560646196221210626,https://x.com/i/web/status/1560646196221210626,Ciro Gomes,@cirogomes,2022-08-19T15:13:43.000Z,"Ficou com alguma dúvida? Conheça essa e outras propostas no site oficial e compartilhe com a turma: 
cirogomes.com.br  #CiroPresidente12",nao,11 Respostas. Resposta,125 reposts. Repost,545 Curtidas. Curtida,,
1560646193956343812,https://x.com/i/web/status/1560646193956343812,Ciro Gomes,@cirogomes,2022-08-19T15:13:42.000Z," Financiar a compra de smartphones em 36 prestações sem juros;

 Instalar wi-fi de graça em áreas comunitárias das maiores cidades;

 Oferecer cursos gratuitos para formar técnicos em informática, youtubers e gamers, atendendo um mercado de trabalho que não para de crescer.",nao,37 Respostas. Resposta,252 reposts. Repost,1005 Curtidas. Curtida,,
1560646191158767618,https://x.com/i/web/status/1560646191158767618,Ciro Gomes,@cirogomes,2022-08-19T15:13:42.000Z,"VEM AÍ A INTERNET DO POVO! Nosso projeto , que visa inclusão, geração de emprego e diminuição das desigualdades, tem três metas principais ",nao,296 Respostas. Resposta,589 reposts. Repost,2391 Curtidas. Curtida,,
1560642650830540801,https://x.com/i/web/status/1560642650830540801,Ciro Gomes,@cirogomes,2022-08-19T14:59:37.000Z,GIRO DO CIRO - CAMINHADA EM OSASCO/SP | 19/08/2022,nao,43 Respostas. Resposta,229 reposts. Repost,787 Curtidas. Curtida,,
1560603137895022592,https://x.com/i/web/status/1560603137895022592,Ciro Gomes,@cirogomes,2022-08-19T12:22:37.000Z,"O escândalo de R$ 61,7 milhões envolvendo uma diarista, de 21 anos, é apenas uma gota nas águas barrentas do São Francisco. Não se apura, não se pune, não se prende?",nao,20 Respostas. Resposta,236 reposts. Repost,1247 Curtidas. Curtida,,
1560603136183631872,https://x.com/i/web/status/1560603136183631872,Ciro Gomes,@cirogomes,2022-08-19T12:22:36.000Z,"Com a complacência geral, o anti-Midas Bolsonaro, que apodrece tudo que toca, deu novo sentido à respeitada sigla CODEVASF. Leia-se agora: Corrupção e Devassidão Sem Freios.",nao,44 Respostas. Resposta,375 reposts. Repost,1906 Curtidas. Curtida,,
1560597515405103104,https://x.com/i/web/status/1560597515405103104,Ciro Gomes,@cirogomes,2022-08-19T12:00:16.000Z,"Conheça essa e outras propostas no site oficial: 
cirogomes.com.br  #CiroPresidente12",nao,7 Respostas. Resposta,109 reposts. Repost,428 Curtidas. Curtida,,
1560597511827767297,https://x.com/i/web/status/1560597511827767297,Ciro Gomes,@cirogomes,2022-08-19T12:00:15.000Z,"Hoje, são mais de 66 milhões de pessoas e 6 milhões de empresas nessa situação. É um absurdo que nenhum governo pense em fazer nada pra combater isso, principalmente quando paramos pra pensar que o consumo das famílias é responsável por 60% do PIB nacional.",nao,11 Respostas. Resposta,150 reposts. Repost,672 Curtidas. Curtida,,
1560597508924985349,https://x.com/i/web/status/1560597508924985349,Ciro Gomes,@cirogomes,2022-08-19T12:00:15.000Z,"Nosso governo vai renegociar a dívida de todos os que estão com o nome sujo no SPC e no Serasa. Assim, vamos libertar cada brasileiro que hoje vive escravizado pelas dívidas. #CiroPresidente12",nao,11 Respostas. Resposta,184 reposts. Repost,781 Curtidas. Curtida,,
1560597503652679681,https://x.com/i/web/status/1560597503652679681,Ciro Gomes,@cirogomes,2022-08-19T12:00:14.000Z,CIRO VAI TIRAR O NOME DE TODO MUNDO DO SPC E SERASA! Se liga ,nao,340 Respostas. Resposta,767 reposts. Repost,2799 Curtidas. Curtida,,
1560439246913257475,https://x.com/i/web/status/1560439246913257475,Ciro Gomes,@cirogomes,2022-08-19T01:31:22.000Z,"Todo mundo viu esse papo de altíssimo nível com o querido 
@AndreMarinho
? Fiquei muito feliz com o convite! Repare bem, esse cara é dos bons! #CiroComAndréMarinho",nao,114 Respostas. Resposta,361 reposts. Repost,2329 Curtidas. Curtida,,
1560396436294062089,https://x.com/i/web/status/1560396436294062089,Ciro Gomes,@cirogomes,2022-08-18T22:41:15.000Z,É isso que a gente necessita: desarmar. Precisamos reconciliar o país em torno de um projeto concreto que responda objetivamente os anseios do nosso povo.,nao,63 Respostas. Resposta,197 reposts. Repost,1151 Curtidas. Curtida,,
1560396434725376002,https://x.com/i/web/status/1560396434725376002,Ciro Gomes,@cirogomes,2022-08-18T22:41:15.000Z,"Pare pra pensar e me responda: se Bolsonaro ou Lula vencerem as eleições, você acha que o Brasil vai amanhecer mais ou menos dividido e suscetível aos ódios, paixões irracionais e violência política?",nao,1073 Respostas. Resposta,604 reposts. Repost,3933 Curtidas. Curtida,,
1560395854887936012,https://x.com/i/web/status/1560395854887936012,Ciro Gomes,@cirogomes,2022-08-18T22:38:57.000Z,"Ninguém tem direito de explorar o jeito do povo adorar a Deus. Ontem vimos a presidente do PT postando: ""Bolsonaro usa Deus, Deus usa Lula"". Veja, agora estamos disputando quem é o autorreferido intérprete de Deus em uma disputa eleitoral. Isso é de uma violência absurda.",nao,192 Respostas. Resposta,438 reposts. Repost,2404 Curtidas. Curtida,,
1560386438398898176,https://x.com/i/web/status/1560386438398898176,Ciro Gomes,@cirogomes,2022-08-18T22:01:32.000Z,Dizer que eu não votei em 2018 é picaretagem absoluta. O que eu não fiz foi fazer campanha e subir em palanque com corrupto e com quem desastrou a economia. Mas meu voto de cidadão eu dei. É só botar no Google.,nao,640 Replies. Reply,554 reposts. Repost,3999 Likes. Like,,
1560378203709083649,https://x.com/i/web/status/1560378203709083649,Ciro Gomes,@cirogomes,2022-08-18T21:28:48.000Z,"COMEÇOU! Bate-papo ao vivo com 
@AndreMarinho
. Repare bem na hashtag: #CiroComAndréMarinho

 
youtu.be/iMKFoj1HAO0",nao,71 Replies. Reply,371 reposts. Repost,1208 Likes. Like,,
1560367944869224450,https://x.com/i/web/status/1560367944869224450,Ciro Gomes,@cirogomes,2022-08-18T20:48:02.000Z,"Auxílio eleitoreiro de R$600?! Aqui não! No meu governo, o PROGRAMA DE RENDA MÍNIMA será de R$1.000! E digo mais: o projeto vai entrar na Constituição, ou seja, o valor estará garantido seja qual que for o governo! #CiroPresidente12",nao,63 Replies. Reply,366 reposts. Repost,1102 Likes. Like,,
1560366058363576323,https://x.com/i/web/status/1560366058363576323,Ciro Gomes,@cirogomes,2022-08-18T19:33:01.000Z,"Esta 
@AnaPaulaMatosBA
 não veio só pra somar, veio pra multiplicar! Êta baiana retada!!  #MilitaQueVira12",nao,20 Replies. Reply,202 reposts. Repost,838 Likes. Like,,
1560340997632057345,https://x.com/i/web/status/1560340997632057345,Ciro Gomes,@cirogomes,2022-08-18T19:00:58.000Z,"12 é o número da torcida! Pessoal, faltam 45 dias para o apito final e jogo tá só começando. Vai ser de virada e vai ser histórico!",nao,352 Replies. Reply,446 reposts. Repost,2800 Likes. Like,,
1560327015407943681,https://x.com/i/web/status/1560327015407943681,Ciro Gomes,@cirogomes,2022-08-18T18:05:24.000Z,"Sei como resolver isso, em curto prazo, melhorando a vida do povo e a economia do país. Você já conhece o nosso projeto que vai LIMPAR O NOME DE TODO MUNDO que tá no SPC/Serasa? Veja os detalhes dessa e de outras propostas no site oficial
cirogomes.com.br",nao,9 Replies. Reply,112 reposts. Repost,455 Likes. Like,,
1560327013126266881,https://x.com/i/web/status/1560327013126266881,Ciro Gomes,@cirogomes,2022-08-18T18:05:24.000Z,"Milhões de brasileiros vivem penando, há anos, aprisionados por dívidas e juros impagáveis. É roubo, falta de piedade e burrice da dupla infernal: o governo e a banqueirada. Sofrem as pessoas e a economia. #CiroPresidente12",nao,58 Replies. Reply,360 reposts. Repost,1261 Likes. Like,,
1560312451870359553,https://x.com/i/web/status/1560312451870359553,Ciro Gomes,@cirogomes,2022-08-18T17:07:32.000Z,"Repare bem: hoje vai ser épico!  Venha assistir minha conversa com 
@AndreMarinho
 a partir das 18h e bora subir a hashtag: #CiroComAndréMarinho",nao,121 Replies. Reply,500 reposts. Repost,1570 Likes. Like,,
1560307110000427008,https://x.com/i/web/status/1560307110000427008,Ciro Gomes,@cirogomes,2022-08-18T16:46:18.000Z,GIRO DO CIRO - CIRO FAZ BALANÇO DE ENCONTRO NA ACSP | 18/08/2022,nao,18 Replies. Reply,192 reposts. Repost,648 Likes. Like,,
1560297639383633921,https://x.com/i/web/status/1560297639383633921,Ciro Gomes,@cirogomes,2022-08-18T16:08:40.000Z,Alguém disse TCHUTCHUCA DO CENTRÃO? Me ajudem aqui porque a agenda tá corrida: vocês tão falando de Bolsonaro ou de Lula?  /ADM,nao,3240 Replies. Reply,2400 reposts. Repost,13165 Likes. Like,,
1560290801552343040,https://x.com/i/web/status/1560290801552343040,Ciro Gomes,@cirogomes,2022-08-18T15:41:30.000Z,"Repito: eu começo meu governo anunciando o fim da reeleição porque considero um crime na vida política brasileira. Hoje, quando um presidente se elege, ele já está lá cuidando da reeleição. Então fica claro que o conchavo que essa turma faz com ladrão não é pra reformar o país.",nao,285 Replies. Reply,570 reposts. Repost,3295 Likes. Like,,
1560285159521411073,https://x.com/i/web/status/1560285159521411073,Ciro Gomes,@cirogomes,2022-08-18T15:19:05.000Z,No crédito. Com um programa de reestruturação de dívidas casado com um projeto de educação financeira. Ainda ficou alguma dúvida? Pois fique ligado porque vamos falar bastante sobre isso hoje aqui nas redes.,nao,5 Replies. Reply,123 reposts. Repost,520 Likes. Like,,
1560285158074449925,https://x.com/i/web/status/1560285158074449925,Ciro Gomes,@cirogomes,2022-08-18T15:19:05.000Z,"O consumo das famílias – nosso principal impulso pra reativar a economia – depende de três variáveis: emprego, renda e crédito. Os dois primeiros vêm depois que o país cresce. Então, onde a política pode agir pra melhorar a vida brasileira a curto prazo? ",nao,22 Replies. Reply,244 reposts. Repost,1090 Likes. Like,,
1560283028861206528,https://x.com/i/web/status/1560283028861206528,Ciro Gomes,@cirogomes,2022-08-18T15:10:37.000Z," Se as famílias aumentam o seu consumo, o comércio vende mais, contrata mais gente e encomenda mais da indústria.

 Se a indústria recebe mais encomendas, contrata mais gente e compra mais matéria-prima.",nao,14 Replies. Reply,128 reposts. Repost,609 Likes. Like,,
1560283027372130305,https://x.com/i/web/status/1560283027372130305,Ciro Gomes,@cirogomes,2022-08-18T15:10:37.000Z,"Precisamos restaurar o principal motor de ativação da nossa economia, que é o consumo das famílias. E aqui temos duas equações muito básicas ",nao,32 Replies. Reply,227 reposts. Repost,1262 Likes. Like,,
1560280042877370369,https://x.com/i/web/status/1560280042877370369,Ciro Gomes,@cirogomes,2022-08-18T14:58:45.000Z,"Hoje 5 famílias acumulam a renda dos 100 milhões de brasileiros mais pobres. Uma economia como essa não tem saída, não tem viabilidade.",nao,9 Replies. Reply,145 reposts. Repost,647 Likes. Like,,
1560280041338146817,https://x.com/i/web/status/1560280041338146817,Ciro Gomes,@cirogomes,2022-08-18T14:58:45.000Z,"Entre 2010 e 2020, o Brasil cresceu zero pela primeira vez em 120 anos. A população está empobrecendo de forma generalizada, sendo que, nesse mesmo período, o país patrocinou a mais perversa concentração de renda do mundo.",nao,26 Replies. Reply,265 reposts. Repost,1261 Likes. Like,,
1560275145586982912,https://x.com/i/web/status/1560275145586982912,Ciro Gomes,@cirogomes,2022-08-18T14:39:17.000Z,"O país está vivenciando uma devastadora crise social e estamos sendo impedidos de refletir sobre isso por conta de ódios e paixões despolitizadas. E pra completar, os dois que lideram as pesquisas estão simplificando a questão brasileira a um jogo de personalidades.",nao,50 Replies. Reply,237 reposts. Repost,955 Likes. Like,,
1560273993902735366,https://x.com/i/web/status/1560273993902735366,Ciro Gomes,@cirogomes,2022-08-18T14:34:43.000Z,"A indústria de transformação está abaixo de 10% do PIB e, só nos últimos anos, fechamos aproximadamente 38 mil indústrias, 400 mil pontos de comércio e 1.2 milhões de empregos com carteira assinada.",nao,8 Replies. Reply,161 reposts. Repost,730 Likes. Like,,
1560273992304324609,https://x.com/i/web/status/1560273992304324609,Ciro Gomes,@cirogomes,2022-08-18T14:34:42.000Z,"O Brasil é o país que mais destruiu indústrias no capitalismo global. Em 1980, nossa indústria nacional era 6x maior do que a chinesa e representava 34% do PIB. Já hoje…",nao,53 Replies. Reply,386 reposts. Repost,1910 Likes. Like,,
1560271479476199425,https://x.com/i/web/status/1560271479476199425,Ciro Gomes,@cirogomes,2022-08-18T14:24:43.000Z,"Entre desalento, desemprego aberto e informalidade, são aproximadamente 50 milhões de brasileiros que estão sendo mandados à velhice – em 15, 20 anos – sem nenhum tipo de cobertura previdenciária. E lá não terá solução para essa equação. Precisamos resolver isso agora.",nao,21 Replies. Reply,205 reposts. Repost,813 Likes. Like,,
1560266936231284736,https://x.com/i/web/status/1560266936231284736,Ciro Gomes,@cirogomes,2022-08-18T14:06:40.000Z,A democracia não pode se basear em ser um regime que chama o povo pra votar e pronto acabou. Democracia tem que ser entendida como um REGIME DE OPORTUNIDADES. E o Brasil tem fechado a porta de oportunidades para a maioria esmagadora do povo brasileiro.,nao,36 Replies. Reply,263 reposts. Repost,1111 Likes. Like,,
1560261599512100864,https://x.com/i/web/status/1560261599512100864,Ciro Gomes,@cirogomes,2022-08-18T13:45:28.000Z,GIRO DO CIRO - PALESTRA NA ASSOCIAÇÃO COMERCIAL DE SÃO PAULO | 18/08/2022,nao,35 Replies. Reply,224 reposts. Repost,677 Likes. Like,,
1560235306493820928,https://x.com/i/web/status/1560235306493820928,Ciro Gomes,@cirogomes,2022-08-18T12:00:59.000Z,"Questionar a fé alheia já é uma postura condenável. Mentir sobre ela, pior ainda. Tenho uma sólida formação religiosa, este é um dos meus maiores patrimônios, e nenhuma fake news vai roubar isso de mim.",nao,85 Replies. Reply,401 reposts. Repost,1431 Likes. Like,,
1560056477678817289,https://x.com/i/web/status/1560056477678817289,Ciro Gomes,@cirogomes,2022-08-18T00:10:23.000Z,"Meu irmão cristão, não deixe que usem o nome de Deus em vão. Esse é um dos maiores pecados que existem!",nao,530 Replies. Reply,874 reposts. Repost,3331 Likes. Like,,
1560047539713462275,https://x.com/i/web/status/1560047539713462275,Ciro Gomes,@cirogomes,2022-08-17T23:34:52.000Z,Espero que Deus ilumine a minha palavra para mostrar que o Brasil precisa dar um passo adiante. Eles já tiveram oportunidade e sabemos no que deu.,nao,149 Replies. Reply,256 reposts. Repost,1807 Likes. Like,,
1560047537792352261,https://x.com/i/web/status/1560047537792352261,Ciro Gomes,@cirogomes,2022-08-17T23:34:51.000Z,"Bolsonaro não caiu de Marte, minha gente. Ele foi eleito por um protesto magoado da população brasileira pela crise econômica mais grave da nossa história e pela corrupção generalizada – que Lula e o PT promoveram.",nao,1385 Replies. Reply,835 reposts. Repost,5777 Likes. Like,,
1560046060629803008,https://x.com/i/web/status/1560046060629803008,Ciro Gomes,@cirogomes,2022-08-17T23:28:59.000Z,"É uma forma muito grave de corrupção os políticos invadirem a religiosidade do povo. Onde se misturou política corrupta com religião, deu em genocídio. Se proteja, meu irmão! Você tem direito de adorar a Deus da forma que você desejar e o papel do seu presidente é respeitar.",nao,52 Replies. Reply,306 reposts. Repost,1632 Likes. Like,,
1560044543336222724,https://x.com/i/web/status/1560044543336222724,Ciro Gomes,@cirogomes,2022-08-17T23:22:58.000Z,"A solução para a carestia no Brasil é mudar o modelo econômico, que vinculou muitas coisas ao dólar – como combustíveis e energia elétrica –, e estabelecer novamente uma política de abastecimento e preços, em que o governo deve entrar comprando pra proteger o produtor. #CiroNoSBT",nao,44 Replies. Reply,266 reposts. Repost,1073 Likes. Like,,
1560041092933885952,https://x.com/i/web/status/1560041092933885952,Ciro Gomes,@cirogomes,2022-08-17T23:09:15.000Z,"COMEÇOU! Entrevista ao vivo para o SBT Brasil. Assista e compartilhe #CiroNoSBT: 
sbt.com.br/ao-vivo",nao,78 Replies. Reply,320 reposts. Repost,1489 Likes. Like,,
1560029457875886081,https://x.com/i/web/status/1560029457875886081,Ciro Gomes,@cirogomes,2022-08-17T22:23:01.000Z,"Em relação a empresários golpistas, a sociedade tem uma excelente arma nas mãos: seu poder de compra. Está na hora de boicotar os produtos e serviços de facínoras que querem o fim do nosso estado democrático de direito.",nao,66 Replies. Reply,330 reposts. Repost,1629 Likes. Like,,
1560029456269561856,https://x.com/i/web/status/1560029456269561856,Ciro Gomes,@cirogomes,2022-08-17T22:23:00.000Z,"Assim como existe um pequeno grupo golpista nas Forças Armadas, há, também, um grupelho de amantes da ditadura no empresariado. E as autoridades têm que identificá-los e puni-los para que fiquem ainda menores. Sejam reduzidos a pó.
metropoles.com/colunas/guilhe
…",nao,102 Replies. Reply,533 reposts. Repost,2282 Likes. Like,,
1559996001489928192,https://x.com/i/web/status/1559996001489928192,Ciro Gomes,@cirogomes,2022-08-17T20:10:04.000Z,"Veja aqui as dicas da nossa querida 
@gisellebezerra
 pra você também baixar o App do Cirão ",nao,2 Replies. Reply,61 reposts. Repost,318 Likes. Like,,
1559995999090786304,https://x.com/i/web/status/1559995999090786304,Ciro Gomes,@cirogomes,2022-08-17T20:10:04.000Z,"Vocês já conhecem o Desafio do App do Cirão? A Jéssica Fernanda 
@jfernandaBrasil
, de Rondonópolis no Mato Grosso, é a grande vencedora da semana!

Nossa vice 
@AnaPaulaMatosBA
 resolveu fazer uma surpresa maravilhosa. Confira!",nao,54 Replies. Reply,276 reposts. Repost,896 Likes. Like,,
1559975507726372864,https://x.com/i/web/status/1559975507726372864,Ciro Gomes,@cirogomes,2022-08-17T18:48:38.000Z,"Quando o discurso da esquerda se assemelha ao fascismo da pior das direitas, o uso em vão do Nome de Deus já traz em si um forte castigo. O de mostrar que os dois lados – e seus dois líderes – estão se tornando iguais.",nao,1103 Replies. Reply,997 reposts. Repost,4690 Likes. Like,,
1559961867535130627,https://x.com/i/web/status/1559961867535130627,Ciro Gomes,@cirogomes,2022-08-17T17:54:26.000Z,"Gente boa, hoje temos entrevista AO VIVO no SBT Brasil. Espero vocês às 19h50!

Compartilhe e participe com a hashtag #CiroNoSBT",nao,166 Replies. Reply,763 reposts. Repost,2363 Likes. Like,,
1559918066435297281,https://x.com/i/web/status/1559918066435297281,Ciro Gomes,@cirogomes,2022-08-17T15:00:23.000Z,"Já viram que hora é essa? 

ciro         ciro ciro ciro
ciro      ciro             ciro
ciro       ciro           ciro
ciro                     ciro
ciro                  ciro
ciro               ciro
ciro            ciro
ciro         ciro
ciro     ciro ciro ciro ciro",nao,246 Replies. Reply,594 reposts. Repost,4020 Likes. Like,,
1559872804656406528,https://x.com/i/web/status/1559872804656406528,Ciro Gomes,@cirogomes,2022-08-17T12:00:32.000Z,"CHEGA DE CHANTAGEM E ESTELIONATO ELEITORAL! AQUI, O DIREITO É PRA SEMPRE. Conheça o Programa de Renda Mínima Eduardo Suplicy – o maior programa de transferência de renda da nossa história e que será um direito constitucional, garantido seja qual for o governo! #CiroPresidente12",nao,205 Replies. Reply,840 reposts. Repost,2588 Likes. Like,,
1559861027919085568,https://x.com/i/web/status/1559861027919085568,Ciro Gomes,@cirogomes,2022-08-17T11:13:44.000Z,"GIRO DO CIRO - CAMINHADA EM SANTANA DO PARNAÍBA/SP | 17/08/2022 
x.com/i/broadcasts/1
…",nao,44 Replies. Reply,276 reposts. Repost,1082 Likes. Like,,
1559705168949780486,https://x.com/i/web/status/1559705168949780486,Ciro Gomes,@cirogomes,2022-08-17T00:54:24.000Z,"Estivemos na posse do ministro Alexandre de Moraes (
@alexandre
) na Presidência do TSE. Aproveito a oportunidade pra reiterar minha confiança de que o novo presidente saberá conduzir a eleição mais tensa dos últimos anos.",nao,165 Replies. Reply,401 reposts. Repost,3251 Likes. Like,,
1559633252889026563,https://x.com/i/web/status/1559633252889026563,Ciro Gomes,@cirogomes,2022-08-16T20:08:38.000Z," Afinal, nada mais justo que eles paguem um pouquinho dessa fortuna pra tirar a fome, a miséria e a humilhação da maioria esmagadora, né?

 QUEM VAI TER DIREITO? Todas as famílias que se encontram abaixo da linha da pobreza.",nao,15 Replies. Reply,187 reposts. Repost,940 Likes. Like,,
1559633250557071361,https://x.com/i/web/status/1559633250557071361,Ciro Gomes,@cirogomes,2022-08-16T20:08:38.000Z," DE ONDE VEM O DINHEIRO? De programas de transferência de renda já existentes (como o Auxílio Brasil, antigo Bolsa Família) + imposto sobre grandes fortunas e taxação de lucros e dividendos –",nao,19 Replies. Reply,211 reposts. Repost,1110 Likes. Like,,
1559633247570694144,https://x.com/i/web/status/1559633247570694144,Ciro Gomes,@cirogomes,2022-08-16T20:08:37.000Z," GARANTIA – O programa será um direito constitucional, ou seja, ele estará garantido seja qual que for o governo. Exatamente por isso, vai acabar com as chantagens e ameaças que aparecem em toda eleição.",nao,3 Replies. Reply,154 reposts. Repost,744 Likes. Like,,
1559633244798259200,https://x.com/i/web/status/1559633244798259200,Ciro Gomes,@cirogomes,2022-08-16T20:08:36.000Z," O QUE É? O Programa de Renda Mínima ‘Eduardo Suplicy’ será o maior programa de transferência de renda da nossa história. Ele vai garantir uma renda de R$ 1 mil, em média, para 24,2 milhões de famílias carentes.",nao,3 Replies. Reply,207 reposts. Repost,885 Likes. Like,,
1559633242550050816,https://x.com/i/web/status/1559633242550050816,Ciro Gomes,@cirogomes,2022-08-16T20:08:36.000Z,"Você já conhece o nosso Programa de Renda Mínima ‘Eduardo Suplicy’, que vai garantir R$1.000 aos lares de toda a população carente no Brasil? #CiroPresidente12",nao,172 Replies. Reply,838 reposts. Repost,3264 Likes. Like,,
1559605965405786112,https://x.com/i/web/status/1559605965405786112,Ciro Gomes,@cirogomes,2022-08-16T18:20:12.000Z,"Fiz questão de começar a campanha apresentando o Programa de Renda Mínima 'Eduardo Suplicy’, em mais uma visita às periferias abandonadas do nosso Brasil. A ideia é que o projeto se torne um DIREITO constitucional das famílias mais carentes. Confira! #CiroPresidente12",nao,92 Replies. Reply,585 reposts. Repost,2581 Likes. Like,,
1559556110339776512,https://x.com/i/web/status/1559556110339776512,Ciro Gomes,@cirogomes,2022-08-16T15:02:06.000Z,"E aí, gostaram da nova foto de perfil?  #CiroPresidente12",nao,1037 Respostas. Resposta,1129 reposts. Repost,9688 Curtidas. Curtida,,
1559525390175141888,https://x.com/i/web/status/1559525390175141888,Ciro Gomes,@cirogomes,2022-08-16T13:00:02.000Z,"Bora salvar o Brasil dessa polarização e, finalmente, trazer paz pro nosso país? Ainda dá tempo de você votar no Ciro! #CiroPresidente12",nao,423 Replies. Reply,944 reposts. Repost,4043 Likes. Like,,
1559509132834635776,https://x.com/i/web/status/1559509132834635776,Ciro Gomes,@cirogomes,2022-08-16T11:55:26.000Z,"Vamos de 12 pra livrar o Brasil dessa onda de ódio e de paixões despolitizadas, gente boa! #CiroPresidente12",nao,34 Replies. Reply,218 reposts. Repost,1215 Likes. Like,,
1559509126878748674,https://x.com/i/web/status/1559509126878748674,Ciro Gomes,@cirogomes,2022-08-16T11:55:24.000Z,"Demos início a nossa campanha de rua em Guaianases, periferia de SP! E já quero abrir o dia pedindo seu voto e oportunidade de mudar – porque não dá pra repetir as mesmas coisas e esperar resultados diferentes.",nao,123 Replies. Reply,577 reposts. Repost,3189 Likes. Like,,
1559501280967593985,https://x.com/i/web/status/1559501280967593985,Ciro Gomes,@cirogomes,2022-08-16T11:24:14.000Z,"GIRO DO CIRO - LANÇAMENTO OFICIAL DA CAMPANHA #CiroPresidente | 16/08/2022 
x.com/i/broadcasts/1
…",nao,39 Replies. Reply,300 reposts. Repost,1032 Likes. Like,,
1559480714000842753,https://x.com/i/web/status/1559480714000842753,Ciro Gomes,@cirogomes,2022-08-16T10:02:30.000Z,"Hoje convido vocês pro início oficial da nossa campanha. É hora de mostrar que o Brasil tem solução e que aqui tem projeto, experiência, ficha limpa e uma alternativa viável pra mudar o país. Vamos juntos?  #CiroPresidente12 
youtu.be/--tTtMRL01s",nao,82 Replies. Reply,345 reposts. Repost,1400 Likes. Like,,
1559478445389881344,https://x.com/i/web/status/1559478445389881344,Ciro Gomes,@cirogomes,2022-08-16T09:53:29.000Z,"Pra quem não viu (ou pra quem quer rever), segue o link do #CiroNoRodaViva ",nao,14 Replies. Reply,145 reposts. Repost,560 Likes. Like,,
1559478442873217024,https://x.com/i/web/status/1559478442873217024,Ciro Gomes,@cirogomes,2022-08-16T03:26:34.000Z,"Mais uma vez confirmado: onde Ciro vai, o povo acompanha. A rota do 12 é a rota da vitória! #CiroPresidente12",nao,66 Replies. Reply,314 reposts. Repost,1390 Likes. Like,,
1559382206929375233,https://x.com/i/web/status/1559382206929375233,Ciro Gomes,@cirogomes,2022-08-16T03:31:04.000Z,"""Sou um homem livre. Eu estou aqui para servir ao Brasil"". Veja aqui os instantes finais da participação de Ciro no 
@rodaviva
. #CiroNoRodaViva",nao,54 Replies. Reply,386 reposts. Repost,1398 Likes. Like,,
1559379986498330629,https://x.com/i/web/status/1559379986498330629,Ciro Gomes,@cirogomes,2022-08-16T03:22:15.000Z,Ciro explica porque vai desdolarizar o preço dos combustíveis e retomar o controle do Estado sobre a Eletrobras. #CiroNoRodaViva,nao,37 Replies. Reply,371 reposts. Repost,1466 Likes. Like,,
1559377759083925509,https://x.com/i/web/status/1559377759083925509,Ciro Gomes,@cirogomes,2022-08-16T03:13:24.000Z,"O que está fracassando no Brasil é a política e o que tá errado, está errado pra proteger uma minoria de privilegiados que têm conseguido engessar as instituições pra eternizar a miséria, a informalidade selvagem e uma das maiores concentrações de renda do mundo. #CiroNoRodaViva",nao,24 Replies. Reply,293 reposts. Repost,1142 Likes. Like,,
1559377602565050369,https://x.com/i/web/status/1559377602565050369,Ciro Gomes,@cirogomes,2022-08-16T03:12:46.000Z,"Não dá pra me chamar de ladrão, porque não sou; não dá pra me chamar de incompetente, porque tenho uma história, então inventaram essa de destemperado. Mas na verdade sou um homem livre, não sou um carreirista, nunca fiz da política meio de vida, estou aqui para servir ao Brasil.",nao,299 Replies. Reply,606 reposts. Repost,3384 Likes. Like,,
1559377468343058432,https://x.com/i/web/status/1559377468343058432,Ciro Gomes,@cirogomes,2022-08-16T03:12:14.000Z,Eu quero pra mim a referência histórica de presidente da República que zerou toda a demanda por regularização fundiária das comunidades tradicionais brasileiras. #CiroNoRodaViva,nao,28 Replies. Reply,260 reposts. Repost,1274 Likes. Like,,
1559377180211175424,https://x.com/i/web/status/1559377180211175424,Ciro Gomes,@cirogomes,2022-08-16T03:11:06.000Z,"2) um regime de repartição transitório – com um teto que vai valer pra todo mundo que entrar no sistema;
 
E 3) um regime de capitalização público controlado por um coletivo de trabalhadores com contribuição patronal.",nao,10 Replies. Reply,203 reposts. Repost,1127 Likes. Like,,
1559377178495787016,https://x.com/i/web/status/1559377178495787016,Ciro Gomes,@cirogomes,2022-08-16T03:11:05.000Z,"Estamos propondo um novo sistema previdenciário que tem 3 pernas:

1) o programa de Renda Mínima – que vai entrar como elemento de seguridade social;",nao,57 Replies. Reply,490 reposts. Repost,3072 Likes. Like,,
1559376409323257859,https://x.com/i/web/status/1559376409323257859,Ciro Gomes,@cirogomes,2022-08-16T03:08:02.000Z,"Bolsonaro entregou o cadastro dos miseráveis e famintos brasileiros para o sistema financeiro cobrar 80% a 100% de juros, antecipando os valores do Auxílio Brasil. A pessoa recebe R$ 3 mil e fica devendo R$ 5 mil. Isso será criminalizado. #CiroNoRodaViva",nao,54 Replies. Reply,310 reposts. Repost,1379 Likes. Like,,
1559374204163743747,https://x.com/i/web/status/1559374204163743747,Ciro Gomes,@cirogomes,2022-08-16T02:59:16.000Z,"Relação amistosa com os Estados Unidos, tudo bem. Vassalagem, não. É assim que Ciro explica a relação que terá com os EUA. #CiroNoRodaViva",nao,47 Replies. Reply,399 reposts. Repost,1644 Likes. Like,,
1559372692230479872,https://x.com/i/web/status/1559372692230479872,Ciro Gomes,@cirogomes,2022-08-16T02:53:16.000Z,Ciro confirma que vai à posse de Alexandre de Moraes na presidência do TSE e diz o que acha da presença de Bolsonaro nesse ato. #CiroNoRodaViva,nao,18 Replies. Reply,234 reposts. Repost,1078 Likes. Like,,
1559369310824529921,https://x.com/i/web/status/1559369310824529921,Ciro Gomes,@cirogomes,2022-08-16T02:39:50.000Z,Ciro responde sobre a valorização de mulheres e negros num governo seu e sobre a ameaça de golpe que paira sobre o país. #CiroNoRodaViva,nao,38 Replies. Reply,335 reposts. Repost,1284 Likes. Like,,
1559367056042205184,https://x.com/i/web/status/1559367056042205184,Ciro Gomes,@cirogomes,2022-08-16T02:30:52.000Z,"O que vai ser colocado no lugar da autonomia do Banco Central? Aqui, Ciro responde a essa pergunta de 
@veramagalhaes
. #CiroNoRodaViva",nao,32 Replies. Reply,313 reposts. Repost,1160 Likes. Like,,
1559364639472947200,https://x.com/i/web/status/1559364639472947200,Ciro Gomes,@cirogomes,2022-08-16T02:21:16.000Z,"Faz 11 anos que o Brasil não cresce e vou fazer o País voltar a crescer. Para isso precisamos restaurar o consumo das famílias, recuperar as empresas, retomar o investimento público e iniciar um amplo processo de reindustrialização.",nao,49 Replies. Reply,305 reposts. Repost,1461 Likes. Like,,
1559363691212046339,https://x.com/i/web/status/1559363691212046339,Ciro Gomes,@cirogomes,2022-08-16T02:17:30.000Z,"Ciro dá mais detalhes sobre a implantação do Programa de Renda Mínima Eduardo Suplicy, que vai distribuir 1 mil ao mês às famílias mais carentes. #CiroNoRodaViva",nao,49 Replies. Reply,424 reposts. Repost,1538 Likes. Like,,
1559361478817349632,https://x.com/i/web/status/1559361478817349632,Ciro Gomes,@cirogomes,2022-08-16T02:08:42.000Z,"Isso, por si só, vai distensionar o ambiente porque eu não vou precisar fazer conchavo e muito menos vender o Brasil pros ladrões da economia.",nao,8 Replies. Reply,147 reposts. Repost,815 Likes. Like,,
1559361477009702919,https://x.com/i/web/status/1559361477009702919,Ciro Gomes,@cirogomes,2022-08-16T02:08:42.000Z,"Esse modelo de governança política só produz desastre e crise. Sem exceção. Aí me perguntam: como eu pretendo resolver isso? Pra começar, vou abrir mão da minha reeleição em troca das reformas que o Brasil precisa.",nao,55 Replies. Reply,369 reposts. Repost,1900 Likes. Like,,
1559360787709403144,https://x.com/i/web/status/1559360787709403144,Ciro Gomes,@cirogomes,2022-08-16T02:05:57.000Z,Você tem ideia de quanto o governo pagou de juros pra banco e pras famílias mais abastadas do Brasil em um ano? R$500 bilhões! Quase o dobro do que gastou com o SUS e com Educação. #CiroNoRodaViva,nao,25 Replies. Reply,311 reposts. Repost,1204 Likes. Like,,
1559360566141001730,https://x.com/i/web/status/1559360566141001730,Ciro Gomes,@cirogomes,2022-08-16T02:05:05.000Z,"Vou acabar com a molecagem política de humilhar nosso povo na véspera de cada eleição e criar o programa de Renda Mínima Eduardo Suplicy, que vai ter status constitucional e será um direito previdenciário dos brasileiros.",nao,92 Replies. Reply,391 reposts. Repost,2099 Likes. Like,,
1559359586360074241,https://x.com/i/web/status/1559359586360074241,Ciro Gomes,@cirogomes,2022-08-16T02:01:11.000Z,Vinícius Torres Freire questionou Ciro sobre de onde virão os recursos para viabilizar os seus projetos. Veja o que Ciro respondeu. #CiroNoRodaViva,nao,62 Replies. Reply,554 reposts. Repost,1905 Likes. Like,,
1559356391919423491,https://x.com/i/web/status/1559356391919423491,Ciro Gomes,@cirogomes,2022-08-16T01:48:29.000Z,"Se a gente não conseguir salvar o Brasil dessa absurda e despolitizada polarização, o aprofundamento dos ódios e paixões vai produzir o maior estelionato eleitoral da história – com uma crise tão grave que aí sim nós vamos ver que valor tem a democracia para a nossa sociedade.",nao,81 Replies. Reply,285 reposts. Repost,1405 Likes. Like,,
1559352133455077378,https://x.com/i/web/status/1559352133455077378,Ciro Gomes,@cirogomes,2022-08-16T01:31:34.000Z,"Veja como Ciro responde à primeira pergunta do 
@rodaviva
 sobre a viabilidade de sua candidatura. #CiroNoRodaViva",nao,72 Replies. Reply,366 reposts. Repost,1281 Likes. Like,,
1559351224092311554,https://x.com/i/web/status/1559351224092311554,Ciro Gomes,@cirogomes,2022-08-16T01:27:57.000Z,"A fórmula para quebrar a polarização é ter humildade, disciplina, frequentar os debates, as sabatinas e tentar mostrar ao povo brasileiro a necessidade de construir uma alternativa. É o que estou fazendo. #CiroNoRodaViva",nao,70 Replies. Reply,329 reposts. Repost,1402 Likes. Like,,
1559350370928934915,https://x.com/i/web/status/1559350370928934915,Ciro Gomes,@cirogomes,2022-08-16T01:24:34.000Z,"Eu não aceito essa história de que corrupção “é uma coisa normal”, que “é isso mesmo” e que “todo mundo é corrupto” porque eu não sou.",nao,329 Replies. Reply,671 reposts. Repost,4595 Likes. Like,,
1559350229329125376,https://x.com/i/web/status/1559350229329125376,Ciro Gomes,@cirogomes,2022-08-16T01:24:00.000Z,O que está acontecendo no Brasil é que está se relativizando de uma forma absolutamente chocante de que corrupção é uma inerência da política. Isso destrói uma nação. #CiroNoRodaViva,nao,26 Replies. Reply,387 reposts. Repost,1502 Likes. Like,,
1559349581195972608,https://x.com/i/web/status/1559349581195972608,Ciro Gomes,@cirogomes,2022-08-16T01:21:26.000Z,Eu não sou candidato porque é fácil. Eu sou candidato porque é necessário. O Brasil não aguenta mais isso. Será que é razoável que a resposta pra tudo que Bolsonaro representa seja voltar ao que deu causa a ele?,nao,553 Respostas. Resposta,617 reposts. Repost,4372 Curtidas. Curtida,,
1559344108317065217,https://x.com/i/web/status/1559344108317065217,Ciro Gomes,@cirogomes,2022-08-16T00:59:41.000Z,"Todo mundo ligado?  #CiroNoRodaViva 

 
youtu.be/V-8cDUXthpU",nao,36 Respostas. Resposta,221 reposts. Repost,784 Curtidas. Curtida,,
1559341914767474690,https://x.com/i/web/status/1559341914767474690,Ciro Gomes,@cirogomes,2022-08-16T00:50:58.000Z,"VAI COMEÇAR! Assista minha entrevista no Roda Viva, na 
@tvcultura
 a partir das 22h. Ao vivo também no YouTube: 
youtu.be/V-8cDUXthpU

#CiroNoRodaViva",nao,63 Respostas. Resposta,326 reposts. Repost,1044 Curtidas. Curtida,,
1559319653901602818,https://x.com/i/web/status/1559319653901602818,Ciro Gomes,@cirogomes,2022-08-15T23:22:30.000Z,"AVISO IMPORTANTE: 

Pessoal, amanhã à noite estarei na posse do ministro Alexandre de Moraes na presidência do TSE. Por isso, a #CIROGAMES não será transmitida nesta terça-feira. Em seu lugar, teremos um #GiroDoCiro em Brasília. Fiquem ligados aqui nas redes!",nao,114 Respostas. Resposta,379 reposts. Repost,2327 Curtidas. Curtida,,
1559291726283554816,https://x.com/i/web/status/1559291726283554816,Ciro Gomes,@cirogomes,2022-08-15T21:31:32.000Z,"É AMANHÃ! Com muita alegria, convido vocês pro início oficial da nossa campanha! 

Vamos mostrar aos brasileiros que aqui tem projeto, experiência, ficha limpa e uma alternativa viável pra mudar o país.

Nesta terça, às 7h, estaremos AO VIVO nas redes. Acompanhe! #PrefiroCiro",nao,101 Respostas. Resposta,369 reposts. Repost,1624 Curtidas. Curtida,,
1559277971785015296,https://x.com/i/web/status/1559277971785015296,Ciro Gomes,@cirogomes,2022-08-15T20:36:53.000Z,"Pessoal, só pra lembrar que hoje temos encontro marcado às 22h na 
@tvcultura
! 

Já que os fujões não vão aos debates, toda oportunidade é preciosa pra mostrar o que está acontecendo com o Brasil e como resolver essa crise. 

Bora subir a hashtag: #CiroNoRodaViva",nao,188 Respostas. Resposta,663 reposts. Repost,2533 Curtidas. Curtida,,
1559193436158402562,https://x.com/i/web/status/1559193436158402562,Ciro Gomes,@cirogomes,2022-08-15T15:00:58.000Z,"Atenção, turma! Hoje nós temos um encontro no 
@rodaviva
, da TV Cultura. Todo mundo pronto pra debater o Brasil? Começa 22h!

Assista AO VIVO e participe com a hashtag #CiroNoRodaViva",nao,378 Respostas. Resposta,1083 reposts. Repost,3710 Curtidas. Curtida,,
1559178093683695616,https://x.com/i/web/status/1559178093683695616,Ciro Gomes,@cirogomes,2022-08-15T14:00:00.000Z,"É contra este sistema que botou a corrupção no centro da vida pública brasileira, que eu venho lutando com todas as minhas forças. E não vou desistir!",nao,143 Respostas. Resposta,551 reposts. Repost,2112 Curtidas. Curtida,,
1559161981063647235,https://x.com/i/web/status/1559161981063647235,Ciro Gomes,@cirogomes,2022-08-15T12:55:58.000Z,"Hoje é o aniversário de 
@robertoclaudio
, este grande prefeito que transformou Fortaleza e vai fazer muito mais pelo Ceará como nosso governador. Seu preparo e humanismo são ímpares, meu querido amigo. Estamos juntos!",nao,39 Respostas. Resposta,196 reposts. Repost,1255 Curtidas. Curtida,,
1558876104688971776,https://x.com/i/web/status/1558876104688971776,Ciro Gomes,@cirogomes,2022-08-14T18:00:00.000Z,"Conversando com 
@caiofabiovvtv
, perguntei qual seria o papel dos cristãos no período eleitoral e ele foi categórico: nós, cristãos, precisamos cultivar as pautas de Jesus. Veja quais são e porquê Bolsonaro não representa nenhuma delas.",nao,109 Respostas. Resposta,403 reposts. Repost,1560 Curtidas. Curtida,,
1558843336458473473,https://x.com/i/web/status/1558843336458473473,Ciro Gomes,@cirogomes,2022-08-14T15:49:47.000Z,Reunir a família é sempre um momento de muitas bênçãos e alegria! ,nao,103 Respostas. Resposta,298 reposts. Repost,2902 Curtidas. Curtida,,
1558785531059781633,https://x.com/i/web/status/1558785531059781633,Ciro Gomes,@cirogomes,2022-08-14T12:00:06.000Z,"O melhor pai é o que aprende a ser ao mesmo tempo o melhor filho, o melhor esposo, o mais humilde membro da família e o mais temente filho de Deus. Neste dia, viva os heróicos pais brasileiros.",nao,136 Respostas. Resposta,414 reposts. Repost,3221 Curtidas. Curtida,,
1558589219093692416,https://x.com/i/web/status/1558589219093692416,Ciro Gomes,@cirogomes,2022-08-13T23:00:01.000Z,"E aí, gente boa, o que acharam do último react sobre a participação de Bolsonaro no 
@flowpdc
? Pra quem não viu (ou pra quem quer rever) segue o link do #ReactDoCirão completo no Youtube: 
youtu.be/l5LvS5aIMVI e comente o que achou. ",nao,129 Respostas. Resposta,286 reposts. Repost,1477 Curtidas. Curtida,,
1558566542262128640,https://x.com/i/web/status/1558566542262128640,Ciro Gomes,@cirogomes,2022-08-13T21:29:55.000Z,"Minha querida 
@simonetebetbr
, isto é o que mais tenho feito na vida e em todas as campanhas que tenho participado. Saúdo sua chegada e disposição. Nos juntemos para cobrar a presença dos demais nos debates já marcados. Bem-vinda!",nao,227 Respostas. Resposta,665 reposts. Repost,5113 Curtidas. Curtida,,
1558543915694919681,https://x.com/i/web/status/1558543915694919681,Ciro Gomes,@cirogomes,2022-08-13T20:00:00.000Z,"Aqui tem projeto com início, meio e fim! Veja detalhes do nosso Programa de Renda Mínima – o que é, de onde vem o dinheiro e como será sua estruturação com base no tamanho e formação das famílias. E veja também a análise dos comentaristas da 
@GloboNews
.",nao,146 Respostas. Resposta,726 reposts. Repost,2356 Curtidas. Curtida,,
1558527912789393412,https://x.com/i/web/status/1558527912789393412,Ciro Gomes,@cirogomes,2022-08-13T18:09:01.000Z,"Quem assiste esta cena, e não derrama lágrimas, tem uma pedra de gelo no peito. E quem não entende a imensa tragédia social que ela concentra, vai continuar sem buscar as verdadeiras saídas para o drama brasileiro.",nao,381 Respostas. Resposta,780 reposts. Repost,4327 Curtidas. Curtida,,
1558514297474514947,https://x.com/i/web/status/1558514297474514947,Ciro Gomes,@cirogomes,2022-08-13T18:02:18.000Z,Vai um cafezinho? ,nao,91 Respostas. Resposta,253 reposts. Repost,1545 Curtidas. Curtida,,
1558468418696671232,https://x.com/i/web/status/1558468418696671232,Ciro Gomes,@cirogomes,2022-08-13T15:00:00.000Z,"Pessoal, se liga na novidade: o #AppDoCirão já tá no ar! É tudo muito simples e na ponta do dedo – com direito a gamificação!! Veja aqui que Giselle dá todas as dicas. Bora? 
cirogomes.com.br/aplicativo",nao,146 Respostas. Resposta,531 reposts. Repost,1605 Curtidas. Curtida,,
1558438632641421312,https://x.com/i/web/status/1558438632641421312,Ciro Gomes,@cirogomes,2022-08-13T13:01:39.000Z,"Viva Santa Dulce dos Pobres – nosso Anjo Bom do Brasil. Rogai por nós, hoje e sempre!",nao,129 Respostas. Resposta,288 reposts. Repost,1743 Curtidas. Curtida,,
1558423121220120576,https://x.com/i/web/status/1558423121220120576,Ciro Gomes,@cirogomes,2022-08-13T12:00:00.000Z,"Coerência e compromisso com o povo! São décadas defendendo um grande e bem pensado PROJETO NACIONAL DE DESENVOLVIMENTO! É isso pessoal – SEGUNDA-FEIRA, 22H, temos mais um encontro no 
@rodaviva
 da TV Cultura. Espero vocês!",nao,271 Replies. Reply,1061 reposts. Repost,2908 Likes. Like,,
1558197096901214213,https://x.com/i/web/status/1558197096901214213,Ciro Gomes,@cirogomes,2022-08-12T21:01:52.000Z,"Assista à live completa no YouTube, deixe seu like e aproveite pra se inscrever no canal: 
youtu.be/G7TFpCVg3Qo",nao,15 Replies. Reply,155 reposts. Repost,714 Likes. Like,,
1558197088751689728,https://x.com/i/web/status/1558197088751689728,Ciro Gomes,@cirogomes,2022-08-12T21:01:50.000Z,"Hoje estive no Conexão Empresarial CNX 2022, em BH. Durante a palestra, falei sobre as razões que levaram o Brasil à crise e apresentei algumas das principais propostas do nosso projeto – como o Programa de Renda Mínima e a grande revolução na educação.",nao,74 Replies. Reply,395 reposts. Repost,2067 Likes. Like,,
1558178349138288642,https://x.com/i/web/status/1558178349138288642,Ciro Gomes,@cirogomes,2022-08-12T19:47:22.000Z,"O debate deveria ser sobre a retomada do desenvolvimento no Brasil e não discussões rasas e personalistas – que só aprofundam essa polarização que quer obrigar o povo a escolher qual o menos corrupto dos dois, além de seguir condenando os brasileiros a essa vida de miséria.",nao,144 Replies. Reply,512 reposts. Repost,2414 Likes. Like,,
1558163483669286918,https://x.com/i/web/status/1558163483669286918,Ciro Gomes,@cirogomes,2022-08-12T18:48:18.000Z,GIRO DO CIRO - CONEXÃO EMPRESARIAL CNX 2022 | BELO HORIZONTE/MG | 12/08/2022,nao,44 Replies. Reply,273 reposts. Repost,935 Likes. Like,,
1558106038494081024,https://x.com/i/web/status/1558106038494081024,Ciro Gomes,@cirogomes,2022-08-12T15:00:02.000Z,Bolsonaro deu um verdadeiro show de mau caratismo em sua participação no Flow Podcast. Como pode um presidente ser tão insensível assim?,nao,277 Replies. Reply,394 reposts. Repost,1641 Likes. Like,,
1558093303823876098,https://x.com/i/web/status/1558093303823876098,Ciro Gomes,@cirogomes,2022-08-12T14:09:26.000Z,"Bolsonaro e Lula não estão aceitando participar dos debates porque ambos não têm como explicar suas próprias contradições – nem a contradição moral da corrupção nem a contradição do mesmo modelo econômico que praticam, que só produz desigualdade.",nao,215 Replies. Reply,560 reposts. Repost,2649 Likes. Like,,
1558092972738187265,https://x.com/i/web/status/1558092972738187265,Ciro Gomes,@cirogomes,2022-08-12T14:08:07.000Z,"Minha irmã, meu irmão, não dê o seu voto precioso a quem não aceita sequer ir aos debates para apresentar propostas para o futuro do Brasil. Como disse Einstein, ""Insanidade é continuar fazendo sempre a mesma coisa e esperar resultados diferentes"".",nao,980 Replies. Reply,1109 reposts. Repost,6382 Likes. Like,,
1558092562673672194,https://x.com/i/web/status/1558092562673672194,Ciro Gomes,@cirogomes,2022-08-12T14:06:29.000Z,E com o mesmo modelo de governança política – o mesmo que botou a corrupção no centro da vida pública brasileira.,nao,15 Replies. Reply,190 reposts. Repost,1184 Likes. Like,,
1558092560916152329,https://x.com/i/web/status/1558092560916152329,Ciro Gomes,@cirogomes,2022-08-12T14:06:29.000Z,"Fiquem atentos: os dois candidatos que lideram as pesquisas estão comprometidos com o mesmo modelo econômico, que transformou nosso país numa máquina de transferir renda do povo para 10 mil famílias de barões do sistema financeiro.",nao,175 Replies. Reply,725 reposts. Repost,3878 Likes. Like,,
1558089992286650369,https://x.com/i/web/status/1558089992286650369,Ciro Gomes,@cirogomes,2022-08-12T13:56:16.000Z,"A meta é transformar nossa educação em uma das 10 mais qualificadas do mundo em 15 anos. Os principais caminhos para isso: 

1. Mudar o padrão pedagógico para se adequar ao novo mundo digital, ensinando os alunos a perguntar;

2. Requalificar e premiar o magistério brasileiro.",nao,64 Replies. Reply,448 reposts. Repost,1838 Likes. Like,,
1558087068731019265,https://x.com/i/web/status/1558087068731019265,Ciro Gomes,@cirogomes,2022-08-12T13:44:39.000Z,"Acredito que, além de aprender a não replicar a cultura machista e patriarcal, ações práticas são fundamentais. Repartir o poder, valorizar o mérito.",nao,8 Replies. Reply,152 reposts. Repost,880 Likes. Like,,
1558087066868748288,https://x.com/i/web/status/1558087066868748288,Ciro Gomes,@cirogomes,2022-08-12T13:44:39.000Z,"Pra quem não sabe, enquanto prefeito de Fortaleza e governador do Ceará, determinei que mais da metade do orçamento fosse administrado por mulheres. E foi extraordinário. Podem botar aí no Google: fui o prefeito de capital e governador mais bem avaliado do Brasil naquela época.",nao,53 Replies. Reply,419 reposts. Repost,2130 Likes. Like,,
1558081138735865861,https://x.com/i/web/status/1558081138735865861,Ciro Gomes,@cirogomes,2022-08-12T13:21:05.000Z,"Um novo modelo econômico começa tirando 66 milhões de brasileiros que estão com o nome sujo no SPC, banidos do crédito. Isso não é por caridade ou demagogia, mas sim porque o PIB só cresce se o consumo das famílias se expandir.",nao,49 Replies. Reply,371 reposts. Repost,1742 Likes. Like,,
1558080878810644480,https://x.com/i/web/status/1558080878810644480,Ciro Gomes,@cirogomes,2022-08-12T13:20:03.000Z,"Precisamos ouvir esse apelo cívico e cristão para que a gente faça o debate das nossas ideias e diferenças em um plano respeitoso – ainda que seja quente e caloroso. Matar, discriminar pessoas e dividir famílias é o que está rachando a nação. Temos que nos reconciliar!",nao,46 Replies. Reply,246 reposts. Repost,1157 Likes. Like,,
1558080506532618240,https://x.com/i/web/status/1558080506532618240,Ciro Gomes,@cirogomes,2022-08-12T13:18:35.000Z,"A política nasce, como arte humana, pra substituir a violência. E a partir do momento em que os dois não aceitam debater diagnósticos, propostas e o futuro do Brasil, acabam estimulando esse aprofundamento da polarização e do ódio entre nosso povo.",nao,53 Replies. Reply,319 reposts. Repost,1294 Likes. Like,,
1558074228494274560,https://x.com/i/web/status/1558074228494274560,Ciro Gomes,@cirogomes,2022-08-12T12:53:38.000Z,Convido você para assistir a este importante debate sobre o Brasil na Rede Imaculada de Comunicação:,nao,29 Replies. Reply,222 reposts. Repost,809 Likes. Like,,
1558060764396675075,https://x.com/i/web/status/1558060764396675075,Ciro Gomes,@cirogomes,2022-08-12T12:00:08.000Z,"Conheça mais detalhes do nosso Programa de Renda Mínima ""Eduardo Suplicy"", que vai garantir pelo menos R$ 1 mil mensais às nossas famílias mais carentes. Uma proposta que já vem chamando a atenção de todo o Brasil.",nao,147 Replies. Reply,671 reposts. Repost,2158 Likes. Like,,
1557874197631746048,https://x.com/i/web/status/1557874197631746048,Ciro Gomes,@cirogomes,2022-08-11T23:38:47.000Z,"Fechando a quinta-feira com aquele calor no coração que só a Bahia dá! Obrigado por tanto carinho e receptividade 
@AnaPaulaMatosBA
 e todo o nosso povo soteropolitano! Já estamos contando os dias pra voltar.",nao,6 Replies. Reply,122 reposts. Repost,534 Likes. Like,,
1557874168867307520,https://x.com/i/web/status/1557874168867307520,Ciro Gomes,@cirogomes,2022-08-11T23:38:40.000Z,"Fechando a quinta-feira com aquele calor no coração que só a Bahia dá! Obrigado por tanto carinho e receptividade 
@AnaPaulaMatosBA
 e todo o nosso povo soteropolitano! Já estamos contando os dias pra voltar.",nao,5 Replies. Reply,128 reposts. Repost,619 Likes. Like,,
1557874135438606337,https://x.com/i/web/status/1557874135438606337,Ciro Gomes,@cirogomes,2022-08-11T23:38:32.000Z,"Fechando a quinta-feira com aquele calor no coração que só a Bahia dá! Obrigado por tanto carinho e receptividade 
@AnaPaulaMatosBA
 e todo o nosso povo soteropolitano! Já estamos contando os dias pra voltar.",nao,35 Replies. Reply,256 reposts. Repost,1161 Likes. Like,,
1557839563363581953,https://x.com/i/web/status/1557839563363581953,Ciro Gomes,@cirogomes,2022-08-11T21:21:09.000Z,"GIRO DO CIRO - ASSOCIAÇÃO DE MULHERES EMPREENDEDORAS NO SUBÚRBIO DE SALVADOR/BA | 11/08/2022 
x.com/i/broadcasts/1
…",nao,18 Replies. Reply,176 reposts. Repost,687 Likes. Like,,
1557837766989324291,https://x.com/i/web/status/1557837766989324291,Ciro Gomes,@cirogomes,2022-08-11T21:14:01.000Z,"Mais uma vez se repete o absurdo: os gêmeos fujões Lula e Bolsonaro abandonam o debate, e a imprensa que se diz livre e democrática rende-se ao jogo sórdido e autoritário e cancela o evento. Quem fica devendo mais à democracia?",nao,804 Replies. Reply,1192 reposts. Repost,6569 Likes. Like,,
1557824446467121152,https://x.com/i/web/status/1557824446467121152,Ciro Gomes,@cirogomes,2022-08-11T19:05:53.000Z,E olha que foi a versão reduzida – aqui tem projeto! ,nao,145 Replies. Reply,535 reposts. Repost,2435 Likes. Like,,
1557816623687516160,https://x.com/i/web/status/1557816623687516160,Ciro Gomes,@cirogomes,2022-08-11T19:50:00.000Z,"No bairro da Felicidade, Subúrbio de Salvador. ",nao,45 Replies. Reply,274 reposts. Repost,1484 Likes. Like,,
1557751108935815168,https://x.com/i/web/status/1557751108935815168,Ciro Gomes,@cirogomes,2022-08-11T15:29:40.000Z,"Por último: o Programa de Renda Mínima “Eduardo Suplicy” será transformado em norma constitucional, para que a transferência de renda ao nosso povo mais carente deixe de ser alvo de manipulações a cada eleição.",nao,14 Replies. Reply,261 reposts. Repost,1350 Likes. Like,,
1557751107065085952,https://x.com/i/web/status/1557751107065085952,Ciro Gomes,@cirogomes,2022-08-11T15:29:40.000Z,"Outra fonte de recursos será a reforma tributária que pretendo realizar e que, entre outras medidas, prevê a cobrança de impostos sobre grandes fortunas. Nesse caso, serão cobrados 50 centavos a cada 100 reais dos patrimônios acima dos R$ 20 milhões.",nao,13 Replies. Reply,230 reposts. Repost,1253 Likes. Like,,
1557751104301047808,https://x.com/i/web/status/1557751104301047808,Ciro Gomes,@cirogomes,2022-08-11T15:29:39.000Z,"A estimativa é que esse programa representará um investimento de R$ 172 bilhões. E de onde virão os recursos? Da união de vários programas de transferência de renda, como o Auxílio Brasil, o seguro-desemprego e o BPC (Benefício de Prestação Continuada).",nao,14 Replies. Reply,240 reposts. Repost,1263 Likes. Like,,
1557751102401036290,https://x.com/i/web/status/1557751102401036290,Ciro Gomes,@cirogomes,2022-08-11T15:29:39.000Z,"O compromisso que assumi, de pagar em média R$ 1 mil para as famílias mais carentes do Brasil, através do Programa de Renda Mínima “Eduardo Suplicy”, vai atender cerca de 59 milhões de brasileiros.",nao,209 Replies. Reply,815 reposts. Repost,3582 Likes. Like,,
1557739134852435971,https://x.com/i/web/status/1557739134852435971,Ciro Gomes,@cirogomes,2022-08-11T14:42:05.000Z,"Depois das visitas à Igreja do Bonfim e às Obras Sociais Irmã Dulce, estamos agora no Mercado Modelo – um verdadeiro patrimônio arquitetônico e cultural dos baianos e de todos os brasileiros!",nao,34 Replies. Reply,205 reposts. Repost,1143 Likes. Like,,
1557734047429758977,https://x.com/i/web/status/1557734047429758977,Ciro Gomes,@cirogomes,2022-08-11T14:21:52.000Z,GIRO DO CIRO - OBRAS SOCIAIS DE IRMÃ DULCE EM SALVADOR/BA | 11/08/2022,nao,21 Replies. Reply,216 reposts. Repost,818 Likes. Like,,
1557713782889144322,https://x.com/i/web/status/1557713782889144322,Ciro Gomes,@cirogomes,2022-08-11T13:01:21.000Z,Vale lembrar que Irmã Dulce foi canonizada pelo Papa Francisco em 2019 e se tornou a Santa Dulce dos Pobres - a primeira santa nascida no Brasil.,nao,22 Replies. Reply,138 reposts. Repost,773 Likes. Like,,
1557713776794910721,https://x.com/i/web/status/1557713776794910721,Ciro Gomes,@cirogomes,2022-08-11T13:01:19.000Z,"Saindo da missa na Igreja do Bonfim, estamos agora nas Obras Sociais de Irmã Dulce, onde participamos de uma trezena e encontramos com Maria Rita Pontes, sobrinha de Irmã Dulce e superintendente da instituição.",nao,726 Replies. Reply,300 reposts. Repost,1573 Likes. Like,,
1557707942442532864,https://x.com/i/web/status/1557707942442532864,Ciro Gomes,@cirogomes,2022-08-11T12:38:08.000Z,Na tradicional missa da Igreja do Bonfim – a primeira parada de hoje em Salvador! ,nao,35 Replies. Reply,237 reposts. Repost,1378 Likes. Like,,
1557706476239654913,https://x.com/i/web/status/1557706476239654913,,,,,,,,,,timeout_ou_tweet_indisponivel
1557705189594996737,https://x.com/i/web/status/1557705189594996737,,,,,,,,,,timeout_ou_tweet_indisponivel
1557705186306572294,https://x.com/i/web/status/1557705186306572294,,,,,,,,,,timeout_ou_tweet_indisponivel
1557705182980472846,https://x.com/i/web/status/1557705182980472846,,,,,,,,,,timeout_ou_tweet_indisponivel
1557691265378095107,https://x.com/i/web/status/1557691265378095107,,,,,,,,,,timeout_ou_tweet_indisponivel
1557691262999957505,https://x.com/i/web/status/1557691262999957505,,,,,,,,,,timeout_ou_tweet_indisponivel
1557691260542009346,https://x.com/i/web/status/1557691260542009346,,,,,,,,,,timeout_ou_tweet_indisponivel
1557691255928258561,https://x.com/i/web/status/1557691255928258561,,,,,,,,,,timeout_ou_tweet_indisponivel
1557502727726432257,https://x.com/i/web/status/1557502727726432257,,,,,,,,,,timeout_ou_tweet_indisponivel
1557501856808665093,https://x.com/i/web/status/1557501856808665093,,,,,,,,,,timeout_ou_tweet_indisponivel
1557492071233191937,https://x.com/i/web/status/1557492071233191937,Ciro Gomes,@cirogomes,2022-08-10T22:20:21.000Z,"Meu amigo João Santana teve um princípio de AVC, mas, como grande guerreiro que é, já superou o susto. Mesmo do hospital não parou um minuto e nos mandou este humorado vídeo. Ele segue conosco firme e forte na batalha pelo Brasil!",nao,161 Replies. Reply,280 reposts. Repost,2039 Likes. Like,,
1557470345774366720,https://x.com/i/web/status/1557470345774366720,Ciro Gomes,@cirogomes,2022-08-10T20:54:01.000Z,"Orçamento secreto? Pelo amor de Deus, estão relativizando o que é corrupção na veia!",nao,126 Replies. Reply,604 reposts. Repost,4026 Likes. Like,,
1557461539384434690,https://x.com/i/web/status/1557461539384434690,Ciro Gomes,@cirogomes,2022-08-10T20:19:01.000Z,A profundidade da crise brasileira não nos permite aceitar que o debate de 2022 seja reduzido a uma disputa odienta ou de paixões entre fascismo e comunismo. Isso passa muito longe das reais necessidades do nosso povo.,nao,1408 Replies. Reply,1154 reposts. Repost,3288 Likes. Like,,
1557442246378676225,https://x.com/i/web/status/1557442246378676225,Ciro Gomes,@cirogomes,2022-08-10T19:02:22.000Z,"Você acha justa a taxação de impostos no Brasil? Hoje vou conversar sobre Reforma Tributária a convite da Sindifisco Nacional, da Fenafisco e da Anfip. Começa 16h30!

Assista ao vivo: 
youtu.be/hNinPONau1U",nao,45 Replies. Reply,334 reposts. Repost,1320 Likes. Like,,
1557426900410195968,https://x.com/i/web/status/1557426900410195968,Ciro Gomes,@cirogomes,2022-08-10T18:01:23.000Z,"Sou o único candidato antissistema e não vou me intimidar por essa dinheirama que abastece Bolsonaro e Lula. Não caia no papo de que ‘não existe outra opção’. Isso é o que ELES querem que você acredite porque, no fundo, um se alimenta do outro.",nao,808 Replies. Reply,1030 reposts. Repost,5271 Likes. Like,,
1557336263895777280,https://x.com/i/web/status/1557336263895777280,Ciro Gomes,@cirogomes,2022-08-10T12:01:13.000Z,"Bolsonaro está sempre provando seu mau caratismo e despreparo! Veja minha resposta à sua vergonhosa participação no 
@flowpdc
 e deixe seu comentário.",nao,452 Replies. Reply,815 reposts. Repost,3163 Likes. Like,,
1557155475095003136,https://x.com/i/web/status/1557155475095003136,Ciro Gomes,@cirogomes,2022-08-10T00:02:50.000Z,"Você, Bolsonaro, denunciou a ladroeira desse povo e hoje tá completamente vendido. Vá pro debate e deixa de ser frouxo. Deixa de bancar o valentão e de se esconder atrás de sua turma. Tá com medo dizendo que sou grosseiro? Eu só sou grosseiro com genocidas e corruptos como você.",nao,76 Replies. Reply,243 reposts. Repost,1811 Likes. Like,,
1557155473471725568,https://x.com/i/web/status/1557155473471725568,Ciro Gomes,@cirogomes,2022-08-10T00:02:50.000Z,"Bolsonaro, você se elegeu denunciando a roubalheira do Lula e do PT, mas você é um corrupto, incompetente e uma tragédia como governante. E hoje você institucionalizou o maior escândalo de corrupção do Brasil com o orçamento secreto e a emenda do relator.",nao,339 Replies. Reply,623 reposts. Repost,4432 Likes. Like,,
1557154666676371457,https://x.com/i/web/status/1557154666676371457,Ciro Gomes,@cirogomes,2022-08-09T23:59:37.000Z,"A discussão é: quem representa esse país? Se você está desiludido, nos conheça e nos procure. Aqui tem gente boa e preparada. Você vai voltar a ter esperança no Brasil!",nao,8 Replies. Reply,110 reposts. Repost,565 Likes. Like,,
1557154664956706818,https://x.com/i/web/status/1557154664956706818,Ciro Gomes,@cirogomes,2022-08-09T23:59:37.000Z,"As pessoas que são realmente de bem precisam ocupar os espaços públicos. Se você conhece pessoas boas, se no seu coração tem bons propósitos, por que não tem na política?",nao,3 Replies. Reply,115 reposts. Repost,648 Likes. Like,,
1557154663098712079,https://x.com/i/web/status/1557154663098712079,Ciro Gomes,@cirogomes,2022-08-09T23:59:36.000Z,"Ana Paula (
@AnaPaulaMatosBA
) na #CIROGAMES:
O primeiro passo para a política melhorar é acreditar. Se você identifica que nossa proposta de governo é pensando no melhor do país, nesse momento eu te convido a participar dessa discussão.",nao,16 Replies. Reply,212 reposts. Repost,1043 Likes. Like,,
1557152048910573570,https://x.com/i/web/status/1557152048910573570,Ciro Gomes,@cirogomes,2022-08-09T23:49:13.000Z,"Bolsonaro é um despreparado, não tem a menor noção da tarefa que é governar uma nação complexa e difícil como a nação brasileira.",nao,455 Replies. Reply,397 reposts. Repost,3630 Likes. Like,,
1557148184035696641,https://x.com/i/web/status/1557148184035696641,Ciro Gomes,@cirogomes,2022-08-09T23:33:52.000Z,"Eu vou mudar esse modelo econômico porque o Brasil não aguenta mais conviver com isso. A perversidade desse sistema, que só sobrevive porque conta com a cumplicidade de todos os últimos governos, não perdoa nada nem ninguém.",nao,25 Replies. Reply,159 reposts. Repost,873 Likes. Like,,
1557148182366375937,https://x.com/i/web/status/1557148182366375937,Ciro Gomes,@cirogomes,2022-08-09T23:33:51.000Z,"Não é admissível que nosso povo se esfole no trabalho, se esfole pra pagar impostos, se esfole com as dívidas e no final o resultado de tanto esforço e sofrimento seja a transferência de uma montanha de dinheiro pras mãos dos tubarões do mercado financeiro.",nao,45 Replies. Reply,331 reposts. Repost,1877 Likes. Like,,
1557147692488335361,https://x.com/i/web/status/1557147692488335361,Ciro Gomes,@cirogomes,2022-08-09T23:31:54.000Z,"Percebem? Menos de 300 bilhões pra Auxílio Brasil, saúde e educação. 500 bilhões pra pagar juros de dívida. Se isso não é motivo suficiente pra mudar o modelo econômico que está aí, eu não sei o que seria.",nao,16 Replies. Reply,230 reposts. Repost,1223 Likes. Like,,
1557147690282147848,https://x.com/i/web/status/1557147690282147848,Ciro Gomes,@cirogomes,2022-08-09T23:31:54.000Z,"Esses 500 bilhões que o Brasil usou pra pagar juros – volto a lembrar, pra pagar juros da dívida, não pra abater a dívida em si – são um valor maior do que a soma dos gastos com Auxílio Brasil e com investimentos em saúde e educação. Nessas áreas, o gasto não chega a 300 bilhões.",nao,35 Replies. Reply,429 reposts. Repost,1809 Likes. Like,,
1557140716412968962,https://x.com/i/web/status/1557140716412968962,Ciro Gomes,@cirogomes,2022-08-09T23:04:11.000Z,"Ana Paula (
@AnaPaulaMatosBA
) na #CIROGAMES:
Eu vim de uma família humilde por história de vida dos meus pais, mas essa não foi a minha essência. A minha essência são os valores que você tem que perseguir: o estudo e o trabalho.",nao,10 Replies. Reply,155 reposts. Repost,664 Likes. Like,,
1557140093542039552,https://x.com/i/web/status/1557140093542039552,Ciro Gomes,@cirogomes,2022-08-09T23:01:43.000Z,"Mas para além disso, eu acredito que as pessoas de bem têm que ocupar os espaços públicos, então essa Ana Paula que vocês conhecem agora é uma pessoa vocacionada. Sou comprometida, estudiosa, mas sobretudo aprendi que o valor do ser humano é buscar cuidar do outro.",nao,4 Replies. Reply,108 reposts. Repost,544 Likes. Like,,
1557140091855839233,https://x.com/i/web/status/1557140091855839233,Ciro Gomes,@cirogomes,2022-08-09T23:01:42.000Z,"Ana Paula (
@AnaPaulaMatosBA
) na #CIROGAMES:
Quando eu acredito em algo, sou muito firme. E quando me proponho a estar ao lado de Ciro nessa caminhada é porque eu acredito na sua capacidade, nos seus valores, no homem de bem que ele é e no seu preparo.",nao,7 Replies. Reply,175 reposts. Repost,861 Likes. Like,,
1557139259521486854,https://x.com/i/web/status/1557139259521486854,Ciro Gomes,@cirogomes,2022-08-09T22:58:24.000Z,"Ana Paula (
@AnaPaulaMatosBA
) na #CIROGAMES:
Eu sou daquelas brasileiras que acreditam que a Petrobras move o Brasil. E quando você luta bravamente pela Petrobras, você ganha não só meu voto e minha companhia, mas também o meu coração.",nao,7 Replies. Reply,161 reposts. Repost,665 Likes. Like,,
1557132309731606530,https://x.com/i/web/status/1557132309731606530,Ciro Gomes,@cirogomes,2022-08-09T22:30:47.000Z,"Vai começar a #CIROGAMES com 
@AnaPaulaMatosBA
 e muitos reacts sobre as mentiras de #BolsonaroNoFlow! Acompanhe ",nao,10 Replies. Reply,115 reposts. Repost,465 Likes. Like,,
1557131906122240000,https://x.com/i/web/status/1557131906122240000,Ciro Gomes,@cirogomes,2022-08-09T22:29:11.000Z,"CIRO GAMES #46 | 09/08/2022 com Ana Paula Matos
 
x.com/i/broadcasts/1
…",nao,28 Replies. Reply,209 reposts. Repost,698 Likes. Like,,
1557072453108727808,https://x.com/i/web/status/1557072453108727808,Ciro Gomes,@cirogomes,2022-08-09T18:32:56.000Z,"– problema que se arrasta desde a colonização e que ganhou contornos ainda mais dramáticos no atual governo. É bom lembrar também que a chave para a solução do problema é uma só: visão social, ecológica e econômica, com humanismo.",nao,19 Replies. Reply,153 reposts. Repost,855 Likes. Like,,
1557072445697400832,https://x.com/i/web/status/1557072445697400832,Ciro Gomes,@cirogomes,2022-08-09T18:32:54.000Z,"Neste 9 de agosto, reafirmo meu compromisso de lutar ao lado de todos os nossos povos indígenas, garantindo que seus direitos, sua cultura e suas vidas sejam preservadas. No Brasil, a questão indígena é um triste exemplo de má gestão e desumanidade –",nao,55 Replies. Reply,341 reposts. Repost,1788 Likes. Like,,
1556981404684222464,https://x.com/i/web/status/1556981404684222464,Ciro Gomes,@cirogomes,2022-08-09T12:31:08.000Z,"A convidada na #CIROGAMES de hoje não podia ser outra: é com muita alegria que vamos receber nossa vice-presidente, 
@AnaPaulaMatosBA
 – e você vai conhecer de perto essa baiana arretada! Também teremos MUITOS reacts sobre as mentiras de #BolsonaroNoFlow. Acompanhe. ",nao,123 Replies. Reply,393 reposts. Repost,1454 Likes. Like,,
1556747182509785090,https://x.com/i/web/status/1556747182509785090,Ciro Gomes,@cirogomes,2022-08-08T21:00:25.000Z,Veja três defeitos graves do Ciro apontados pelo senador @SenadorKajuru – duvido muito que alguém discorde.,nao,146 Replies. Reply,543 reposts. Repost,2499 Likes. Like,,
1556703621458366475,https://x.com/i/web/status/1556703621458366475,Ciro Gomes,@cirogomes,2022-08-08T18:07:20.000Z,"Sinergia  

A #CIROGAMES de terça é com ela – nossa super vice-presidente 
@AnaPaulaMatosBA
! Mande suas perguntas e acompanhe a live em nossas redes. Começa às 19h30, em ponto!",nao,48 Replies. Reply,342 reposts. Repost,1677 Likes. Like,,
1556662253755170817,https://x.com/i/web/status/1556662253755170817,Ciro Gomes,@cirogomes,2022-08-08T15:22:57.000Z,"A esquerda e a direita sabem que, se eu for eleito, nossa forma democrática e moderna de governar vai mudar a régua estreita que mede as velhas ideologias e que, depois de um governo como este, os fantasmas do passado dificilmente poderão voltar.",nao,743 Replies. Reply,772 reposts. Repost,4565 Likes. Like,,
1556611211311079424,https://x.com/i/web/status/1556611211311079424,Ciro Gomes,@cirogomes,2022-08-08T12:00:07.000Z,"Enquanto eles fingem que brigam, você paga essa conta.",nao,306 Replies. Reply,663 reposts. Repost,2396 Likes. Like,,
1556391906405482503,https://x.com/i/web/status/1556391906405482503,Ciro Gomes,@cirogomes,2022-08-07T21:28:41.000Z,"Alguém ainda tem dúvidas de que o Brasil tá pagando caro com este choque de egos sem ideias? 
@CartunistaT",nao,463 Replies. Reply,428 reposts. Repost,1678 Likes. Like,,
1556360782719471617,https://x.com/i/web/status/1556360782719471617,Ciro Gomes,@cirogomes,2022-08-07T19:25:01.000Z,"Por que Lula tem tanto medo de Ciro no segundo turno, minha gente?  /ADM",nao,730 Replies. Reply,495 reposts. Repost,4384 Likes. Like,,
1556332723190603777,https://x.com/i/web/status/1556332723190603777,Ciro Gomes,@cirogomes,2022-08-07T17:33:31.000Z,"Olha elaaaa 
@AnaPaulaMatosBA
  /ADM",nao,27 Replies. Reply,103 reposts. Repost,1011 Likes. Like,,
1556309228020719620,https://x.com/i/web/status/1556309228020719620,Ciro Gomes,@cirogomes,2022-08-07T16:00:09.000Z,"Nossa convidada na #CIROGAMES de terça, não podia ser outra: é com muita alegria que vamos receber nossa vice-presidente, 
@AnaPaulaMatosBA
 – e você vai conhecer de perto essa baiana arretada! Mande perguntas, sugestões pro react e anote aí: a live começa às 19h30 em ponto!",nao,76 Replies. Reply,516 reposts. Repost,1973 Likes. Like,,
1556263975926599680,https://x.com/i/web/status/1556263975926599680,Ciro Gomes,@cirogomes,2022-08-07T13:00:20.000Z,"Quem mais conhece o Ciro do que 
@gisellebezerra
? Quem melhor poderia falar sobre ele? É só paixão ou relato profundo e verdadeiro?",nao,208 Replies. Reply,678 reposts. Repost,2347 Likes. Like,,
1556234326311944193,https://x.com/i/web/status/1556234326311944193,Ciro Gomes,@cirogomes,2022-08-07T11:02:31.000Z,"Querido 
@caetanoveloso
, ao vê-lo chegar aos 80 com esta energia criativa, aprendo que não só o tempo e o espaço são relativos, mas também que a idade física pode ser uma brincadeira de átomos e moléculas eternamente crianças. Você é único ! Que privilégio meu ser seu fã e amigo !",nao,131 Replies. Reply,276 reposts. Repost,3205 Likes. Like,,
1555984630939107329,https://x.com/i/web/status/1555984630939107329,Ciro Gomes,@cirogomes,2022-08-06T18:30:19.000Z,"Olha que mara a festa que 
@AnaPaulaMatosBA
 ganhou em Salvador, logo depois do anúncio de que seria #ViceDoCiro.  Você merece todo amor e carinho do mundo, amiga. Vamos juntos por um Brasil melhor e mais justo pro nosso povo! /ADM",nao,108 Replies. Reply,434 reposts. Repost,1781 Likes. Like,,
1555886499232710657,https://x.com/i/web/status/1555886499232710657,Ciro Gomes,@cirogomes,2022-08-06T12:00:23.000Z,"Hoje, neste Dia Nacional dos Profissionais da Educação, reitero – só podemos transformar, de fato, a realidade do nosso povo e o futuro do país através da educação. E não tem como falar disso sem falar da valorização dos nossos profissionais. Todo meu respeito e gratidão a eles!",nao,39 Replies. Reply,273 reposts. Repost,1573 Likes. Like,,
1555886497194205188,https://x.com/i/web/status/1555886497194205188,Ciro Gomes,@cirogomes,2022-08-06T12:00:22.000Z,"Como eu sempre digo: EDUCAÇÃO é e sempre será minha prioridade. Um povo educado é o melhor remédio contra a miséria, a exploração, a desigualdade e todo tipo de negacionismo.",nao,207 Replies. Reply,648 reposts. Repost,3856 Likes. Like,,
1555706874812682240,https://x.com/i/web/status/1555706874812682240,Ciro Gomes,@cirogomes,2022-08-05T15:47:11.000Z,Sou obrigada a concordar  /ADM,nao,90 Replies. Reply,254 reposts. Repost,1881 Likes. Like,,
1555644868847931394,https://x.com/i/web/status/1555644868847931394,Ciro Gomes,@cirogomes,2022-08-05T20:00:13.000Z,"Muito honrado e emocionado de ter essa mulher forte, inteligente e guerreira como nossa vice! Seja bem-vinda, 
@AnaPaulaMatosBA
  – vamos juntos, com muita fé e esperança, mudar o Brasil!",nao,99 Replies. Reply,436 reposts. Repost,2126 Likes. Like,,
1555598774675832832,https://x.com/i/web/status/1555598774675832832,Ciro Gomes,@cirogomes,2022-08-05T16:57:04.000Z,"Ana Paula (
@AnaPaulaMatosBA
): Minha maior contribuição será pensar em novas matrizes de desenvolvimento econômico, pensar em um Brasil com maior equidade e, sobretudo, defender as mulheres. #ViceDoCiro",nao,35 Replies. Reply,278 reposts. Repost,1359 Likes. Like,,
1555596622364655619,https://x.com/i/web/status/1555596622364655619,Ciro Gomes,@cirogomes,2022-08-05T16:48:31.000Z,"Ana Paula (
@AnaPaulaMatosBA
): Sou conciliadora, firme e quero, junto com o povo – especialmente com Ciro, 
@CarlosLupiPDT
, 
@gisellebezerra
 e com o nosso 
@PDT_Nacional
 –, apresentar ao Brasil um projeto de desenvolvimento econômico e social. #ViceDoCiro",nao,15 Replies. Reply,260 reposts. Repost,1180 Likes. Like,,
1555596329388314624,https://x.com/i/web/status/1555596329388314624,Ciro Gomes,@cirogomes,2022-08-05T16:47:21.000Z,"E é assim que eu me apresento ao meu país: como alguém que é preparada – não só pelas universidades, mas pelo amor pelo Brasil e por nosso povo. (
@AnaPaulaMatosBA
) #ViceDoCiro",nao,1 Reply. Reply,161 reposts. Repost,835 Likes. Like,,
1555596327756627971,https://x.com/i/web/status/1555596327756627971,Ciro Gomes,@cirogomes,2022-08-05T16:47:20.000Z,"Ana Paula (
@AnaPaulaMatosBA
): Sou advogada e administradora, mas nada preencheu mais meu coração do que o trabalho com o povo. Do que a entrega à minha cidade, Salvador. Quero dizer às pessoas que ninguém vai perecer por falta de políticas públicas.",nao,26 Replies. Reply,320 reposts. Repost,1909 Likes. Like,,
1555596030581907457,https://x.com/i/web/status/1555596030581907457,Ciro Gomes,@cirogomes,2022-08-05T16:46:09.000Z,"Ana Paula (
@AnaPaulaMatosBA
): Eu tô muito honrada pela oportunidade de estar representando meu povo. De ser uma mulher negra, de pele parda, mas que muito se orgulha do seu sangue e sua alma negra. Sou baiana, apaixonada pela minha terra e apaixonada pelo Brasil. #ViceDoCiro",nao,20 Replies. Reply,306 reposts. Repost,1536 Likes. Like,,
1555587044579082246,https://x.com/i/web/status/1555587044579082246,Ciro Gomes,@cirogomes,2022-08-05T16:10:27.000Z,Conheça nossa super #ViceDoCiro! Ana Paula Matos segue a tradição das mulheres baianas que fizeram e fazem história com muita força e coragem. Veja mais detalhes de sua trajetória e se surpreenda.,nao,316 Replies. Reply,1309 reposts. Repost,3378 Likes. Like,,
1555568232249147394,https://x.com/i/web/status/1555568232249147394,Ciro Gomes,@cirogomes,2022-08-05T14:55:42.000Z,"Turma boa, é HOJE que a gente vai saber quem será a #ViceDoCiro! Fiquem ligados porque 13h começa a coletiva com transmissão direta pelo nosso canal oficial no Youtube.",nao,160 Replies. Reply,349 reposts. Repost,2117 Likes. Like,,
1555545280359047168,https://x.com/i/web/status/1555545280359047168,Ciro Gomes,@cirogomes,2022-08-05T13:24:30.000Z,"'Sextou' com dica da ADM: Vão no Tiktok do Ciro AGORA. 
tiktok.com/@cirogomesofic
…",nao,23 Replies. Reply,153 reposts. Repost,653 Likes. Like,,
1555532953178066946,https://x.com/i/web/status/1555532953178066946,Ciro Gomes,@cirogomes,2022-08-05T12:35:31.000Z,"Mais registros do #GiroDoCiro de ontem! Estivemos em São Paulo e Brasília acompanhando as convenções estadual e distrital do nosso PDT. Nesse Giro, tive a oportunidade de participar do lançamento de candidaturas importantes e encontrar grandes amigos.",nao,3 Replies. Reply,103 reposts. Repost,509 Likes. Like,,
1555532940435771392,https://x.com/i/web/status/1555532940435771392,Ciro Gomes,@cirogomes,2022-08-05T12:35:28.000Z,"Mais registros do #GiroDoCiro de ontem! Estivemos em São Paulo e Brasília acompanhando as convenções estadual e distrital do nosso PDT. Nesse Giro, tive a oportunidade de participar do lançamento de candidaturas importantes e encontrar grandes amigos.",nao,23 Replies. Reply,209 reposts. Repost,1078 Likes. Like,,
1555484153210191873,https://x.com/i/web/status/1555484153210191873,Ciro Gomes,@cirogomes,2022-08-05T09:21:36.000Z,"O Brasil amanheceu muito triste, com menos motivo para rir e menos ágil no pensar. Perdemos Jô Soares, uma das nossas maiores referências de inteligência, talento e humor. Descanse em paz querido Jô e receba, de todos nós, aquele carinhoso e agradecido beijo bem gordo.",nao,137 Respostas. Resposta,740 reposts. Repost,7781 Curtidas. Curtida,,
1555367541723242497,https://x.com/i/web/status/1555367541723242497,Ciro Gomes,@cirogomes,2022-08-05T01:38:13.000Z,"Precisamos fazer o povo entender que não existe salvador da Pátria. Eu me entrego inteiro, com toda devoção à causa, mas eu preciso que cada uma e cada um dos brasileiros, pelo fio do coração, se transforme também em um lutador da luta do povo.",nao,331 Respostas. Resposta,490 reposts. Repost,3447 Curtidas. Curtida,,
1555367290681581568,https://x.com/i/web/status/1555367290681581568,Ciro Gomes,@cirogomes,2022-08-05T01:37:14.000Z,"O Brasil tem tudo, o que está fracassando é a política! Falta projeto e aqueles que um dia tiveram a confiança do povo falando na miséria, na pobreza, nos valores da igualdade, venderam-nos miseravelmente e por isso o país precisa se refundar.",nao,40 Respostas. Resposta,254 reposts. Repost,1226 Curtidas. Curtida,,
1555365435192868867,https://x.com/i/web/status/1555365435192868867,Ciro Gomes,@cirogomes,2022-08-05T01:29:51.000Z,"Vamos falar em educação de uma forma audaciosa e definitiva. No nosso projeto, o Brasil vai buscar um dos dez melhores lugares da educação do mundo em 15 anos.",nao,48 Respostas. Resposta,243 reposts. Repost,1459 Curtidas. Curtida,,
1555360401763729408,https://x.com/i/web/status/1555360401763729408,Ciro Gomes,@cirogomes,2022-08-05T01:09:51.000Z,Essa é a mais grave crise da história brasileira. É terrível porque a renda do povo é a menor da média histórica. É explosiva porque o salário mínimo hoje tem o pior poder de compra dos últimos 20 anos - que só ganha do salário mínimo da Venezuela.,nao,81 Respostas. Resposta,249 reposts. Repost,1435 Curtidas. Curtida,,
1555358012679880704,https://x.com/i/web/status/1555358012679880704,Ciro Gomes,@cirogomes,2022-08-05T01:00:22.000Z,"Pessoal, agora estamos em Brasília para o lançamento da candidatura de 
@leiladovolei
 ao Governo do Distrito Federal. Acompanhe mais um #GiroDoCiro cheio de novidades:",nao,19 Respostas. Resposta,157 reposts. Repost,741 Curtidas. Curtida,,
1555303711102074880,https://x.com/i/web/status/1555303711102074880,Ciro Gomes,@cirogomes,2022-08-04T21:24:35.000Z,"O PDT TEM PROJETO PARA SP E PARA O BRASIL! Hoje lançamos a candidatura de 
@elviscezar_ofc
 ao governo de São Paulo, de Gleides Sodré como vice, de 
@aldorebelo
 para o Senado e de nossos candidatos a deputados estaduais e federais. Mais um momento para renovar a esperança no país!",nao,51 Respostas. Resposta,280 reposts. Repost,1160 Curtidas. Curtida,,
1555297304055353344,https://x.com/i/web/status/1555297304055353344,Ciro Gomes,@cirogomes,2022-08-04T20:59:07.000Z,"Espera um pouco pequeno empresário, jovem empreendedor, que eu tô chegando e vou consertar essa conta!",nao,27 Respostas. Resposta,232 reposts. Repost,1238 Curtidas. Curtida,,
1555297301526204417,https://x.com/i/web/status/1555297301526204417,Ciro Gomes,@cirogomes,2022-08-04T20:59:07.000Z,"E aquilo que humilha as famílias também está destruindo as empresas brasileiras. Seis milhões de empresas estão com a faca no pescoço, na antessala de fechar e de aprofundar ainda mais dramaticamente a nossa crise.",nao,10 Respostas. Resposta,159 reposts. Repost,1053 Curtidas. Curtida,,
1555297299601002500,https://x.com/i/web/status/1555297299601002500,Ciro Gomes,@cirogomes,2022-08-04T20:59:06.000Z,"Vou renegociar as dívidas de todos os trabalhadores brasileiros, tirando o Banco do Brasil e a Caixa Econômica do cartel em que apenas cinco bancos acumulam 85% de todas as transações financeiras.",nao,163 Respostas. Resposta,476 reposts. Repost,2819 Curtidas. Curtida,,
1555296953638035458,https://x.com/i/web/status/1555296953638035458,Ciro Gomes,@cirogomes,2022-08-04T20:57:44.000Z,"O dinheiro pra financiar o desenvolvimento brasileiro está no bolso de uma minoria de poderosos, mas nós temos um modelo para cobrar tributos que diminui a cobrança em cima do povo trabalhador e aumenta a tributação sobre os super-ricos.",nao,47 Respostas. Resposta,275 reposts. Repost,1210 Curtidas. Curtida,,
1555296733923610626,https://x.com/i/web/status/1555296733923610626,Ciro Gomes,@cirogomes,2022-08-04T20:56:52.000Z,"O Brasil passa pela mais grave crise da sua história e essa crise é fruto direto de um modelo econômico falido, que fracassou na forma como tem organizado a economia com as questões do povo.",nao,107 Respostas. Resposta,312 reposts. Repost,1773 Curtidas. Curtida,,
1555287776739876868,https://x.com/i/web/status/1555287776739876868,Ciro Gomes,@cirogomes,2022-08-04T20:21:16.000Z,GIRO DO CIRO - CONVENÇÃO ESTADUAL DO PDT/SP | SÃO PAULO/SP | 04/08/2022,nao,8 Respostas. Resposta,158 reposts. Repost,550 Curtidas. Curtida,,
1555284299158519808,https://x.com/i/web/status/1555284299158519808,Ciro Gomes,@cirogomes,2022-08-04T20:07:27.000Z,"Eu também não vi, mas já amei !",nao,19 Respostas. Resposta,94 reposts. Repost,1086 Curtidas. Curtida,,
1555282745605193728,https://x.com/i/web/status/1555282745605193728,Ciro Gomes,@cirogomes,2022-08-04T20:01:16.000Z,Amei a figurinha do Ciro na conversa!  O que acha dessa?  /ADM,nao,39 Respostas. Resposta,110 reposts. Repost,614 Curtidas. Curtida,,
1555240369117339648,https://x.com/i/web/status/1555240369117339648,Ciro Gomes,@cirogomes,2022-08-04T17:12:53.000Z,"Me perguntaram aqui nas redes o porquê das críticas constantes a Bolsonaro e Lula. Se você já se fez esse questionamento, assista ao vídeo e deixe sua opinião.",nao,65 Respostas. Resposta,324 reposts. Repost,1058 Curtidas. Curtida,,
1555209994173390851,https://x.com/i/web/status/1555209994173390851,Ciro Gomes,@cirogomes,2022-08-04T15:12:11.000Z,"Há um bom tempo, os preços dos combustíveis são os principais determinantes da inflação e a taxa de juros não influi em NADA sobre estes preços. Ou acabamos esta política econômica ou o Brasil vai se acabando aos poucos.",nao,9 Respostas. Resposta,166 reposts. Repost,928 Curtidas. Curtida,,
1555209992495661057,https://x.com/i/web/status/1555209992495661057,Ciro Gomes,@cirogomes,2022-08-04T15:12:11.000Z,"É o 12º aumento de juros no governo Bolsonaro e seguimos como o país com maior taxa de juros do mundo (Selic de 13,75%). O pior é que esta insensatez não traz maiores impactos sobre a inflação.",nao,5 Respostas. Resposta,198 reposts. Repost,1065 Curtidas. Curtida,,
1555209990436278272,https://x.com/i/web/status/1555209990436278272,Ciro Gomes,@cirogomes,2022-08-04T15:12:10.000Z,"Com uma só canetada do Banco Central, o Brasil e os brasileiros amanheceram mais pobres e endividados. O crescimento de 0,5% na taxa de juros significou um aumento de R$16 bilhões na dívida pública e um impacto direto nas prestações do crediário popular.",nao,128 Respostas. Resposta,532 reposts. Repost,2452 Curtidas. Curtida,,
1555208764810215424,https://x.com/i/web/status/1555208764810215424,Ciro Gomes,@cirogomes,2022-08-04T15:07:18.000Z,"Ah, e pra quem não viu (ou pra quem quer rever) a participação do Ciro na #CentralDasEleições da 
@GloboNews
, aqui tá o link:",nao,4 Respostas. Resposta,105 reposts. Repost,426 Curtidas. Curtida,,
1555208340787134466,https://x.com/i/web/status/1555208340787134466,Ciro Gomes,@cirogomes,2022-08-04T15:05:37.000Z,"Que massa que você curtiu, 
@gaybol
! Agora deixa a ADM ver um negocinho aqui  Será que o Lula não vai pra debates porque... ",nao,61 Replies. Reply,139 reposts. Repost,460 Likes. Like,,
1555207956525944832,https://x.com/i/web/status/1555207956525944832,Ciro Gomes,@cirogomes,2022-08-04T15:04:05.000Z,"Pequeno Lenin, saiba que você enche nosso coração de esperança! Em breve a gente se vê de novo em BH. ",nao,2 Replies. Reply,16 reposts. Repost,164 Likes. Like,,
1555203248742694914,https://x.com/i/web/status/1555203248742694914,Ciro Gomes,@cirogomes,2022-08-04T14:45:23.000Z,"Isso é um CRIME contra os brasileiros!

Venho denunciando que os bancos estão fazendo empréstimo consignado em cima do dinheiro do AUXÍLIO BRASIL!

Estão roubando dinheiro de uma nação de famintos!",nao,77 Replies. Reply,458 reposts. Repost,1546 Likes. Like,,
1555187449000873984,https://x.com/i/web/status/1555187449000873984,Ciro Gomes,@cirogomes,2022-08-04T13:04:33.000Z,Avisa que a mãe tá on!  /ADM,nao,99 Replies. Reply,211 reposts. Repost,1357 Likes. Like,,
1555161814262063104,https://x.com/i/web/status/1555161814262063104,Ciro Gomes,@cirogomes,2022-08-04T12:00:44.000Z,"PS: Se não for pro povo 'pedir minha cabeça' na imprensa; e/ou pra não subir nos trends; e/ou pra não aparecer nessas páginas de fofoca abastecidas com o Pix alheio, nem me chamem!  /ADM",nao,38 Replies. Reply,133 reposts. Repost,1105 Likes. Like,,
1555161811200217089,https://x.com/i/web/status/1555161811200217089,Ciro Gomes,@cirogomes,2022-08-04T12:00:43.000Z,"Então fui convocada pra assumir os canais do Cirão justamente pra deixar o ambiente mais leve. Logo, conto com vocês para –
1) mandar as dicas;
2) marcar a ADM onde vocês acham que a gente pode entrar e mandar aquela verdade merecida;
1+2) e, claro, pra eleger o homem!",nao,50 Replies. Reply,136 reposts. Repost,1123 Likes. Like,,
1555161808956231680,https://x.com/i/web/status/1555161808956231680,Ciro Gomes,@cirogomes,2022-08-04T12:00:43.000Z,"Fala, gente boa! Aqui vai o recado da ADM DO CIRÃO – a partir de hoje, vou assumir parte das conversas nas redes do Ciro. Como vocês sabem, nosso futuro presidente é responsável e compenetrado (perfil que todos os candidatos deveriam ter, né? ).",nao,172 Replies. Reply,327 reposts. Repost,1602 Likes. Like,,
1554961538154381312,https://x.com/i/web/status/1554961538154381312,Ciro Gomes,@cirogomes,2022-08-03T22:44:55.000Z,Você sabe qual é o risco real que eu ofereço caso eleito? Veja e se surpreenda.,nao,200 Replies. Reply,630 reposts. Repost,2109 Likes. Like,,
1554890727028658176,https://x.com/i/web/status/1554890727028658176,Ciro Gomes,@cirogomes,2022-08-03T18:03:32.000Z,"Estamos de casa nova, gente boa!  O que acharam do novo cenário da nossa #CIROGAMES?",nao,208 Replies. Reply,326 reposts. Repost,2519 Likes. Like,,
1554847228061261824,https://x.com/i/web/status/1554847228061261824,Ciro Gomes,@cirogomes,2022-08-03T15:10:41.000Z,"É isso aí, 
@FMouraBrasil
. Mesmo divergindo em determinados assuntos, concordamos que não podemos aceitar esse vazio de ideias, diagnósticos e propostas que a gente tem visto no Brasil. Chega de candidato ‘Kinder Ovo’ e de populismo barato!",nao,135 Replies. Reply,488 reposts. Repost,2043 Likes. Like,,
1554799509909250050,https://x.com/i/web/status/1554799509909250050,Ciro Gomes,@cirogomes,2022-08-03T12:01:04.000Z,"Mulher combativa, militante da educação, supermãe, deputada estadual do RS e uma joia da nossa Turma Boa, esses são alguns adjetivos da querida 
@JulianaBrizola
! Siga forte na luta pelo povo do Rio Grande e do Brasil. Feliz aniversário! ",nao,115 Replies. Reply,308 reposts. Repost,2017 Likes. Like,,
1554625144601051138,https://x.com/i/web/status/1554625144601051138,Ciro Gomes,@cirogomes,2022-08-03T00:28:12.000Z,"Eu só quero ser presidente se for pra mudar o Brasil. Pra não permitir a exploração do mais pobre pelo mais rico, que é a regra número um desse sistema político e econômico que está aí há 30 anos. É pra isso que estou nessa disputa!",nao,235 Replies. Reply,417 reposts. Repost,2303 Likes. Like,,
1554624978317987841,https://x.com/i/web/status/1554624978317987841,Ciro Gomes,@cirogomes,2022-08-03T00:27:33.000Z,"É contra esse sistema que eu luto com todas as forças. Sou o primeiro a reconhecer que é uma luta muito, mas muito difícil, mas como costumo dizer: eu não estou nessa luta porque é fácil, mas porque é necessária e porque conto com o apoio de brasileiros e brasileiras como vocês.",nao,88 Replies. Reply,308 reposts. Repost,1487 Likes. Like,,
1554624150412660739,https://x.com/i/web/status/1554624150412660739,Ciro Gomes,@cirogomes,2022-08-03T00:24:15.000Z,"Pra quem acha que votar em mim é arriscado, adianto: o único risco que eu ofereço é romper esse ciclo de pobreza, desigualdade e roubalheira e, a partir daí, construir um país mais justo. Mas, se depender daqueles dois, esse país mais justo não vai nascer é nunca!",nao,472 Replies. Reply,612 reposts. Repost,3388 Likes. Like,,
1554621460865589251,https://x.com/i/web/status/1554621460865589251,Ciro Gomes,@cirogomes,2022-08-03T00:13:34.000Z,"Quem aceitar receber o empréstimo, vai ter que pagar a dívida em 24 meses a uma taxa de juros de 79% ao ano. Isso mesmo: 79% de juros ao ano. Ou seja, a pessoa vai ficar devendo quase o DOBRO do que recebeu.",nao,11 Replies. Reply,191 reposts. Repost,1204 Likes. Like,,
1554621459011870720,https://x.com/i/web/status/1554621459011870720,Ciro Gomes,@cirogomes,2022-08-03T00:13:33.000Z,"Pra quem está passando muita dificuldade, que é o caso de 100% dos beneficiários do Auxílio Brasil, receber mil, mil quinhentos ou dois mil reais de uma vez, parece irresistível, mas aí é que está a jogada, o canto de sereia.",nao,25 Replies. Reply,326 reposts. Repost,1957 Likes. Like,,
1554621153620230146,https://x.com/i/web/status/1554621153620230146,Ciro Gomes,@cirogomes,2022-08-03T00:12:21.000Z,"E esses banqueiros, que já ganham bilhões? Que ganância é essa? Como é que podem emprestar dinheiro, a juros de 79%, pra pessoas que mal conseguem ter uma moradia digna? Que mal conseguem colocar comida na mesa?",nao,39 Replies. Reply,341 reposts. Repost,1790 Likes. Like,,
1554620525825167363,https://x.com/i/web/status/1554620525825167363,Ciro Gomes,@cirogomes,2022-08-03T00:09:51.000Z,"É inacreditável que outros, como Lula, que tanto posam de defensor dos pobres, não tenham dedicado sequer um minuto de seu precioso tempo pra repudiar essa verdadeira ladroagem que estão praticando contra as pessoas mais pobres e vulneráveis do país.",nao,21 Replies. Reply,147 reposts. Repost,942 Likes. Like,,
1554620523786768384,https://x.com/i/web/status/1554620523786768384,Ciro Gomes,@cirogomes,2022-08-03T00:09:50.000Z,Bolsonaro e a maioria do Congresso deram permissão para que os bancos confisquem o Auxílio Emergencial de milhões de brasileiros usando o disfarce do empréstimo consignado. Eu fui o primeiro e continuo sendo o único candidato a abordar esse tema.,nao,52 Replies. Reply,396 reposts. Repost,2430 Likes. Like,,
1554614281471234048,https://x.com/i/web/status/1554614281471234048,Ciro Gomes,@cirogomes,2022-08-02T23:45:02.000Z,"Caio Fábio (
@caiofabiovvtv
) na #CIROGAMES:
""Quem ama está obedecendo toda a vontade de Deus. O amor é a saúde do ser, sem amor não resta nada para construir dentro de quem quer ser humano. O resto é só artificialidade, performance, hipocrisia, fachada.""",nao,18 Replies. Reply,166 reposts. Repost,821 Likes. Like,,
1554607958826405889,https://x.com/i/web/status/1554607958826405889,Ciro Gomes,@cirogomes,2022-08-02T23:19:55.000Z,"Caio Fábio (
@caiofabiovvtv
) na #CIROGAMES:
""Só haverá futuro para os humanos se a nossa inteligência for como a que nenhuma inteligência artificial pode ser: espiritual e carregada de amor, graça, generosidade e justiça.""",nao,23 Replies. Reply,153 reposts. Repost,785 Likes. Like,,
1554599995332083717,https://x.com/i/web/status/1554599995332083717,Ciro Gomes,@cirogomes,2022-08-02T22:48:16.000Z,"Reitero: nossa candidatura é muito pra valer, meus irmãos e minhas irmãs. Não temos a estrutura e tampouco a montanha de dinheiro das campanhas do Bolsonaro e do Lula, mas temos o que eles não têm: um IDEAL e um PROJETO de governo.",nao,389 Replies. Reply,734 reposts. Repost,4569 Likes. Like,,
1554599535518916608,https://x.com/i/web/status/1554599535518916608,Ciro Gomes,@cirogomes,2022-08-02T22:46:26.000Z,"Precisamos debater! Esse negócio de picanha e cerveja, comunismo e fascismo, isso não coloca comida no prato de ninguém, não gera emprego nem resolve os problemas da saúde e da educação do nosso povo!",nao,359 Replies. Reply,528 reposts. Repost,3224 Likes. Like,,
1554596377262526469,https://x.com/i/web/status/1554596377262526469,Ciro Gomes,@cirogomes,2022-08-02T22:33:54.000Z,"CIRO GAMES #45 | 02/08/2022 com Caio Fábio 
x.com/i/broadcasts/1
…",nao,28 Replies. Reply,181 reposts. Repost,723 Likes. Like,,
1554594152398061569,https://x.com/i/web/status/1554594152398061569,Ciro Gomes,@cirogomes,2022-08-02T22:25:03.000Z,"Vai começar a #CIROGAMES! Acompanhe pelo YouTube, deixe seu joinha e se inscreva no canal:",nao,33 Replies. Reply,155 reposts. Repost,654 Likes. Like,,
1554542548416208896,https://x.com/i/web/status/1554542548416208896,Ciro Gomes,@cirogomes,2022-08-02T19:00:00.000Z,"Gente boa, a #CIROGAMES de hoje tá IMPERDÍVEL! Vamos receber 
@caiofabiovvtv
 – líder do movimento Caminho da Graça e conhecido como “o mais polêmico defensor do Evangelho”. Também teremos reacts e comentários sobre a absurda exploração dos bancos aos mais pobres. Espero vocês!",nao,79 Replies. Reply,271 reposts. Repost,1103 Likes. Like,,
1554482155660595206,https://x.com/i/web/status/1554482155660595206,Ciro Gomes,@cirogomes,2022-08-02T15:00:01.000Z,"Quem aí lembra de Lula entrando na justiça em 2018 pra participar dos debates? E em 1989, quando denunciamos FHC – que também tava querendo fugir? Afinal, Lula, o que mudou? Nosso povo não merece mais conhecer nossos diagnósticos e propostas?",nao,229 Replies. Reply,456 reposts. Repost,1774 Likes. Like,,
1554436872360919040,https://x.com/i/web/status/1554436872360919040,Ciro Gomes,@cirogomes,2022-08-02T12:00:05.000Z,Tenho denunciado essa armação há muito tempo. Isso é um CRIME!,nao,177 Replies. Reply,963 reposts. Repost,3130 Likes. Like,,
1554413408652591105,https://x.com/i/web/status/1554413408652591105,Ciro Gomes,@cirogomes,2022-08-02T10:26:50.000Z,"De fato, a situação está chegando a um limite que não há como o botão de alerta não ser acionado em todos os setores. Tenho esperança que a população também veja que a permanência de Bolsonaro, ou a volta de Lula, só iriam agravar a situação de forma irremediável. 
@jornalnacional",nao,66 Replies. Reply,369 reposts. Repost,2856 Likes. Like,,
1554413405427081216,https://x.com/i/web/status/1554413405427081216,Ciro Gomes,@cirogomes,2022-08-02T10:26:50.000Z,"Amigos, me ligaram ontem, em tom bem humorado, perguntando se eu havia invadido a pauta do JN, pois o noticiário fora tomado por temas que venho alertando sozinho, como desindustrialização, perda de concorrência internacional do nosso setor de transformação, juros abusivos etc.",nao,339 Replies. Reply,879 reposts. Repost,5455 Likes. Like,,
1554272589387808768,https://x.com/i/web/status/1554272589387808768,Ciro Gomes,@cirogomes,2022-08-02T01:07:16.000Z,"É sempre uma alegria encontrar com nossa gente boa do Amazonas! Encerramos o dia com o ato que oficializou as candidaturas de 
@carolbrazam
 ao Governo do Estado e de 
@luizcastroam
 ao Senado. Somando forças na luta para mudar o Brasil!",nao,38 Replies. Reply,245 reposts. Repost,1169 Likes. Like,,
1554232572145795073,https://x.com/i/web/status/1554232572145795073,Ciro Gomes,@cirogomes,2022-08-01T22:28:16.000Z,"Minha total solidariedade à querida 
@DudaSalabert
 pelas ameaças e ataques criminosos que vem sofrendo. Ninguém vai tirar a sua força nem calar a sua voz. Estes bandidos precisam ser identificados e punidos.",nao,56 Replies. Reply,400 reposts. Repost,3476 Likes. Like,,
1554231412361936897,https://x.com/i/web/status/1554231412361936897,Ciro Gomes,@cirogomes,2022-08-01T22:23:39.000Z,"Hoje faz aniversário essa liderança guerreira e empreendedora, militante padrão do trabalhismo: parabéns 
@Cibele_12C
 querida!",nao,38 Replies. Reply,142 reposts. Repost,1213 Likes. Like,,
1554180164958859264,https://x.com/i/web/status/1554180164958859264,Ciro Gomes,@cirogomes,2022-08-01T19:00:01.000Z,"Segunda-feira chegou, bora falar de geração de emprego, direitos trabalhistas e nome limpo? Confira o vídeo e saiba mais!",nao,111 Replies. Reply,448 reposts. Repost,1690 Likes. Like,,
1554165288911966209,https://x.com/i/web/status/1554165288911966209,Ciro Gomes,@cirogomes,2022-08-01T18:00:54.000Z,"A mulher que agrediu 
@gioewbank
, seus filhos e os turistas angolanos não representa o povo português. Mas a coragem de Giovanna representa o povo brasileiro, miscigenado, afirmativo e libertário. A banda afro feminina Didá resumiu bem o que sinto. ",nao,63 Replies. Reply,338 reposts. Repost,2211 Likes. Like,,
1554150073277227008,https://x.com/i/web/status/1554150073277227008,Ciro Gomes,@cirogomes,2022-08-01T17:00:26.000Z,"Dia de comemorar a vida do nosso querido Ney Matogrosso! Voz que ecoa em nome da tolerância, do amor e da liberdade. Que sua arte e sensibilidade sigam nos inspirando para mudar o país. Forte abraço, meu amigo! ",nao,70 Replies. Reply,282 reposts. Repost,2351 Likes. Like,,
1554120095517007876,https://x.com/i/web/status/1554120095517007876,Ciro Gomes,@cirogomes,2022-08-01T15:01:19.000Z,"Gente boa, a #CIROGAMES da semana tá IMPERDÍVEL! Vamos receber 
@caiofabiovvtv
 – líder do movimento Caminho da Graça e conhecido como “o mais polêmico defensor do Evangelho”. Também teremos reacts e comentários sobre a absurda exploração dos bancos aos mais pobres. Espero vocês!",nao,117 Replies. Reply,458 reposts. Repost,1627 Likes. Like,,
1554074477817987077,https://x.com/i/web/status/1554074477817987077,Ciro Gomes,@cirogomes,2022-08-01T12:00:03.000Z,"O que o lulismo fez de importante, evaporou rapidamente. Mas ficou um legado monumental no longo prazo. Você sabe qual é?",nao,509 Replies. Reply,640 reposts. Repost,2359 Likes. Like,,
1554046679351021569,https://x.com/i/web/status/1554046679351021569,Ciro Gomes,@cirogomes,2022-07-31T01:56:59.000Z,"E são as nossas meninas que, mais uma vez, colocam o nome do Brasil nas alturas! Viva nossa seleção feminina de futebol que, pelo talento de todas e o pé afiado de 
@Debinha7
, vence pela 8ª vez a 
@CopaAmerica
.",nao,37 Replies. Reply,213 reposts. Repost,1388 Likes. Like,,
1553847974580584452,https://x.com/i/web/status/1553847974580584452,Ciro Gomes,@cirogomes,2022-07-31T21:00:00.000Z,"Nosso povo tá cansado dessa história sem fim. Corrupção, conchavos, não tem como não se indignar. O 
@CartunistaT
 sempre trazendo boas reflexões pra encerrar o domingo!",nao,1221 Replies. Reply,1324 reposts. Repost,3271 Likes. Like,,
1553827982233554946,https://x.com/i/web/status/1553827982233554946,Ciro Gomes,@cirogomes,2022-07-31T19:40:34.000Z,Avisa que são elas! As mulheres trazem uma sensibilidade diferente e uma disciplina que eu tenho certeza que vêm mesmo do feminino. Essa é a certeza de que tô mais do que bem acompanhado!,nao,96 Replies. Reply,372 reposts. Repost,1570 Likes. Like,,
1553808201472262144,https://x.com/i/web/status/1553808201472262144,Ciro Gomes,@cirogomes,2022-07-31T18:21:58.000Z,"Dia de festa no céu! Hoje seria o aniversário da minha querida mãe - Dona Maria José. Foi com ela que aprendi o valor da educação para superar barreiras e abrir portas. Dona Mazé era, na maior parte do tempo, uma professora no lar e uma mãe na sala de aula. Muita saudade! ",nao,88 Replies. Reply,262 reposts. Repost,2632 Likes. Like,,
1553786367817154560,https://x.com/i/web/status/1553786367817154560,Ciro Gomes,@cirogomes,2022-07-31T16:55:12.000Z,"Pra quem preferir assistir pelo YouTube, corre lá no canal e aproveita pra se inscrever! ",nao,12 Replies. Reply,147 reposts. Repost,807 Likes. Like,,
1553786366315696129,https://x.com/i/web/status/1553786366315696129,Ciro Gomes,@cirogomes,2022-07-31T16:55:12.000Z,"Pessoal, hoje a 
@GloboNews
 vai reprisar minha participação na #CentralDasEleições, que aconteceu na última quarta. Mais uma oportunidade pra conhecer nossas propostas pro Brasil e pra nossa gente! Começa às 14h30 – acompanhe e participe com a hashtag: #CiroNaGloboNews",nao,216 Replies. Reply,492 reposts. Repost,3077 Likes. Like,,
1553762645853016069,https://x.com/i/web/status/1553762645853016069,Ciro Gomes,@cirogomes,2022-07-31T15:20:56.000Z,"Tá aí um mês pra levar na memória! Tive minha candidatura a PRESIDENTE oficializada, rodei o Brasil, participei de várias convenções estaduais e estive em diversas entrevistas e sabatinas – afinal, tenho projeto e 'quem não deve, não teme' né?",nao,13 Replies. Reply,137 reposts. Repost,788 Likes. Like,,
1553762633865744388,https://x.com/i/web/status/1553762633865744388,Ciro Gomes,@cirogomes,2022-07-31T15:20:54.000Z,"Tá aí um mês pra levar na memória! Tive minha candidatura a PRESIDENTE oficializada, rodei o Brasil, participei de várias convenções estaduais e estive em diversas entrevistas e sabatinas – afinal, tenho projeto e 'quem não deve, não teme' né?",nao,7 Replies. Reply,117 reposts. Repost,743 Likes. Like,,
1553762612986404866,https://x.com/i/web/status/1553762612986404866,Ciro Gomes,@cirogomes,2022-07-31T15:20:49.000Z,"Tá aí um mês pra levar na memória! Tive minha candidatura a PRESIDENTE oficializada, rodei o Brasil, participei de várias convenções estaduais e estive em diversas entrevistas e sabatinas – afinal, tenho projeto e 'quem não deve, não teme' né?",nao,112 Replies. Reply,324 reposts. Repost,1871 Likes. Like,,
1553698504488394752,https://x.com/i/web/status/1553698504488394752,Ciro Gomes,@cirogomes,2022-07-31T11:06:04.000Z,É um dos maiores crimes já cometidos contra os pobres deste país. Não há palavra que possa descrever essa crueldade. Estamos deixando  criar uma nova forma de escravidão. O Brasil não pode assistir calado tamanha  selvageria!,nao,33 Replies. Reply,281 reposts. Repost,2046 Likes. Like,,
1553698502202499072,https://x.com/i/web/status/1553698502202499072,Ciro Gomes,@cirogomes,2022-07-31T11:06:03.000Z,O código penal chama de latrocínio o ato de matar para roubar. O governo Bolsonaro acaba de criar o latrocínio coletivo ao permitir que os bancos confisquem o Auxílio Emergencial sob forma de empréstimo consignado com juros de 79%!,nao,139 Replies. Reply,702 reposts. Repost,3165 Likes. Like,,
1553487097415204871,https://x.com/i/web/status/1553487097415204871,Ciro Gomes,@cirogomes,2022-07-30T21:06:01.000Z,"Recebi com pesar a notícia do falecimento do pai do deputado Elmano de Freitas, Seu Odilon Feitosa. Meus sentimentos à família e amigos neste momento de dor.",nao,23 Replies. Reply,135 reposts. Repost,1721 Likes. Like,,
1553483094107328513,https://x.com/i/web/status/1553483094107328513,Ciro Gomes,@cirogomes,2022-07-30T20:50:06.000Z,"O dia tá agitadíssimo! Passamos no querido Rio Grande do Sul para participar do ato que oficializou a candidatura de 
@VieiraPDT
 ao governo, além das candidaturas dos nossos deputados federais e estaduais. Teve até parada pro tradicional churrasco gaúcho!",nao,53 Replies. Reply,239 reposts. Repost,1222 Likes. Like,,
1553444506984390658,https://x.com/i/web/status/1553444506984390658,Ciro Gomes,@cirogomes,2022-07-30T18:16:46.000Z,"Hoje começamos o dia na convenção estadual do PDT/PR, que oficializou as candidaturas de 
@gomyde
 ao governo, de Desiree Salgado ao Senado, além dos nossos deputados federais e estaduais do partido. Vamos juntos, com muita rebeldia e esperança para mudar o Brasil!",nao,33 Replies. Reply,197 reposts. Repost,946 Likes. Like,,
1553435854114361344,https://x.com/i/web/status/1553435854114361344,Ciro Gomes,@cirogomes,2022-07-30T17:42:23.000Z,GIRO DO CIRO - CONVENÇÃO ESTADUAL DO PDT/RS | PORTO ALEGRE/RS | 30/07/2022,nao,34 Replies. Reply,175 reposts. Repost,881 Likes. Like,,
1553400543434997763,https://x.com/i/web/status/1553400543434997763,Ciro Gomes,@cirogomes,2022-07-30T15:22:04.000Z,"O problema é que eu não quero só ser presidente do Brasil, eu quero MUDAR a história brasileira. E pra isso, eu não posso e não não vou vender minha alma pro sistema.",nao,224 Replies. Reply,526 reposts. Repost,3798 Likes. Like,,
1553400541786636288,https://x.com/i/web/status/1553400541786636288,Ciro Gomes,@cirogomes,2022-07-30T15:22:04.000Z,"Me perguntam porque as pesquisas são tão hostis e porque eu tenho dificuldade de firmar alianças. Gente boa, se eu quisesse vender o Brasil e vender minha palavra, acreditem: eu já teria sido presidente há uns 8, 12 anos atrás.",nao,1588 Replies. Reply,1182 reposts. Repost,6579 Likes. Like,,
1553399227375550468,https://x.com/i/web/status/1553399227375550468,Ciro Gomes,@cirogomes,2022-07-30T15:16:51.000Z,"Afinal de contas, é pra isso que serve a política. Diante da crise em que o Brasil está mergulhado, nossa política não pode continuar esse jogo de ódios e paixões. Ora, vão brigar lá fora e deixe a gente cuidar da vida do povo, que precisa comer, trabalhar e ter dignidade!",nao,33 Replies. Reply,195 reposts. Repost,1164 Likes. Like,,
1553399225349799951,https://x.com/i/web/status/1553399225349799951,Ciro Gomes,@cirogomes,2022-07-30T15:16:50.000Z,"Diferente de Bolsonaro e Lula, eu me sentiria um irresponsável de pedir ao povo pra ser presidente sem me dedicar a entender os problemas, tentar achar soluções, formular estratégias, afirmar prazos, buscar orçamento e dizer de onde vem o dinheiro.",nao,214 Replies. Reply,489 reposts. Repost,2961 Likes. Like,,
1553398934285991937,https://x.com/i/web/status/1553398934285991937,Ciro Gomes,@cirogomes,2022-07-30T15:15:41.000Z,"O único movimento que pode mudar, constranger e revolucionar essa mudança que o Brasil não pode adiar é o povo livre, esclarecido, organizado em bases pacíficas e caminhando para as urnas com o poder do voto.",nao,90 Replies. Reply,273 reposts. Repost,1513 Likes. Like,,
1553398000554311680,https://x.com/i/web/status/1553398000554311680,Ciro Gomes,@cirogomes,2022-07-30T15:11:58.000Z,"Como não chamar de canalha um governo que, diante da crise que estamos vivendo, entrega o cadastro e a autorização legal para que os banqueiros façam crédito consignado no Auxílio Emergencial cobrando 100% de juros e tomando metade desse benefício?",nao,109 Replies. Reply,446 reposts. Repost,2490 Likes. Like,,
1553397078868516866,https://x.com/i/web/status/1553397078868516866,Ciro Gomes,@cirogomes,2022-07-30T15:08:18.000Z,"Enquanto o PT faz discurso de esquerda, desertou da sua tarefa histórica que tinha e usurpou a crença do povo brasileiro na luta pela mudança e pela justiça. Nesse período, o Brasil produziu uma das mais perversas distribuições de renda do mundo.",nao,288 Replies. Reply,339 reposts. Repost,1742 Likes. Like,,
1553396944478822402,https://x.com/i/web/status/1553396944478822402,Ciro Gomes,@cirogomes,2022-07-30T15:07:46.000Z,Esse modelo econômico transformou o Brasil em um país assustador para o mundo do trabalho e da classe média porque ele impõe ao povo – consumidores e produtores – a mais selvagem e criminosa taxa de juros de todo o mundo capitalista há mais de 25 anos.,nao,67 Replies. Reply,265 reposts. Repost,1284 Likes. Like,,
1553396747518574592,https://x.com/i/web/status/1553396747518574592,Ciro Gomes,@cirogomes,2022-07-30T15:06:59.000Z,"Peço ao povo brasileiro que me acompanhe na luta para mudar esse modelo econômico que tanto persegue quem trabalha e quem produz. Não é uma tarefa fácil e não é uma caminhada simples. Mas hoje, mais do que nunca, é um compromisso necessário, urgente e inadiável.",nao,247 Replies. Reply,519 reposts. Repost,2702 Likes. Like,,
1553381585361182720,https://x.com/i/web/status/1553381585361182720,Ciro Gomes,@cirogomes,2022-07-30T14:06:45.000Z,"GIRO DO CIRO - CONVENÇÃO ESTADUAL DO PDT/PR | CURITIBA/PR | 30/07/2022 
x.com/i/broadcasts/1
…",nao,27 Replies. Reply,174 reposts. Repost,726 Likes. Like,,
1553349685880012800,https://x.com/i/web/status/1553349685880012800,Ciro Gomes,@cirogomes,2022-07-30T11:59:59.000Z,"E pra quem não viu (ou pra quem quer rever) a sabatina completa, corre lá no nosso canal do YouTube: 
youtu.be/rJecEEFhhq0

#CiroNaGloboNews",nao,14 Replies. Reply,195 reposts. Repost,804 Likes. Like,,
1553349681824301056,https://x.com/i/web/status/1553349681824301056,Ciro Gomes,@cirogomes,2022-07-30T11:59:58.000Z,"Quando Bolsonaro e Lula deixam de participar de um debate ou de uma sabatina, eles deixam de oferecer aos brasileiros o que é essencial numa democracia: informação. Agradeço novamente à equipe de jornalistas da 
@GloboNews
 pelo encontro da última quarta-feira.",nao,356 Replies. Reply,780 reposts. Repost,2768 Likes. Like,,
1553123315396517889,https://x.com/i/web/status/1553123315396517889,Ciro Gomes,@cirogomes,2022-07-29T21:00:28.000Z,Não existe paz sem emprego. #PrefiroCiro,nao,30 Replies. Reply,225 reposts. Repost,907 Likes. Like,,
1553123308798877697,https://x.com/i/web/status/1553123308798877697,Ciro Gomes,@cirogomes,2022-07-29T21:00:27.000Z,Não existe paz sem cultura. #PrefiroCiro,nao,13 Replies. Reply,236 reposts. Repost,1157 Likes. Like,,
1553123302993977345,https://x.com/i/web/status/1553123302993977345,Ciro Gomes,@cirogomes,2022-07-29T21:00:25.000Z,Não existe paz sem energia. #PrefiroCiro,nao,6 Replies. Reply,140 reposts. Repost,579 Likes. Like,,
1553123296006258689,https://x.com/i/web/status/1553123296006258689,Ciro Gomes,@cirogomes,2022-07-29T21:00:24.000Z,Não existe paz sem progresso. #PrefiroCiro,nao,2 Replies. Reply,129 reposts. Repost,432 Likes. Like,,
1553123289417105413,https://x.com/i/web/status/1553123289417105413,Ciro Gomes,@cirogomes,2022-07-29T21:00:22.000Z,Não existe paz sem saúde. #PrefiroCiro,nao,1 Reply. Reply,128 reposts. Repost,443 Likes. Like,,
1553123283377307649,https://x.com/i/web/status/1553123283377307649,Ciro Gomes,@cirogomes,2022-07-29T21:00:21.000Z,Não existe paz sem empatia. #PrefiroCiro,nao,5 Replies. Reply,120 reposts. Repost,450 Likes. Like,,
1553123275814981635,https://x.com/i/web/status/1553123275814981635,Ciro Gomes,@cirogomes,2022-07-29T21:00:19.000Z,Não existe paz sem educação. #PrefiroCiro,nao,7 Replies. Reply,111 reposts. Repost,488 Likes. Like,,
1553123269619978240,https://x.com/i/web/status/1553123269619978240,Ciro Gomes,@cirogomes,2022-07-29T21:00:17.000Z,"É isso, minha gente. Não existe paz no Brasil sem projeto. Bom final de semana pra todo mundo! #PrefiroCiro",nao,230 Replies. Reply,508 reposts. Repost,2625 Likes. Like,,
1553103266069741569,https://x.com/i/web/status/1553103266069741569,Ciro Gomes,@cirogomes,2022-07-29T19:40:48.000Z,"Pessoal, assinei o manifesto em defesa da democracia. É importante que todos façam o mesmo. Vamos mostrar a Bolsonaro e aqueles que ameaçam o estado democrático que estamos juntos. 
estadodedireitosempre.com",nao,293 Replies. Reply,484 reposts. Repost,2414 Likes. Like,,
1553093000674156545,https://x.com/i/web/status/1553093000674156545,Ciro Gomes,@cirogomes,2022-07-29T19:00:01.000Z,Só é possível unir verdadeiramente um país e assegurar paz duradoura se existir um novo e generoso PROJETO baseado em novas e generosas IDEIAS. Você acha que Bolsonaro ou Lula podem garantir isso?,nao,141 Replies. Reply,309 reposts. Repost,1256 Likes. Like,,
1553062833503576065,https://x.com/i/web/status/1553062833503576065,Ciro Gomes,@cirogomes,2022-07-29T17:00:08.000Z,"O Brasil não aguenta mais essa polarização e esse enfrentamento de um votar contra o outro. Que tal pensar um pouquinho mais e considerar escolher alguém com projeto, ficha-limpa e experiência pra oferecer?",nao,319 Replies. Reply,424 reposts. Repost,1722 Likes. Like,,
1553047212334219264,https://x.com/i/web/status/1553047212334219264,Ciro Gomes,@cirogomes,2022-07-29T15:58:04.000Z,GIRO DO CIRO - ENCONTRO COM A SBPC | BRASÍLIA/DF | 29/07/2022,nao,22 Replies. Reply,170 reposts. Repost,667 Likes. Like,,
1553025286085775365,https://x.com/i/web/status/1553025286085775365,Ciro Gomes,@cirogomes,2022-07-29T14:30:56.000Z,"Participo agora de um encontro na Sociedade Brasileira para o Progresso da Ciência, em Brasília. Acompanhe AO VIVO: 
instagram.com/cirogomes/live
…",nao,60 Replies. Reply,293 reposts. Repost,1624 Likes. Like,,
1553017073038663680,https://x.com/i/web/status/1553017073038663680,Ciro Gomes,@cirogomes,2022-07-29T13:58:18.000Z,Revolucionar a educação no Brasil é um imperativo. E isso envolve também as nossas universidades.,nao,8 Replies. Reply,116 reposts. Repost,708 Likes. Like,,
1553017067376345089,https://x.com/i/web/status/1553017067376345089,Ciro Gomes,@cirogomes,2022-07-29T13:58:17.000Z,"Estive esta manhã, em Brasília, com o Conselho da ANDIFES (Associação Nacional de Dirigentes de Instituições Federais de Ensino Superior). Recebi de reitoras e reitores de universidades federais um documento com ótimas propostas.",nao,34 Respostas. Resposta,257 reposts. Repost,1400 Curtidas. Curtida,,
1552987323993817089,https://x.com/i/web/status/1552987323993817089,Ciro Gomes,@cirogomes,2022-07-29T12:00:05.000Z,"No momento em que se discute corretamente o verdadeiro papel dos militares, não custa nada começar pelo mais óbvio.",nao,182 Respostas. Resposta,562 reposts. Repost,2375 Curtidas. Curtida,,
1552754293022801925,https://x.com/i/web/status/1552754293022801925,Ciro Gomes,@cirogomes,2022-07-28T20:34:06.000Z,"Batendo um papo com a garotada de Guaianases, zona leste de São Paulo, em mais uma visita às periferias abandonadas do nosso Brasil.",nao,258 Respostas. Resposta,379 reposts. Repost,2879 Curtidas. Curtida,,
1552716751116255233,https://x.com/i/web/status/1552716751116255233,Ciro Gomes,@cirogomes,2022-07-28T18:04:56.000Z,Pra matar a saudade das nossas últimas convenções pelo Brasil. Nesse final de semana tem mais! #TBT #CiroPresidente,nao,15 Respostas. Resposta,102 reposts. Repost,608 Curtidas. Curtida,,
1552716720799891457,https://x.com/i/web/status/1552716720799891457,Ciro Gomes,@cirogomes,2022-07-28T18:04:48.000Z,"O #TBT de hoje é pra matar a saudade das nossas últimas convenções: a nacional do PDT em Brasília – onde oficializamos minha candidatura à Presidência – e as estaduais do Rio de Janeiro, com 
@_RodrigoNeves_
; e do Ceará, com 
@robertoclaudio
. Nesse final de semana tem mais!",nao,34 Respostas. Resposta,200 reposts. Repost,1123 Curtidas. Curtida,,
1552671560431017985,https://x.com/i/web/status/1552671560431017985,Ciro Gomes,@cirogomes,2022-07-28T15:05:21.000Z,Sabe por que Bolsonaro e Lula não querem debater? Porque um depende do outro. Veja o vídeo e me diga se discorda.,nao,325 Respostas. Resposta,543 reposts. Repost,2201 Curtidas. Curtida,,
1552475391587237890,https://x.com/i/web/status/1552475391587237890,Ciro Gomes,@cirogomes,2022-07-28T02:05:51.000Z,"Obrigado pela audiência e pelo engajamento, pessoal! Ficamos em primeiro lugar nos assuntos mais comentados aqui no Twitter durante mais de 3h de papo muito produtivo sobre nosso Brasil! Agradeço também a toda equipe de jornalismo da 
@GloboNews
.  #CiroNaGloboNews",nao,186 Respostas. Resposta,410 reposts. Repost,2812 Curtidas. Curtida,,
1552473565718581249,https://x.com/i/web/status/1552473565718581249,Ciro Gomes,@cirogomes,2022-07-28T01:58:36.000Z,"A democracia é a única forma de vivermos de forma civilizada. Eu sei que a democracia está fracassando porque não basta ter liberdade de ler, de ouvir, de se organizar, é preciso comer, trabalhar e receber salário digno. Mas isso a gente consegue também!",nao,64 Respostas. Resposta,259 reposts. Repost,1485 Curtidas. Curtida,,
1552472525992509445,https://x.com/i/web/status/1552472525992509445,Ciro Gomes,@cirogomes,2022-07-28T01:54:28.000Z,"Ao falar sobre religião, Ciro pregou tolerância e respeito com todas as religiões, e criticou a manipulação da fé por parte de Bolsonaro. #CiroNaGloboNews",nao,53 Respostas. Resposta,409 reposts. Repost,1682 Curtidas. Curtida,,
1552468221629964290,https://x.com/i/web/status/1552468221629964290,Ciro Gomes,@cirogomes,2022-07-28T01:37:22.000Z,"Ciro defende a cultura como elemento central da identidade nacional. E fala sobre a força da economia digital e das manifestações que vêm da periferia, que têm em Anitta a sua maior expoente. #CiroNaGloboNews",nao,57 Respostas. Resposta,347 reposts. Repost,1499 Curtidas. Curtida,,
1552466645955870720,https://x.com/i/web/status/1552466645955870720,Ciro Gomes,@cirogomes,2022-07-28T01:31:06.000Z,"Não pode ter intolerância porque todas as vezes que a política manipulou a religiosidade do povo terminou em genocídio, em radicalismo, o que não queremos para o Brasil.",nao,12 Respostas. Resposta,127 reposts. Repost,1003 Curtidas. Curtida,,
1552466643942522880,https://x.com/i/web/status/1552466643942522880,Ciro Gomes,@cirogomes,2022-07-28T01:31:06.000Z,A forma de adorar a Deus de qualquer um tem que ser respeitada. Eu adoro a Deus do jeito que eu quiser e você adora a Deus do jeito que você quiser. E o Estado precisa proteger as duas formas de adoração.,nao,46 Respostas. Resposta,276 reposts. Repost,2238 Curtidas. Curtida,,
1552466067083202565,https://x.com/i/web/status/1552466067083202565,Ciro Gomes,@cirogomes,2022-07-28T01:28:48.000Z,"O Brasil tem cinco bancos atuando em cartel, sem competição. Os americanos têm 5 mil bancos competindo entre si. Precisamos acabar o cartel no Brasil e colocar Caixa Econômica e Banco do Brasil pra competir, pra baixar juros e baixar as tarifas.",nao,93 Respostas. Resposta,442 reposts. Repost,2298 Curtidas. Curtida,,
1552464847119548422,https://x.com/i/web/status/1552464847119548422,Ciro Gomes,@cirogomes,2022-07-28T01:23:57.000Z,"Repetir as mesmas coisas vai dar nas mesmas coisas. Estar em dúvida e querer ver debate, ouvir os candidatos, deveria ser o essencial. O esperado. Toda pessoa sensata nesse momento deveria estar em dúvida, mas muita gente tá se rendendo pra não ser 'cancelado na internet'. Pena.",nao,49 Respostas. Resposta,271 reposts. Repost,1358 Curtidas. Curtida,,
1552462518659989504,https://x.com/i/web/status/1552462518659989504,Ciro Gomes,@cirogomes,2022-07-28T01:14:42.000Z,Ciro explica porque é fundamental mudar a política de preços da Petrobras e lembra: “Todo monopólio tem o preço administrado pelo governo”. #CiroNaGloboNews,nao,40 Respostas. Resposta,364 reposts. Repost,1421 Curtidas. Curtida,,
1552459897517793280,https://x.com/i/web/status/1552459897517793280,Ciro Gomes,@cirogomes,2022-07-28T01:04:17.000Z,"Em relação ao Itamaraty e às barbaridades de Bolsonaro, acredito que os princípios do Barão do Rio Branco – mais modernos do que nunca – deveriam nos guiar: não intervenção em assuntos domésticos dos outros países; solução pacífica dos conflitos; e autodeterminação dos povos.",nao,16 Respostas. Resposta,196 reposts. Repost,999 Curtidas. Curtida,,
1552458672583868416,https://x.com/i/web/status/1552458672583868416,Ciro Gomes,@cirogomes,2022-07-28T00:59:25.000Z,"Vamos propor o refinanciamento das dívidas dos brasileiros. E na negociação com as empresas, colocamos Banco do Brasil e Caixa pra financiar esse saldo devedor em um prazo razoável para que elas voltem a ter crédito.",nao,62 Respostas. Resposta,241 reposts. Repost,1276 Curtidas. Curtida,,
1552453336917499904,https://x.com/i/web/status/1552453336917499904,Ciro Gomes,@cirogomes,2022-07-28T00:38:13.000Z,"Os brasileiros estão sendo assaltados. E pra piorar, mudaram nada na política de preços da Petrobras – manteve a alta rentabilidade dos acionistas minoritários e começa a financiar isso tirando dinheiro da educação e da saúde do povo.",nao,13 Respostas. Resposta,147 reposts. Repost,712 Curtidas. Curtida,,
1552453335004975104,https://x.com/i/web/status/1552453335004975104,Ciro Gomes,@cirogomes,2022-07-28T00:38:12.000Z,"O governo tá sendo absolutamente desonesto e incompetente em relação ao preço dos combustíveis no Brasil. Distribuir 38% de lucro em 2021 não tem justificativa. Isso é corrupção, a política de preços dos combustíveis do Governo Bolsonaro é criminosa.",nao,27 Replies. Reply,288 reposts. Repost,1469 Likes. Like,,
1552452822016352256,https://x.com/i/web/status/1552452822016352256,Ciro Gomes,@cirogomes,2022-07-28T00:36:10.000Z,A minha proposta é reunir todos os brasileiros que consideram que essa contradição está fazendo mal ao Brasil e reconciliar o País.,nao,33 Replies. Reply,181 reposts. Repost,1122 Likes. Like,,
1552450876819836929,https://x.com/i/web/status/1552450876819836929,Ciro Gomes,@cirogomes,2022-07-28T00:28:26.000Z,"Ciro diz que não rouba nem deixa roubar. E, também, que vai acabar com a reeleição, fonte de muitos conchavos. “Vou pacificar o país”. #CiroNaGloboNews",nao,59 Replies. Reply,367 reposts. Repost,1502 Likes. Like,,
1552447043918069761,https://x.com/i/web/status/1552447043918069761,Ciro Gomes,@cirogomes,2022-07-28T00:13:12.000Z,Na cabeça delirante do Bolsonaro está sim a ideia do golpe. Nós democratas precisamos estar absolutamente atentos e dizer com todos os esses e erres que nós não aceitaremos o golpe.,nao,30 Replies. Reply,220 reposts. Repost,1250 Likes. Like,,
1552446774689906688,https://x.com/i/web/status/1552446774689906688,Ciro Gomes,@cirogomes,2022-07-28T00:12:08.000Z,"Estou em todas as iniciativas em defesa da democracia. Desde que entrei na luta política, desde o movimento estudantil. Para mim, democracia é como o ar que eu respiro.",nao,38 Replies. Reply,229 reposts. Repost,1267 Likes. Like,,
1552446429251407872,https://x.com/i/web/status/1552446429251407872,Ciro Gomes,@cirogomes,2022-07-28T00:10:46.000Z,"Se eu me eleger presidente da República, terei libertado o povo brasileiro de 30 anos de um modelo econômico trágico e de 30 anos de um modelo de governança política que também só produz tragédias.",nao,14 Replies. Reply,163 reposts. Repost,771 Likes. Like,,
1552446426806104066,https://x.com/i/web/status/1552446426806104066,Ciro Gomes,@cirogomes,2022-07-28T00:10:45.000Z,"- Collor governou com essa gente e foi cassado; 
- FHC governou com essa gente e nunca mais o PSDB ganhou uma eleição nacional; 
- Lula foi parar na cadeia; 
- Dilma foi cassada; 
- Michel Temer foi preso; 
- Bolsonaro também tá com essa gente e tá completamente desmoralizado.",nao,13 Replies. Reply,180 reposts. Repost,840 Likes. Like,,
1552446424495067137,https://x.com/i/web/status/1552446424495067137,Ciro Gomes,@cirogomes,2022-07-28T00:10:45.000Z,"No Brasil, a Presidência da República virou testa de ferro de uma mesma quadrilha. Vamos recapitular nossa história pra ver que esse modelo de governança política é a certeza do fracasso, da eternização e do aprofundamento da crise brasileira:",nao,15 Replies. Reply,283 reposts. Repost,1384 Likes. Like,,
1552445719457714176,https://x.com/i/web/status/1552445719457714176,Ciro Gomes,@cirogomes,2022-07-28T00:07:57.000Z,"Bolsonaro vai trazer toda a imundice do seu caráter pra cima da contradição do Lula e do PT. Eu tô preocupado com isso e a minha proposta é: todos os brasileiros que acharem que essa contradição está fazendo mal ao Brasil, vamos nos reunir para reconciliar o Brasil.",nao,73 Replies. Reply,224 reposts. Repost,1074 Likes. Like,,
1552444437984575488,https://x.com/i/web/status/1552444437984575488,Ciro Gomes,@cirogomes,2022-07-28T00:02:51.000Z,"Picaretagem comigo vai ser com Ministério Público, polícia e Controladoria da União, tudo isso vai funcionar pra valer! Meu governo vai ser igual aos meus governos no passado, como eu não roubo nem deixo roubar, ninguém rouba. E se roubar e eu pegar vai pra cadeia, seja quem for.",nao,45 Replies. Reply,257 reposts. Repost,1221 Likes. Like,,
1552443655751102464,https://x.com/i/web/status/1552443655751102464,Ciro Gomes,@cirogomes,2022-07-27T23:59:45.000Z,"No meu governo, quem quiser fazer CPI vai ter meu apoio. Só tem medo de CPI quem tem rabo preso!",nao,151 Replies. Reply,398 reposts. Repost,3674 Likes. Like,,
1552442208359698433,https://x.com/i/web/status/1552442208359698433,Ciro Gomes,@cirogomes,2022-07-27T23:54:00.000Z,"Quero ser presidente para restaurar a autoridade da presidência da República, que hoje esta desmoralizada. E se faz isso propondo um novo projeto e tentando transformar as eleições em um debate de ideias e não em uma disputa entre Chico, Manuel ou Maria.",nao,51 Replies. Reply,224 reposts. Repost,1307 Likes. Like,,
1552440670132092928,https://x.com/i/web/status/1552440670132092928,Ciro Gomes,@cirogomes,2022-07-27T23:47:53.000Z,Ciro reafirma sua confiança na vitória. E lembra que a crise atual começou com o ‘nacional-consumismo’ promovido por Lula. #CiroNaGloboNews,nao,119 Replies. Reply,323 reposts. Repost,1279 Likes. Like,,
1552438337625006080,https://x.com/i/web/status/1552438337625006080,Ciro Gomes,@cirogomes,2022-07-27T23:38:37.000Z,"Quando nós fizemos a Constituinte, Lula se recusou a assinar. Quando fizemos o Plano Real, Lula ficou contra. Ele pediu o impeachment de Itamar Franco, de FHC e não assinou um único pedido de impeachment de Bolsonaro.",nao,49 Replies. Reply,256 reposts. Repost,1196 Likes. Like,,
1552438335506972673,https://x.com/i/web/status/1552438335506972673,Ciro Gomes,@cirogomes,2022-07-27T23:38:36.000Z,"Lula é o candidato de 89 até hoje. E quando não foi ele, foi alguém se apresentando com a máscara dele.",nao,33 Replies. Reply,197 reposts. Repost,1248 Likes. Like,,
1552438333326114816,https://x.com/i/web/status/1552438333326114816,Ciro Gomes,@cirogomes,2022-07-27T23:38:36.000Z,"Lá atrás, no colégio eleitoral, nós queríamos precipitar o fim da ditadura e fomos todos num consenso dos democratas eleger o Tancredo Neves. Lula ficou contra! E ficou contra porque democracia pro Lula é só quando é ele o candidato.",nao,462 Replies. Reply,439 reposts. Repost,2601 Likes. Like,,
1552435784766353408,https://x.com/i/web/status/1552435784766353408,Ciro Gomes,@cirogomes,2022-07-27T23:28:28.000Z,"Lula parece o candidato KINDER OVO. Se ele for eleito com esse papo furado de picanha e cerveja sem discutir propostas e sem apresentar como pretende resolver os problemas do Brasil, teremos o maior estelionato eleitoral da nossa história.",nao,1373 Replies. Reply,793 reposts. Repost,4587 Likes. Like,,
1552435031745888256,https://x.com/i/web/status/1552435031745888256,Ciro Gomes,@cirogomes,2022-07-27T23:25:29.000Z,"O Brasil precisa derrotar o Bolsonaro, mas precisa entender o que causou o Bolsonaro. O Bolsonaro existiria se não fosse a imprudência, a falta de escrúpulo e a corrução generalizada com a qual Lula governou o Brasil? Ou mudamos isso ou nosso País está morto como nação.",nao,262 Replies. Reply,351 reposts. Repost,1851 Likes. Like,,
1552434613326385153,https://x.com/i/web/status/1552434613326385153,Ciro Gomes,@cirogomes,2022-07-27T23:23:49.000Z,Ciro detalha o que vai fazer para implantar o Programa de Renda Mínima Universal Eduardo Suplicy. #CiroNaGloboNews,nao,35 Replies. Reply,413 reposts. Repost,1530 Likes. Like,,
1552433722573701122,https://x.com/i/web/status/1552433722573701122,Ciro Gomes,@cirogomes,2022-07-27T23:20:16.000Z,"Será que a única tarefa do Brasil é derrotar o fascismo? E o dia seguinte? E a fome? E o desemprego? E o desastre generalizado que o país tá vivendo? Ou a gente discute isso, ou não teremos a cumplicidade necessária pra mudar o que precisa ser mudado no país.",nao,218 Replies. Reply,346 reposts. Repost,1834 Likes. Like,,
1552431378800803840,https://x.com/i/web/status/1552431378800803840,Ciro Gomes,@cirogomes,2022-07-27T23:10:58.000Z,"Em 2018 nosso povo votou magoado pela pior crise econômica da história, produzida pelo PT. O Bolsonaro agravou tudo isso, mas essa crise que está aí foi produzida pela turma do PT. Lula transferiu para os bancos R$ 4 trilhões enquanto transferiu para o povo pobre R$ 330 bilhões.",nao,173 Replies. Reply,265 reposts. Repost,1354 Likes. Like,,
1552430901228965894,https://x.com/i/web/status/1552430901228965894,Ciro Gomes,@cirogomes,2022-07-27T23:09:04.000Z,"É isso que está acontecendo com a política brasileira: estamos vivendo a maior crise social e econômica e os dois candidatos tão um chamando o outro de comunista, fascista e relativizando o que importa. Estamos expulsando as pessoas da política – que é a linguagem da democracia!",nao,29 Replies. Reply,210 reposts. Repost,915 Likes. Like,,
1552430194241294336,https://x.com/i/web/status/1552430194241294336,Ciro Gomes,@cirogomes,2022-07-27T23:06:15.000Z,A grande diferença aqui é que eu avanço e digo DE ONDE VEM O DINHEIRO. Ele vem da tributação sobre grandes fortunas – 0.5% em cima dos patrimônios acima de R$20 milhões. Isso atinge 58 mil contribuintes num país de 212 milhões.,nao,14 Replies. Reply,156 reposts. Repost,731 Likes. Like,,
1552430192525824004,https://x.com/i/web/status/1552430192525824004,Ciro Gomes,@cirogomes,2022-07-27T23:06:15.000Z,"Quero libertar os brasileiros desses auxílios eleitoreiros e criar um programa de Renda Mínima de Cidadania – que entrará como direito social de status constitucional. Ou seja: não importa quem entre, todos – sendo capazes ou não de contribuir com a previdência – terão direito.",nao,26 Replies. Reply,310 reposts. Repost,1645 Likes. Like,,
1552428443614285824,https://x.com/i/web/status/1552428443614285824,Ciro Gomes,@cirogomes,2022-07-27T22:59:18.000Z,O Governo deveria concentrar seu esforço em expandir o ensino superior público gratuito e de fazer um esforço em busca de qualidade para que o ensino não seja uma mentira cara e perigosa para nossos jovens. #CiroNaGloboNews,nao,25 Replies. Reply,199 reposts. Repost,915 Likes. Like,,
1552427586394931201,https://x.com/i/web/status/1552427586394931201,Ciro Gomes,@cirogomes,2022-07-27T22:55:53.000Z,Ciro explica o passo a passo para revolucionar a educação pública e transformá-la numa das dez melhores do mundo num prazo de 15 anos. #CiroNaGloboNews,nao,114 Replies. Reply,665 reposts. Repost,2490 Likes. Like,,
1552426264513970176,https://x.com/i/web/status/1552426264513970176,Ciro Gomes,@cirogomes,2022-07-27T22:50:38.000Z,"Para produzir resultados concretos na educação é preciso ter concepção de estadista. Eu ajudei a plantar no Ceará e estamos colhendo excelentes frutos anos depois. Agora, ninguém nunca mais arranca essa nossa obra! E é isso que eu quero fazer pelo Brasil.",nao,29 Replies. Reply,186 reposts. Repost,950 Likes. Like,,
1552424206796816385,https://x.com/i/web/status/1552424206796816385,Ciro Gomes,@cirogomes,2022-07-27T22:42:28.000Z,"1) a primeira é mudar o padrão pedagógico, precisamos fazer uma nova pedagogia em que o aluno ao invés de saber responder ele precisa saber perguntar; 2) e a segunda é aumentar o orçamento.",nao,8 Replies. Reply,142 reposts. Repost,734 Likes. Like,,
1552424204678664195,https://x.com/i/web/status/1552424204678664195,Ciro Gomes,@cirogomes,2022-07-27T22:42:27.000Z,"Para isso, o caminho que pretendo é nacionalizar o padrão da educação que deu certo no Ceará. Temos que estabelecer um processo de cooperação federativa em que a União vai cumprir basicamente duas grandes tarefas:",nao,8 Replies. Reply,150 reposts. Repost,831 Likes. Like,,
1552424202719854593,https://x.com/i/web/status/1552424202719854593,Ciro Gomes,@cirogomes,2022-07-27T22:42:27.000Z,"Pretendo que o centro do meu programa de governo seja uma revolução na educação, porque sem isso nada mais é viável e todo o resto é mentira. Ou a gente educa o nosso povo, prepara para a economia do conhecimento e para as tecnologias disruptivas ou nada mais vai acontecer.",nao,45 Replies. Reply,365 reposts. Repost,2182 Likes. Like,,
1552422893690277890,https://x.com/i/web/status/1552422893690277890,Ciro Gomes,@cirogomes,2022-07-27T22:37:15.000Z,"Começou a entrevista de Ciro na 
@GloboNews
. Veja aqui como ele respondeu à pergunta sobre seus planos para a segurança. #CiroNaGloboNews",nao,54 Replies. Reply,367 reposts. Repost,1337 Likes. Like,,
1552421862260490242,https://x.com/i/web/status/1552421862260490242,Ciro Gomes,@cirogomes,2022-07-27T22:33:09.000Z,"E acertei em cheio, porque as mulheres são capazes de qualquer arte, mas sempre acrescentam uma coisa que nenhum homem é capaz de fazer: uma sensibilidade diferente e uma disciplina que acho que vêm mesmo do feminino. #CiroNaGloboNews",nao,18 Replies. Reply,162 reposts. Repost,795 Likes. Like,,
1552421859219718145,https://x.com/i/web/status/1552421859219718145,Ciro Gomes,@cirogomes,2022-07-27T22:33:08.000Z,"A vantagem do meu eleitor é que ele pode testar o que já andei fazendo. Fui prefeito da 5ª maior cidade brasileira e mais da metade do orçamento era governado por MULHERES, lá em 89. Governei o Ceará, 8º estado brasileiro, e mais da metade do orçamento foi governado por mulheres.",nao,109 Replies. Reply,359 reposts. Repost,2345 Likes. Like,,
1552420506657341444,https://x.com/i/web/status/1552420506657341444,,,,,,,,,,timeout_ou_tweet_indisponivel
1552417141026164742,https://x.com/i/web/status/1552417141026164742,,,,,,,,,,timeout_ou_tweet_indisponivel
1552414101678301186,https://x.com/i/web/status/1552414101678301186,,,,,,,,,,timeout_ou_tweet_indisponivel
1552404237065273344,https://x.com/i/web/status/1552404237065273344,,,,,,,,,,timeout_ou_tweet_indisponivel
1552371333853478913,https://x.com/i/web/status/1552371333853478913,,,,,,,,,,timeout_ou_tweet_indisponivel
1552344202612297729,https://x.com/i/web/status/1552344202612297729,,,,,,,,,,timeout_ou_tweet_indisponivel
1552307843101065222,https://x.com/i/web/status/1552307843101065222,,,,,,,,,,timeout_ou_tweet_indisponivel
1552080590198947841,https://x.com/i/web/status/1552080590198947841,,,,,,,,,,timeout_ou_tweet_indisponivel
1552080588475097100,https://x.com/i/web/status/1552080588475097100,,,,,,,,,,timeout_ou_tweet_indisponivel
1552080586801561601,https://x.com/i/web/status/1552080586801561601,,,,,,,,,,timeout_ou_tweet_indisponivel
1552080585140600832,https://x.com/i/web/status/1552080585140600832,Ciro Gomes,@cirogomes,2022-07-26T23:57:02.000Z,"Lula, que decepção! Sua turma fica danada com a ""falsa simetria"", mas eu quero deixar aqui o questionamento: qual é a diferença neste campo agora? Em 2018, você estava preso e, de dentro da cadeia, entrou na JUSTIÇA pra exigir o direito de participar dos DEBATES.",nao,1346 Replies. Reply,1280 reposts. Repost,7158 Likes. Like,,
1552071783909572609,https://x.com/i/web/status/1552071783909572609,Ciro Gomes,@cirogomes,2022-07-26T23:22:04.000Z,E a mala de dinheiro que a PF descobriu na casa do diretor de uma empresa que negociava contratos com a Codevasf? Falar que não teve corrupção em seu governo vai uma distância maior do que a que existe entre o meu Guarany de Sobral e o Real Madrid!,nao,16 Replies. Reply,193 reposts. Repost,996 Likes. Like,,
1552071781439180801,https://x.com/i/web/status/1552071781439180801,Ciro Gomes,@cirogomes,2022-07-26T23:22:03.000Z,2) A segunda é a negação da corrupção em seu governo. E o escândalo da compra de vacinas? E o escândalo das barras de ouro no Ministério da Educação? E a compra dos kits de informática pra escolas que não tem água nem luz? E o orçamento secreto? (...),nao,14 Replies. Reply,160 reposts. Repost,993 Likes. Like,,
1552071778821980165,https://x.com/i/web/status/1552071778821980165,Ciro Gomes,@cirogomes,2022-07-26T23:22:02.000Z,"1) O primeiro é a negação da fome no Brasil. Aqui, vale lembrar alguns números: 125 milhões de brasileiros convivem com algum tipo de insegurança alimentar; 33.1 milhões passam fome; e apenas 1 em cada 4 crianças consegue fazer as três refeições diárias. Tá pouco, Bolsonaro?",nao,7 Replies. Reply,134 reposts. Repost,741 Likes. Like,,
1552071776947130368,https://x.com/i/web/status/1552071776947130368,Ciro Gomes,@cirogomes,2022-07-26T23:22:02.000Z,"Foram tantos absurdos que Bolsonaro disse nessa convenção que daria pra passar uma live inteira falando deles, mas ninguém tem estômago pra isso. De qualquer forma, quero destacar alguns pontos  #CIROGAMES",nao,45 Replies. Reply,291 reposts. Repost,1934 Likes. Like,,
1552071005883060225,https://x.com/i/web/status/1552071005883060225,Ciro Gomes,@cirogomes,2022-07-26T23:18:58.000Z,"O PL e o Bolsonaro gastaram nada mais nada menos que um milhão de reais em único dia pra divulgar os vídeos da convenção. Vejam bem: um milhão de reais em 24 horas. Se isso não for abuso do poder econômico, então eu não sei mais o que é.",nao,60 Replies. Reply,410 reposts. Repost,2333 Likes. Like,,
1552068677394112512,https://x.com/i/web/status/1552068677394112512,Ciro Gomes,@cirogomes,2022-07-26T23:09:43.000Z,"""A educação precisa ser o eixo de um novo projeto de desenvolvimento, que faça o Ceará crescer e se desenvolver, mas que possa enfrentar as desigualdades sociais.""
@robertoclaudio
 na #CIROGAMES",nao,20 Replies. Reply,192 reposts. Repost,973 Likes. Like,,
1552065110599995392,https://x.com/i/web/status/1552065110599995392,Ciro Gomes,@cirogomes,2022-07-26T22:55:32.000Z,"""A coragem é sinônimo de caráter e ela caminha de mãos dadas com a lealdade. Uma pessoa corajosa é capaz de correr riscos pelos demais. E não dá pra ser uma pessoa pública digna se não tiver essas virtudes: coragem de lutar, gratidão e lealdade.""
@robertoclaudio
 na #CIROGAMES",nao,52 Replies. Reply,216 reposts. Repost,1127 Likes. Like,,
1552062300303106054,https://x.com/i/web/status/1552062300303106054,Ciro Gomes,@cirogomes,2022-07-26T22:44:22.000Z,"Estamos na luta pela democracia defendendo ideias; defendendo uma revolução na educação; defendendo um país unido, pacificado e livre pra crescer. Enquanto existirem brasileiros e brasileiras como vocês, que lutam pelo mesmo, eu estarei aqui, firme e forte, cheio de energia e fé!",nao,47 Replies. Reply,302 reposts. Repost,1757 Likes. Like,,
1552062156350586880,https://x.com/i/web/status/1552062156350586880,Ciro Gomes,@cirogomes,2022-07-26T22:43:48.000Z,"Por mais difícil e desigual que seja essa luta, eu estou aqui pro que der e vier. Lutando por um Brasil melhor, por um projeto que passa longe dessa demagogia barata e dos espetáculos grotescos que estamos vendo por aí.",nao,241 Replies. Reply,417 reposts. Repost,3237 Likes. Like,,
1552057561838456834,https://x.com/i/web/status/1552057561838456834,Ciro Gomes,@cirogomes,2022-07-26T22:25:33.000Z,"CIRO GAMES #44 | 26/07/2022 com Roberto Cláudio, Alexander Turra e Tarin Mo",nao,20 Replies. Reply,171 reposts. Repost,724 Likes. Like,,
1552057285832282117,https://x.com/i/web/status/1552057285832282117,Ciro Gomes,@cirogomes,2022-07-26T22:24:27.000Z,"Daqui a pouco começa a nossa #CIROGAMES! Acompanhe pelo Youtube, deixe seu ‘joinha’ e aproveite pra se inscrever no canal:",nao,5 Replies. Reply,124 reposts. Repost,593 Likes. Like,,
1552016834668494856,https://x.com/i/web/status/1552016834668494856,Ciro Gomes,@cirogomes,2022-07-26T19:43:43.000Z,"Eu quero debater. Bolsonaro e Lula, não. É o silêncio dos inocentes? Não. É o silêncio dos culpados.",nao,2409 Replies. Reply,1650 reposts. Repost,10248 Likes. Like,,
1552004661871529984,https://x.com/i/web/status/1552004661871529984,Ciro Gomes,@cirogomes,2022-07-26T18:55:20.000Z,"Hoje a #CIROGAMES é com o candidato ao governo pelo 
@PDT_Nacional
 e ex-prefeito de Fortaleza, 
@robertoclaudio
 e dois grandes especialistas em meio-ambiente: o biólogo Alexander Turra e a professora Tarin Mont’Alverne. Também tem react da convenção de Bolsonaro e muito mais!",nao,66 Replies. Reply,270 reposts. Repost,1080 Likes. Like,,
1551951629246676992,https://x.com/i/web/status/1551951629246676992,Ciro Gomes,@cirogomes,2022-07-26T15:24:36.000Z,"Voltando ao sertão do nosso querido Ceará. Terra de gente alegre, trabalhadora e aguerrida!",nao,141 Replies. Reply,337 reposts. Repost,2408 Likes. Like,,
1551933010169167875,https://x.com/i/web/status/1551933010169167875,Ciro Gomes,@cirogomes,2022-07-26T14:10:37.000Z,"Não há sentido nas tentativas de “nacionalizar” a campanha do Ceará - que elegerá 
@robertoclaudio
 governador - tampouco em “cearalizar” minha campanha a presidente, que segue firme, dialogando com todo Brasil. São narrativas plantadas que não darão em nada.",nao,160 Replies. Reply,371 reposts. Repost,2308 Likes. Like,,
1551885038429655043,https://x.com/i/web/status/1551885038429655043,Ciro Gomes,@cirogomes,2022-07-26T11:00:00.000Z,"A democracia corre mais riscos e sofre mais danos com o silêncio da mordaça do que com os latidos de cão desdentado, como os de Bolsonaro, no seu show patético no Maracanãzinho.",nao,96 Replies. Reply,313 reposts. Repost,2599 Likes. Like,,
1551885036152127488,https://x.com/i/web/status/1551885036152127488,Ciro Gomes,@cirogomes,2022-07-26T10:59:59.000Z,"Para mim será uma grande decepção se a 
@CNNBrasil
, que nasceu com o propósito de ser plural, deixar o seu público sem um debate.",nao,612 Replies. Reply,1074 reposts. Repost,4987 Likes. Like,,
1551703845889253378,https://x.com/i/web/status/1551703845889253378,Ciro Gomes,@cirogomes,2022-07-25T23:00:00.000Z,"Quanto você acha importante investir em EDUCAÇÃO? Eu considero PRIORITÁRIO e FUNDAMENTAL – e mais: ajudei a provar que um estado pobre, como o Ceará, pode ter a melhor educação pública do país, com planejamento e continuidade. É isso que vamos fazer pelo Brasil. #CiroPresidente",nao,89 Replies. Reply,450 reposts. Repost,1598 Likes. Like,,
1551671172433170432,https://x.com/i/web/status/1551671172433170432,Ciro Gomes,@cirogomes,2022-07-25T20:50:10.000Z,Ouvindo eles – os principais interessados na revolução da educação que a gente vai fazer. O investimento no futuro dos nossos jovens sempre foi e sempre será minha prioridade. ,nao,88 Replies. Reply,349 reposts. Repost,2058 Likes. Like,,
1551659409192927233,https://x.com/i/web/status/1551659409192927233,Ciro Gomes,@cirogomes,2022-07-25T20:03:26.000Z,"A semana começou com muita emoção! Hoje voltei à escola de Sobral onde estudei na infância e além de matar a saudade, pude ouvir técnicos e profissionais da educação mais avançada do país para aprimorar, sempre, nosso projeto de governo.",nao,45 Replies. Reply,299 reposts. Repost,1853 Likes. Like,,
1551583063619956736,https://x.com/i/web/status/1551583063619956736,Ciro Gomes,@cirogomes,2022-07-25T15:00:04.000Z,Seria cômico se não fosse trágico! #CiroPresidente,nao,239 Replies. Reply,663 reposts. Repost,3894 Likes. Like,,
1551537754114125824,https://x.com/i/web/status/1551537754114125824,Ciro Gomes,@cirogomes,2022-07-25T12:00:01.000Z,"Acredito que a EDUCAÇÃO é, sim, a SALVAÇÃO NACIONAL. Por isso a grande revolução que meu governo pretende fazer é a revolução da educação. #CiroPresidente",nao,136 Replies. Reply,623 reposts. Repost,2328 Likes. Like,,
1551329801415294976,https://x.com/i/web/status/1551329801415294976,Ciro Gomes,@cirogomes,2022-07-24T22:13:41.000Z,Um é abuso retórico conhecido. Outro é abuso econômico capaz de trazer desequilíbrio à disputa eleitoral. A tática de Bolsonaro é a mesma: distrair a opinião pública com factoides raivosos enquanto aprofunda o verdadeiro caos em silêncio.,nao,54 Replies. Reply,257 reposts. Repost,1948 Likes. Like,,
1551329799917998080,https://x.com/i/web/status/1551329799917998080,Ciro Gomes,@cirogomes,2022-07-24T22:13:41.000Z,Difícil saber o que é mais vergonhoso e mais perigoso. A repetição de ataques raivosos às instituições ou a ação silenciosa de gastar perto de R$ 1 milhão EM UM DIA em comerciais para a convenção do PL.,nao,311 Replies. Reply,582 reposts. Repost,4328 Likes. Like,,
1551311259965935616,https://x.com/i/web/status/1551311259965935616,Ciro Gomes,@cirogomes,2022-07-24T21:00:01.000Z,"Hey Ho! Let's Go. É de Ciro que eu vou! Vamos finalizar o domingo com mais um vídeo imperdível do 
@CartunistaT
. Veja e comente o que você achou!",nao,567 Replies. Reply,671 reposts. Repost,3030 Likes. Like,,
1551290221249060867,https://x.com/i/web/status/1551290221249060867,Ciro Gomes,@cirogomes,2022-07-24T19:36:24.000Z,"Mais registros da Convenção de hoje, onde lançamos a candidatura de 
@robertoclaudio
 ao Governo do Estado. Vamos nessa por amor ao nosso Ceará!",nao,33 Replies. Reply,245 reposts. Repost,1432 Likes. Like,,
1551256542044995586,https://x.com/i/web/status/1551256542044995586,Ciro Gomes,@cirogomes,2022-07-24T17:22:35.000Z,"Hoje meu coração tá transbordando de alegria e esperança por estar em casa, no meu Ceará, e por ter acompanhado a Convenção Estadual e o lançamento da candidatura de 
@robertoclaudio
 ao Governo. O PDT unido é o Ceará mais forte! Vamos juntos!",nao,66 Replies. Reply,315 reposts. Repost,1907 Likes. Like,,
1551224949125402624,https://x.com/i/web/status/1551224949125402624,Ciro Gomes,@cirogomes,2022-07-24T15:17:02.000Z,"Falando em humildade e união, quero deixar um recado aos novos líderes: ouçam, mudem o que tiver que ser mudado, protejam o que foi conquistado e não deixem o ódio bolsonarista dominar o estado. Junto com nossa gente, mirem o futuro e comecem uma nova etapa na história do Ceará!",nao,94 Replies. Reply,350 reposts. Repost,2209 Likes. Like,,
1551223109038006272,https://x.com/i/web/status/1551223109038006272,Ciro Gomes,@cirogomes,2022-07-24T15:09:44.000Z,"Roberto fez a maior administração da história de Fortaleza, não há um lugar da cidade, um setor da vida do fortalezense – seja educação, saúde, segurança ou infraestrutura – que 
@robertoclaudio
 não tenha realizado uma obra.",nao,18 Replies. Reply,140 reposts. Repost,1002 Likes. Like,,
1551223107381301253,https://x.com/i/web/status/1551223107381301253,Ciro Gomes,@cirogomes,2022-07-24T15:09:43.000Z,"Fortaleza tinha o pior indicador de educação do Ceará, não era apenas do Brasil. Fomos atrás não de um amigo de infância, mas daquele que pudesse se qualificar como uma nova liderança honesta e competente e nasce a liderança de 
@robertoclaudio
.",nao,40 Replies. Reply,312 reposts. Repost,1979 Likes. Like,,
1551215134005141506,https://x.com/i/web/status/1551215134005141506,Ciro Gomes,@cirogomes,2022-07-24T14:38:02.000Z,Quem manda no Ceará não é família A nem família B. Nem partido A ou partido B. O nosso patrão é o povo do Ceará e mais ninguém.,nao,558 Replies. Reply,519 reposts. Repost,4336 Likes. Like,,
1551212806866886657,https://x.com/i/web/status/1551212806866886657,Ciro Gomes,@cirogomes,2022-07-24T14:28:47.000Z,"Acompanhe o discurso de Ciro na Convenção Estadual do PDT/CE! Dia do lançamento da candidatura de 
@robertoclaudio
 ao Governo do nosso querido Ceará: 
youtu.be/Id3DpcRzdAI",nao,31 Replies. Reply,203 reposts. Repost,954 Likes. Like,,
1551185371148566528,https://x.com/i/web/status/1551185371148566528,Ciro Gomes,@cirogomes,2022-07-24T12:39:46.000Z,"Já começou a Convenção Estadual do PDT/CE, onde vamos oficializar a candidatura de Roberto Cláudio ao Governo do Estado do Ceará! Acompanhe AO VIVO nas redes do 
@robertoclaudio
. ",nao,70 Replies. Reply,239 reposts. Repost,1588 Likes. Like,,
1550970090568519680,https://x.com/i/web/status/1550970090568519680,Ciro Gomes,@cirogomes,2022-07-23T22:24:19.000Z,"As quatro palavras que moveram toda minha vida são fé, paixão, coragem e desafio. ",nao,678 Replies. Reply,827 reposts. Repost,5200 Likes. Like,,
1550911120025833477,https://x.com/i/web/status/1550911120025833477,Ciro Gomes,@cirogomes,2022-07-23T18:30:00.000Z,"Nosso povo não aguenta mais a crise social e econômica que o Brasil está vivendo. E, mais que nunca, boa parte dos políticos nos torna vítimas desse círculo vicioso de incompetência, oportunismo e bandidagem. #CiroPresidente",nao,67 Replies. Reply,403 reposts. Repost,1585 Likes. Like,,
1550881086401822720,https://x.com/i/web/status/1550881086401822720,Ciro Gomes,@cirogomes,2022-07-23T16:30:39.000Z,"Hoje oficializamos a candidatura de 
@_RodrigoNeves_
 e @fsantacruz_psd ao Governo do Rio. Vamos juntos nesta caminhada para a reconstrução do Estado do Rio de Janeiro e do Brasil!",nao,16 Replies. Reply,156 reposts. Repost,1083 Likes. Like,,
1550881077530705923,https://x.com/i/web/status/1550881077530705923,Ciro Gomes,@cirogomes,2022-07-23T16:30:37.000Z,"A união do PDT com o PSD de 
@eduardopaes
 no Rio de Janeiro é garantia de experiência, boa gestão e compromisso com o povo. Hoje oficializamos a candidatura de 
@_RodrigoNeves_
 e @fsantacruz_psd ao Governo do Rio!",nao,99 Replies. Reply,344 reposts. Repost,2120 Likes. Like,,
1550871647711891457,https://x.com/i/web/status/1550871647711891457,Ciro Gomes,@cirogomes,2022-07-23T15:53:09.000Z,"Eu vou botar a mão de ferro na questão do crime organizado, seja a milícia ou facção criminosa.",nao,627 Replies. Reply,640 reposts. Repost,5247 Likes. Like,,
1550866834932498432,https://x.com/i/web/status/1550866834932498432,Ciro Gomes,@cirogomes,2022-07-23T15:34:01.000Z,"Acompanhe o discurso de Ciro Gomes na Convenção Estadual do PDT/RJ, no lançamento da candidatura de 
@_RodrigoNeves_
 ao governo do Rio, e seu vice @fsantacruz_psd:",nao,18 Replies. Reply,186 reposts. Repost,967 Likes. Like,,
1550853273816547332,https://x.com/i/web/status/1550853273816547332,Ciro Gomes,@cirogomes,2022-07-23T14:40:08.000Z,"Cheguei agora na Convenção Estadual do PDT/RJ para o lançamento da candidatura de 
@_RodrigoNeves_
 e de seu vice, @fsantacruz_psd, ao Governo do Rio. Vamos juntos nesta caminhada para a reconstrução do Estado do Rio de Janeiro e do Brasil!",nao,123 Replies. Reply,382 reposts. Repost,2210 Likes. Like,,
1550814425426399232,https://x.com/i/web/status/1550814425426399232,Ciro Gomes,@cirogomes,2022-07-23T12:05:46.000Z,"É hoje, gente boa! ",nao,95 Replies. Reply,230 reposts. Repost,1608 Likes. Like,,
1550571382936727552,https://x.com/i/web/status/1550571382936727552,Ciro Gomes,@cirogomes,2022-07-22T20:00:00.000Z,Você conhece um candidato a presidente que tem coragem de dizer isto na FIESP e ser aplaudido? #CiroNaFiesp,nao,204 Replies. Reply,919 reposts. Repost,3279 Likes. Like,,
1550527071645999105,https://x.com/i/web/status/1550527071645999105,Ciro Gomes,@cirogomes,2022-07-22T14:55:50.000Z,"Ninguém supera, jamais, a criatividade popular.",nao,443 Replies. Reply,536 reposts. Repost,2626 Likes. Like,,
1550497093575483392,https://x.com/i/web/status/1550497093575483392,Ciro Gomes,@cirogomes,2022-07-22T15:04:48.000Z,"A cada dia aumenta a curiosidade e carinho das pessoas por 
@gisellebezerra
, a companheira incrível que a vida me deu. Tenho certeza que quanto mais vocês a conhecerem mais ficarão fascinados por ela.",nao,153 Replies. Reply,447 reposts. Repost,2876 Likes. Like,,
1550457766308986882,https://x.com/i/web/status/1550457766308986882,Ciro Gomes,@cirogomes,2022-07-22T12:28:32.000Z,"Ainda tem gente que me pergunta por que penso em ser presidente em um país tão cheio de problemas. Se você já se perguntou sobre isso, veja este vídeo que traz minha resposta. #CiroPresidente",nao,89 Replies. Reply,415 reposts. Repost,1567 Likes. Like,,
1550246744402710528,https://x.com/i/web/status/1550246744402710528,Ciro Gomes,@cirogomes,2022-07-21T22:30:00.000Z,Um breve resumo da grande repercussão do lançamento oficial da candidatura de Ciro à presidência. Agora é oficial: é 12! É #CiroPresidente!,nao,142 Replies. Reply,639 reposts. Repost,2158 Likes. Like,,
1550242105506906118,https://x.com/i/web/status/1550242105506906118,Ciro Gomes,@cirogomes,2022-07-21T22:11:34.000Z,"Muito obrigado Fiesp e Ciesp pelo convite para esse importante debate sobre o nosso país. Que todos os candidatos e candidatas apresentem seu diagnóstico, proponham soluções e estejam disponíveis para debater o Brasil. #CiroNaFiesp",nao,80 Replies. Reply,410 reposts. Repost,1975 Likes. Like,,
1550241036592611328,https://x.com/i/web/status/1550241036592611328,Ciro Gomes,@cirogomes,2022-07-21T22:07:19.000Z,"É preciso muita paixão, muita energia e coragem para enfrentar o que está errado em nosso país. Porque é muito poderosa a força reativa que nos amarra nesse atraso, nessa estagnação. #CiroNaFiesp",nao,49 Replies. Reply,278 reposts. Repost,1572 Likes. Like,,
1550232124069974016,https://x.com/i/web/status/1550232124069974016,Ciro Gomes,@cirogomes,2022-07-21T21:31:54.000Z,"No primeiro dia do meu Governo, o Banco do Brasil e a Caixa Econômica saem do cartel de bancos e vão competir pelo freguês, baixando o juro no mercado e baixando tarifas. E garanto que vão ganhar mais do que estão ganhando hoje!",nao,1618 Respostas. Resposta,1324 reposts. Repost,8156 Curtidas. Curtida,,
1550220453817589760,https://x.com/i/web/status/1550220453817589760,Ciro Gomes,@cirogomes,2022-07-21T20:45:32.000Z,"O Brasil tem saída, mas pra isso o debate precisa acontecer. Se fica um candidato prometendo picanha e cerveja e o outro prometendo derrotar o comunismo, isso não resolve nada sobre o real problema da crise brasileira.",nao,230 Respostas. Resposta,546 reposts. Repost,2922 Curtidas. Curtida,,
1550216651030798337,https://x.com/i/web/status/1550216651030798337,Ciro Gomes,@cirogomes,2022-07-21T20:30:25.000Z,Não prospera nenhuma sociedade que não tenha adotado explicitamente um sólido e arrojado investimento em gente. Não se pode falar em produtividade com o alto nível de evasão escolar no nível médio que é a realidade brasileira hoje. #CiroNaFiesp,nao,27 Respostas. Resposta,283 reposts. Repost,1303 Curtidas. Curtida,,
1550215788463902723,https://x.com/i/web/status/1550215788463902723,Ciro Gomes,@cirogomes,2022-07-21T20:27:00.000Z,"Precisamos revolucionar a educação no Brasil: mudar o paradigma pedagógico, trocar o decoreba raso pela pedagogia do conhecimento da era digital; fazer um programa de requalificação dos professores com perspectiva de premiação e aperfeiçoar os mecanismos de financiamento.",nao,58 Respostas. Resposta,342 reposts. Repost,1560 Curtidas. Curtida,,
1550211223484092416,https://x.com/i/web/status/1550211223484092416,Ciro Gomes,@cirogomes,2022-07-21T20:08:51.000Z,"Juros mais altos do mundo, retardo tecnológico extenso em processo de agravamento e pequena escala de produção. Não sei como o Brasil ainda aguenta! Isso é fruto do mesmo modelo econômico e de governança política que prostrou a nação brasileira. #CiroNaFiesp",nao,31 Respostas. Resposta,296 reposts. Repost,1247 Curtidas. Curtida,,
1550210759463927813,https://x.com/i/web/status/1550210759463927813,Ciro Gomes,@cirogomes,2022-07-21T20:07:01.000Z,"Denunciarei Bolsonaro em todas as instâncias. Reunir o corpo diplomático de nações estrangeiras para degradar as instituições do país não é coisa de presidente, é coisa de criminoso, de lesa-pátria. Perdoem a franqueza, mas a história cobrará caro daqueles que se omitirem!",nao,302 Respostas. Resposta,566 reposts. Repost,3827 Curtidas. Curtida,,
1550206078125842434,https://x.com/i/web/status/1550206078125842434,Ciro Gomes,@cirogomes,2022-07-21T19:48:25.000Z,"Nenhum país do mundo prospera valorizando a especulação em detrimento da produção, privilegiando o rentismo em detrimento do trabalho. #CiroNaFiesp",nao,34 Respostas. Resposta,383 reposts. Repost,1942 Curtidas. Curtida,,
1550201568884129793,https://x.com/i/web/status/1550201568884129793,Ciro Gomes,@cirogomes,2022-07-21T19:30:30.000Z,"Participo agora do encontro de candidatos à presidência, convite da Fiesp e Ciesp. Acompanhe: 
youtu.be/wqHKyvoGjaY

#CiroNaFiesp",nao,16 Respostas. Resposta,221 reposts. Repost,733 Curtidas. Curtida,,
1550193917018001409,https://x.com/i/web/status/1550193917018001409,Ciro Gomes,@cirogomes,2022-07-21T19:00:05.000Z,"Fui recebido agora na 
@Fiesp
 pelo seu presidente, Josué Gomes. Em instantes vou participar do encontro de candidatos à presidência. Sempre uma oportunidade para debatermos o Brasil. Atenção: transmissão AO VIVO a partir das 16h: 
youtu.be/szEpGdgwrog",nao,24 Respostas. Resposta,248 reposts. Repost,1020 Curtidas. Curtida,,
1550175615810150402,https://x.com/i/web/status/1550175615810150402,Ciro Gomes,@cirogomes,2022-07-21T15:20:00.000Z,"O economista 
@andreroncaglia
, com sua sensibilidade, foi ao cerne da questão.",nao,60 Respostas. Resposta,409 reposts. Repost,1758 Curtidas. Curtida,,
1550164433728667649,https://x.com/i/web/status/1550164433728667649,Ciro Gomes,@cirogomes,2022-07-21T13:27:19.000Z,"A ação que movi contra o absurdo pronunciamento que Bolsonaro fez a embaixadores estrangeiros terá consequências. O ministro Edson Fachin, presidente do Tribunal Superior Eleitoral, deu cinco dias pra Bolsonaro se explicar. Vamos aguardar com muita expectativa os desdobramentos.",nao,91 Respostas. Resposta,386 reposts. Repost,1364 Curtidas. Curtida,,
1550138739699105796,https://x.com/i/web/status/1550138739699105796,Ciro Gomes,@cirogomes,2022-07-21T15:20:50.000Z,"Bolsonaro e o enfrentamento da covid-19: irresponsabilidade, negacionismo ou o quê? #RecordistaDoMal",nao,17 Respostas. Resposta,123 reposts. Repost,600 Curtidas. Curtida,,
1550138734020026374,https://x.com/i/web/status/1550138734020026374,Ciro Gomes,@cirogomes,2022-07-21T15:20:49.000Z,"Recorde de queimadas, destruição das florestas e liberação de agrotóxicos. #RecordistaDoMal",nao,6 Respostas. Resposta,132 reposts. Repost,616 Curtidas. Curtida,,
1550138727229431811,https://x.com/i/web/status/1550138727229431811,Ciro Gomes,@cirogomes,2022-07-21T15:20:47.000Z,"Nunca se pagou tão caro: diesel, gasolina e gás de cozinha pela hora da morte! #RecordistaDoMal",nao,4 Respostas. Resposta,138 reposts. Repost,554 Curtidas. Curtida,,
1550138722066341889,https://x.com/i/web/status/1550138722066341889,Ciro Gomes,@cirogomes,2022-07-21T15:20:46.000Z,Quem não deve não teme? Informações sobre crimes e abusos do governo Bolsonaro se tornarão públicas somente daqui 100 anos! #RecordistaDoMal,nao,4 Respostas. Resposta,94 reposts. Repost,452 Curtidas. Curtida,,
1550138716685041664,https://x.com/i/web/status/1550138716685041664,Ciro Gomes,@cirogomes,2022-07-21T15:20:44.000Z,"Enquanto o povo passa fome, Bolsonaro gasta R$1.2 milhão por mês do dinheiro público no cartão corporativo - em média R$40 mil por dia! #RecordistaDoMal",nao,4 Respostas. Resposta,128 reposts. Repost,466 Curtidas. Curtida,,
1550138709806292994,https://x.com/i/web/status/1550138709806292994,Ciro Gomes,@cirogomes,2022-07-21T15:20:43.000Z,Destruição da economia: a pior crise da história! #RecordistaDoMal,nao,7 Respostas. Resposta,127 reposts. Repost,585 Curtidas. Curtida,,
1550138704626343936,https://x.com/i/web/status/1550138704626343936,Ciro Gomes,@cirogomes,2022-07-21T15:20:42.000Z,O governo Bolsonaro acumula recordes de incompetência e vergonha mundial. Siga o fio da destruição do nosso país.  #RecordistaDoMal,nao,105 Replies. Reply,456 reposts. Repost,1904 Likes. Like,,
1550088201670475777,https://x.com/i/web/status/1550088201670475777,Ciro Gomes,@cirogomes,2022-07-21T12:00:01.000Z,"Na convenção desta quarta-feira – onde lancei  oficialmente minha candidatura à Presidência –, destaquei: nossa educação será uma das melhores do mundo dentro de 15 anos. #CiroPresidente",nao,124 Respostas. Resposta,557 reposts. Repost,1842 Curtidas. Curtida,,
1549874039719600130,https://x.com/i/web/status/1549874039719600130,Ciro Gomes,@cirogomes,2022-07-20T21:49:00.000Z,Conclamo todos os brasileiros a se unirem a esta luta p/ juntos recuperarmos o sentido de nosso destino. Obrigado a todos que participaram da oficialização da nossa candidatura – orgulho e felicidade sem tamanho! E viva o Brasil! Viva o Povo Brasileiro! Vamos com #CiroPresidente,nao,197 Respostas. Resposta,695 reposts. Repost,3049 Curtidas. Curtida,,
1549846696527536128,https://x.com/i/web/status/1549846696527536128,Ciro Gomes,@cirogomes,2022-07-20T20:00:21.000Z,"Hora de acompanhar o discurso do nosso FUTURO PRESIDENTE ao vivo no canal oficial! Acompanhe a oficialização da candidatura, participe com a hashtag #CiroPresidente e se inscreva:",nao,240 Respostas. Resposta,277 reposts. Repost,1185 Curtidas. Curtida,,
1549845962604126209,https://x.com/i/web/status/1549845962604126209,Ciro Gomes,@cirogomes,2022-07-20T19:57:26.000Z,"CONVENÇÃO NACIONAL DO PDT - CIRO PRESIDENTE | 20/07/2022 
x.com/i/broadcasts/1
…",nao,75 Replies. Reply,363 reposts. Repost,1306 Likes. Like,,
1549843797168865289,https://x.com/i/web/status/1549843797168865289,Ciro Gomes,@cirogomes,2022-07-20T19:48:50.000Z,Já estamos em primeiro lugar no Twitter! Vamos juntos pacificar o Brasil e construir uma saída esperançosa para o nosso povo!  #CiroPresidente,nao,535 Replies. Reply,758 reposts. Repost,4845 Likes. Like,,
1549838306246115332,https://x.com/i/web/status/1549838306246115332,Ciro Gomes,@cirogomes,2022-07-20T19:27:01.000Z,"Hora do discurso dos nossos pré-candidatos! Assista e compartilhe: 
youtube.com/watch?v=ZNRDtI
…. #CiroPresidente",nao,28 Replies. Reply,223 reposts. Repost,789 Likes. Like,,
1549829689438511106,https://x.com/i/web/status/1549829689438511106,Ciro Gomes,@cirogomes,2022-07-20T18:52:47.000Z,"Primeiros registros da nossa Convenção Nacional do PDT! Já começamos a transmitir o evento AO VIVO no YouTube. Acompanhe: 
youtube.com/watch?v=ZNRDtI
…. #CiroPresidente",nao,76 Replies. Reply,302 reposts. Repost,1020 Likes. Like,,
1549826182929158144,https://x.com/i/web/status/1549826182929158144,Ciro Gomes,@cirogomes,2022-07-20T18:38:51.000Z,"E aí, minha Turma Boa já tá on?  Quero ver todo mundo ligado hoje na Convenção Nacional do PDT, que começa daqui a pouco! Compartilhe com os amigos e participe do tuitaço com a hashtag: #CiroPresidente",nao,110 Replies. Reply,431 reposts. Repost,1459 Likes. Like,,
1549812078390673409,https://x.com/i/web/status/1549812078390673409,Ciro Gomes,@cirogomes,2022-07-20T17:42:48.000Z,"Já aqui em Brasília, neste grande dia, filhos e neta queridos ! #CiroPresidente",nao,153 Replies. Reply,370 reposts. Repost,2666 Likes. Like,,
1549728365048827906,https://x.com/i/web/status/1549728365048827906,Ciro Gomes,@cirogomes,2022-07-20T12:10:09.000Z,"É HOJE! Anote aí: Convenção do Nacional do PDT

 Dia 20 de julho (quarta-feira)

 A partir das 15h 

Sede Nacional do PDT em Brasília

 Participe e acompanhe tudo em nossas redes! #CiroPresidente",nao,161 Replies. Reply,571 reposts. Repost,1515 Likes. Like,,
1549575893663862785,https://x.com/i/web/status/1549575893663862785,Ciro Gomes,@cirogomes,2022-07-20T00:02:24.000Z,200 mil livros vendidos e nossos apoiadores sem precisar passar pano (nem toalha) pra nada ,nao,265 Replies. Reply,655 reposts. Repost,2744 Likes. Like,,
1549545241216253954,https://x.com/i/web/status/1549545241216253954,Ciro Gomes,@cirogomes,2022-07-20T00:02:29.000Z,"Se você desconfia que o seu candidato não tem projeto nem vai pacificar o Brasil, então peço, humildemente, que pesquise minha vida e minhas ideias. Talvez você encontre esperança e um motivo pra se rebelar contra a hipocrisia e o vazio de ideias que Lula e Bolsonaro representam.",nao,1606 Replies. Reply,1085 reposts. Repost,6147 Likes. Like,,
1549539328254267394,https://x.com/i/web/status/1549539328254267394,Ciro Gomes,@cirogomes,2022-07-19T23:38:59.000Z,São tantos os crimes de responsabilidade que Bolsonaro cometeu nesse encontro que é obrigação de todos os democratas do país buscar instrumentos legais para retirá-lo do cargo.,nao,793 Replies. Reply,783 reposts. Repost,6469 Likes. Like,,
1549533864153980931,https://x.com/i/web/status/1549533864153980931,Ciro Gomes,@cirogomes,2022-07-19T23:17:16.000Z,"Lupi (
@CarlosLupiPDT
): ""Não tem um dia que eu não lembre do Brizola porque gratidão não prescreve. Não é gratidão só com a pessoa física, mas também com as ideias que ele representa. E Ciro é a garantia de que essas ideias continuam vivas, atuais.""",nao,46 Replies. Reply,223 reposts. Repost,1117 Likes. Like,,
1549530451521462273,https://x.com/i/web/status/1549530451521462273,Ciro Gomes,@cirogomes,2022-07-19T23:03:43.000Z,"Lupi (
@CarlosLupiPDT
): ""Nós temos muito orgulho – pessoal e partidário – de ter Ciro como candidato à presidência, porque ele é a voz de um povo que tá sufocado pra gritar de amor ao Brasil. Por isso, ele amanhã será consagrado nosso candidato pra honrar o legado de Brizola.""",nao,61 Replies. Reply,263 reposts. Repost,1297 Likes. Like,,
1549529092806033411,https://x.com/i/web/status/1549529092806033411,Ciro Gomes,@cirogomes,2022-07-19T22:58:19.000Z,"Ofereço à Nação uma vida pautada pela honestidade, um projeto que diz como podemos sair dessa crise, gerando empregos, colocando comida na mesa de quem tem fome, renegociando as dívidas que as famílias e as empresas têm com o sistema financeiro, reduzindo preços e impostos.",nao,374 Replies. Reply,581 reposts. Repost,3243 Likes. Like,,
1549528547907223553,https://x.com/i/web/status/1549528547907223553,Ciro Gomes,@cirogomes,2022-07-19T22:56:09.000Z,"Tenho convicção de que agora, mais do que nunca, vamos mobilizar esse nosso sofrido Brasil, que não aguenta mais do mesmo e quer uma nova alternativa pra se livrar do ódio, da corrupção, da incompetência e da falta de visão estratégica que nos levaram para o fundo do poço.",nao,193 Replies. Reply,404 reposts. Repost,2288 Likes. Like,,
1549522042331996161,https://x.com/i/web/status/1549522042331996161,Ciro Gomes,@cirogomes,2022-07-19T22:30:18.000Z,CIRO GAMES #43 | 19/07/2022 com Carlos Lupi,nao,22 Replies. Reply,204 reposts. Repost,668 Likes. Like,,
1549521894726041600,https://x.com/i/web/status/1549521894726041600,Ciro Gomes,@cirogomes,2022-07-19T22:29:43.000Z,"Gente boa, a #CIROGAMES de hoje está imperdível! Você também pode acompanhar pelo YouTube, aproveita pra se inscrever no canal:",nao,19 Replies. Reply,153 reposts. Repost,683 Likes. Like,,
1549417679693529090,https://x.com/i/web/status/1549417679693529090,Ciro Gomes,@cirogomes,2022-07-19T15:35:36.000Z,"A live de hoje está mais do que especial! Na véspera da convenção que irá oficializar minha candidatura à presidência, vamos receber o presidente nacional do PDT, Carlos Lupi. Também teremos reacts e interações AO VIVO. Participe e mande sua pergunta com a hashtag: #CIROGAMES.",nao,71 Replies. Reply,329 reposts. Repost,1170 Likes. Like,,
1549363564120621056,https://x.com/i/web/status/1549363564120621056,Ciro Gomes,@cirogomes,2022-07-19T12:00:34.000Z,"É AMANHÃ! Anote aí: Convenção do Nacional do PDT

 Dia 20 de julho (quarta-feira)

 A partir das 15h 

Sede Nacional do PDT em Brasília

 Participe e acompanhe tudo em nossas redes! #CiroPresidente",nao,142 Replies. Reply,503 reposts. Repost,1593 Likes. Like,,
