id,candidato,data_ited,conversation_id,referenced_tweet_id
1549539730211147776,Lula,2022-07-20,1549539730211147776,
1549512448012599298,Lula,2022-07-20,1549512448012599298,
1549462491037634561,Lula,2022-07-20,1549462491037634561,
1549427685100847106,Lula,2022-07-20,1549427685100847106,
1549404590856183810,Lula,2022-07-20,1549404590856183810,
1549346149240373248,Lula,2022-07-20,1549346149240373248,
1549902206215901184,Lula,2022-07-21,1549902206215901184,
1549900566440157187,Lula,2022-07-21,1549900566440157187,
1549897519311863814,Lula,2022-07-21,1549897519311863814,
1549896102605950976,Lula,2022-07-21,1549896102605950976,
1549895972758626304,Lula,2022-07-21,1549895972758626304,
1549895760895942658,Lula,2022-07-21,1549895760895942658,
1549895464736137221,Lula,2022-07-21,1549895464736137221,
1549893715728146434,Lula,2022-07-21,1549893715728146434,
1549865455157858304,Lula,2022-07-21,1549865455157858304,
1549840127375151104,Lula,2022-07-21,1549840127375151104,
1549815895131934720,Lula,2022-07-21,1549815895131934720,
1549811101185048577,Lula,2022-07-21,1549811101185048577,
1549809814393462785,Lula,2022-07-21,1549809814393462785,
1549809177043820544,Lula,2022-07-21,1549809177043820544,
1549808727196303361,Lula,2022-07-21,1549808727196303361,
1549782056032411648,Lula,2022-07-21,1549782056032411648,
1549779716634054656,Lula,2022-07-21,1549779716634054656,
1549767395279081473,Lula,2022-07-21,1549767395279081473,
1549706393883648000,Lula,2022-07-21,1549706393883648000,
1549549414645121027,Lula,2022-07-21,1549549414645121027,
1550240701442428929,Lula,2022-07-22,1550240701442428929,
1550232149609037824,Lula,2022-07-22,1550232149609037824,
1550207038038446088,Lula,2022-07-22,1550207038038446088,
1550168121893441537,Lula,2022-07-22,1550168121893441537,
1550163167153725441,Lula,2022-07-22,1550163167153725441,
1550160084415782913,Lula,2022-07-22,1550160084415782913,
1550159221131546627,Lula,2022-07-22,1550159221131546627,
1550158361102110720,Lula,2022-07-22,1550158361102110720,
1550158189001318403,Lula,2022-07-22,1550158189001318403,
1550155941051568128,Lula,2022-07-22,1550155941051568128,
1550154697020956674,Lula,2022-07-22,1550154697020956674,
1550123910804303872,Lula,2022-07-22,1550123910804303872,
1550105380499472384,Lula,2022-07-22,1550105380499472384,
1550071278110916608,Lula,2022-07-22,1550071278110916608,1549916895578562560
1549927207996358657,Lula,2022-07-22,1549927207996358657,
1549916310817079298,Lula,2022-07-22,1549916310817079298,
1550623901730078720,Lula,2022-07-23,1550623901730078720,1550555528237002752
1550618841704710145,Lula,2022-07-23,1550618838420668417,1550618838420668417
1550618838420668417,Lula,2022-07-23,1550618838420668417,
1550559995384762369,Lula,2022-07-23,1550559995384762369,1550557215156756481
1550519243695091715,Lula,2022-07-23,1550519243695091715,
1550471759354290183,Lula,2022-07-23,1550471759354290183,
1550427820828119042,Lula,2022-07-23,1550427820828119042,1550182640912842754
1550287264554663936,Lula,2022-07-23,1550287264554663936,
1550283866564448258,Lula,2022-07-23,1550283866564448258,
1550283231471276043,Lula,2022-07-23,1550283231471276043,
1550275580318334976,Lula,2022-07-23,1550275580318334976,
1550974561851789313,Lula,2022-07-24,1550974561851789313,
1550925149645553664,Lula,2022-07-24,1550925149645553664,
1550883683103645696,Lula,2022-07-24,1550883683103645696,
1550825404151353344,Lula,2022-07-24,1550825404151353344,1550532889036689408
1550798337892356096,Lula,2022-07-24,1550798337892356096,
1550653768131289088,Lula,2022-07-24,1550653768131289088,
1551347058732408833,Lula,2022-07-25,1551347058732408833,
1551190797374087168,Lula,2022-07-25,1551190797374087168,
1551009495576354818,Lula,2022-07-25,1551009495576354818,
1551718908478062593,Lula,2022-07-26,1551718908478062593,
1551673121865859076,Lula,2022-07-26,1551673121865859076,
1551634567911690240,Lula,2022-07-26,1551634567911690240,
1551560935671750659,Lula,2022-07-26,1551560935671750659,
1551518475067293698,Lula,2022-07-26,1551518475067293698,
1552076296192249857,Lula,2022-07-27,1552076296192249857,
1552058983195844609,Lula,2022-07-27,1552058983195844609,
1552034572090703872,Lula,2022-07-27,1552034572090703872,
1551975675850014721,Lula,2022-07-27,1551775860251938816,1551775860251938816
1551916817530101760,Lula,2022-07-27,1551916817530101760,
1551883677059239937,Lula,2022-07-27,1551883677059239937,
1552441245968248833,Lula,2022-07-28,1552441245968248833,
1552426120154415104,Lula,2022-07-28,1552426120154415104,
1552383754953531392,Lula,2022-07-28,1552383754953531392,
1552304941603110916,Lula,2022-07-28,1552304941603110916,
1552300096099844096,Lula,2022-07-28,1552300096099844096,
1552299527742308357,Lula,2022-07-28,1552299527742308357,
1552298290204614657,Lula,2022-07-28,1552298290204614657,
1552297418531770369,Lula,2022-07-28,1552297418531770369,
1552295809370263553,Lula,2022-07-28,1552295343991275521,1552295343991275521
1552295343991275521,Lula,2022-07-28,1552295343991275521,
1552292741442412544,Lula,2022-07-28,1552292741442412544,
1552292462709858304,Lula,2022-07-28,1552292462709858304,
1552290415230992386,Lula,2022-07-28,1552290415230992386,
1552289783078166528,Lula,2022-07-28,1552289783078166528,
1552289057828491264,Lula,2022-07-28,1552289057828491264,
1552288601400123393,Lula,2022-07-28,1552288601400123393,
1552287952226684933,Lula,2022-07-28,1552287952226684933,
1552286482102108160,Lula,2022-07-28,1552286482102108160,
1552284609941053440,Lula,2022-07-28,1552284609941053440,
1552283501751328768,Lula,2022-07-28,1552283501751328768,
1552282496628408322,Lula,2022-07-28,1552282496628408322,
1552281421628203010,Lula,2022-07-28,1552281421628203010,
1552281298575687681,Lula,2022-07-28,1552281298575687681,
1552280952902131712,Lula,2022-07-28,1552280952902131712,
1552245086834106369,Lula,2022-07-28,1552245086834106369,
1552100130173685761,Lula,2022-07-28,1552100130173685761,
1552803333773168650,Lula,2022-07-29,1552803333773168650,
1552772721532014592,Lula,2022-07-29,1552772721532014592,
1552768193097252865,Lula,2022-07-29,1552768193097252865,
1552763941209706497,Lula,2022-07-29,1552763941209706497,
1552763171106177024,Lula,2022-07-29,1552763171106177024,
1552752953181839360,Lula,2022-07-29,1552752953181839360,
1552743301119352838,Lula,2022-07-29,1552742211883876357,1552742211883876357
1552701158208245760,Lula,2022-07-29,1552701158208245760,
1552685661898960896,Lula,2022-07-29,1552685661898960896,
1552681676656054274,Lula,2022-07-29,1552681675099983874,1552681675099983874
1552681675099983874,Lula,2022-07-29,1552681675099983874,
1552678605561503744,Lula,2022-07-29,1552678605561503744,
1552678422987563010,Lula,2022-07-29,1552678422987563010,
1552678001120317445,Lula,2022-07-29,1552677995038621699,1552677999396397058
1552677999396397058,Lula,2022-07-29,1552677995038621699,1552677997374836736
1552677997374836736,Lula,2022-07-29,1552677995038621699,1552677995038621699
1552677995038621699,Lula,2022-07-29,1552677995038621699,
1552675636749156352,Lula,2022-07-29,1552675636749156352,
1552675151011086337,Lula,2022-07-29,1552675151011086337,
1552675019532148741,Lula,2022-07-29,1552675019532148741,
1552673525701525512,Lula,2022-07-29,1552673525701525512,
1552673125715873793,Lula,2022-07-29,1552673118573019137,1552673123870408704
1552673123870408704,Lula,2022-07-29,1552673118573019137,1552673122154856448
1552673122154856448,Lula,2022-07-29,1552673118573019137,1552673120401629186
1552673120401629186,Lula,2022-07-29,1552673118573019137,1552673118573019137
1552673118573019137,Lula,2022-07-29,1552673118573019137,
1552641739252432896,Lula,2022-07-29,1552641739252432896,
1552613860754051072,Lula,2022-07-29,1552613860754051072,
1552461614519050241,Lula,2022-07-29,1552461614519050241,
1553152495215693827,Lula,2022-07-30,1553152495215693827,
1553114539105095680,Lula,2022-07-30,1553114539105095680,
1553113179592458244,Lula,2022-07-30,1553113179592458244,
1553113040232583168,Lula,2022-07-30,1553113040232583168,
1553111687665967110,Lula,2022-07-30,1553111687665967110,
1553110317084860417,Lula,2022-07-30,1553110317084860417,
1553109412767830016,Lula,2022-07-30,1553109412767830016,
1553098705636655106,Lula,2022-07-30,1553098705636655106,
1553079624472530944,Lula,2022-07-30,1553079624472530944,
1553030929781690368,Lula,2022-07-30,1553030929781690368,
1552967496017248256,Lula,2022-07-30,1552967496017248256,
1552825445787308032,Lula,2022-07-30,1552825445787308032,
1553491401253470209,Lula,2022-07-31,1553491401253470209,
1553462981526167553,Lula,2022-07-31,1553462981526167553,
1553445191310315521,Lula,2022-07-31,1553445191310315521,
1553431989365137409,Lula,2022-07-31,1553431989365137409,
1553423420506923010,Lula,2022-07-31,1553423420506923010,
1553421848964120580,Lula,2022-07-31,1553421848964120580,
1553417904418349056,Lula,2022-07-31,1553417904418349056,
1553417800542208001,Lula,2022-07-31,1553417800542208001,
1553416918148734976,Lula,2022-07-31,1553416918148734976,
1553415896126865408,Lula,2022-07-31,1553415896126865408,
1553415741021503490,Lula,2022-07-31,1553415741021503490,
1553408043257368577,Lula,2022-07-31,1553408043257368577,
1553393349066838016,Lula,2022-07-31,1553393349066838016,
1553345152604901376,Lula,2022-07-31,1553345152604901376,
1553183856366428160,Lula,2022-07-31,1553183856366428160,
1553876033887240199,Lula,2022-08-01,1553876033887240199,1553697327906529280
1553847803092369409,Lula,2022-08-01,1553847803092369409,
1553782386353119232,Lula,2022-08-01,1553782386353119232,
1553736324183638018,Lula,2022-08-01,1553736324183638018,1553501570620428288
1553702314090921984,Lula,2022-08-01,1553702314090921984,
1553546532900802563,Lula,2022-08-01,1553546532900802563,
1554254127655538689,Lula,2022-08-02,1554254127655538689,
1554215464871628800,Lula,2022-08-02,1554215464871628800,
1554196849619263489,Lula,2022-08-02,1554196849619263489,
1554142072768286720,Lula,2022-08-02,1554142072768286720,
1554097339010371585,Lula,2022-08-02,1554097339010371585,
1554056426267484162,Lula,2022-08-02,1554056426267484162,
1553912557609656320,Lula,2022-08-02,1553912557609656320,
1553893834953838593,Lula,2022-08-02,1553893834953838593,
1554601763977793536,Lula,2022-08-03,1554601763977793536,
1554600933887287297,Lula,2022-08-03,1554600933887287297,
1554599706948501506,Lula,2022-08-03,1554599706948501506,
1554598485395136512,Lula,2022-08-03,1554598485395136512,
1554598000189661184,Lula,2022-08-03,1554598000189661184,
1554596211361026049,Lula,2022-08-03,1554596211361026049,
1554587491985985544,Lula,2022-08-03,1554587491985985544,
1554568638681624578,Lula,2022-08-03,1554568638681624578,
1554534796637921281,Lula,2022-08-03,1554534796637921281,
1554510984022220801,Lula,2022-08-03,1554510984022220801,
1554476520764329986,Lula,2022-08-03,1554476520764329986,
1554423010991509507,Lula,2022-08-03,1554422461982195713,1554422461982195713
1554422461982195713,Lula,2022-08-03,1554422461982195713,
1554274263355609088,Lula,2022-08-03,1554274263355609088,
1554966109408878593,Lula,2022-08-04,1554966109408878593,
1554953932836708356,Lula,2022-08-04,1554953932836708356,
1554912900996898817,Lula,2022-08-04,1554912900996898817,
1554883238371409922,Lula,2022-08-04,1554883238371409922,
1554861847492321286,Lula,2022-08-04,1554861847492321286,
1554820375191719937,Lula,2022-08-04,1554820375191719937,
1554786554589110272,Lula,2022-08-04,1554786552898895872,1554786552898895872
1554634336925896704,Lula,2022-08-04,1554634336925896704,
1554626134846967808,Lula,2022-08-04,1554626134846967808,
1554618152683802626,Lula,2022-08-04,1554618152683802626,
1555335921100361729,Lula,2022-08-05,1555335921100361729,
1555320108322623493,Lula,2022-08-05,1555320108322623493,
1555299339869868032,Lula,2022-08-05,1555299339869868032,1555296124289818626
1555292247654121473,Lula,2022-08-05,1555292245905084416,1555292245905084416
1555292245905084416,Lula,2022-08-05,1555292245905084416,
1555289907718787072,Lula,2022-08-05,1555289907718787072,
1555286894732226561,Lula,2022-08-05,1555286894732226561,
1555254972262109185,Lula,2022-08-05,1555254972262109185,1555146539823030273
1555235554710769664,Lula,2022-08-05,1555235554710769664,
1555173771908186114,Lula,2022-08-05,1555173771908186114,
1555147621345402881,Lula,2022-08-05,1555147621345402881,
1555001330900541441,Lula,2022-08-05,1555001330900541441,
1554987523709046785,Lula,2022-08-05,1554987523709046785,
1554986060811079680,Lula,2022-08-05,1554986060811079680,
1554985669713330177,Lula,2022-08-05,1554985669713330177,
1554984310192709633,Lula,2022-08-05,1554984310192709633,
1554983543415209986,Lula,2022-08-05,1554983543415209986,
1554982872041365504,Lula,2022-08-05,1554982872041365504,
1555672354960953344,Lula,2022-08-06,1555672354960953344,
1555656856789569538,Lula,2022-08-06,1555656856789569538,
1555626574107525121,Lula,2022-08-06,1555626574107525121,
1555586311138033670,Lula,2022-08-06,1555586311138033670,
1555578040306044930,Lula,2022-08-06,1555578040306044930,
1555577861624500224,Lula,2022-08-06,1555577861624500224,
1555577759124135936,Lula,2022-08-06,1555577759124135936,
1555577631587897349,Lula,2022-08-06,1555577631587897349,
1555575977224421377,Lula,2022-08-06,1555575977224421377,
1555575371319414785,Lula,2022-08-06,1555575371319414785,
1555575238565453825,Lula,2022-08-06,1555575238565453825,
1555575132520955904,Lula,2022-08-06,1555575132520955904,
1555575045191340032,Lula,2022-08-06,1555575045191340032,
1555573797666816002,Lula,2022-08-06,1555573797666816002,
1555573652107968512,Lula,2022-08-06,1555573652107968512,
1555573013940158466,Lula,2022-08-06,1555573013940158466,
1555571778562527232,Lula,2022-08-06,1555571778562527232,
1555571690339504128,Lula,2022-08-06,1555571688892506119,1555571688892506119
1555571688892506119,Lula,2022-08-06,1555571688892506119,
1555571483602190345,Lula,2022-08-06,1555571483602190345,
1555570325294878721,Lula,2022-08-06,1555570325294878721,
1555568190247370759,Lula,2022-08-06,1555568190247370759,1555502651256852484
1555565376817139713,Lula,2022-08-06,1555565376817139713,
1555536254531522560,Lula,2022-08-06,1555536252220358657,1555536252220358657
1555536252220358657,Lula,2022-08-06,1555536252220358657,
1555362914902704133,Lula,2022-08-06,1555362914902704133,
1556039795272552448,Lula,2022-08-07,1556039795272552448,
1556013265360240642,Lula,2022-08-07,1556013265360240642,
1555975744790175746,Lula,2022-08-07,1555975744790175746,
1555928620929105926,Lula,2022-08-07,1555928620929105926,
1555909076885901312,Lula,2022-08-07,1555854995626549248,1555854995626549248
1555874337550376960,Lula,2022-08-07,1555874337550376960,
1555729471730290694,Lula,2022-08-07,1555729471730290694,
1555724435944050689,Lula,2022-08-07,1555710900811743233,1555710900811743233
1555710900811743233,Lula,2022-08-07,1555710900811743233,
1556397329728634880,Lula,2022-08-08,1556397329728634880,
1556347802002800640,Lula,2022-08-08,1556347802002800640,
1556277560517935104,Lula,2022-08-08,1556277560517935104,
1556242864350416898,Lula,2022-08-08,1556242864350416898,
1556086232962289665,Lula,2022-08-08,1556086232962289665,
1556791544174313477,Lula,2022-08-09,1556791544174313477,1556780476966240256
1556765976645062657,Lula,2022-08-09,1556765976645062657,
1556740321433862145,Lula,2022-08-09,1556740321433862145,
1556703637958795264,Lula,2022-08-09,1556703637958795264,
1556651983683076108,Lula,2022-08-09,1556651983683076108,
1556589052937310209,Lula,2022-08-09,1556589052937310209,
1557141290596311040,Lula,2022-08-10,1557141290596311040,
1557120132136198154,Lula,2022-08-10,1557120132136198154,
1557075963032240129,Lula,2022-08-10,1557075963032240129,1556263388723937281
1557021893445681152,Lula,2022-08-10,1557021893445681152,
1557015639809789953,Lula,2022-08-10,1557015639809789953,
1557014398765617154,Lula,2022-08-10,1557014398765617154,
1557013411615178752,Lula,2022-08-10,1557013411615178752,
1557012894826614784,Lula,2022-08-10,1557012894826614784,
1557010930277515272,Lula,2022-08-10,1557010930277515272,
1557008981222096899,Lula,2022-08-10,1557008981222096899,
1556999463574577152,Lula,2022-08-10,1556999463574577152,
1556999192865800199,Lula,2022-08-10,1556999192865800199,
1556994715894984704,Lula,2022-08-10,1556994715894984704,
1556955562776084480,Lula,2022-08-10,1556955562776084480,
1556814173505470464,Lula,2022-08-10,1556814173505470464,
1557496078127300608,Lula,2022-08-11,1557496078127300608,
1557443419127021568,Lula,2022-08-11,1557443419127021568,
1557384194581569536,Lula,2022-08-11,1557384194581569536,
1557366259867652098,Lula,2022-08-11,1557366259867652098,
1557318125628055555,Lula,2022-08-11,1557318125628055555,
1557173230149959680,Lula,2022-08-11,1557173230149959680,
1557865954293547009,Lula,2022-08-12,1557865954293547009,
1557839141181833217,Lula,2022-08-12,1557839141181833217,
1557796440524701696,Lula,2022-08-12,1557796440524701696,
1557767167239770112,Lula,2022-08-12,1557767167239770112,
1557727691922542599,Lula,2022-08-12,1557727691922542599,
1557678954424799233,Lula,2022-08-12,1557678954424799233,
1557536954329219073,Lula,2022-08-12,1557536954329219073,
1558224005294850049,Lula,2022-08-13,1558224005294850049,
1558176625522532352,Lula,2022-08-13,1558176625522532352,
1558109673546448898,Lula,2022-08-13,1558109673546448898,
1558080207059402755,Lula,2022-08-13,1558080207059402755,
1558046916935667713,Lula,2022-08-13,1558046916935667713,
1557899319348445184,Lula,2022-08-13,1557899319348445184,
1558600028465373186,Lula,2022-08-14,1558600028465373186,
1558465363083493380,Lula,2022-08-14,1558465363083493380,
1558463627660861440,Lula,2022-08-14,1558463627660861440,
1558461729784438784,Lula,2022-08-14,1558461729784438784,
1558461173208580097,Lula,2022-08-14,1558461173208580097,
1558460621397655553,Lula,2022-08-14,1558460621397655553,
1558460228068335617,Lula,2022-08-14,1558460228068335617,
1558459296492437505,Lula,2022-08-14,1558459296492437505,
1558459134659465216,Lula,2022-08-14,1558459134659465216,
1558457783464235009,Lula,2022-08-14,1558457783464235009,
1558404905903312896,Lula,2022-08-14,1558404905903312896,
1558260046383009792,Lula,2022-08-14,1558260046383009792,
1558948211250937863,Lula,2022-08-15,1558948211250937863,
1558893983186784257,Lula,2022-08-15,1558840434142707716,1558840434142707716
1558893755419267073,Lula,2022-08-15,1558893755419267073,1558840434142707716
1558879804899868672,Lula,2022-08-15,1558879804899868672,
1558834809882943489,Lula,2022-08-15,1558834809882943489,
1558795209391095808,Lula,2022-08-15,1558795209391095808,
1558777985909620736,Lula,2022-08-15,1558777985909620736,
1558621865295355904,Lula,2022-08-15,1558621865295355904,
1559321874592665603,Lula,2022-08-16,1559321874592665603,
1559318770639949825,Lula,2022-08-16,1559318770639949825,
1559317769333751826,Lula,2022-08-16,1559317769333751826,
1559315193334751232,Lula,2022-08-16,1559315193334751232,
1559314231899693057,Lula,2022-08-16,1559314231899693057,
1559313079334322176,Lula,2022-08-16,1559313079334322176,
1559310232689467392,Lula,2022-08-16,1559310232689467392,
1559304457665630208,Lula,2022-08-16,1559304457665630208,
1559281760692645888,Lula,2022-08-16,1559281760692645888,
1559223470541754370,Lula,2022-08-16,1559223470541754370,
1559208905959526400,Lula,2022-08-16,1559208905959526400,
1559202562900987911,Lula,2022-08-16,1559202562900987911,
1559130443064217601,Lula,2022-08-16,1559130443064217601,
1558984926694969344,Lula,2022-08-16,1558984926694969344,
1559680765717364743,Lula,2022-08-17,1559680765717364743,1558927767877582856
1559670439915536387,Lula,2022-08-17,1559670439915536387,
1559635160798224388,Lula,2022-08-17,1559635160798224388,
1559613301218238465,Lula,2022-08-17,1559613301218238465,
1559612225819746307,Lula,2022-08-17,1559612225819746307,
1559608024746033152,Lula,2022-08-17,1559608023349346304,1559608023349346304
1559608023349346304,Lula,2022-08-17,1559608023349346304,
1559599204460281859,Lula,2022-08-17,1559599204460281859,
1559593295956873221,Lula,2022-08-17,1559593295956873221,
1559570712976887808,Lula,2022-08-17,1559570712976887808,
1559538402541899785,Lula,2022-08-17,1559538402541899785,
1559519957897076742,Lula,2022-08-17,1559507556694990850,1559507556694990850
1559497650885595138,Lula,2022-08-17,1559497650885595138,
1559485093726535680,Lula,2022-08-17,1559484792344821762,1559484792344821762
1559484792344821762,Lula,2022-08-17,1559484792344821762,
1559374503754571782,Lula,2022-08-17,1559374499107274753,1559374501527404546
1559374501527404546,Lula,2022-08-17,1559374499107274753,1559374499107274753
1559374499107274753,Lula,2022-08-17,1559374499107274753,
1559330260436525060,Lula,2022-08-17,1559330260436525060,
1560032266042019841,Lula,2022-08-18,1560032266042019841,
1560020563900485634,Lula,2022-08-18,1560020563900485634,
1559998030258098179,Lula,2022-08-18,1559998030258098179,
1559972936991244288,Lula,2022-08-18,1559972936991244288,
1559956168239243268,Lula,2022-08-18,1559956168239243268,
1559930869284044804,Lula,2022-08-18,1559930869284044804,
1559930024303759361,Lula,2022-08-18,1559930024303759361,
1559929820909289472,Lula,2022-08-18,1559929820909289472,
1559919567400587268,Lula,2022-08-18,1559631284703477762,1559631284703477762
1559899043962138624,Lula,2022-08-18,1559899043962138624,
1559884317899325440,Lula,2022-08-18,1559884317899325440,
1559882048038469638,Lula,2022-08-18,1559882048038469638,
1559866897302265858,Lula,2022-08-18,1559866897302265858,
1559865736759312390,Lula,2022-08-18,1559865736759312390,
1559863740098646016,Lula,2022-08-18,1559863740098646016,
1559863217819713536,Lula,2022-08-18,1559863217819713536,
1559862270183841794,Lula,2022-08-18,1559862270183841794,
1559861419176333314,Lula,2022-08-18,1559861419176333314,
1559860164345348096,Lula,2022-08-18,1559860164345348096,
1559858990816772097,Lula,2022-08-18,1559858990816772097,
1559841309350920193,Lula,2022-08-18,1559841309350920193,
1559713251054714881,Lula,2022-08-18,1559713251054714881,1559697404361842691
1559702868956962816,Lula,2022-08-18,1559702868956962816,
1560415297563029505,Lula,2022-08-19,1560415297563029505,
1560415133763080192,Lula,2022-08-19,1560415133763080192,
1560400004006789123,Lula,2022-08-19,1560400004006789123,
1560399094098558983,Lula,2022-08-19,1560399094098558983,
1560398528521900033,Lula,2022-08-19,1560398528521900033,
1560397845596979204,Lula,2022-08-19,1560397845596979204,
1560397377416077318,Lula,2022-08-19,1560397377416077318,
1560396861487423488,Lula,2022-08-19,1560396861487423488,
1560396123465998336,Lula,2022-08-19,1560396123465998336,
1560395574473625600,Lula,2022-08-19,1560395574473625600,
1560395047299911685,Lula,2022-08-19,1560395047299911685,
1560385930468270080,Lula,2022-08-19,1560385930468270080,
1560364148722114560,Lula,2022-08-19,1560364148722114560,
1560352256180076544,Lula,2022-08-19,1560352256180076544,
1560319888643719169,Lula,2022-08-19,1560319888643719169,
1560299315905515525,Lula,2022-08-19,1560299315905515525,
1560285152282034176,Lula,2022-08-19,1560285152282034176,
1560226397930536961,Lula,2022-08-19,1560226220368969729,1560226220368969729
1560226220368969729,Lula,2022-08-19,1560226220368969729,
1560211343441104896,Lula,2022-08-19,1560211343441104896,
1560072171602563074,Lula,2022-08-19,1560072171602563074,1559374561883430921
1560776042821853186,Lula,2022-08-20,1560776042821853186,
1560741650065895424,Lula,2022-08-20,1560741650065895424,
1560705092570980352,Lula,2022-08-20,1560705083826110464,1560705089391714307
1560705089391714307,Lula,2022-08-20,1560705083826110464,1560705086640324614
1560705086640324614,Lula,2022-08-20,1560705083826110464,1560705083826110464
1560705083826110464,Lula,2022-08-20,1560705083826110464,
1560683139340566538,Lula,2022-08-20,1560683139340566538,
1560655381734752256,Lula,2022-08-20,1560655381734752256,
1560619631060008961,Lula,2022-08-20,1560619631060008961,
1560575276429578241,Lula,2022-08-20,1560575276429578241,
1560444599952445442,Lula,2022-08-20,1560444599952445442,
1560428026910973952,Lula,2022-08-20,1560428026910973952,
1561132268034326528,Lula,2022-08-21,1561132268034326528,1561100151300599808
1561119616918773760,Lula,2022-08-21,1561119616918773760,
1561116412957057025,Lula,2022-08-21,1561116412957057025,
1561094730653515785,Lula,2022-08-21,1561094730653515785,
1561066953615282177,Lula,2022-08-21,1561066953615282177,1561027786730520579
1561057306804117505,Lula,2022-08-21,1561057306804117505,
1561045532403027968,Lula,2022-08-21,1561045532403027968,
1561043076906422272,Lula,2022-08-21,1561043076906422272,
1561035058504400896,Lula,2022-08-21,1561035058504400896,
1561027323994034183,Lula,2022-08-21,1561027323994034183,
1561026105397678080,Lula,2022-08-21,1561026105397678080,
1561025463488839680,Lula,2022-08-21,1561025463488839680,
1561024477403774977,Lula,2022-08-21,1561024477403774977,
1561023596876767233,Lula,2022-08-21,1561023596876767233,
1561023260317421570,Lula,2022-08-21,1561023260317421570,
1561022855189504002,Lula,2022-08-21,1561022855189504002,
1561022503446790151,Lula,2022-08-21,1561022503446790151,
1561021086854152193,Lula,2022-08-21,1561021086854152193,
1561005440401453063,Lula,2022-08-21,1561005440401453063,
1560975479070511104,Lula,2022-08-21,1560975479070511104,
1560942135834181632,Lula,2022-08-21,1560942135834181632,
1560812568490524673,Lula,2022-08-21,1560812568490524673,
1560785951512723456,Lula,2022-08-21,1560776042821853186,1560778111276417036
1561496312532635648,Lula,2022-08-22,1561496312532635648,
1561471041507033088,Lula,2022-08-22,1561471041507033088,
1561438382470975491,Lula,2022-08-22,1561438382470975491,
1561389851102134272,Lula,2022-08-22,1561389851102134272,
1561367160534220800,Lula,2022-08-22,1561367160534220800,1561304727266131968
1561350688705335300,Lula,2022-08-22,1561350688705335300,
1561337584588324864,Lula,2022-08-22,1561231169760509954,1561231169760509954
1561309279365259265,Lula,2022-08-22,1561309279365259265,
1561158923868160006,Lula,2022-08-22,1561158923868160006,
1561843791803256833,Lula,2022-08-23,1561843791803256833,
1561840011972075522,Lula,2022-08-23,1561840011972075522,
1561822441982382082,Lula,2022-08-23,1561822441982382082,
1561790057006112768,Lula,2022-08-23,1561790057006112768,
1561741551495266310,Lula,2022-08-23,1561741551495266310,
1561736889908006920,Lula,2022-08-23,1561736889908006920,
1561735087540019204,Lula,2022-08-23,1561735087540019204,
1561734858925285377,Lula,2022-08-23,1561734858925285377,
1561732530474205184,Lula,2022-08-23,1561732530474205184,
1561732426996514816,Lula,2022-08-23,1561732426996514816,
1561731250087514114,Lula,2022-08-23,1561731250087514114,
1561729831955464195,Lula,2022-08-23,1561729831955464195,
1561729438873796608,Lula,2022-08-23,1561729438873796608,
1561729328118988800,Lula,2022-08-23,1561729328118988800,
1561729218958049280,Lula,2022-08-23,1561729218958049280,
1561729061596061699,Lula,2022-08-23,1561729061596061699,
1561728377505062914,Lula,2022-08-23,1561728377505062914,
1561725410185994240,Lula,2022-08-23,1561725410185994240,
1561725252622761986,Lula,2022-08-23,1561725252622761986,
1561724425522782209,Lula,2022-08-23,1561724425522782209,
1561724296812236800,Lula,2022-08-23,1561724296812236800,
1561723908599996416,Lula,2022-08-23,1561723908599996416,
1561723784314474496,Lula,2022-08-23,1561723784314474496,
1561720995643240448,Lula,2022-08-23,1561720995643240448,
1561703822870855681,Lula,2022-08-23,1561703822870855681,
1561661580701474817,Lula,2022-08-23,1561661580701474817,
1561523181403488256,Lula,2022-08-23,1561523181403488256,
1562215759710912512,Lula,2022-08-24,1562215759710912512,
1562195448831520769,Lula,2022-08-24,1562195448831520769,
1562195228035260417,Lula,2022-08-24,1562195228035260417,
1562191062503866369,Lula,2022-08-24,1562191062503866369,
1562147018268606464,Lula,2022-08-24,1562147018268606464,
1562102136548237312,Lula,2022-08-24,1562102136548237312,
1562065894070784000,Lula,2022-08-24,1562065894070784000,1561923781664423937
1562025316129935360,Lula,2022-08-24,1562025316129935360,
1561887676583841793,Lula,2022-08-24,1561887676583841793,
1562575634039439361,Lula,2022-08-25,1562575634039439361,
1562567425866235910,Lula,2022-08-25,1562567415279394816,1562567423403864065
1562567423403864065,Lula,2022-08-25,1562567415279394816,1562567421256663040
1562567421256663040,Lula,2022-08-25,1562567415279394816,1562567418496438273
1562567418496438273,Lula,2022-08-25,1562567415279394816,1562567415279394816
1562567415279394816,Lula,2022-08-25,1562567415279394816,
1562535325800759302,Lula,2022-08-25,1562535325800759302,
1562494938662961152,Lula,2022-08-25,1562494934074044421,1562494934074044421
1562494934074044421,Lula,2022-08-25,1562494934074044421,
1562464753670270976,Lula,2022-08-25,1562464753670270976,1562454607632076803
1562464624158855169,Lula,2022-08-25,1562454607632076803,1562454607632076803
1562443761203810304,Lula,2022-08-25,1562443761203810304,
1562391763695837184,Lula,2022-08-25,1562391763695837184,
1562248696825319424,Lula,2022-08-25,1562248696825319424,
1562951618567426050,Lula,2022-08-26,1562951618567426050,
1562950980097912832,Lula,2022-08-26,1562950980097912832,
1562950653193773056,Lula,2022-08-26,1562950653193773056,
1562949350027694083,Lula,2022-08-26,1562949350027694083,
1562947450377084928,Lula,2022-08-26,1562947450377084928,
1562946575764033536,Lula,2022-08-26,1562946575764033536,
1562930563769679873,Lula,2022-08-26,1562916037535956993,1562916037535956993
1562883041231417345,Lula,2022-08-26,1562883041231417345,1559720845777461249
1562862648789610502,Lula,2022-08-26,1562862648789610502,
1562814444300038146,Lula,2022-08-26,1562814444300038146,1562813913083047938
1562768975951409153,Lula,2022-08-26,1562768975951409153,
1562750250707664899,Lula,2022-08-26,1562750248321069056,1562750248321069056
1562750248321069056,Lula,2022-08-26,1562750248321069056,
1562610168902193152,Lula,2022-08-26,1562610168902193152,
1563310418231459841,Lula,2022-08-27,1563310418231459841,
1563273858937163777,Lula,2022-08-27,1563273858937163777,
1563261121737654273,Lula,2022-08-27,1563245304786604035,1563245304786604035
1563227982008750082,Lula,2022-08-27,1563227982008750082,
1563199969011519489,Lula,2022-08-27,1563199969011519489,
1563169694492008448,Lula,2022-08-27,1563169694492008448,
1563146339638472705,Lula,2022-08-27,1563146339638472705,
1563142138199965697,Lula,2022-08-27,1563142138199965697,
1563135263374979072,Lula,2022-08-27,1563135263374979072,
1563118730074529793,Lula,2022-08-27,1563118730074529793,
1563002992118231040,Lula,2022-08-27,1563002992118231040,
1562974275589804033,Lula,2022-08-27,1562974275589804033,
1562964011804930048,Lula,2022-08-27,1562962020994994177,1562962020994994177
1562962020994994177,Lula,2022-08-27,1562962020994994177,
1562957303217012737,Lula,2022-08-27,1562957303217012737,
1562957095963570176,Lula,2022-08-27,1562957095963570176,
1562955745406353408,Lula,2022-08-27,1562955745406353408,
1562955330740334603,Lula,2022-08-27,1562955330740334603,
1562954228968361984,Lula,2022-08-27,1562954228968361984,
1562953616545452032,Lula,2022-08-27,1562953616545452032,
1562953215045681157,Lula,2022-08-27,1562953215045681157,
1563672946945687552,Lula,2022-08-28,1563672946945687552,
1563652378582142976,Lula,2022-08-28,1563652378582142976,
1563648123687280640,Lula,2022-08-28,1563648123687280640,
1563618218832437250,Lula,2022-08-28,1563618218832437250,
1563592318472450052,Lula,2022-08-28,1563592318472450052,
1563551653856690176,Lula,2022-08-28,1563551653856690176,
1563492797998833664,Lula,2022-08-28,1563492797998833664,
1563334712541999105,Lula,2022-08-28,1563334712541999105,
1564034465030086657,Lula,2022-08-29,1564034465030086657,
1563979349002522626,Lula,2022-08-29,1563979349002522626,1562869628308955136
1563954573630476290,Lula,2022-08-29,1563954573630476290,
1563928655012708353,Lula,2022-08-29,1563928655012708353,1563868972260511750
1563851050028830722,Lula,2022-08-29,1563851050028830722,
1563698114376220674,Lula,2022-08-29,1563698114376220674,
1563685263842414592,Lula,2022-08-29,1563685263842414592,
1564396485072019459,Lula,2022-08-30,1564396485072019459,
1564379653523079168,Lula,2022-08-30,1564379653523079168,
1564362435615678465,Lula,2022-08-30,1564362435615678465,
1564315521306312704,Lula,2022-08-30,1564312525256232960,1564312525256232960
1564310983635607552,Lula,2022-08-30,1564310983635607552,
1564304809511079937,Lula,2022-08-30,1564304809511079937,
1564304709652971520,Lula,2022-08-30,1564304709652971520,
1564296963004448769,Lula,2022-08-30,1564296963004448769,
1564271441935310850,Lula,2022-08-30,1564271441935310850,1564261242566594563
1564256658678767617,Lula,2022-08-30,1564256658678767617,
1564237586041901058,Lula,2022-08-30,1564229483271528461,1564229483271528461
1564203532571611136,Lula,2022-08-30,1564203532571611136,
1564086940923826176,Lula,2022-08-30,1564086940923826176,
1564082091582787588,Lula,2022-08-30,1564082091582787588,
1564081964331794433,Lula,2022-08-30,1564081964331794433,
1564078865965801473,Lula,2022-08-30,1564078865965801473,
1564074620222930944,Lula,2022-08-30,1564074620222930944,
1564070566793035778,Lula,2022-08-30,1564070566793035778,
1564070137149415426,Lula,2022-08-30,1564070137149415426,
1564065906225025024,Lula,2022-08-30,1564065906225025024,
1564060729896046595,Lula,2022-08-30,1564060729896046595,
1564059427195478016,Lula,2022-08-30,1564059427195478016,
1564058797294878720,Lula,2022-08-30,1564058797294878720,
1564053726817652736,Lula,2022-08-30,1564053726817652736,
1564052161146789888,Lula,2022-08-30,1564052161146789888,
1564052030200717313,Lula,2022-08-30,1564052030200717313,
1564046421581504519,Lula,2022-08-30,1564046421581504519,
1564046221966295043,Lula,2022-08-30,1564046221966295043,
1564044340678332419,Lula,2022-08-30,1564044340678332419,
1564762699766108160,Lula,2022-08-31,1564762699766108160,
1564731978880106496,Lula,2022-08-31,1564250548815142912,1564250548815142912
1564722242881191936,Lula,2022-08-31,1564722242881191936,
1564705452004360196,Lula,2022-08-31,1564705452004360196,
1564689247596158977,Lula,2022-08-31,1564689247596158977,
1564666152453808131,Lula,2022-08-31,1564666152453808131,
1564665852305317889,Lula,2022-08-31,1564665852305317889,
1564665392764706820,Lula,2022-08-31,1564665392764706820,
1564661531346112513,Lula,2022-08-31,1564661531346112513,
1564631361977212929,Lula,2022-08-31,1564631361977212929,
1564593977633947650,Lula,2022-08-31,1564593977633947650,
1564593839666503681,Lula,2022-08-31,1564593839666503681,
1564584706712211458,Lula,2022-08-31,1564584706712211458,
1564583170162495493,Lula,2022-08-31,1564583170162495493,
1564582989958418434,Lula,2022-08-31,1564582989958418434,
1564580376227487744,Lula,2022-08-31,1564580376227487744,
1564579318654697473,Lula,2022-08-31,1564579318654697473,
1564577336988938241,Lula,2022-08-31,1564577336988938241,
1564562129700765696,Lula,2022-08-31,1564562129700765696,
1564411199973986305,Lula,2022-08-31,1564411199973986305,1564315742568415233
1565105722329038849,Lula,2022-09-01,1565105722329038849,
1565094309698871302,Lula,2022-09-01,1565094309698871302,
1565089123362570240,Lula,2022-09-01,1565089123362570240,
1565088536906371074,Lula,2022-09-01,1565088536906371074,
1565069467540938753,Lula,2022-09-01,1565069467540938753,
1565069242252378115,Lula,2022-09-01,1565069242252378115,
1565069009728540672,Lula,2022-09-01,1565069009728540672,
1565068811375886336,Lula,2022-09-01,1565068811375886336,
1565067826096132096,Lula,2022-09-01,1565067826096132096,
1565058016420184064,Lula,2022-09-01,1565058016420184064,
1565047705860276226,Lula,2022-09-01,1565047705860276226,
1565031423601516544,Lula,2022-09-01,1565031423601516544,
1565027128428662784,Lula,2022-09-01,1565027128428662784,
1565013799064768516,Lula,2022-09-01,1565013799064768516,
1564977003819941890,Lula,2022-09-01,1564977003819941890,1564969740476600320
1564957358773747713,Lula,2022-09-01,1564957358773747713,
1564956799530409989,Lula,2022-09-01,1564956799530409989,
1564955958756925446,Lula,2022-09-01,1564955958756925446,
1564955810589032449,Lula,2022-09-01,1564955810589032449,
1564953743531151368,Lula,2022-09-01,1564953743531151368,
1564952822482776066,Lula,2022-09-01,1564952822482776066,
1564951939896549378,Lula,2022-09-01,1564951939896549378,
1564951732400132096,Lula,2022-09-01,1564951732400132096,
1564951542209429504,Lula,2022-09-01,1564951542209429504,
1564950427040456711,Lula,2022-09-01,1564950427040456711,
1564786517092044802,Lula,2022-09-01,1564786517092044802,
1564771272453668865,Lula,2022-09-01,1564771272453668865,
1565488380238073861,Lula,2022-09-02,1565488380238073861,
1565473495467069440,Lula,2022-09-02,1565473495467069440,
1565473064904687617,Lula,2022-09-02,1565473064904687617,
1565450981541806082,Lula,2022-09-02,1565450981541806082,
1565435842969190402,Lula,2022-09-02,1565435842969190402,
1565403880023810053,Lula,2022-09-02,1565403880023810053,
1565395993633382401,Lula,2022-09-02,1565359850120527872,1565361707106566144
1565384485331419136,Lula,2022-09-02,1565384485331419136,
1565383431785271297,Lula,2022-09-02,1565383431785271297,
1565381016176529409,Lula,2022-09-02,1565381016176529409,
1565380831048245248,Lula,2022-09-02,1565380831048245248,
1565377641968025602,Lula,2022-09-02,1565377641968025602,
1565359850120527872,Lula,2022-09-02,1565359850120527872,
1565349227995475975,Lula,2022-09-02,1565349227995475975,
1565348428296495106,Lula,2022-09-02,1565348428296495106,
1565332313394663424,Lula,2022-09-02,1565332313394663424,
1565316986468503553,Lula,2022-09-02,1565316508204630021,1565316508204630021
1565316508204630021,Lula,2022-09-02,1565316508204630021,
1565305249828519937,Lula,2022-09-02,1565305249828519937,
1565174813529882625,Lula,2022-09-02,1565174813529882625,
1565153261946126337,Lula,2022-09-02,1565153261946126337,
1565152413241188352,Lula,2022-09-02,1565152413241188352,
1565151807348916225,Lula,2022-09-02,1565151807348916225,
1565151637160730626,Lula,2022-09-02,1565151637160730626,
1565151400476172290,Lula,2022-09-02,1565151400476172290,
1565130396765126656,Lula,2022-09-02,1565130396765126656,
1565851271650762754,Lula,2022-09-03,1565851271650762754,
1565849719804497923,Lula,2022-09-03,1565849719804497923,
1565847158393380864,Lula,2022-09-03,1565847158393380864,
1565846857837944834,Lula,2022-09-03,1565846857837944834,
1565845523692666888,Lula,2022-09-03,1565845523692666888,
1565845318884904961,Lula,2022-09-03,1565845318884904961,
1565843324518416384,Lula,2022-09-03,1565843324518416384,
1565830696773582850,Lula,2022-09-03,1565830696773582850,
1565815926477717504,Lula,2022-09-03,1565815926477717504,
1565809568982175744,Lula,2022-09-03,1565809568982175744,
1565808088975900672,Lula,2022-09-03,1565808088975900672,
1565806711214063618,Lula,2022-09-03,1565806711214063618,
1565799190038724608,Lula,2022-09-03,1565799190038724608,
1565759273157672964,Lula,2022-09-03,1565759273157672964,
1565726422395756553,Lula,2022-09-03,1565726422395756553,
1565715567809642496,Lula,2022-09-03,1565715567809642496,1565699129682132992
1565706356379762691,Lula,2022-09-03,1565706356379762691,
1565704486898778115,Lula,2022-09-03,1565704486898778115,
1565685571145834496,Lula,2022-09-03,1565685571145834496,
1565684342302834689,Lula,2022-09-03,1565684342302834689,
1565664663748091904,Lula,2022-09-03,1565664662196305920,1565664662196305920
1565664662196305920,Lula,2022-09-03,1565664662196305920,
1565550773370494976,Lula,2022-09-03,1565550773370494976,
1565519982854754305,Lula,2022-09-03,1565519904710721539,1565519904710721539
1565519904710721539,Lula,2022-09-03,1565519904710721539,
1565500407509557248,Lula,2022-09-03,1565500407509557248,
1565499441146118144,Lula,2022-09-03,1565499441146118144,
1565498469837684736,Lula,2022-09-03,1565498469837684736,
1565497923856637952,Lula,2022-09-03,1565497923856637952,
1565497695938256896,Lula,2022-09-03,1565497695938256896,
1565497093179015171,Lula,2022-09-03,1565497093179015171,
1565495968803524611,Lula,2022-09-03,1565495968803524611,
1565495811278086144,Lula,2022-09-03,1565495811278086144,
1566177092957573121,Lula,2022-09-04,1566177092957573121,
1566160835885629442,Lula,2022-09-04,1566160835885629442,
1566131603465699348,Lula,2022-09-04,1566131603465699348,1565771503509147648
1566101025215447048,Lula,2022-09-04,1566101025215447048,
1566087536547663872,Lula,2022-09-04,1566087536547663872,
1566078593813323778,Lula,2022-09-04,1566078593813323778,
1566071254041432064,Lula,2022-09-04,1566071254041432064,
1566066484962639872,Lula,2022-09-04,1566066484962639872,
1566053750292500480,Lula,2022-09-04,1566053750292500480,
1566013149517594626,Lula,2022-09-04,1566013149517594626,
1565880239582052352,Lula,2022-09-04,1565880239582052352,
1565866572652199943,Lula,2022-09-04,1565866572652199943,
1565857056816566272,Lula,2022-09-04,1565857056816566272,
1566525260752642053,Lula,2022-09-05,1566525260752642053,
1566487152606814209,Lula,2022-09-05,1566487152606814209,
1566456905324707841,Lula,2022-09-05,1566456905324707841,
1566456538251804672,Lula,2022-09-05,1566456538251804672,
1566449619579584516,Lula,2022-09-05,1566449619579584516,
1566449026257625088,Lula,2022-09-05,1566449026257625088,
1566428524663443457,Lula,2022-09-05,1566428524663443457,
1566382407657443329,Lula,2022-09-05,1566382407657443329,
1566234981596381186,Lula,2022-09-05,1566234981596381186,
1566222202462248960,Lula,2022-09-05,1566222202462248960,
1566923790088544257,Lula,2022-09-06,1566923790088544257,1566913964793028608
1566918780571328512,Lula,2022-09-06,1566918780571328512,
1566918588035805184,Lula,2022-09-06,1566918588035805184,
1566918442669805575,Lula,2022-09-06,1566918442669805575,
1566894328768757761,Lula,2022-09-06,1566894328768757761,
1566888704081563648,Lula,2022-09-06,1566888704081563648,
1566875021368344576,Lula,2022-09-06,1566875021368344576,
1566840363482075137,Lula,2022-09-06,1566840363482075137,
1566811646672117769,Lula,2022-09-06,1566811646672117769,
1566791166040891395,Lula,2022-09-06,1566791162651938817,1566791162651938817
1566791162651938817,Lula,2022-09-06,1566791162651938817,
1566743058665832450,Lula,2022-09-06,1566743058665832450,
1566601071941787654,Lula,2022-09-06,1566601071941787654,
1566581249447165954,Lula,2022-09-06,1566581249447165954,1566577394110156807
1567294172524171265,Lula,2022-09-07,1567294172524171265,
1567270147865411584,Lula,2022-09-07,1567270147865411584,
1567261657281208320,Lula,2022-09-07,1567261657281208320,
1567252469012389889,Lula,2022-09-07,1567252469012389889,
1567230880439062530,Lula,2022-09-07,1567230880439062530,
1567187741334437888,Lula,2022-09-07,1567187741334437888,
1567176713393545217,Lula,2022-09-07,1567174679256829959,1567174679256829959
1567176249688064000,Lula,2022-09-07,1567176249688064000,
1567175965712719875,Lula,2022-09-07,1567175965712719875,
1567175787710758913,Lula,2022-09-07,1567175787710758913,
1567175573427916800,Lula,2022-09-07,1567175573427916800,
1567175163346669568,Lula,2022-09-07,1567175163346669568,
1567174679256829959,Lula,2022-09-07,1567174679256829959,
1567172270128533510,Lula,2022-09-07,1567172270128533510,
1567159548284207104,Lula,2022-09-07,1567159548284207104,
1567152598859259904,Lula,2022-09-07,1567152598859259904,
1567134828176314370,Lula,2022-09-07,1567134828176314370,
1567105112019030016,Lula,2022-09-07,1567105112019030016,
1566965747259252736,Lula,2022-09-07,1566965747259252736,
1566942124997808128,Lula,2022-09-07,1566942124997808128,
1567652559627730944,Lula,2022-09-08,1567652559627730944,
1567576230567739396,Lula,2022-09-08,1567576230567739396,
1567533636580155394,Lula,2022-09-08,1567533636580155394,
1567495683489284098,Lula,2022-09-08,1567495683489284098,
1567465717741625346,Lula,2022-09-08,1567465717741625346,
1567324800120459265,Lula,2022-09-08,1567324800120459265,
1568025160245968896,Lula,2022-09-09,1568025160245968896,
1568016970657988608,Lula,2022-09-09,1568016970657988608,
1568011740495085569,Lula,2022-09-09,1568011740495085569,
1568009934012403719,Lula,2022-09-09,1568009934012403719,
1568009314245423105,Lula,2022-09-09,1568009314245423105,
1568008957066907649,Lula,2022-09-09,1568008957066907649,
1567998266083577860,Lula,2022-09-09,1567998266083577860,
1567989339845697536,Lula,2022-09-09,1567989339845697536,
1567964015036633091,Lula,2022-09-09,1567964015036633091,
1567944760664510464,Lula,2022-09-09,1567944755081781248,1567944758483636224
1567944758483636224,Lula,2022-09-09,1567944755081781248,1567944755081781248
1567944755081781248,Lula,2022-09-09,1567944755081781248,
1567915368613826561,Lula,2022-09-09,1567915368613826561,
1567874996931788802,Lula,2022-09-09,1567874996931788802,
1567826696006516743,Lula,2022-09-09,1567826530360860673,1567826530360860673
1567826530360860673,Lula,2022-09-09,1567826530360860673,
1567707517773307904,Lula,2022-09-09,1567652559627730944,1567652559627730944
1568363905549754379,Lula,2022-09-10,1568363905549754379,
1568347420731359232,Lula,2022-09-10,1568347420731359232,
1568325484542394368,Lula,2022-09-10,1568325484542394368,
1568325240018583552,Lula,2022-09-10,1568325101174820864,1568325101174820864
1568325101174820864,Lula,2022-09-10,1568325101174820864,
1568324859326873600,Lula,2022-09-10,1568324859326873600,
1568324338079731715,Lula,2022-09-10,1568324338079731715,
1568324155891744768,Lula,2022-09-10,1568324155891744768,
1568313568306810882,Lula,2022-09-10,1568313568306810882,
1568312915102679041,Lula,2022-09-10,1568312915102679041,
1568299232901070849,Lula,2022-09-10,1568299232901070849,
1568290875247058947,Lula,2022-09-10,1568290875247058947,
1568289656298524676,Lula,2022-09-10,1568289656298524676,
1568289435606814722,Lula,2022-09-10,1568289435606814722,
1568287244762456070,Lula,2022-09-10,1568287244762456070,
1568286917820616708,Lula,2022-09-10,1568286917820616708,
1568267080524533761,Lula,2022-09-10,1568267080524533761,
1568244080752066562,Lula,2022-09-10,1568244080752066562,
1568194689580384256,Lula,2022-09-10,1568194689580384256,
1568046887340490752,Lula,2022-09-10,1568046887340490752,
1568039239492714496,Lula,2022-09-10,1568039239492714496,
1568735231561109506,Lula,2022-09-11,1568735231561109506,
1568724249489072130,Lula,2022-09-11,1568724249489072130,1568702018432438274
1568715479908323331,Lula,2022-09-11,1568715479908323331,
1568695934275719170,Lula,2022-09-11,1568695934275719170,1563254037352685570
1568664665626148864,Lula,2022-09-11,1568664665626148864,
1568638345873428484,Lula,2022-09-11,1568638345873428484,
1568627270448734208,Lula,2022-09-11,1568627270448734208,
1568626150200557573,Lula,2022-09-11,1568626150200557573,
1568624199367020545,Lula,2022-09-11,1568624199367020545,
1568622476854173697,Lula,2022-09-11,1568622476854173697,
1568622151564988417,Lula,2022-09-11,1568622151564988417,
1568606061971804161,Lula,2022-09-11,1568606061971804161,
1568551106451591168,Lula,2022-09-11,1568551098448756741,1568551098448756741
1568551098448756741,Lula,2022-09-11,1568551098448756741,
1568407243963465728,Lula,2022-09-11,1568407243963465728,
1569097374420860928,Lula,2022-09-12,1569097374420860928,
1569060285293412359,Lula,2022-09-12,1569047715333525505,1569047715333525505
1569047715333525505,Lula,2022-09-12,1569047715333525505,
1569033888130818052,Lula,2022-09-12,1569033874545467396,1569033885840773124
1569033885840773124,Lula,2022-09-12,1569033874545467396,1569033883106033665
1569033883106033665,Lula,2022-09-12,1569033874545467396,1569033880409198594
1569033880409198594,Lula,2022-09-12,1569033874545467396,1569033874545467396
1569033874545467396,Lula,2022-09-12,1569033874545467396,
1568998507964506115,Lula,2022-09-12,1568998507964506115,
1568967191369850881,Lula,2022-09-12,1568967191369850881,
1568920052354670595,Lula,2022-09-12,1568920052354670595,
1568774938668023808,Lula,2022-09-12,1568774938668023808,
1568766644670939137,Lula,2022-09-12,1568766644670939137,
1568751517875974145,Lula,2022-09-12,1568751517875974145,1568692884966354950
1569474909038080003,Lula,2022-09-13,1569474909038080003,
1569473999025106945,Lula,2022-09-13,1569473999025106945,
1569471963692761090,Lula,2022-09-13,1569471963692761090,
1569471499035082752,Lula,2022-09-13,1569471499035082752,
1569469557873721344,Lula,2022-09-13,1569469557873721344,
1569468607406686210,Lula,2022-09-13,1569468607406686210,
1569467658944532482,Lula,2022-09-13,1569467658944532482,
1569466868490211330,Lula,2022-09-13,1569466868490211330,
1569465139669389312,Lula,2022-09-13,1569465139669389312,
1569464730535825408,Lula,2022-09-13,1569464730535825408,
1569464270219354112,Lula,2022-09-13,1569464270219354112,
1569463916908130305,Lula,2022-09-13,1569463916908130305,
1569463730546556928,Lula,2022-09-13,1569463730546556928,
1569461317286920195,Lula,2022-09-13,1569461317286920195,
1569434623033188354,Lula,2022-09-13,1569434623033188354,
1569416634057592833,Lula,2022-09-13,1569416464779644928,1569416464779644928
1569416464779644928,Lula,2022-09-13,1569416464779644928,
1569402087166861312,Lula,2022-09-13,1569402087166861312,
1569383233388777486,Lula,2022-09-13,1569383233388777486,
1569370022077730817,Lula,2022-09-13,1569370022077730817,
1569359504680095744,Lula,2022-09-13,1569359504680095744,
1569359321485410304,Lula,2022-09-13,1569359321485410304,
1569343196995485696,Lula,2022-09-13,1569343196995485696,
1569341953900150787,Lula,2022-09-13,1569341953900150787,
1569341490362568704,Lula,2022-09-13,1569341490362568704,
1569335037962887168,Lula,2022-09-13,1569335037962887168,
1569309770766581760,Lula,2022-09-13,1569309455652732932,1569309455652732932
1569309455652732932,Lula,2022-09-13,1569309455652732932,
1569272463309119489,Lula,2022-09-13,1569272463309119489,
1569125511091130369,Lula,2022-09-13,1569125511091130369,
1569818180922515463,Lula,2022-09-14,1569818180922515463,
1569801112986828800,Lula,2022-09-14,1569801112986828800,
1569775050898685952,Lula,2022-09-14,1569775050898685952,
1569746694509584387,Lula,2022-09-14,1569746694509584387,
1569716517721329665,Lula,2022-09-14,1569716517721329665,1569477455962075137
1569682583562092548,Lula,2022-09-14,1569681000300527616,1569681000300527616
1569681000300527616,Lula,2022-09-14,1569681000300527616,
1569644953562660866,Lula,2022-09-14,1569644953562660866,
1569498542636695555,Lula,2022-09-14,1569498542636695555,
1570171784485388289,Lula,2022-09-15,1570171784485388289,
1570137170421370881,Lula,2022-09-15,1570137170421370881,
1570132093958602752,Lula,2022-09-15,1570132093958602752,
1570097491097387012,Lula,2022-09-15,1570097491097387012,
1570083217033596930,Lula,2022-09-15,1570083217033596930,
1570082849096613889,Lula,2022-09-15,1570082849096613889,
1570080870031151105,Lula,2022-09-15,1570080870031151105,
1570079942020562945,Lula,2022-09-15,1570079942020562945,
1570077824630808577,Lula,2022-09-15,1570077824630808577,
1570076216610127873,Lula,2022-09-15,1570076216610127873,
1570046814614880260,Lula,2022-09-15,1570046814614880260,
1570044120793587718,Lula,2022-09-15,1570044120793587718,
1570002046786363392,Lula,2022-09-15,1570002046786363392,
1569858442046603264,Lula,2022-09-15,1569858442046603264,
1569839561169043456,Lula,2022-09-15,1569839561169043456,
1570559590248624128,Lula,2022-09-16,1570559590248624128,
1570558301901033474,Lula,2022-09-16,1570558301901033474,
1570556335024115713,Lula,2022-09-16,1570556335024115713,
1570554575467446273,Lula,2022-09-16,1570554575467446273,
1570554388170821632,Lula,2022-09-16,1570554388170821632,
1570553257860411393,Lula,2022-09-16,1570553257860411393,
1570553127149137920,Lula,2022-09-16,1570553127149137920,
1570539359568556035,Lula,2022-09-16,1570539359568556035,
1570529039580004352,Lula,2022-09-16,1570529039580004352,
1570525641732411392,Lula,2022-09-16,1570525641732411392,
1570525395694551040,Lula,2022-09-16,1570525395694551040,
1570525238030643200,Lula,2022-09-16,1570525238030643200,
1570522029778149376,Lula,2022-09-16,1570522029778149376,
1570521794729357312,Lula,2022-09-16,1570521794729357312,
1570519847062368256,Lula,2022-09-16,1570519847062368256,
1570497580295139330,Lula,2022-09-16,1570497580295139330,1570475944141328385
1570497423839227904,Lula,2022-09-16,1570475944141328385,1570475944141328385
1570480534257532931,Lula,2022-09-16,1570480534257532931,
1570455836085952513,Lula,2022-09-16,1570443764774174721,1570443764774174721
1570440818569383937,Lula,2022-09-16,1570440818569383937,1570427976466006020
1570440719739015170,Lula,2022-09-16,1570427976466006020,1570427976466006020
1570431071300497409,Lula,2022-09-16,1570431071300497409,
1570397223669862403,Lula,2022-09-16,1570397223669862403,
1570360199671877635,Lula,2022-09-16,1570360199671877635,
1570220339845537793,Lula,2022-09-16,1570220339845537793,
1570204361577431042,Lula,2022-09-16,1570204361577431042,1569812703362924544
1570924662959513600,Lula,2022-09-17,1570924662959513600,
1570924161060712450,Lula,2022-09-17,1570924161060712450,
1570923996950167553,Lula,2022-09-17,1570923996950167553,
1570923525837561856,Lula,2022-09-17,1570923525837561856,
1570919597955751936,Lula,2022-09-17,1570919597955751936,
1570891991692738566,Lula,2022-09-17,1570891991692738566,
1570889384333037569,Lula,2022-09-17,1570889384333037569,
1570888637566582787,Lula,2022-09-17,1570888637566582787,
1570887604031356928,Lula,2022-09-17,1570887604031356928,
1570886760519045121,Lula,2022-09-17,1570886760519045121,
1570875092477026306,Lula,2022-09-17,1570875092477026306,
1570832235598843904,Lula,2022-09-17,1570832235598843904,
1570805098191949825,Lula,2022-09-17,1570805098191949825,
1570784009118191617,Lula,2022-09-17,1570784009118191617,
1570753400832401411,Lula,2022-09-17,1570751888932622337,1570751888932622337
1570751888932622337,Lula,2022-09-17,1570751888932622337,
1570721717366194182,Lula,2022-09-17,1570721717366194182,
1570579800099815425,Lula,2022-09-17,1570579800099815425,
1570571668203913216,Lula,2022-09-17,1570571668203913216,
1571276713329311745,Lula,2022-09-18,1571276713329311745,
1571266002041675776,Lula,2022-09-18,1571266002041675776,
1571248631138684929,Lula,2022-09-18,1571248631138684929,
1571231701728215043,Lula,2022-09-18,1571231692823617540,1571231698712514563
1571231698712514563,Lula,2022-09-18,1571231692823617540,1571231695747121152
1571231695747121152,Lula,2022-09-18,1571231692823617540,1571231692823617540
1571231692823617540,Lula,2022-09-18,1571231692823617540,
1571212948701384704,Lula,2022-09-18,1571212948701384704,1571170245099782151
1571193008309010433,Lula,2022-09-18,1571193008309010433,
1571180449602338817,Lula,2022-09-18,1571180449602338817,
1571180258027618304,Lula,2022-09-18,1571180258027618304,
1571180042658451461,Lula,2022-09-18,1571180042658451461,
1571177099397824515,Lula,2022-09-18,1571177099397824515,
1571176831147024386,Lula,2022-09-18,1571176831147024386,
1571173454639931392,Lula,2022-09-18,1571173454639931392,
1571170989160992769,Lula,2022-09-18,1571170989160992769,
1571170580878991361,Lula,2022-09-18,1571170580878991361,
1571170193191084033,Lula,2022-09-18,1571170193191084033,
1571169896603459584,Lula,2022-09-18,1571169896603459584,
1571163543801675776,Lula,2022-09-18,1571163543801675776,
1571148585466753024,Lula,2022-09-18,1571148585466753024,
1571116099768557568,Lula,2022-09-18,1571116099768557568,
1571092497186816001,Lula,2022-09-18,1571092495152590851,1571092495152590851
1571092495152590851,Lula,2022-09-18,1571092495152590851,
1570942344052240384,Lula,2022-09-18,1570942344052240384,
1570928561024012290,Lula,2022-09-18,1570928561024012290,
1571635846272659456,Lula,2022-09-19,1571635846272659456,
1571620197710307328,Lula,2022-09-19,1571620197710307328,
1571607269548167169,Lula,2022-09-19,1571607269548167169,
1571568443383549958,Lula,2022-09-19,1571568443383549958,
1571546639948464130,Lula,2022-09-19,1571546639948464130,1571528846578417671
1571538530802835456,Lula,2022-09-19,1571538530802835456,
1571538413303795714,Lula,2022-09-19,1571538413303795714,
1571536432220487681,Lula,2022-09-19,1571536432220487681,
1571535221597835266,Lula,2022-09-19,1571535221597835266,
1571533101544751105,Lula,2022-09-19,1571533101544751105,
1571531214519169024,Lula,2022-09-19,1571531214519169024,
1571531039461486592,Lula,2022-09-19,1571531039461486592,
1571530868937596930,Lula,2022-09-19,1571530868937596930,
1571530667900502016,Lula,2022-09-19,1571530667900502016,
1571528413269168129,Lula,2022-09-19,1571528413269168129,
1571526709496918017,Lula,2022-09-19,1571526709496918017,
1571507770666659841,Lula,2022-09-19,1571507770666659841,
1571483659974189056,Lula,2022-09-19,1571483659974189056,
1571458140624781312,Lula,2022-09-19,1571458140624781312,
1571309649114140678,Lula,2022-09-19,1571309649114140678,
1571293663480713216,Lula,2022-09-19,1571293663480713216,
1572001331866632194,Lula,2022-09-20,1572001331866632194,
1571968603901104128,Lula,2022-09-20,1571968603901104128,
1571952334988804098,Lula,2022-09-20,1571952334988804098,
1571916850078031873,Lula,2022-09-20,1571916850078031873,
1571891626372435968,Lula,2022-09-20,1571891626372435968,
1571872616918441985,Lula,2022-09-20,1571872616918441985,
1571863036784156674,Lula,2022-09-20,1571863036784156674,
1571861897397288964,Lula,2022-09-20,1571861897397288964,
1571860532151595009,Lula,2022-09-20,1571860532151595009,
1571860224197234689,Lula,2022-09-20,1571860224197234689,
1571846955688665088,Lula,2022-09-20,1571846955688665088,
1571845050392522752,Lula,2022-09-20,1571845050392522752,
1571806553581158400,Lula,2022-09-20,1571806553581158400,
1571667095389376513,Lula,2022-09-20,1571667095389376513,
1571651750406275073,Lula,2022-09-20,1571651750406275073,
1572374407460573190,Lula,2022-09-21,1572374407460573190,
1572363605139460097,Lula,2022-09-21,1572363605139460097,1572254869783977985
1572352275909066752,Lula,2022-09-21,1572352275909066752,
1572322822734884865,Lula,2022-09-21,1572322822734884865,
1572292862120689664,Lula,2022-09-21,1572292862120689664,
1572279062462095360,Lula,2022-09-21,1572279062462095360,
1572255863024324619,Lula,2022-09-21,1572255856586268673,1572255861061423104
1572255861061423104,Lula,2022-09-21,1572255856586268673,1572255859274547201
1572255859274547201,Lula,2022-09-21,1572255856586268673,1572255856586268673
1572255856586268673,Lula,2022-09-21,1572255856586268673,
1572243236697313281,Lula,2022-09-21,1572243236697313281,
1572242334519009282,Lula,2022-09-21,1572242334519009282,
1572238391139237889,Lula,2022-09-21,1572238391139237889,
1572236537416372225,Lula,2022-09-21,1572236537416372225,
1572236070380777472,Lula,2022-09-21,1572236070380777472,
1572217501597208577,Lula,2022-09-21,1572217501597208577,
1572212638289129472,Lula,2022-09-21,1572212638289129472,
1572186288102707205,Lula,2022-09-21,1572186288102707205,
1572172191181029376,Lula,2022-09-21,1572172191181029376,
1572029262248681472,Lula,2022-09-21,1572029262248681472,
1572729254919667713,Lula,2022-09-22,1572729254919667713,
1572720701945036807,Lula,2022-09-22,1572720701945036807,
1572719240633004033,Lula,2022-09-22,1572719240633004033,
1572718401436504064,Lula,2022-09-22,1572718401436504064,
1572717520188215298,Lula,2022-09-22,1572717520188215298,
1572714396572418048,Lula,2022-09-22,1572714396572418048,
1572712968147836928,Lula,2022-09-22,1572712968147836928,
1572709917404069890,Lula,2022-09-22,1572706276731424772,1572706276731424772
1572709826605780994,Lula,2022-09-22,1572709826605780994,
1572709690307674113,Lula,2022-09-22,1572709690307674113,
1572706276731424772,Lula,2022-09-22,1572706276731424772,
1572669404583706627,Lula,2022-09-22,1572669404583706627,
1572668854807003137,Lula,2022-09-22,1572668854807003137,
1572668563760062465,Lula,2022-09-22,1572668563760062465,
1572668393937051651,Lula,2022-09-22,1572668393937051651,
1572668062783905793,Lula,2022-09-22,1572668062783905793,
1572651718160297986,Lula,2022-09-22,1572651718160297986,
1572642905386360835,Lula,2022-09-22,1572642905386360835,
1572618817578143746,Lula,2022-09-22,1572618817578143746,
1572603270501400577,Lula,2022-09-22,1572603270501400577,
1572579827932344321,Lula,2022-09-22,1572579827932344321,
1572563954093948929,Lula,2022-09-22,1572563954093948929,
1572538482085728262,Lula,2022-09-22,1572538482085728262,
1572397337749733379,Lula,2022-09-22,1572397337749733379,
1572386181412782082,Lula,2022-09-22,1572384298917068802,1572384298917068802
1572384298917068802,Lula,2022-09-22,1572384298917068802,
1573091533284413441,Lula,2022-09-23,1573091533284413441,
1573090630804578305,Lula,2022-09-23,1573090630804578305,
1573090297327849473,Lula,2022-09-23,1573090297327849473,
1573089783378845698,Lula,2022-09-23,1573089783378845698,
1573089207555432448,Lula,2022-09-23,1573089207555432448,
1573088686090092546,Lula,2022-09-23,1573088686090092546,
1573088522919374848,Lula,2022-09-23,1573088522919374848,
1573087317799358465,Lula,2022-09-23,1573087317799358465,
1573085553574420480,Lula,2022-09-23,1573085553574420480,
1573085323642511361,Lula,2022-09-23,1573085323642511361,
1573077005780025344,Lula,2022-09-23,1573077005780025344,
1573057505030443008,Lula,2022-09-23,1573057499032596480,1573057499032596480
1573057499032596480,Lula,2022-09-23,1573057499032596480,
1573052699683262467,Lula,2022-09-23,1573011108855685123,1573011108855685123
1573036613554372608,Lula,2022-09-23,1573036613554372608,
1573017387859087362,Lula,2022-09-23,1573017387859087362,
1572992549278695425,Lula,2022-09-23,1572964728162455559,1572964728162455559
1572978342462193664,Lula,2022-09-23,1572978342462193664,
1572976096328519682,Lula,2022-09-23,1572974543140016128,1572974543140016128
1572974543140016128,Lula,2022-09-23,1572974543140016128,
1572962076301332480,Lula,2022-09-23,1572962076301332480,
1572950968500617219,Lula,2022-09-23,1572950968500617219,1572590236026441728
1572925540306239488,Lula,2022-09-23,1572925540306239488,
1572902173784113153,Lula,2022-09-23,1572902173784113153,
1572757693382664192,Lula,2022-09-23,1572757693382664192,
1573459511133802501,Lula,2022-09-24,1573459511133802501,
1573456682008576002,Lula,2022-09-24,1573456682008576002,
1573456533358272512,Lula,2022-09-24,1573456533358272512,
1573455556295139328,Lula,2022-09-24,1573455556295139328,
1573437755497263105,Lula,2022-09-24,1573437755497263105,
1573434166536212480,Lula,2022-09-24,1573434166536212480,
1573432482485211136,Lula,2022-09-24,1573432482485211136,
1573432319100309518,Lula,2022-09-24,1573432319100309518,
1573432132889878528,Lula,2022-09-24,1573432132889878528,
1573431703389065222,Lula,2022-09-24,1573431703389065222,
1573431501408161792,Lula,2022-09-24,1573431501408161792,
1573423999455219712,Lula,2022-09-24,1573423999455219712,
1573413913114427399,Lula,2022-09-24,1573413913114427399,
1573402303956221960,Lula,2022-09-24,1573402303956221960,1573387768272924678
1573402220749619210,Lula,2022-09-24,1573387768272924678,1573387768272924678
1573390902281863179,Lula,2022-09-24,1573390902281863179,
1573372021840695296,Lula,2022-09-24,1573372021840695296,
1573342503079755778,Lula,2022-09-24,1573342503079755778,
1573308729948516352,Lula,2022-09-24,1573308729948516352,
1573288502707605505,Lula,2022-09-24,1573288502707605505,
1573259149256933377,Lula,2022-09-24,1573259149256933377,1573127169617924096
1573125249339691008,Lula,2022-09-24,1573125249339691008,
1573113702580109314,Lula,2022-09-24,1573113702580109314,
1573106687472459776,Lula,2022-09-24,1573106687472459776,
1573100849945276416,Lula,2022-09-24,1573100849945276416,
1573814170423787520,Lula,2022-09-25,1573814170423787520,
1573808383110553602,Lula,2022-09-25,1573808383110553602,
1573800958043250690,Lula,2022-09-25,1573800958043250690,
1573800814338097157,Lula,2022-09-25,1573800814338097157,
1573798001365204992,Lula,2022-09-25,1573798001365204992,
1573795557155520513,Lula,2022-09-25,1573795557155520513,
1573795387957252099,Lula,2022-09-25,1573795387957252099,
1573795120113225730,Lula,2022-09-25,1573795120113225730,
1573793221402140677,Lula,2022-09-25,1573793221402140677,
1573793070298038277,Lula,2022-09-25,1573793070298038277,
1573777356334182400,Lula,2022-09-25,1573777356334182400,
1573771926241218562,Lula,2022-09-25,1573771926241218562,
1573744492083122177,Lula,2022-09-25,1573744492083122177,
1573708824363540483,Lula,2022-09-25,1573708824363540483,
1573700020754432003,Lula,2022-09-25,1573700020754432003,
1573692516863459335,Lula,2022-09-25,1573692516863459335,
1573692299166498816,Lula,2022-09-25,1573692299166498816,
1573688987327381506,Lula,2022-09-25,1573688987327381506,
1573688871883243520,Lula,2022-09-25,1573688871883243520,
1573676479573270529,Lula,2022-09-25,1573676479573270529,
1573669193391775744,Lula,2022-09-25,1573669193391775744,1573471722229071890
1573653763352584194,Lula,2022-09-25,1573653763352584194,1573375028195885056
1573628319156805632,Lula,2022-09-25,1573628317546192897,1573628317546192897
1573628317546192897,Lula,2022-09-25,1573628317546192897,
1573495101439049729,Lula,2022-09-25,1573495101439049729,
1573467578399326221,Lula,2022-09-25,1573467578399326221,
1573462277981880320,Lula,2022-09-25,1573462277981880320,
1574185919002836992,Lula,2022-09-26,1574162148082782211,1574162148082782211
1574171413631549440,Lula,2022-09-26,1574171413631549440,1574168283913326593
1574163879500062725,Lula,2022-09-26,1574163879500062725,1574157113965907968
1574145629189718017,Lula,2022-09-26,1574145629189718017,
1574082287540572160,Lula,2022-09-26,1574082287540572160,
1574067970405433345,Lula,2022-09-26,1574067970405433345,
1574062233235095552,Lula,2022-09-26,1574062233235095552,
1574059869849751553,Lula,2022-09-26,1574059869849751553,
1574058063098781699,Lula,2022-09-26,1574058063098781699,
1574057888062005248,Lula,2022-09-26,1574057888062005248,
1574054704081928195,Lula,2022-09-26,1574054704081928195,
1574053027945799683,Lula,2022-09-26,1574053027945799683,
1574052751658688513,Lula,2022-09-26,1574052751658688513,
1574039333300244481,Lula,2022-09-26,1574039333300244481,
1574034303352442880,Lula,2022-09-26,1574034303352442880,
1574034009281150979,Lula,2022-09-26,1574034009281150979,1573872666070720513
1574020618672115712,Lula,2022-09-26,1574020618672115712,
1573991243486461953,Lula,2022-09-26,1573991243486461953,
1573849459716460544,Lula,2022-09-26,1573849459716460544,
1573837122699681795,Lula,2022-09-26,1573837122699681795,
1574511200808759296,Lula,2022-09-27,1574511200808759296,
1574505608073584642,Lula,2022-09-27,1574503384316809216,1574503384316809216
1574503384316809216,Lula,2022-09-27,1574503384316809216,
1574482633631100928,Lula,2022-09-27,1574482633631100928,
1574467898617126912,Lula,2022-09-27,1574467898617126912,
1574447045145935874,Lula,2022-09-27,1574447045145935874,1574202707388284928
1574424281970253824,Lula,2022-09-27,1574424281970253824,
1574410174185574400,Lula,2022-09-27,1574410174185574400,
1574383455743496194,Lula,2022-09-27,1574383455743496194,
1574364441193631744,Lula,2022-09-27,1574240217938247680,1574240217938247680
1574359645258326016,Lula,2022-09-27,1574359645258326016,
1574218227667927041,Lula,2022-09-27,1574218227667927041,
1574212227582038016,Lula,2022-09-27,1574212227582038016,
1574198693963608064,Lula,2022-09-27,1574198693963608064,
1574187527216545794,Lula,2022-09-27,1574187527216545794,1574160179645407232
1574187368042713089,Lula,2022-09-27,1574160179645407232,1574160179645407232
1574902069563203602,Lula,2022-09-28,1574902069563203602,
1574898840855093251,Lula,2022-09-28,1574898840855093251,
1574898602140385281,Lula,2022-09-28,1574898602140385281,
1574892166853402633,Lula,2022-09-28,1574892166853402633,1574876563887226882
1574891721665744897,Lula,2022-09-28,1574876563887226882,1574876563887226882
1574891075730292738,Lula,2022-09-28,1574832151350181889,1574832151350181889
1574885067754709020,Lula,2022-09-28,1574885067754709020,
1574871224206999553,Lula,2022-09-28,1574871224206999553,
1574869288816615424,Lula,2022-09-28,1574869288816615424,
1574867463451336705,Lula,2022-09-28,1574867463451336705,
1574867341661315072,Lula,2022-09-28,1574867341661315072,
1574850913851752448,Lula,2022-09-28,1574850913851752448,
1574842486169735194,Lula,2022-09-28,1574842486169735194,
1574831739574390809,Lula,2022-09-28,1574831739574390809,1574825091531247631
1574811628419399683,Lula,2022-09-28,1574811628419399683,
1574784308291796997,Lula,2022-09-28,1574784308291796997,
1574782904231772162,Lula,2022-09-28,1574782904231772162,
1574782747972886528,Lula,2022-09-28,1574782747972886528,
1574780505182162947,Lula,2022-09-28,1574780505182162947,
1574779384866775045,Lula,2022-09-28,1574779384866775045,
1574773321517907974,Lula,2022-09-28,1574773321517907974,1574750656069500939
1574773169424158721,Lula,2022-09-28,1574750656069500939,1574750656069500939
1574761959731630080,Lula,2022-09-28,1574761959731630080,
1574746677562449920,Lula,2022-09-28,1574746677562449920,
1574731273490550784,Lula,2022-09-28,1574585243373252609,1574585243373252609
1574714713157533696,Lula,2022-09-28,1574714713157533696,
1574580265879379974,Lula,2022-09-28,1574580265879379974,
1574561812116275214,Lula,2022-09-28,1574561812116275214,
1574557527349526553,Lula,2022-09-28,1574557527349526553,
1574556416295198721,Lula,2022-09-28,1574556416295198721,
1574556190113136669,Lula,2022-09-28,1574556190113136669,
1574555464989278219,Lula,2022-09-28,1574555464989278219,
1574554725118246916,Lula,2022-09-28,1574554725118246916,
1574554436696911874,Lula,2022-09-28,1574554436696911874,
1574553997293256716,Lula,2022-09-28,1574553997293256716,
1574553817248452608,Lula,2022-09-28,1574553817248452608,
1574553312338190336,Lula,2022-09-28,1574553312338190336,
1574553148672573440,Lula,2022-09-28,1574553148672573440,
1574552835806892033,Lula,2022-09-28,1574552835806892033,
1574552473867534336,Lula,2022-09-28,1574552473867534336,
1574552322117865472,Lula,2022-09-28,1574552322117865472,
1574551797183700992,Lula,2022-09-28,1574551797183700992,
1574551626228039687,Lula,2022-09-28,1574551624311357441,1574551624311357441
1574551624311357441,Lula,2022-09-28,1574551624311357441,
1574551416659537920,Lula,2022-09-28,1574551416659537920,
1574551253505675264,Lula,2022-09-28,1574551253505675264,
1574551120390782981,Lula,2022-09-28,1574551120390782981,
1574550948315557888,Lula,2022-09-28,1574550948315557888,
1574550419174555648,Lula,2022-09-28,1574550419174555648,
1575263383682703368,Lula,2022-09-29,1575263383682703368,
1575254482442657793,Lula,2022-09-29,1575254482442657793,1575245097322614809
1575253976630628370,Lula,2022-09-29,1575245097322614809,1575245097322614809
1575236365658501121,Lula,2022-09-29,1575236365658501121,
1575214596709036032,Lula,2022-09-29,1575214596709036032,1575189133190107136
1575214249533919232,Lula,2022-09-29,1575189133190107136,1575189133190107136
1575204833837170705,Lula,2022-09-29,1575204833837170705,
1575199294021201922,Lula,2022-09-29,1574858999006101504,1574858999006101504
1575191528980459521,Lula,2022-09-29,1575191528980459521,
1575153241108643840,Lula,2022-09-29,1575151375482327042,1575153239263252483
1575153239263252483,Lula,2022-09-29,1575151375482327042,1575153237367341056
1575153237367341056,Lula,2022-09-29,1575151375482327042,1575153235773513728
1575153235773513728,Lula,2022-09-29,1575151375482327042,1575152887633674240
1575152887633674240,Lula,2022-09-29,1575151375482327042,1575152885746356224
1575152885746356224,Lula,2022-09-29,1575151375482327042,1575152883724849152
1575152883724849152,Lula,2022-09-29,1575151375482327042,1575152881686417408
1575152881686417408,Lula,2022-09-29,1575151375482327042,1575152438566428675
1575152438566428675,Lula,2022-09-29,1575151375482327042,1575152436750307329
1575152436750307329,Lula,2022-09-29,1575151375482327042,1575152433759719428
1575152433759719428,Lula,2022-09-29,1575151375482327042,1575152431427514368
1575152431427514368,Lula,2022-09-29,1575151375482327042,1575152428370259968
1575152428370259968,Lula,2022-09-29,1575151375482327042,1575152034625511428
1575152032738066438,Lula,2022-09-29,1575151375482327042,1575152030687137795
1575152030687137795,Lula,2022-09-29,1575151375482327042,1575152028573208579
1575152028573208579,Lula,2022-09-29,1575151375482327042,1575152026807373826
1575152026807373826,Lula,2022-09-29,1575151375482327042,1575151711890841600
1575151711890841600,Lula,2022-09-29,1575151375482327042,1575151708610899969
1575151708610899969,Lula,2022-09-29,1575151375482327042,1575151705565679618
1575151705565679618,Lula,2022-09-29,1575151375482327042,1575151703329947648
1575151703329947648,Lula,2022-09-29,1575151375482327042,1575151390132838400
1575151390132838400,Lula,2022-09-29,1575151375482327042,1575151387276705792
1575151387276705792,Lula,2022-09-29,1575151375482327042,1575151385036857346
1575151385036857346,Lula,2022-09-29,1575151375482327042,1575151382121807873
1575151382121807873,Lula,2022-09-29,1575151375482327042,1575151380003799045
1575151380003799045,Lula,2022-09-29,1575151375482327042,1575151375482327042
1575151375482327042,Lula,2022-09-29,1575151375482327042,
1575131367330938880,Lula,2022-09-29,1575131367330938880,
1575115812595286017,Lula,2022-09-29,1575115812595286017,
1575103931113689089,Lula,2022-09-29,1575103931113689089,1574953191711510528
1575103592670760960,Lula,2022-09-29,1574953191711510528,1574953191711510528
1575091601596039169,Lula,2022-09-29,1575091601596039169,1574951606122328065
1575091302030790659,Lula,2022-09-29,1574917241988169728,1574917241988169728
1575072047109394433,Lula,2022-09-29,1575072047109394433,
1574932392824868865,Lula,2022-09-29,1574932392824868865,
1574912443729444864,Lula,2022-09-29,1574912443729444864,
1575636043256061952,Lula,2022-09-30,1575636043256061952,
1575615494622789634,Lula,2022-09-30,1575615494622789634,
1575611605278040066,Lula,2022-09-30,1575592567986847744,1575592567986847744
1575581525353017344,Lula,2022-09-30,1575581525353017344,1575557211677282304
1575581192262275072,Lula,2022-09-30,1575557211677282304,1575557211677282304
1575544692749770752,Lula,2022-09-30,1575151375482327042,1575153241108643840
1575530469688741888,Lula,2022-09-30,1575530469688741888,
1575511848861966336,Lula,2022-09-30,1575511848861966336,1575506488923107328
1575511757803720706,Lula,2022-09-30,1575506488923107328,1575506488923107328
1575497210325659650,Lula,2022-09-30,1575497210325659650,
1575478889891012608,Lula,2022-09-30,1575478889891012608,
1575455683755008000,Lula,2022-09-30,1575455683755008000,1575286354887442432
1575455421946642432,Lula,2022-09-30,1575286354887442432,1575286354887442432
1575434472899616770,Lula,2022-09-30,1575434472899616770,
1575297248208031745,Lula,2022-09-30,1575297248208031745,
1575280833379852289,Lula,2022-09-30,1575280833379852289,
1575989613042503680,Lula,2022-10-01,1575989613042503680,
1575977963061129217,Lula,2022-10-01,1575958206291283969,1575958226834960384
1575968559712595968,Lula,2022-10-01,1575830815518633984,1575830815518633984
1575961143092596736,Lula,2022-10-01,1575961143092596736,1575928003871518720
1575943102778732544,Lula,2022-10-01,1575943102778732544,
1575937794551128064,Lula,2022-10-01,1575937794551128064,
1575917400670683137,Lula,2022-10-01,1575917400670683137,
1575906284163182592,Lula,2022-10-01,1575906284163182592,
1575898021203582976,Lula,2022-10-01,1575898021203582976,
1575884896911982592,Lula,2022-10-01,1575884896911982592,
1575881811330502656,Lula,2022-10-01,1575881811330502656,
1575874159510429696,Lula,2022-10-01,1575874159510429696,
1575866183005671424,Lula,2022-10-01,1575866183005671424,
1575851626153197572,Lula,2022-10-01,1575851626153197572,
1575835396738801664,Lula,2022-10-01,1575835396738801664,
1575823688586317824,Lula,2022-10-01,1575823688586317824,
1575822954843504641,Lula,2022-10-01,1575822954843504641,
1575821372458414080,Lula,2022-10-01,1575821372458414080,
1575820383130832899,Lula,2022-10-01,1575820383130832899,
1575819634959208448,Lula,2022-10-01,1575819634959208448,
1575818686568488961,Lula,2022-10-01,1575818686568488961,
1575817424779501568,Lula,2022-10-01,1575817424779501568,
1575816515693465601,Lula,2022-10-01,1575816515693465601,
1575805044121030661,Lula,2022-10-01,1575805044121030661,
1575799825567662080,Lula,2022-10-01,1575799825567662080,
1575720393628737537,Lula,2022-10-01,1575720393628737537,
1575715262191390720,Lula,2022-10-01,1575715262191390720,
1575711747658616833,Lula,2022-10-01,1575711747658616833,
1575711568402186240,Lula,2022-10-01,1575711568402186240,
1575711397060943874,Lula,2022-10-01,1575711397060943874,
1575706533807026176,Lula,2022-10-01,1575706533807026176,
1575700657939443712,Lula,2022-10-01,1575700657939443712,
1575698467300573185,Lula,2022-10-01,1575698467300573185,
1575690682899267584,Lula,2022-10-01,1575690682899267584,
1575685965372616704,Lula,2022-10-01,1575685965372616704,
1575682067269943296,Lula,2022-10-01,1575682067269943296,
1575674152400596992,Lula,2022-10-01,1575674152400596992,
1575673785792925696,Lula,2022-10-01,1575673785792925696,
1575663998728425473,Lula,2022-10-01,1575663998728425473,
1575663363342086145,Lula,2022-10-01,1575663363342086145,
1575661379419140097,Lula,2022-10-01,1575661379419140097,
1575661230965989376,Lula,2022-10-01,1575661230965989376,
1575660412569210880,Lula,2022-10-01,1575660412569210880,
1575650779808944128,Lula,2022-10-01,1575650779808944128,1575625711154393088
1575650420382633984,Lula,2022-10-01,1575625711154393088,1575625711154393088
1576357887147880448,Lula,2022-10-02,1576357887147880448,
1576353890592849920,Lula,2022-10-02,1576353890592849920,
1576350541168644096,Lula,2022-10-02,1576350541168644096,1576348511678844928
1576347684134621184,Lula,2022-10-02,1576347684134621184,1576284465269440517
1576342886446428162,Lula,2022-10-02,1576342886446428162,1576338234820657152
1576328578563989505,Lula,2022-10-02,1576328578563989505,
1576328170034593792,Lula,2022-10-02,1576328170034593792,
1576327685789216769,Lula,2022-10-02,1576327685789216769,
1576327244494307328,Lula,2022-10-02,1576327244494307328,
1576326797578625024,Lula,2022-10-02,1576326797578625024,
1576326294769668096,Lula,2022-10-02,1576326294769668096,
1576325875498651649,Lula,2022-10-02,1576325875498651649,
1576325341345300480,Lula,2022-10-02,1576325341345300480,
1576324904395235328,Lula,2022-10-02,1576324904395235328,
1576324354581102593,Lula,2022-10-02,1576324354581102593,
1576323974694256642,Lula,2022-10-02,1576323974694256642,
1576323738018013185,Lula,2022-10-02,1576323738018013185,
1576316110823075840,Lula,2022-10-02,1576316110823075840,
1576315856430063616,Lula,2022-10-02,1576315856430063616,
1576311127989813248,Lula,2022-10-02,1576311127989813248,
1576310732689670144,Lula,2022-10-02,1576310732689670144,
1576294895417163776,Lula,2022-10-02,1576294895417163776,
1576282744643936258,Lula,2022-10-02,1576282744643936258,1576254933753507840
1576274029635579904,Lula,2022-10-02,1576274029635579904,
1576259589556690944,Lula,2022-10-02,1576259589556690944,
1576240192180355072,Lula,2022-10-02,1576240192180355072,
1576238887244292097,Lula,2022-10-02,1576238887244292097,
1576220490250981381,Lula,2022-10-02,1576220490250981381,
1576213481149325312,Lula,2022-10-02,1576213481149325312,
1576192454373834758,Lula,2022-10-02,1576192454373834758,
1576178014932856833,Lula,2022-10-02,1576178014932856833,
1576165519069102082,Lula,2022-10-02,1575954331651932160,1575954331651932160
1576159164388151296,Lula,2022-10-02,1576159164388151296,
1576050666778554378,Lula,2022-10-02,1576050666778554378,
1576036653054820352,Lula,2022-10-02,1576036653054820352,
1576027064133902337,Lula,2022-10-02,1576027064133902337,1576015978982699008
1576026966612127744,Lula,2022-10-02,1576015978982699008,1576015978982699008
1576016837766103040,Lula,2022-10-02,1576016837766103040,
1576005083770531841,Lula,2022-10-02,1576005083770531841,1575999356846723072
1576579405777813504,Lula,2022-10-03,1576579405777813504,
1576375537022689281,Lula,2022-10-03,1576375537022689281,
1576374056496111616,Lula,2022-10-03,1576374056496111616,
1576368936710332417,Lula,2022-10-03,1576368932440924160,1576368932440924160
1576368932440924160,Lula,2022-10-03,1576368932440924160,
1576365315327373313,Lula,2022-10-03,1576365315327373313,
1576361434811748352,Lula,2022-10-03,1576361434811748352,
1577062919467999234,Lula,2022-10-04,1577062919467999234,1577051828662910976
1577062779126616067,Lula,2022-10-04,1577051828662910976,1577051828662910976
1577050696360157184,Lula,2022-10-04,1577050696360157184,
1577047262307692544,Lula,2022-10-04,1577047262307692544,
1577046918152454144,Lula,2022-10-04,1577046918152454144,
1577046591310921729,Lula,2022-10-04,1577046591310921729,
1577045347893116928,Lula,2022-10-04,1577045347893116928,
1577022395566563329,Lula,2022-10-04,1577022395566563329,
1576941048185597953,Lula,2022-10-04,1576941048185597953,
1576895821899272193,Lula,2022-10-04,1576895821899272193,
1576766314323988480,Lula,2022-10-04,1576766314323988480,
1576751998447550464,Lula,2022-10-04,1576751998447550464,
1576751780720914432,Lula,2022-10-04,1576751780720914432,
1576750548170444800,Lula,2022-10-04,1576750548170444800,
1576741597386973184,Lula,2022-10-04,1576741597386973184,
1576741406236102656,Lula,2022-10-04,1576741406236102656,
1576738984293961729,Lula,2022-10-04,1576738984293961729,
1577448218878791681,Lula,2022-10-05,1577448218878791681,
1577430054577278976,Lula,2022-10-05,1577430054577278976,
1577407359709679616,Lula,2022-10-05,1577407359709679616,
1577391508927533058,Lula,2022-10-05,1577391508927533058,
1577391139518353417,Lula,2022-10-05,1577391139518353417,
1577390950724341761,Lula,2022-10-05,1577390950724341761,
1577386497145245706,Lula,2022-10-05,1577386497145245706,
1577385824131293185,Lula,2022-10-05,1577385824131293185,
1577385570648657926,Lula,2022-10-05,1577385570648657926,
1577385358391664640,Lula,2022-10-05,1577385358391664640,
1577385125880336384,Lula,2022-10-05,1577385125880336384,
1577384836028895232,Lula,2022-10-05,1577384836028895232,
1577383960732205059,Lula,2022-10-05,1577383960732205059,
1577378947792506880,Lula,2022-10-05,1577378947792506880,
1577373334223945729,Lula,2022-10-05,1577373334223945729,
1577294090902933505,Lula,2022-10-05,1577294090902933505,
1577283299713507328,Lula,2022-10-05,1577283299713507328,
1577249199024132097,Lula,2022-10-05,1577249199024132097,
1577133741377343488,Lula,2022-10-05,1577133741377343488,
1577113096703074304,Lula,2022-10-05,1577113096703074304,
1577089961253572609,Lula,2022-10-05,1577089961253572609,
1577804355117453312,Lula,2022-10-06,1577804355117453312,1577781155570524172
1577792992982847492,Lula,2022-10-06,1577792992982847492,
1577775865836064768,Lula,2022-10-06,1577775865836064768,
1577775157762031617,Lula,2022-10-06,1577775157762031617,
1577774937212846082,Lula,2022-10-06,1577774937212846082,
1577774584773967873,Lula,2022-10-06,1577774584773967873,
1577774292661686272,Lula,2022-10-06,1577774292661686272,
1577771284049584128,Lula,2022-10-06,1577771284049584128,
1577770388347621382,Lula,2022-10-06,1577770388347621382,
1577759004184420356,Lula,2022-10-06,1577759004184420356,
1577740831288864768,Lula,2022-10-06,1577740831288864768,
1577736399796817922,Lula,2022-10-06,1577736399796817922,
1577731944942637098,Lula,2022-10-06,1577731942904205328,1577731942904205328
1577731942904205328,Lula,2022-10-06,1577731942904205328,
1577728372481953807,Lula,2022-10-06,1577728372481953807,
1577698203742371841,Lula,2022-10-06,1577698203742371841,1577095376305520640
1577665171878825984,Lula,2022-10-06,1577665171878825984,1577660146326568960
1577664838746181635,Lula,2022-10-06,1577660146326568960,1577660146326568960
1577658499093463041,Lula,2022-10-06,1577658499093463041,
1577610160348057602,Lula,2022-10-06,1577610160348057602,
1577472095348326400,Lula,2022-10-06,1577472095348326400,
1578150895518650368,Lula,2022-10-07,1578150895518650368,
1578130724070326300,Lula,2022-10-07,1578130724070326300,
1578126842728513539,Lula,2022-10-07,1578126842728513539,
1578126642140119045,Lula,2022-10-07,1578126642140119045,
1578126129147555840,Lula,2022-10-07,1578126129147555840,
1578125983038816256,Lula,2022-10-07,1578125983038816256,
1578125099655462921,Lula,2022-10-07,1578125099655462921,
1578122724953784337,Lula,2022-10-07,1578122724953784337,
1578122362096173057,Lula,2022-10-07,1578122362096173057,
1578120180248576027,Lula,2022-10-07,1578120180248576027,
1578113770278486016,Lula,2022-10-07,1578113770278486016,
1578113454606630914,Lula,2022-10-07,1578046841484107779,1578046841484107779
1578094889505521684,Lula,2022-10-07,1578094889505521684,1578066281344925697
1578089991732969475,Lula,2022-10-07,1578089991732969475,1577799850833354754
1578075884560547842,Lula,2022-10-07,1578075884560547842,
1578067414956261376,Lula,2022-10-07,1578062993828487171,1578067307414315008
1578067307414315008,Lula,2022-10-07,1578062993828487171,1578062993828487171
1578062993828487171,Lula,2022-10-07,1578062993828487171,
1578062535919558657,Lula,2022-10-07,1578062535919558657,
1578062273213603845,Lula,2022-10-07,1578062273213603845,
1578062074147749888,Lula,2022-10-07,1578062074147749888,
1578061851119738881,Lula,2022-10-07,1578061851119738881,
1578061435606892546,Lula,2022-10-07,1578061435606892546,
1578058399551569921,Lula,2022-10-07,1578058399551569921,
1578054978257977344,Lula,2022-10-07,1578054978257977344,
1578047179599450117,Lula,2022-10-07,1578045882376851458,1578045882376851458
1578045882376851458,Lula,2022-10-07,1578045882376851458,
1578040155126259712,Lula,2022-10-07,1578040155126259712,
1578029361814732800,Lula,2022-10-07,1578029361814732800,
1577996829106511872,Lula,2022-10-07,1577995431774142466,1577996823859544065
1577996823859544065,Lula,2022-10-07,1577995431774142466,1577996818142601219
1577996818142601219,Lula,2022-10-07,1577995431774142466,1577996812220350465
1577996812220350465,Lula,2022-10-07,1577995431774142466,1577996805895233536
1577996805895233536,Lula,2022-10-07,1577995431774142466,1577996230222807040
1577996230222807040,Lula,2022-10-07,1577995431774142466,1577996224329908227
1577996224329908227,Lula,2022-10-07,1577995431774142466,1577996217044320256
1577996217044320256,Lula,2022-10-07,1577995431774142466,1577996209658159104
1577996209658159104,Lula,2022-10-07,1577995431774142466,1577996203672870912
1577996203672870912,Lula,2022-10-07,1577995431774142466,1577996197956042752
1577996197956042752,Lula,2022-10-07,1577995431774142466,1577995549575446528
1577995549575446528,Lula,2022-10-07,1577995431774142466,1577995542063464450
1577995542063464450,Lula,2022-10-07,1577995431774142466,1577995536199831553
1577995536199831553,Lula,2022-10-07,1577995431774142466,1577995525135208448
1577995525135208448,Lula,2022-10-07,1577995431774142466,1577995513441517568
1577995513441517568,Lula,2022-10-07,1577995431774142466,1577995507426803713
1577995507426803713,Lula,2022-10-07,1577995431774142466,1577995496223825927
1577995496223825927,Lula,2022-10-07,1577995431774142466,1577995490276347906
1577995490276347906,Lula,2022-10-07,1577995431774142466,1577995483380944896
1577995483380944896,Lula,2022-10-07,1577995431774142466,1577995476518969344
1577995476518969344,Lula,2022-10-07,1577995431774142466,1577995470495956992
1577995470495956992,Lula,2022-10-07,1577995431774142466,1577995463621545984
1577995463621545984,Lula,2022-10-07,1577995431774142466,1577995456692555778
1577995456692555778,Lula,2022-10-07,1577995431774142466,1577995450208190467
1577995450208190467,Lula,2022-10-07,1577995431774142466,1577995444197752832
1577995444197752832,Lula,2022-10-07,1577995431774142466,1577995438078234630
1577995438078234630,Lula,2022-10-07,1577995431774142466,1577995431774142466
1577995431774142466,Lula,2022-10-07,1577995431774142466,
1577973062472974337,Lula,2022-10-07,1577973062472974337,
1577835606566223875,Lula,2022-10-07,1577835606566223875,
1577811057485160449,Lula,2022-10-07,1577811057485160449,
1578532899325812737,Lula,2022-10-08,1578532899325812737,
1578503188713328640,Lula,2022-10-08,1578503188713328640,
1578497429380673537,Lula,2022-10-08,1578497429380673537,
1578486593660194816,Lula,2022-10-08,1578486593660194816,1578162815160193024
1578473129046732800,Lula,2022-10-08,1578473129046732800,
1578472564594159616,Lula,2022-10-08,1578472564594159616,
1578472209857011712,Lula,2022-10-08,1578472209857011712,
1578471553620094977,Lula,2022-10-08,1578471553620094977,
1578469240210075649,Lula,2022-10-08,1578469240210075649,
1578468839524032512,Lula,2022-10-08,1578468839524032512,
1578467915179130880,Lula,2022-10-08,1578467915179130880,
1578467672823541760,Lula,2022-10-08,1578467672823541760,
1578467077400035328,Lula,2022-10-08,1578467077400035328,
1578464691202166784,Lula,2022-10-08,1578464691202166784,
1578445107904540673,Lula,2022-10-08,1578445107904540673,1578390695966130177
1578428631004590080,Lula,2022-10-08,1578428631004590080,
1578413955730788352,Lula,2022-10-08,1578413955730788352,
1578400680611643394,Lula,2022-10-08,1578400680611643394,
1578398926503383040,Lula,2022-10-08,1578398926503383040,
1578398564547534849,Lula,2022-10-08,1578398564547534849,
1578396565110235138,Lula,2022-10-08,1578396565110235138,
1578395017349107712,Lula,2022-10-08,1578395017349107712,
1578394844770312197,Lula,2022-10-08,1578394844770312197,
1578389158954926081,Lula,2022-10-08,1578389158954926081,
1578386701990432772,Lula,2022-10-08,1578386701990432772,
1578384603315945472,Lula,2022-10-08,1578384427725606912,1578384430120452097
1578384430120452097,Lula,2022-10-08,1578384427725606912,1578384427725606912
1578384427725606912,Lula,2022-10-08,1578384427725606912,
1578381363287183361,Lula,2022-10-08,1578381363287183361,
1578377720811356160,Lula,2022-10-08,1578377720811356160,
1578337429165314049,Lula,2022-10-08,1578337429165314049,
1578198579805569024,Lula,2022-10-08,1578198579805569024,
1578883783117635584,Lula,2022-10-09,1578883783117635584,
1578868137029931008,Lula,2022-10-09,1578868137029931008,
1578852242853138435,Lula,2022-10-09,1578852242853138435,
1578837654321664000,Lula,2022-10-09,1578837654321664000,
1578823700165558274,Lula,2022-10-09,1578823700165558274,
1578795559674314752,Lula,2022-10-09,1578795559674314752,
1578782288652996608,Lula,2022-10-09,1578782288652996608,
1578774405056180228,Lula,2022-10-09,1578774405056180228,
1578773233930846208,Lula,2022-10-09,1578773233930846208,
1578772839385436160,Lula,2022-10-09,1578772839385436160,
1578772096779710464,Lula,2022-10-09,1578772096779710464,
1578771261479522305,Lula,2022-10-09,1578771261479522305,
1578770964607037442,Lula,2022-10-09,1578770964607037442,
1578770694967394305,Lula,2022-10-09,1578770694967394305,
1578758558786588672,Lula,2022-10-09,1578758558786588672,
1578752712082358274,Lula,2022-10-09,1578752712082358274,
1578752207129673728,Lula,2022-10-09,1578752207129673728,
1578751699917090816,Lula,2022-10-09,1578751699917090816,
1578751189230841856,Lula,2022-10-09,1578751189230841856,
1578750654243536905,Lula,2022-10-09,1578750654243536905,
1578750525994303488,Lula,2022-10-09,1578750525994303488,
1578749913441374211,Lula,2022-10-09,1578749913441374211,
1578742713360736258,Lula,2022-10-09,1578742713360736258,
1578738081255288834,Lula,2022-10-09,1578738081255288834,
1578733797637763075,Lula,2022-10-09,1578733797637763075,
1578725779697176576,Lula,2022-10-09,1578725779697176576,
1578707390253666304,Lula,2022-10-09,1578472730755993601,1578472730755993601
1578702213324554240,Lula,2022-10-09,1578698177527484417,1578698177527484417
1578698177527484417,Lula,2022-10-09,1578698177527484417,
1578556344746930176,Lula,2022-10-09,1578556344746930176,
1579257152610668546,Lula,2022-10-10,1579257152610668546,
1579242753850241026,Lula,2022-10-10,1579242753850241026,
1579211790881521665,Lula,2022-10-10,1579211790881521665,
1579196183993815041,Lula,2022-10-10,1579196183993815041,
1579177193833639936,Lula,2022-10-10,1579177193833639936,
1579159256871604225,Lula,2022-10-10,1579159256871604225,
1579150658623922176,Lula,2022-10-10,1579150658623922176,
1579148797716094977,Lula,2022-10-10,1579148797716094977,
1579146802762481665,Lula,2022-10-10,1579146802762481665,
1579128573449113600,Lula,2022-10-10,1579128573449113600,
1579128005024448514,Lula,2022-10-10,1579128005024448514,
1579126110683828226,Lula,2022-10-10,1579126110683828226,
1579119572741165056,Lula,2022-10-10,1579119572741165056,
1579119318020739073,Lula,2022-10-10,1579119318020739073,
1579115485303480327,Lula,2022-10-10,1579115485303480327,
1579115167287496706,Lula,2022-10-10,1579115167287496706,
1579112053654290433,Lula,2022-10-10,1579112053654290433,
1579094370275717120,Lula,2022-10-10,1579094370275717120,
1579064787467501569,Lula,2022-10-10,1579064787467501569,
1578916945583538176,Lula,2022-10-10,1578916945583538176,
1578898617565323266,Lula,2022-10-10,1578898617565323266,
1579612292735717376,Lula,2022-10-11,1579612292735717376,
1579603235148828672,Lula,2022-10-11,1579603235148828672,
1579569467511955457,Lula,2022-10-11,1579569467511955457,
1579568822130216960,Lula,2022-10-11,1579568822130216960,
1579567506531885056,Lula,2022-10-11,1579567506531885056,
1579567073516486657,Lula,2022-10-11,1579567073516486657,
1579546279386173441,Lula,2022-10-11,1579546279386173441,
1579532108313280512,Lula,2022-10-11,1579532108313280512,
1579507216260157442,Lula,2022-10-11,1579507216260157442,
1579486993037524992,Lula,2022-10-11,1579486993037524992,
1579471982743408641,Lula,2022-10-11,1579471982743408641,1578886434853113856
1579457594716225538,Lula,2022-10-11,1579457594716225538,
1579428344579620865,Lula,2022-10-11,1579428344579620865,
1579427735910633472,Lula,2022-10-11,1579427735910633472,
1579427534600818690,Lula,2022-10-11,1579427534600818690,
1579427247278415872,Lula,2022-10-11,1579427247278415872,
1579426793001746433,Lula,2022-10-11,1579426793001746433,
1579426581013229570,Lula,2022-10-11,1579426581013229570,
1579426338012033025,Lula,2022-10-11,1579426338012033025,
1579425836218093569,Lula,2022-10-11,1579425836218093569,
1579425227427442688,Lula,2022-10-11,1579425227427442688,
1579422957818241024,Lula,2022-10-11,1579422957818241024,
1579305490299121664,Lula,2022-10-11,1579305490299121664,
1579287124649869312,Lula,2022-10-11,1579287124649869312,
1579274955644358657,Lula,2022-10-11,1579274955644358657,
1579265768650219520,Lula,2022-10-11,1579265768650219520,
1579983766180986880,Lula,2022-10-12,1579983766180986880,
1579982980290076673,Lula,2022-10-12,1579982980290076673,
1579981566998351872,Lula,2022-10-12,1579981566998351872,
1579981365441073152,Lula,2022-10-12,1579981365441073152,
1579981124435988480,Lula,2022-10-12,1579981124435988480,
1579980844776976385,Lula,2022-10-12,1579980844776976385,
1579980537993003008,Lula,2022-10-12,1579980537993003008,
1579965091503833093,Lula,2022-10-12,1579965091503833093,
1579957124339490816,Lula,2022-10-12,1579957124339490816,
1579948655783858176,Lula,2022-10-12,1579948655783858176,
1579942900422828032,Lula,2022-10-12,1579942900422828032,
1579940524207001601,Lula,2022-10-12,1579940524207001601,
1579934673501048833,Lula,2022-10-12,1579934673501048833,
1579921099252715521,Lula,2022-10-12,1579921099252715521,1578038101137821696
1579907292551868416,Lula,2022-10-12,1579907279482392576,1579907285761282048
1579907285761282048,Lula,2022-10-12,1579907279482392576,1579907283303428096
1579907283303428096,Lula,2022-10-12,1579907279482392576,1579907279482392576
1579907279482392576,Lula,2022-10-12,1579907279482392576,
1579888399930064899,Lula,2022-10-12,1579888399930064899,
1579850306396921856,Lula,2022-10-12,1579850306396921856,
1579833071712759808,Lula,2022-10-12,1579833071712759808,
1579815596522622979,Lula,2022-10-12,1579815596522622979,
1579782764949565441,Lula,2022-10-12,1579782203671990272,1579782203671990272
1579782203671990272,Lula,2022-10-12,1579782203671990272,
1579652536717684736,Lula,2022-10-12,1579652536717684736,
1579633593717968896,Lula,2022-10-12,1579633593717968896,
1579626360687165441,Lula,2022-10-12,1579626360687165441,1579620744124043265
1579626212569513984,Lula,2022-10-12,1579620744124043265,1579620744124043265
1580345077322289160,Lula,2022-10-13,1580345077322289160,1580330047877316608
1580336125637718016,Lula,2022-10-13,1580336125637718016,
1580326934101180416,Lula,2022-10-13,1580326934101180416,
1580320899001032705,Lula,2022-10-13,1580320899001032705,
1580320584139145217,Lula,2022-10-13,1580320584139145217,
1580320102976655361,Lula,2022-10-13,1580320102976655361,
1580319615363608577,Lula,2022-10-13,1580319615363608577,
1580319418323972097,Lula,2022-10-13,1580319418323972097,
1580318137295118338,Lula,2022-10-13,1580318137295118338,
1580309089778810880,Lula,2022-10-13,1580309089778810880,
1580292055955537920,Lula,2022-10-13,1580292055955537920,
1580288244679593984,Lula,2022-10-13,1580288244679593984,1580243929961594882
1580286075238371328,Lula,2022-10-13,1580286075238371328,
1580285602146418688,Lula,2022-10-13,1580285602146418688,
1580285098498617345,Lula,2022-10-13,1580285098498617345,
1580284397869142016,Lula,2022-10-13,1580284397869142016,
1580280344208584706,Lula,2022-10-13,1580280344208584706,
1580277317792075777,Lula,2022-10-13,1580277317792075777,
1580267129349316608,Lula,2022-10-13,1580267129349316608,
1580250949754712064,Lula,2022-10-13,1580250949754712064,
1580235252009680897,Lula,2022-10-13,1580235252009680897,
1580233274625884170,Lula,2022-10-13,1580233274625884170,
1580217461453950977,Lula,2022-10-13,1580217461453950977,
1580214096959373312,Lula,2022-10-13,1580214096959373312,
1580212602633826304,Lula,2022-10-13,1580212602633826304,
1580211830621753344,Lula,2022-10-13,1580211830621753344,
1580192786443546624,Lula,2022-10-13,1580192786443546624,
1580190307358244865,Lula,2022-10-13,1580190307358244865,
1580180192051724288,Lula,2022-10-13,1580180192051724288,
1580176111216242689,Lula,2022-10-13,1580175240792940544,1580175240792940544
1580175240792940544,Lula,2022-10-13,1580175240792940544,
1580143016148627456,Lula,2022-10-13,1580143016148627456,
1580014025370656768,Lula,2022-10-13,1580014025370656768,
1579996980021178368,Lula,2022-10-13,1579996980021178368,
1579985347525906432,Lula,2022-10-13,1579985347525906432,
1580697793483919365,Lula,2022-10-14,1580697793483919365,1580655036207550465
1580680880976146432,Lula,2022-10-14,1580680880976146432,1580512065340379137
1580673191390810112,Lula,2022-10-14,1580673191390810112,
1580661853838987264,Lula,2022-10-14,1580661853838987264,
1580661515384156161,Lula,2022-10-14,1580661515384156161,
1580658498634887168,Lula,2022-10-14,1580658498634887168,
1580657498692153344,Lula,2022-10-14,1580657498692153344,
1580656703498227712,Lula,2022-10-14,1580656703498227712,
1580656490771525635,Lula,2022-10-14,1580656490771525635,
1580635978687213568,Lula,2022-10-14,1580635978687213568,
1580623296202432512,Lula,2022-10-14,1580623296202432512,1580579482615762946
1580608675621707777,Lula,2022-10-14,1580608675621707777,
1580604774856024074,Lula,2022-10-14,1580604774856024074,
1580595223582736385,Lula,2022-10-14,1580595223582736385,
1580594970167152640,Lula,2022-10-14,1580594970167152640,
1580593621690068992,Lula,2022-10-14,1580593621690068992,
1580593390457978885,Lula,2022-10-14,1580593390457978885,
1580593138271256577,Lula,2022-10-14,1580593138271256577,
1580592857454641152,Lula,2022-10-14,1580592857454641152,
1580591859206094850,Lula,2022-10-14,1580591859206094850,
1580576235566030852,Lula,2022-10-14,1580576235566030852,
1580572753169911808,Lula,2022-10-14,1580572753169911808,
1580565017996693504,Lula,2022-10-14,1580565017996693504,
1580564657474969601,Lula,2022-10-14,1580564657474969601,
1580564429501911043,Lula,2022-10-14,1580564429501911043,
1580562595404484611,Lula,2022-10-14,1580562595404484611,
1580562206764470273,Lula,2022-10-14,1580562206764470273,
1580558800729542656,Lula,2022-10-14,1580558800729542656,
1580548734185676804,Lula,2022-10-14,1580548734185676804,
1580508333983006720,Lula,2022-10-14,1580508333983006720,
1580391129001779200,Lula,2022-10-14,1580391129001779200,
1580386630502060033,Lula,2022-10-14,1580386630502060033,
1580360038602149888,Lula,2022-10-14,1580360038602149888,
1580352053343232000,Lula,2022-10-14,1580352053343232000,
1581068535832641536,Lula,2022-10-15,1581068535832641536,
1581055773026955265,Lula,2022-10-15,1581055773026955265,
1581034125624225792,Lula,2022-10-15,1581034125624225792,
1581014423967535105,Lula,2022-10-15,1581014423967535105,
1581003443828727808,Lula,2022-10-15,1581003443828727808,
1580997460843188224,Lula,2022-10-15,1580997460843188224,
1580991790835908608,Lula,2022-10-15,1580991790835908608,
1580991223061696512,Lula,2022-10-15,1580991223061696512,
1580990680066756609,Lula,2022-10-15,1580990680066756609,
1580987471080599553,Lula,2022-10-15,1580987471080599553,
1580987198253715456,Lula,2022-10-15,1580987198253715456,
1580986235509559296,Lula,2022-10-15,1580986235509559296,
1580986064042225664,Lula,2022-10-15,1580986064042225664,
1580985859716706305,Lula,2022-10-15,1580985859716706305,
1580985119090741249,Lula,2022-10-15,1580985119090741249,
1580984169533825025,Lula,2022-10-15,1580984169533825025,
1580983709305475072,Lula,2022-10-15,1580983709305475072,
1580976058652045312,Lula,2022-10-15,1580976058652045312,
1580965038520557569,Lula,2022-10-15,1580965038520557569,
1580955321744457728,Lula,2022-10-15,1580955321744457728,
1580953651291787265,Lula,2022-10-15,1580953651291787265,
1580944683613581312,Lula,2022-10-15,1580944683613581312,
1580944152589905920,Lula,2022-10-15,1580944152589905920,
1580943710115618817,Lula,2022-10-15,1580943710115618817,
1580943065044295680,Lula,2022-10-15,1580943065044295680,
1580942551041081346,Lula,2022-10-15,1580942551041081346,
1580936928093884418,Lula,2022-10-15,1580936928093884418,
1580936724577779714,Lula,2022-10-15,1580936724577779714,
1580935781111435269,Lula,2022-10-15,1580935781111435269,
1580935511715110912,Lula,2022-10-15,1580935511715110912,
1580935260992245760,Lula,2022-10-15,1580935260992245760,
1580933612727578624,Lula,2022-10-15,1580933612727578624,
1580930844726001664,Lula,2022-10-15,1580930844726001664,
1580893106781622279,Lula,2022-10-15,1580893106781622279,1580654737472782338
1580868870121738240,Lula,2022-10-15,1580868870121738240,
1580748365314560000,Lula,2022-10-15,1580748365314560000,
1580733184127688704,Lula,2022-10-15,1580733184127688704,
1580724140041871361,Lula,2022-10-15,1580724140041871361,
1580718151981232128,Lula,2022-10-15,1580718151981232128,
1581429707039309826,Lula,2022-10-16,1581429704040411136,1581429704040411136
1581429704040411136,Lula,2022-10-16,1581429704040411136,
1581415560268902400,Lula,2022-10-16,1581415560268902400,
1581388401584078848,Lula,2022-10-16,1581388401584078848,
1581372010441342976,Lula,2022-10-16,1581372010441342976,
1581347582571204608,Lula,2022-10-16,1581347582571204608,1581309909018476545
1581321694592917504,Lula,2022-10-16,1581321694592917504,
1581302611306741763,Lula,2022-10-16,1581302611306741763,
1581282949986938883,Lula,2022-10-16,1581282949986938883,
1581232873700749312,Lula,2022-10-16,1581232871918161920,1581232871918161920
1581232871918161920,Lula,2022-10-16,1581232871918161920,
1581108381418672130,Lula,2022-10-16,1581108381418672130,
1581087738786258945,Lula,2022-10-16,1581087738786258945,
1581081585696137218,Lula,2022-10-16,1581081585696137218,
1581796495853961216,Lula,2022-10-17,1581796495853961216,
1581794333707366400,Lula,2022-10-17,1581794333707366400,1581791591131291648
1581793565512196098,Lula,2022-10-17,1581793565512196098,
1581791684622372864,Lula,2022-10-17,1581791684622372864,
1581790766006824960,Lula,2022-10-17,1581790766006824960,
1581790262547795969,Lula,2022-10-17,1581790262547795969,
1581790008008396800,Lula,2022-10-17,1581790008008396800,
1581789022527303682,Lula,2022-10-17,1581789022527303682,
1581788286359478272,Lula,2022-10-17,1581788286359478272,
1581787703750045697,Lula,2022-10-17,1581787703750045697,
1581787346072059904,Lula,2022-10-17,1581787346072059904,
1581787123568369664,Lula,2022-10-17,1581787123568369664,
1581785809417424897,Lula,2022-10-17,1581785809417424897,
1581785655188721665,Lula,2022-10-17,1581785655188721665,
1581785495570624512,Lula,2022-10-17,1581785495570624512,
1581784280207740929,Lula,2022-10-17,1581784280207740929,
1581765639647395840,Lula,2022-10-17,1581765639647395840,
1581743507970363392,Lula,2022-10-17,1581743507970363392,
1581719019739979777,Lula,2022-10-17,1581719019739979777,
1581708932556406786,Lula,2022-10-17,1581708932556406786,
1581690587363037184,Lula,2022-10-17,1581690587363037184,
1581658669174861824,Lula,2022-10-17,1581658663550214144,1581658663550214144
1581658663550214144,Lula,2022-10-17,1581658663550214144,
1581639229272391681,Lula,2022-10-17,1581639229272391681,
1581598495064018945,Lula,2022-10-17,1581598495064018945,
1581462735522795520,Lula,2022-10-17,1581462735522795520,
1581450069198659585,Lula,2022-10-17,1581450069198659585,
1582152131829719040,Lula,2022-10-18,1582152131829719040,
1582142571383775232,Lula,2022-10-18,1582142571383775232,
1582115100269641728,Lula,2022-10-18,1582115100269641728,
1582092900141502464,Lula,2022-10-18,1582092900141502464,
1582086554105049088,Lula,2022-10-18,1582086554105049088,1582082610695917575
1582081488568274944,Lula,2022-10-18,1582081488568274944,
1582061629126025216,Lula,2022-10-18,1582061629126025216,
1582049637862895622,Lula,2022-10-18,1582049637862895622,
1582041501101850625,Lula,2022-10-18,1582041501101850625,
1582034716332810240,Lula,2022-10-18,1582034716332810240,
1582034379370790912,Lula,2022-10-18,1582034379370790912,
1582034187753648128,Lula,2022-10-18,1582034187753648128,
1582029547473874944,Lula,2022-10-18,1582029547473874944,
1582017981957013504,Lula,2022-10-18,1582017981957013504,
1581992776727949314,Lula,2022-10-18,1581991426929602561,1581991426929602561
1581991426929602561,Lula,2022-10-18,1581991426929602561,
1581963439240773633,Lula,2022-10-18,1581963439240773633,
1581845313606017026,Lula,2022-10-18,1581845313606017026,
1581837100768296960,Lula,2022-10-18,1581837100768296960,
1581829713428783104,Lula,2022-10-18,1581829713428783104,
1581825347137699841,Lula,2022-10-18,1581825347137699841,
1581819095472742400,Lula,2022-10-18,1581819095472742400,
1581807382367465472,Lula,2022-10-18,1581807382367465472,
1581806416100134912,Lula,2022-10-18,1581806416100134912,
1581806233694019584,Lula,2022-10-18,1581806233694019584,
1581806082695258114,Lula,2022-10-18,1581806082695258114,
1581805810191020034,Lula,2022-10-18,1581805810191020034,
1581804888983769089,Lula,2022-10-18,1581804888983769089,
1581801158053888000,Lula,2022-10-18,1581801158053888000,
1581800982236712962,Lula,2022-10-18,1581800982236712962,
1581798111185629185,Lula,2022-10-18,1581798111185629185,
1582519029885210624,Lula,2022-10-19,1582519029885210624,
1582517842444185600,Lula,2022-10-19,1582517842444185600,
1582515611166740480,Lula,2022-10-19,1582515611166740480,
1582510883061628928,Lula,2022-10-19,1582510883061628928,
1582510666518528000,Lula,2022-10-19,1582510666518528000,
1582510480572108801,Lula,2022-10-19,1582510480572108801,
1582506355943800833,Lula,2022-10-19,1582506355943800833,
1582505525765632000,Lula,2022-10-19,1582505525765632000,
1582505355791081472,Lula,2022-10-19,1582505355791081472,
1582504556696510465,Lula,2022-10-19,1582504556696510465,
1582502267445354497,Lula,2022-10-19,1582502267445354497,
1582501645128069121,Lula,2022-10-19,1582501645128069121,
1582500494341468160,Lula,2022-10-19,1582500494341468160,
1582499746136043520,Lula,2022-10-19,1582499746136043520,
1582499560886534145,Lula,2022-10-19,1582499560886534145,
1582498518698463233,Lula,2022-10-19,1582498518698463233,
1582498343628177408,Lula,2022-10-19,1582498343628177408,
1582497499029286913,Lula,2022-10-19,1582497499029286913,
1582495065645387778,Lula,2022-10-19,1582495065645387778,
1582494009574199296,Lula,2022-10-19,1582494009574199296,
1582489260904837120,Lula,2022-10-19,1582489260904837120,
1582474546195574784,Lula,2022-10-19,1582473926491660288,1582473926491660288
1582473926491660288,Lula,2022-10-19,1582473926491660288,
1582458604678176768,Lula,2022-10-19,1582458604678176768,
1582439939891163136,Lula,2022-10-19,1582430300017000448,1582430300017000448
1582430300017000448,Lula,2022-10-19,1582430300017000448,
1582386809262116864,Lula,2022-10-19,1582386809262116864,
1582378550987923456,Lula,2022-10-19,1582378550987923456,
1582370322296475652,Lula,2022-10-19,1582370322296475652,
1582370149029462016,Lula,2022-10-19,1582370149029462016,
1582369888210849792,Lula,2022-10-19,1582369888210849792,
1582355081655390209,Lula,2022-10-19,1582355081655390209,
1582337229292474368,Lula,2022-10-19,1582337229292474368,1582303202443431937
1582324015409922048,Lula,2022-10-19,1582324015409922048,
1582191113036709892,Lula,2022-10-19,1582191113036709892,
1582181547402067968,Lula,2022-10-19,1582181547402067968,
1582167611236044800,Lula,2022-10-19,1582144139734704129,1582144139734704129
1582161809901260800,Lula,2022-10-19,1582161809901260800,
1582879791799099392,Lula,2022-10-20,1582879791799099392,
1582874118940024832,Lula,2022-10-20,1582874118940024832,
1582850613104500737,Lula,2022-10-20,1582850613104500737,
1582838821741207552,Lula,2022-10-20,1582838821741207552,
1582833070763229185,Lula,2022-10-20,1582833070763229185,
1582832719762898945,Lula,2022-10-20,1582832719762898945,
1582832367906869248,Lula,2022-10-20,1582832367906869248,
1582831495605288960,Lula,2022-10-20,1582831495605288960,
1582819036642975744,Lula,2022-10-20,1582819036642975744,
1582812229002727424,Lula,2022-10-20,1582812229002727424,
1582812061096374272,Lula,2022-10-20,1582812061096374272,
1582809725074567168,Lula,2022-10-20,1582809725074567168,
1582807087717175296,Lula,2022-10-20,1582807087717175296,
1582806862885318657,Lula,2022-10-20,1582806862885318657,
1582806597486530560,Lula,2022-10-20,1582806597486530560,
1582804600679432192,Lula,2022-10-20,1582804600679432192,
1582796868404510721,Lula,2022-10-20,1582796868404510721,
1582787085375012866,Lula,2022-10-20,1582787085375012866,
1582763016533463040,Lula,2022-10-20,1582763016533463040,
1582757247737659395,Lula,2022-10-20,1582757247737659395,
1582746251791331329,Lula,2022-10-20,1582746251791331329,
1582746065043787776,Lula,2022-10-20,1582746065043787776,
1582742501416325121,Lula,2022-10-20,1582742501416325121,
1582742201859473408,Lula,2022-10-20,1582742201859473408,
1582741055081848833,Lula,2022-10-20,1582741055081848833,
1582722405696692224,Lula,2022-10-20,1582722405696692224,
1582699592457814017,Lula,2022-10-20,1582699592457814017,
1582679272140857344,Lula,2022-10-20,1582679272140857344,
1582554490514784258,Lula,2022-10-20,1582554490514784258,
1582540272973455362,Lula,2022-10-20,1582540272973455362,
1583241811497488384,Lula,2022-10-21,1583241811497488384,
1583239155399950336,Lula,2022-10-21,1583239155399950336,
1583238295294599168,Lula,2022-10-21,1583238295294599168,
1583238151287341056,Lula,2022-10-21,1583238151287341056,
1583236962135474179,Lula,2022-10-21,1583236962135474179,
1583236527001591808,Lula,2022-10-21,1583236527001591808,
1583236315164086272,Lula,2022-10-21,1583236315164086272,
1583235940323323904,Lula,2022-10-21,1583235940323323904,
1583235108362153984,Lula,2022-10-21,1583235108362153984,
1583234544911945728,Lula,2022-10-21,1583234544911945728,
1583224133466607616,Lula,2022-10-21,1583224133466607616,
1583216565310611468,Lula,2022-10-21,1583216565310611468,
1583196145811361792,Lula,2022-10-21,1583196145811361792,1581982069194129409
1583177057290588160,Lula,2022-10-21,1583177057290588160,
1583170076290609153,Lula,2022-10-21,1583170076290609153,
1583161811024502786,Lula,2022-10-21,1583161811024502786,
1583141312311676928,Lula,2022-10-21,1583141312311676928,
1583138249970946050,Lula,2022-10-21,1583138249970946050,
1583138108450951168,Lula,2022-10-21,1583138108450951168,
1583137885896642571,Lula,2022-10-21,1583137885896642571,
1583129342326243328,Lula,2022-10-21,1583129342326243328,
1583124223274278912,Lula,2022-10-21,1583124223274278912,
1583122284801556480,Lula,2022-10-21,1583122284801556480,
1583106893286764544,Lula,2022-10-21,1583106893286764544,
1583095134052179969,Lula,2022-10-21,1583095134052179969,
1583094868846735360,Lula,2022-10-21,1583094868846735360,
1583094599064899584,Lula,2022-10-21,1583094599064899584,
1583094301164474368,Lula,2022-10-21,1583094301164474368,
1583093945843994625,Lula,2022-10-21,1583093945843994625,
1583085979950538753,Lula,2022-10-21,1583085979950538753,
1583082635701911552,Lula,2022-10-21,1583082635701911552,
1583062891586260994,Lula,2022-10-21,1583062882597867521,1583062882597867521
1583062882597867521,Lula,2022-10-21,1583062882597867521,
1583043986515963904,Lula,2022-10-21,1583043986515963904,
1582888558452690944,Lula,2022-10-21,1582888558452690944,
1583608893632319489,Lula,2022-10-22,1583608893632319489,
1583601845649301504,Lula,2022-10-22,1583601845649301504,
1583600342733705216,Lula,2022-10-22,1583600342733705216,
1583598204750221313,Lula,2022-10-22,1583598204750221313,
1583588074625589248,Lula,2022-10-22,1583588074625589248,
1583586458954133504,Lula,2022-10-22,1583586458954133504,
1583586302015918080,Lula,2022-10-22,1583586302015918080,
1583586176241262592,Lula,2022-10-22,1583586176241262592,
1583584619563167744,Lula,2022-10-22,1583584619563167744,
1583584364038090752,Lula,2022-10-22,1583584364038090752,
1583583995413299200,Lula,2022-10-22,1583583995413299200,
1583583753099616257,Lula,2022-10-22,1583583753099616257,
1583583333694418944,Lula,2022-10-22,1583583333694418944,
1583563351560704001,Lula,2022-10-22,1583563351560704001,
1583561580561956865,Lula,2022-10-22,1583561580561956865,
1583557159110909952,Lula,2022-10-22,1583557159110909952,1583509852022005762
1583549845885063169,Lula,2022-10-22,1583549845885063169,
1583549355638030337,Lula,2022-10-22,1583549355638030337,
1583548596649005058,Lula,2022-10-22,1583548596649005058,
1583548088022888448,Lula,2022-10-22,1583548088022888448,
1583547527219281921,Lula,2022-10-22,1583547527219281921,
1583528813819924481,Lula,2022-10-22,1583528813819924481,
1583528581019226113,Lula,2022-10-22,1583528581019226113,
1583528370100662277,Lula,2022-10-22,1583528370100662277,
1583523808899923968,Lula,2022-10-22,1583523808899923968,
1583518332799811585,Lula,2022-10-22,1583518332799811585,
1583503089616945152,Lula,2022-10-22,1583503089616945152,
1583494570859724801,Lula,2022-10-22,1583494570859724801,
1583493742891106306,Lula,2022-10-22,1583493742891106306,
1583491765579165696,Lula,2022-10-22,1583491765579165696,
1583491435214405637,Lula,2022-10-22,1583491435214405637,
1583490994573828096,Lula,2022-10-22,1583490994573828096,
1583488334776569856,Lula,2022-10-22,1583488334776569856,
1583477032125546501,Lula,2022-10-22,1583477032125546501,
1583465673057275904,Lula,2022-10-22,1583465673057275904,
1583462473348550667,Lula,2022-10-22,1583462473348550667,
1583454375636504581,Lula,2022-10-22,1583454375636504581,1583438139414102016
1583423971554660352,Lula,2022-10-22,1583423971554660352,
1583410370588610561,Lula,2022-10-22,1583410370588610561,
1583298097375236098,Lula,2022-10-22,1583298097375236098,
1583268435080773632,Lula,2022-10-22,1583268435080773632,
1583258412946980864,Lula,2022-10-22,1583258412946980864,
1583964388549353472,Lula,2022-10-23,1583964388549353472,1583951849472020480
1583954105659113472,Lula,2022-10-23,1583954105659113472,1583882451817897984
1583938323227168769,Lula,2022-10-23,1583938323227168769,
1583920564204613635,Lula,2022-10-23,1583920564204613635,
1583902123649306624,Lula,2022-10-23,1583902123649306624,1583656891728920576
1583890116891668480,Lula,2022-10-23,1583890116891668480,1583793579197345793
1583881838665166849,Lula,2022-10-23,1583881838665166849,
1583874167317094401,Lula,2022-10-23,1583874167317094401,
1583870304958308353,Lula,2022-10-23,1583870304958308353,
1583870093041115136,Lula,2022-10-23,1583870093041115136,
1583869899331424262,Lula,2022-10-23,1583869899331424262,
1583857491393548288,Lula,2022-10-23,1583857491393548288,
1583853791967088646,Lula,2022-10-23,1583853791967088646,
1583853572068102146,Lula,2022-10-23,1583853572068102146,
1583853479281692672,Lula,2022-10-23,1583853479281692672,
1583842886457913344,Lula,2022-10-23,1583842886457913344,
1583838058746908674,Lula,2022-10-23,1583838058746908674,
1583836397798330370,Lula,2022-10-23,1583836397798330370,
1583836046504386560,Lula,2022-10-23,1583836046504386560,
1583835677808267264,Lula,2022-10-23,1583835677808267264,
1583835372496117760,Lula,2022-10-23,1583835372496117760,
1583833823791677441,Lula,2022-10-23,1583833823791677441,
1583833486900985863,Lula,2022-10-23,1583833486900985863,
1583832840302522368,Lula,2022-10-23,1583832840302522368,
1583832554062643200,Lula,2022-10-23,1583832554062643200,
1583832290194784257,Lula,2022-10-23,1583832290194784257,
1583832041858400256,Lula,2022-10-23,1583832041858400256,
1583830491693580289,Lula,2022-10-23,1583830491693580289,
1583821659328630785,Lula,2022-10-23,1583821659328630785,
1583768451872849920,Lula,2022-10-23,1583768449603751937,1583768449603751937
1583768449603751937,Lula,2022-10-23,1583768449603751937,
1583642806316584960,Lula,2022-10-23,1583641419452805121,1583641419452805121
1583641419452805121,Lula,2022-10-23,1583641419452805121,
1583627956630716417,Lula,2022-10-23,1583627956630716417,
1583613564299882496,Lula,2022-10-23,1583613564299882496,
1583610278763429888,Lula,2022-10-23,1583610278763429888,
1584333132622274560,Lula,2022-10-24,1584333132622274560,
1584331782555545601,Lula,2022-10-24,1584331782555545601,
1584331090759540737,Lula,2022-10-24,1584331090759540737,
1584330720356417537,Lula,2022-10-24,1584330720356417537,
1584330518891360256,Lula,2022-10-24,1584330518891360256,
1584329516251770880,Lula,2022-10-24,1584329516251770880,
1584327710050242561,Lula,2022-10-24,1584327710050242561,
1584326511863029760,Lula,2022-10-24,1584326229918113792,1584326229918113792
1584326229918113792,Lula,2022-10-24,1584326229918113792,
1584310895768846336,Lula,2022-10-24,1584293297841111040,1584293297841111040
1584309632024989696,Lula,2022-10-24,1584309632024989696,1584293297841111040
1584273176913068034,Lula,2022-10-24,1584273176913068034,
1584255323983859712,Lula,2022-10-24,1584255323983859712,
1584229759763894274,Lula,2022-10-24,1584229759763894274,
1584226517957369858,Lula,2022-10-24,1584226517957369858,
1584224093909397507,Lula,2022-10-24,1584224093909397507,
1584218818108624896,Lula,2022-10-24,1584218818108624896,
1584177039656919040,Lula,2022-10-24,1584177039656919040,
1584155335656321026,Lula,2022-10-24,1584155335656321026,
1584139585340473347,Lula,2022-10-24,1584139585340473347,
1583988410393325568,Lula,2022-10-24,1583988410393325568,
1583975984914579457,Lula,2022-10-24,1583975984914579457,
1584676294029348866,Lula,2022-10-25,1584676294029348866,
1584664431618711552,Lula,2022-10-25,1584664431618711552,
1584646261566676992,Lula,2022-10-25,1584646255527211008,1584646258932600833
1584646258932600833,Lula,2022-10-25,1584646255527211008,1584646255527211008
1584646255527211008,Lula,2022-10-25,1584646255527211008,
1584627654644629504,Lula,2022-10-25,1584627654644629504,
1584611504610889728,Lula,2022-10-25,1584611504610889728,
1584611102502973440,Lula,2022-10-25,1584611102502973440,
1584609073340641280,Lula,2022-10-25,1584609073340641280,
1584608849494888448,Lula,2022-10-25,1584608849494888448,
1584606712673472514,Lula,2022-10-25,1584606712673472514,
1584605583877214208,Lula,2022-10-25,1584605583877214208,
1584605281371070464,Lula,2022-10-25,1584605281371070464,
1584605034628624384,Lula,2022-10-25,1584605034628624384,
1584604814205673472,Lula,2022-10-25,1584604814205673472,
1584601523476398081,Lula,2022-10-25,1584601523476398081,
1584575684122316800,Lula,2022-10-25,1584575684122316800,
1584546268847951876,Lula,2022-10-25,1584546268847951876,
1584524131776704513,Lula,2022-10-25,1584524131776704513,
1584492038220763136,Lula,2022-10-25,1584492038220763136,1584366358078242816
1584376594218463233,Lula,2022-10-25,1584376594218463233,
1584371769091072000,Lula,2022-10-25,1584371769091072000,
1584356123187896321,Lula,2022-10-25,1584356123187896321,
1584355772229484544,Lula,2022-10-25,1584355772229484544,
1584354002174504960,Lula,2022-10-25,1584354002174504960,
1584353357916884992,Lula,2022-10-25,1584353357916884992,
1584352246069751808,Lula,2022-10-25,1584352246069751808,
1584351595621666818,Lula,2022-10-25,1584351595621666818,
1584349903849152512,Lula,2022-10-25,1584349903849152512,
1584349316239327232,Lula,2022-10-25,1584349316239327232,
1584348509578596352,Lula,2022-10-25,1584348509578596352,
1584348124549877761,Lula,2022-10-25,1584348124549877761,
1584346302858821632,Lula,2022-10-25,1584346302858821632,
1584344980189216768,Lula,2022-10-25,1584344980189216768,
1584344071899709441,Lula,2022-10-25,1584344071899709441,
1584343806430031872,Lula,2022-10-25,1584343806430031872,
1584343547301371904,Lula,2022-10-25,1584343544390901760,1584343544390901760
1584343544390901760,Lula,2022-10-25,1584343544390901760,
1584339542320238592,Lula,2022-10-25,1584339542320238592,
1584338673109041153,Lula,2022-10-25,1584338673109041153,
1584337963403517953,Lula,2022-10-25,1584337963403517953,
1584337020314300418,Lula,2022-10-25,1584337020314300418,
1584336624732643329,Lula,2022-10-25,1584336624732643329,
1584335721480933378,Lula,2022-10-25,1584335721480933378,
1584334891332009984,Lula,2022-10-25,1584334891332009984,
1584334352606822401,Lula,2022-10-25,1584334352606822401,
1585058181671424000,Lula,2022-10-26,1585058181671424000,
1585055406946078720,Lula,2022-10-26,1585055406946078720,
1585055108634619904,Lula,2022-10-26,1585055108634619904,
1585053767140900865,Lula,2022-10-26,1585053767140900865,
1585053478053085184,Lula,2022-10-26,1585053478053085184,
1585053297417019392,Lula,2022-10-26,1585053297417019392,
1585051217998548992,Lula,2022-10-26,1585051217998548992,
1585049732921327616,Lula,2022-10-26,1585049732921327616,
1585049475873378305,Lula,2022-10-26,1585049475873378305,
1585049151263637504,Lula,2022-10-26,1585049151263637504,
1585048248947191808,Lula,2022-10-26,1585048248947191808,
1585047733844705283,Lula,2022-10-26,1585047733844705283,
1585044785181884416,Lula,2022-10-26,1585044785181884416,
1585042152668598272,Lula,2022-10-26,1585042152668598272,
1585020480741789696,Lula,2022-10-26,1585020475146928128,1585020478585901056
1585020478585901056,Lula,2022-10-26,1585020475146928128,1585020475146928128
1585020475146928128,Lula,2022-10-26,1585020475146928128,
1585004483787968513,Lula,2022-10-26,1585004483787968513,
1584980751648718848,Lula,2022-10-26,1584980751648718848,
1584959388720435201,Lula,2022-10-26,1584959388720435201,
1584936063557980160,Lula,2022-10-26,1584936063557980160,1584653018322333696
1584935843013066752,Lula,2022-10-26,1584653018322333696,1584653018322333696
1584914902401024003,Lula,2022-10-26,1584914902401024003,
1584892871492370438,Lula,2022-10-26,1584892871492370438,
1584867628476026880,Lula,2022-10-26,1584867628476026880,
1584864816337805312,Lula,2022-10-26,1584864816337805312,
1584864607407312896,Lula,2022-10-26,1584864607407312896,
1584862487547346944,Lula,2022-10-26,1584862487547346944,
1584862281137258496,Lula,2022-10-26,1584862281137258496,
1584860977644064768,Lula,2022-10-26,1584860977644064768,
1584860787348500480,Lula,2022-10-26,1584860787348500480,
1584859164735856640,Lula,2022-10-26,1584859164735856640,
1584858703622467585,Lula,2022-10-26,1584858703622467585,
1584858423468118022,Lula,2022-10-26,1584858423468118022,
1584857596355223552,Lula,2022-10-26,1584857596355223552,
1584856265058287616,Lula,2022-10-26,1584856265058287616,
1584853788456005634,Lula,2022-10-26,1584853788456005634,
1584713167208296449,Lula,2022-10-26,1584713167208296449,
1584712175783792641,Lula,2022-10-26,1584712175783792641,
1584710921762787328,Lula,2022-10-26,1584710921762787328,
1584710754271662086,Lula,2022-10-26,1584710754271662086,
1584710117366599681,Lula,2022-10-26,1584710117366599681,
1584708466421030912,Lula,2022-10-26,1584708466421030912,
1584697903347814400,Lula,2022-10-26,1584697903347814400,
1585405218988122114,Lula,2022-10-27,1585405218988122114,
1585398995068878872,Lula,2022-10-27,1585398995068878872,
1585395626032123904,Lula,2022-10-27,1585395626032123904,
1585395376601071616,Lula,2022-10-27,1585395376601071616,
1585395164256014336,Lula,2022-10-27,1585395164256014336,
1585392534339346433,Lula,2022-10-27,1585392534339346433,
1585392234324987905,Lula,2022-10-27,1585392234324987905,
1585392044729831425,Lula,2022-10-27,1585392044729831425,
1585391882225717249,Lula,2022-10-27,1585391882225717249,
1585391693276532736,Lula,2022-10-27,1585391693276532736,
1585390200351789056,Lula,2022-10-27,1585390200351789056,
1585389970130628609,Lula,2022-10-27,1585389970130628609,
1585389613853835264,Lula,2022-10-27,1585389613853835264,
1585387142616068096,Lula,2022-10-27,1585387142616068096,
1585386934591193088,Lula,2022-10-27,1585386934591193088,
1585385380647272448,Lula,2022-10-27,1585385380647272448,
1585385125634011136,Lula,2022-10-27,1585385125634011136,
1585383105850126336,Lula,2022-10-27,1585383105850126336,
1585382893505110016,Lula,2022-10-27,1585382893505110016,
1585382596590342144,Lula,2022-10-27,1585382596590342144,
1585378606544719872,Lula,2022-10-27,1585378606544719872,
1585374133935669248,Lula,2022-10-27,1585374133935669248,
1585373630179192832,Lula,2022-10-27,1585373630179192832,
1585373043488358400,Lula,2022-10-27,1585373043488358400,
1585363510644867073,Lula,2022-10-27,1585363510644867073,
1585352094332354560,Lula,2022-10-27,1585352094332354560,
1585335295490170880,Lula,2022-10-27,1585335295490170880,
1585304553465217024,Lula,2022-10-27,1585304553465217024,1585279329818353664
1585281170044063745,Lula,2022-10-27,1585281170044063745,
1585269520557637633,Lula,2022-10-27,1585269520557637633,
1585255924075098112,Lula,2022-10-27,1585255924075098112,
1585254532397031424,Lula,2022-10-27,1585254532397031424,
1585253345098313728,Lula,2022-10-27,1585253345098313728,
1585251653334491137,Lula,2022-10-27,1585251650859864066,1585251650859864066
1585251650859864066,Lula,2022-10-27,1585251650859864066,
1585248050460921856,Lula,2022-10-27,1585248050460921856,
1585247102619090945,Lula,2022-10-27,1585247102619090945,
1585246911229235207,Lula,2022-10-27,1585246911229235207,
1585246289629155329,Lula,2022-10-27,1585246289629155329,
1585245531118661632,Lula,2022-10-27,1585245531118661632,
1585244145584521216,Lula,2022-10-27,1585244145584521216,
1585243202738454528,Lula,2022-10-27,1585243202738454528,
1585241723646935041,Lula,2022-10-27,1585241723646935041,
1585230093731123200,Lula,2022-10-27,1585230093731123200,
1585218930410651653,Lula,2022-10-27,1585218930410651653,
1585066897372221440,Lula,2022-10-27,1585066897372221440,
1585066707114024960,Lula,2022-10-27,1585066707114024960,
1585066477572722688,Lula,2022-10-27,1585066477572722688,
1585063722539622402,Lula,2022-10-27,1585063722539622402,
1585063414145372160,Lula,2022-10-27,1585063414145372160,
1585756543726759936,Lula,2022-10-28,1585756539532582913,1585756539532582913
1585756539532582913,Lula,2022-10-28,1585756539532582913,
1585725372993183745,Lula,2022-10-28,1585725372993183745,
1585717399088730112,Lula,2022-10-28,1585717399088730112,1585668907762843651
1585712939851403264,Lula,2022-10-28,1585712939851403264,
1585698327043182600,Lula,2022-10-28,1585698327043182600,
1585672572678688769,Lula,2022-10-28,1585672572678688769,
1585663757564448769,Lula,2022-10-28,1585652200298188801,1585652200298188801
1585652909697638400,Lula,2022-10-28,1585652909697638400,
1585618969649729537,Lula,2022-10-28,1585618969649729537,
1585610293308178433,Lula,2022-10-28,1585610293308178433,
1585596265420693508,Lula,2022-10-28,1585596265420693508,
1585595912000249857,Lula,2022-10-28,1585595912000249857,
1585595038880468992,Lula,2022-10-28,1585595038880468992,
1585594714576850946,Lula,2022-10-28,1585594714576850946,
1585594608695726080,Lula,2022-10-28,1585594608695726080,
1585593929914793984,Lula,2022-10-28,1585593929914793984,
1585589317485092865,Lula,2022-10-28,1585589317485092865,
1585576579664576515,Lula,2022-10-28,1585576579664576515,
1585460249502404608,Lula,2022-10-28,1585460249502404608,
1585436717208965120,Lula,2022-10-28,1585436717208965120,
1585423266256232448,Lula,2022-10-28,1585423266256232448,
1586117709657387008,Lula,2022-10-29,1586117709657387008,
1586104000889651200,Lula,2022-10-29,1586104000889651200,
1586087686196326400,Lula,2022-10-29,1586068276878233602,1586068276878233602
1586082372398612480,Lula,2022-10-29,1586014086780813313,1586014086780813313
1586053804172218368,Lula,2022-10-29,1586053804172218368,
1586033491472519170,Lula,2022-10-29,1586033491472519170,
1586017896358092800,Lula,2022-10-29,1586017896358092800,
1586007856272363521,Lula,2022-10-29,1586007856272363521,1585996842999119877
1586007604727525379,Lula,2022-10-29,1585996842999119877,1585996842999119877
1585995596351275009,Lula,2022-10-29,1585995596351275009,
1585972557194432515,Lula,2022-10-29,1585972557194432515,
1585939567185694727,Lula,2022-10-29,1585939567185694727,
1585798866200367104,Lula,2022-10-29,1585798866200367104,
1586503926895243265,Lula,2022-10-30,1586503919689437184,1586503924646760449
1586503924646760449,Lula,2022-10-30,1586503919689437184,1586503919689437184
1586503919689437184,Lula,2022-10-30,1586503919689437184,
1586495913513689091,Lula,2022-10-30,1586495913513689091,
1586484260139065344,Lula,2022-10-30,1586484260139065344,
1586467541450657792,Lula,2022-10-30,1586467541450657792,
1586446775576977408,Lula,2022-10-30,1586446775576977408,
1586440104679120897,Lula,2022-10-30,1586440104679120897,
1586437087154171906,Lula,2022-10-30,1586437087154171906,
1586436233428729856,Lula,2022-10-30,1586436233428729856,
1586435647606165504,Lula,2022-10-30,1586435647606165504,
1586435016158072834,Lula,2022-10-30,1586435014199152641,1586435014199152641
1586435014199152641,Lula,2022-10-30,1586435014199152641,
1586425906788466688,Lula,2022-10-30,1586425906788466688,
1586418453925208065,Lula,2022-10-30,1586418453925208065,
1586407531932704769,Lula,2022-10-30,1586407531932704769,1586386651299065856
1586400587838803968,Lula,2022-10-30,1586400587838803968,
1586391620685123584,Lula,2022-10-30,1586391620685123584,
1586380244122218497,Lula,2022-10-30,1586380244122218497,1585734271569985538
1586369634671874049,Lula,2022-10-30,1586369634671874049,
1586357241321754624,Lula,2022-10-30,1586357241321754624,
1586348618532810753,Lula,2022-10-30,1586348618532810753,
1586335531113369606,Lula,2022-10-30,1586335531113369606,1586256227327090690
1586335369712263168,Lula,2022-10-30,1586256227327090690,1586256227327090690
1586330384609947648,Lula,2022-10-30,1586330384609947648,
1586321966012956672,Lula,2022-10-30,1586321966012956672,
1586308279977664512,Lula,2022-10-30,1586308279977664512,
1586211786088488963,Lula,2022-10-30,1586211786088488963,
1586190666832703488,Lula,2022-10-30,1586190666832703488,
1586188946530340864,Lula,2022-10-30,1586188946530340864,
1586187337612267520,Lula,2022-10-30,1586187337612267520,
1586186864956178433,Lula,2022-10-30,1586186864956178433,
1586186650001977344,Lula,2022-10-30,1586186650001977344,
1586185389945004032,Lula,2022-10-30,1586185389945004032,1584201850987114503
1586184625818591233,Lula,2022-10-30,1586184625818591233,
1586183573416992770,Lula,2022-10-30,1586183573416992770,
1586183450439995392,Lula,2022-10-30,1586183450439995392,
1586182656940613633,Lula,2022-10-30,1586182656940613633,
1586182234213875714,Lula,2022-10-30,1586182234213875714,
1586182068102647808,Lula,2022-10-30,1586182068102647808,
1586180150521393152,Lula,2022-10-30,1586180150521393152,
1586179490622935042,Lula,2022-10-30,1586179490622935042,
1586178734268493824,Lula,2022-10-30,1586178734268493824,
1586177519169912833,Lula,2022-10-30,1586177519169912833,
1586177174020792320,Lula,2022-10-30,1586177174020792320,
1586176910622531584,Lula,2022-10-30,1586176910622531584,
1586176765705478144,Lula,2022-10-30,1586176765705478144,
1586174618691256321,Lula,2022-10-30,1586174618691256321,
1586174051038412800,Lula,2022-10-30,1586174051038412800,
1586173153205575683,Lula,2022-10-30,1586173153205575683,
1586172290223546368,Lula,2022-10-30,1586172290223546368,
1586171813813317632,Lula,2022-10-30,1586171813813317632,
1586171324694614017,Lula,2022-10-30,1586171324694614017,
1586170131742429187,Lula,2022-10-30,1586170131742429187,
1586169801298575361,Lula,2022-10-30,1586169801298575361,
1586169261332254720,Lula,2022-10-30,1586169261332254720,
1586168386630946816,Lula,2022-10-30,1586168386630946816,
1586168015099678720,Lula,2022-10-30,1586168015099678720,
1586167339506348032,Lula,2022-10-30,1586167339506348032,
1586166942867521537,Lula,2022-10-30,1586166942867521537,
1586164564588220417,Lula,2022-10-30,1586164564588220417,
1586163335149805568,Lula,2022-10-30,1586163335149805568,
1586162790011572224,Lula,2022-10-30,1586162790011572224,
1586161318905749504,Lula,2022-10-30,1586161318905749504,
1586161070091083776,Lula,2022-10-30,1586161070091083776,
1586159708448215040,Lula,2022-10-30,1586159708448215040,
1586158760757583872,Lula,2022-10-30,1586158760757583872,
1586157675326283776,Lula,2022-10-30,1586157675326283776,
1586157086710587392,Lula,2022-10-30,1586157086710587392,
1586156635705442305,Lula,2022-10-30,1586156635705442305,
1586156236571033601,Lula,2022-10-30,1586156236571033601,
1586154989835014144,Lula,2022-10-30,1586154989835014144,
1586154797073252353,Lula,2022-10-30,1586154797073252353,
1586153931008253956,Lula,2022-10-30,1586153931008253956,
1586870354831622145,Lula,2022-10-31,1586870354831622145,
1586870077265252354,Lula,2022-10-31,1586870077265252354,
1586869746103894017,Lula,2022-10-31,1586869746103894017,
1586869537290461186,Lula,2022-10-31,1586869537290461186,
1586869332084228099,Lula,2022-10-31,1586869332084228099,
1586869002894180352,Lula,2022-10-31,1586869002894180352,
1586868842810187777,Lula,2022-10-31,1586868842810187777,
1586867412393406464,Lula,2022-10-31,1586867412393406464,
1586552167632056320,Lula,2022-10-31,1586552167632056320,
1586544997393760256,Lula,2022-10-31,1586544997393760256,
1586538526253977604,Lula,2022-10-31,1586538526253977604,
1586533427586531328,Lula,2022-10-31,1586533427586531328,
1586523736051974145,Lula,2022-10-31,1586523721119936513,1586523728342437888
1586523728342437888,Lula,2022-10-31,1586523721119936513,1586523724924260353
1586523724924260353,Lula,2022-10-31,1586523721119936513,1586523721119936513
1586523721119936513,Lula,2022-10-31,1586523721119936513,
1586512697616527360,Lula,2022-10-31,1586512697616527360,
1587201724330172416,Lula,2022-11-01,1587201724330172416,
1587177663654920193,Lula,2022-11-01,1587177663654920193,
1587162351014477830,Lula,2022-11-01,1587162351014477830,
1587143898459213825,Lula,2022-11-01,1587143898459213825,
1587061575155843073,Lula,2022-11-01,1587061575155843073,
1586929201587724289,Lula,2022-11-01,1586929201587724289,
1586897717959495681,Lula,2022-11-01,1586897717959495681,
1586875548361527296,Lula,2022-11-01,1586875548361527296,
1586873999048466432,Lula,2022-11-01,1586873999048466432,
1586873795872276480,Lula,2022-11-01,1586873795872276480,
1586873639609290753,Lula,2022-11-01,1586873639609290753,
1586873421266313216,Lula,2022-11-01,1586873421266313216,
1586873247127183366,Lula,2022-11-01,1586873247127183366,
1586873075001446406,Lula,2022-11-01,1586873075001446406,
1586872883439144965,Lula,2022-11-01,1586872883439144965,
1586872616161361921,Lula,2022-11-01,1586872616161361921,
1586872454726688768,Lula,2022-11-01,1586872454726688768,
1586872287852101637,Lula,2022-11-01,1586872287852101637,
1586872133183049728,Lula,2022-11-01,1586872133183049728,
1586871982531936256,Lula,2022-11-01,1586871982531936256,
1586871778126831618,Lula,2022-11-01,1586871778126831618,
1586871585688158208,Lula,2022-11-01,1586871585688158208,
1586871276035088384,Lula,2022-11-01,1586871276035088384,
1586871098708299777,Lula,2022-11-01,1586871098708299777,
1586870930688688129,Lula,2022-11-01,1586870930688688129,
1586870753659600899,Lula,2022-11-01,1586870753659600899,
1586870594544484353,Lula,2022-11-01,1586870594544484353,
1587555941901377537,Lula,2022-11-02,1587555941901377537,1587551653288370178
1587453004197888000,Lula,2022-11-02,1587453004197888000,
1587412514903670784,Lula,2022-11-02,1587412514903670784,
1587238589687029760,Lula,2022-11-02,1587238589687029760,
1587872075666038784,Lula,2022-11-03,1587872075666038784,1587632199351803904
1587784348887142404,Lula,2022-11-03,1587784341505056768,1587784341505056768
1587784341505056768,Lula,2022-11-03,1587784341505056768,
1587613044301041667,Lula,2022-11-03,1587613044301041667,
1588307873670787072,Lula,2022-11-04,1588307873670787072,
1588281046109687808,Lula,2022-11-04,1588281046109687808,1588273801028149248
1588203385488134146,Lula,2022-11-04,1588203385488134146,1571528846578417671
1588144238973313024,Lula,2022-11-04,1588144238973313024,
1588635979753000960,Lula,2022-11-05,1588635979753000960,
1588591924935479296,Lula,2022-11-05,1588591924935479296,
1588555407576174593,Lula,2022-11-05,1588555407576174593,
1588490088853704704,Lula,2022-11-05,1588490088853704704,
1589001941488541696,Lula,2022-11-06,1589001941488541696,1588652695203766273
1588925940582649856,Lula,2022-11-06,1588925940582649856,
1588865746238836738,Lula,2022-11-06,1588865746238836738,
1589277920236736513,Lula,2022-11-07,1589277920236736513,1589271674108923904
1589728807690604546,Lula,2022-11-08,1589728807690604546,
1589705401729429504,Lula,2022-11-08,1589705401729429504,
1589614889903218688,Lula,2022-11-08,1589614889903218688,
1589559637971709952,Lula,2022-11-08,1589559637971709952,
1590090107071365123,Lula,2022-11-09,1590090107071365123,
1590087483064057856,Lula,2022-11-09,1590087483064057856,
1590035596390838272,Lula,2022-11-09,1590035596390838272,
1589956682494640130,Lula,2022-11-09,1589956682494640130,1589942956001464322
1590494066130620416,Lula,2022-11-10,1590494066130620416,
1590462500100706304,Lula,2022-11-10,1590462500100706304,
1590460543298854912,Lula,2022-11-10,1590460543298854912,
1590460434993201152,Lula,2022-11-10,1590460434993201152,
1590457507356737536,Lula,2022-11-10,1590457507356737536,
1590448882353569792,Lula,2022-11-10,1590448882353569792,
1590440552113516544,Lula,2022-11-10,1590440552113516544,
1590427597275422721,Lula,2022-11-10,1590427597275422721,
1590385034246377472,Lula,2022-11-10,1590385034246377472,
1590358585233788928,Lula,2022-11-10,1590358581643456512,1590358581643456512
1590358581643456512,Lula,2022-11-10,1590358581643456512,
1590313448776552449,Lula,2022-11-10,1590313448776552449,
1590809906910986240,Lula,2022-11-11,1590809906910986240,
1590808879956627456,Lula,2022-11-11,1590780507230720000,1590798668285681665
1590780507230720000,Lula,2022-11-11,1590780507230720000,1590732797962223616
1590768240900202496,Lula,2022-11-11,1590768240900202496,
1590733954621255681,Lula,2022-11-11,1590733954621255681,1590710670177148928
1590721760026320898,Lula,2022-11-11,1590721760026320898,
1590717860615450625,Lula,2022-11-11,1590717860615450625,
1590716406227927041,Lula,2022-11-11,1590716406227927041,
1590715910767054848,Lula,2022-11-11,1590715910767054848,
1590715703048273920,Lula,2022-11-11,1590715703048273920,
1590713493837447169,Lula,2022-11-11,1590713493837447169,
1590710383576502275,Lula,2022-11-11,1590710383576502275,
1590709720234745856,Lula,2022-11-11,1590709720234745856,
1590708015841566722,Lula,2022-11-11,1590708015841566722,
1590704047803465734,Lula,2022-11-11,1590704047803465734,
1590664197184290816,Lula,2022-11-11,1590664197184290816,
1590513378560466945,Lula,2022-11-11,1590513378560466945,
1591040764154646529,Lula,2022-11-12,1591040764154646529,
1591551268622835712,Lula,2022-11-13,1591551268622835712,
1591431760285519872,Lula,2022-11-13,1591431760285519872,1591420552627236865
1591413480745500677,Lula,2022-11-13,1591413480745500677,
1591752930746830850,Lula,2022-11-14,1591752930746830850,
1592276695985557505,Lula,2022-11-15,1592276695985557505,1592211216789024769
1592230265300353024,Lula,2022-11-15,1592230265300353024,
1592222200874291200,Lula,2022-11-15,1592222200874291200,
1592175812522176517,Lula,2022-11-15,1592175812522176517,
1592150721147047938,Lula,2022-11-15,1592150721147047938,1591968169534672896
1592111977002053632,Lula,2022-11-15,1592111977002053632,
1591987653741842437,Lula,2022-11-15,1591987653741842437,1591931592578322434
1592638691566321664,Lula,2022-11-16,1592638691566321664,
1592623712481988608,Lula,2022-11-16,1592623712481988608,
1592591155912650753,Lula,2022-11-16,1592591155912650753,
1592533455010955265,Lula,2022-11-16,1592533455010955265,
1593016353610661889,Lula,2022-11-17,1593016353610661889,
1592988584835166208,Lula,2022-11-17,1592988584835166208,
1592929146392707073,Lula,2022-11-17,1592929146392707073,
1592914124731994115,Lula,2022-11-17,1592914124731994115,
1592912882890866693,Lula,2022-11-17,1592912882890866693,
1592910564141207553,Lula,2022-11-17,1592910564141207553,
1592910477923078151,Lula,2022-11-17,1592910475888467968,1592910475888467968
1592910475888467968,Lula,2022-11-17,1592910475888467968,
1592909767122759680,Lula,2022-11-17,1592909767122759680,
1592909653155139584,Lula,2022-11-17,1592909653155139584,
1592909577779302400,Lula,2022-11-17,1592909577779302400,
1592909502918991872,Lula,2022-11-17,1592909502918991872,
1592908125991931905,Lula,2022-11-17,1592908125991931905,
1592907987597012993,Lula,2022-11-17,1592907987597012993,
1592907365673627649,Lula,2022-11-17,1592907365673627649,
1592907104871845888,Lula,2022-11-17,1592907104871845888,
1592906318033334273,Lula,2022-11-17,1592906318033334273,
1592906159916453888,Lula,2022-11-17,1592906159916453888,
1592905605542739968,Lula,2022-11-17,1592905605542739968,
1592905528275251204,Lula,2022-11-17,1592905528275251204,
1592905425837756416,Lula,2022-11-17,1592905425837756416,
1592905142877450242,Lula,2022-11-17,1592905140532830208,1592905140532830208
1592905140532830208,Lula,2022-11-17,1592905140532830208,
1592893519991300097,Lula,2022-11-17,1592893519991300097,
1592878553934491649,Lula,2022-11-17,1592878553934491649,
1592865754562822145,Lula,2022-11-17,1592865747952611328,1592865752490860544
1592865752490860544,Lula,2022-11-17,1592865747952611328,1592865747952611328
1592865747952611328,Lula,2022-11-17,1592865747952611328,
1592827915489902594,Lula,2022-11-17,1592827915489902594,
1592825508169158657,Lula,2022-11-17,1592825508169158657,
1592825339595853825,Lula,2022-11-17,1592825339595853825,
1592818848138690561,Lula,2022-11-17,1592818848138690561,
1593373160241496066,Lula,2022-11-18,1593373160241496066,
1593351986585427976,Lula,2022-11-18,1593351986585427976,
1593279903327457282,Lula,2022-11-18,1593279903327457282,
1593270730837430274,Lula,2022-11-18,1593270730837430274,
1593270280826359810,Lula,2022-11-18,1593270280826359810,
1593260047609790465,Lula,2022-11-18,1593260047609790465,
1593257741984083969,Lula,2022-11-18,1593257741984083969,
1593257561519968256,Lula,2022-11-18,1593257561519968256,
1593256935738216450,Lula,2022-11-18,1593256935738216450,
1593250447883919363,Lula,2022-11-18,1593250447883919363,
1593204547841052672,Lula,2022-11-18,1593204547841052672,
1593179978023469057,Lula,2022-11-18,1593179978023469057,
1593173055651446784,Lula,2022-11-18,1593173055651446784,
1593171373316526081,Lula,2022-11-18,1593171373316526081,
1593171057417981952,Lula,2022-11-18,1593171057417981952,
1593170757021859840,Lula,2022-11-18,1593170757021859840,
1593170563572170752,Lula,2022-11-18,1593170563572170752,
1593035138945888256,Lula,2022-11-18,1593035131216105472,1593035131216105472
1593035131216105472,Lula,2022-11-18,1593035131216105472,
1593731570287919104,Lula,2022-11-19,1593731570287919104,
1593724870944251904,Lula,2022-11-19,1593724870944251904,
1593723703879147521,Lula,2022-11-19,1593723703879147521,
1593721940065280002,Lula,2022-11-19,1593721940065280002,
1593720513242726400,Lula,2022-11-19,1593720513242726400,
1593720372872056832,Lula,2022-11-19,1593720372872056832,
1593720270442962946,Lula,2022-11-19,1593720270442962946,
1593718715572686848,Lula,2022-11-19,1593718715572686848,
1593686096633892866,Lula,2022-11-19,1593686096633892866,
1593664088776871936,Lula,2022-11-19,1593664088776871936,
1593582498683961346,Lula,2022-11-19,1593369969068220418,1593369969068220418
1593575218236334080,Lula,2022-11-19,1593575218236334080,1593473395513085958
1593559418976755713,Lula,2022-11-19,1593559418976755713,
1594052184357818369,Lula,2022-11-20,1594052184357818369,
1594038884991897601,Lula,2022-11-20,1594038884991897601,
1593948631765319685,Lula,2022-11-20,1593948631765319685,
1593933821774245888,Lula,2022-11-20,1593933821774245888,
1593932872456470529,Lula,2022-11-20,1593932872456470529,
1593930679645048843,Lula,2022-11-20,1593930679645048843,
1593930555120390146,Lula,2022-11-20,1593930555120390146,
1593929254978347008,Lula,2022-11-20,1593929254978347008,
1593928918804873216,Lula,2022-11-20,1593928918804873216,
1593925028508479488,Lula,2022-11-20,1593925028508479488,
1593755962589995008,Lula,2022-11-20,1593755962589995008,
1594417512069865472,Lula,2022-11-21,1594417508748230656,1594417508748230656
1594417508748230656,Lula,2022-11-21,1594417508748230656,
1594315621877002241,Lula,2022-11-21,1594315621877002241,
1594284664918667264,Lula,2022-11-21,1594284659193839617,1594284662964506625
1594284662964506625,Lula,2022-11-21,1594284659193839617,1594284661081272322
1594284661081272322,Lula,2022-11-21,1594284659193839617,1594284659193839617
1594284659193839617,Lula,2022-11-21,1594284659193839617,
1594828103938973705,Lula,2022-11-22,1594828103938973705,
1594753292860538887,Lula,2022-11-22,1594753292860538887,
1594738350258274306,Lula,2022-11-22,1594738350258274306,
1594666921588391941,Lula,2022-11-22,1594666921588391941,
1595142182335193089,Lula,2022-11-23,1595142182335193089,
1595104679096381442,Lula,2022-11-23,1595104679096381442,
1595096525469880322,Lula,2022-11-23,1595096523758792705,1595096523758792705
1595096523758792705,Lula,2022-11-23,1595096523758792705,
1595009509235343361,Lula,2022-11-23,1595009509235343361,
1595536096531976193,Lula,2022-11-24,1595532988904775680,1595532988904775680
1595532988904775680,Lula,2022-11-24,1595532988904775680,
1595496615527485440,Lula,2022-11-24,1595496615527485440,
1595455177070452739,Lula,2022-11-24,1595455177070452739,1595446329643524097
1595407870379663360,Lula,2022-11-24,1595407870379663360,
1595369432410464258,Lula,2022-11-24,1595369432410464258,
1595208360298700806,Lula,2022-11-24,1595208360298700806,
1595914497306361858,Lula,2022-11-25,1595914497306361858,
1595887237400776704,Lula,2022-11-25,1595887237400776704,
1595804036397137921,Lula,2022-11-25,1595804036397137921,1595797562358996993
1595730790041747457,Lula,2022-11-25,1595730790041747457,
1596203950667345920,Lula,2022-11-26,1596203950667345920,
1596177551138951171,Lula,2022-11-26,1596177551138951171,
1596143967758069760,Lula,2022-11-26,1596143967758069760,
1596096429382324224,Lula,2022-11-26,1596096429382324224,
1596478114984501249,Lula,2022-11-27,1596478114984501249,
1596870968705572864,Lula,2022-11-28,1596870968705572864,1596831925011972096
1597370321493192705,Lula,2022-11-29,1597370321493192705,
1597299115494641664,Lula,2022-11-29,1597299115494641664,
1597178543515242496,Lula,2022-11-29,1597178543515242496,
1597686604784898048,Lula,2022-11-30,1597686602918428673,1597686602918428673
1597686602918428673,Lula,2022-11-30,1597686602918428673,
1597587218423779329,Lula,2022-11-30,1597587218423779329,
1597542286145249281,Lula,2022-11-30,1597542286145249281,
1597407126195867648,Lula,2022-11-30,1597407126195867648,
1598021080681447425,Lula,2022-12-01,1598021080681447425,
1598018486634414081,Lula,2022-12-01,1598018486634414081,1597987125949263873
1597981317244719104,Lula,2022-12-01,1597981317244719104,
1597956015290736641,Lula,2022-12-01,1597956015290736641,
1597931839120777217,Lula,2022-12-01,1597931839120777217,
1598458995261456386,Lula,2022-12-02,1598458995261456386,
1598408554607947776,Lula,2022-12-02,1598408554607947776,
1598381584859729931,Lula,2022-12-02,1598381584859729931,1598343358887469058
1598337798934781959,Lula,2022-12-02,1598337798934781959,
1598303831242076161,Lula,2022-12-02,1598303831242076161,
1598264066476503040,Lula,2022-12-02,1598264066476503040,
1598106614091116545,Lula,2022-12-02,1598106614091116545,
1598825694225653760,Lula,2022-12-03,1598825694225653760,
1598740127643308045,Lula,2022-12-03,1598740127643308045,
1598717459460145155,Lula,2022-12-03,1598717459460145155,
1598710879800786945,Lula,2022-12-03,1598710879800786945,
1598710316766052356,Lula,2022-12-03,1598710316766052356,
1598702554136940545,Lula,2022-12-03,1598702554136940545,
1598701257669365760,Lula,2022-12-03,1598701257669365760,
1598692980105281544,Lula,2022-12-03,1598663699312566272,1598663701485293576
1598663701485293576,Lula,2022-12-03,1598663699312566272,1598663699312566272
1598663699312566272,Lula,2022-12-03,1598663699312566272,
1598653790823059458,Lula,2022-12-03,1598653790823059458,
1598997153275604996,Lula,2022-12-04,1598997153275604996,
1599909935185174528,Lula,2022-12-06,1599909935185174528,
1599878835226365952,Lula,2022-12-06,1599878835226365952,
1599810302891393025,Lula,2022-12-06,1599810302891393025,
1599713610150055937,Lula,2022-12-06,1599713610150055937,
1600242893922349056,Lula,2022-12-07,1600242893922349056,1600230594473914368
1600223659641430016,Lula,2022-12-07,1600223659641430016,
1600200343475716096,Lula,2022-12-07,1600200343475716096,
1600194988893442048,Lula,2022-12-07,1600194988893442048,
1600100703376011264,Lula,2022-12-07,1600100703376011264,
1600618148365049856,Lula,2022-12-08,1600618148365049856,
1600590634112675841,Lula,2022-12-08,1600590634112675841,
1600558520268918784,Lula,2022-12-08,1600558520268918784,
1600522220970938371,Lula,2022-12-08,1600522220970938371,
1600506603790286848,Lula,2022-12-08,1600506603790286848,
1600503112632238081,Lula,2022-12-08,1600503112632238081,
1600999951361724417,Lula,2022-12-09,1600999951361724417,
1600980476755595264,Lula,2022-12-09,1600980476755595264,
1600943407870144512,Lula,2022-12-09,1600943407870144512,
1600935509244538882,Lula,2022-12-09,1600935507340365824,1600935507340365824
1600935507340365824,Lula,2022-12-09,1600935507340365824,
1600913630773809152,Lula,2022-12-09,1600913630773809152,
1600904808570814465,Lula,2022-12-09,1600904808570814465,
1600886441017741312,Lula,2022-12-09,1600886441017741312,
1600827695935655936,Lula,2022-12-09,1600827695935655936,
1601286934193524737,Lula,2022-12-10,1601286934193524737,
1601226983840833536,Lula,2022-12-10,1601226983840833536,
1601226273686110208,Lula,2022-12-10,1601226273686110208,
1601225767299731457,Lula,2022-12-10,1601225767299731457,
1601225245515743232,Lula,2022-12-10,1601225243741540352,1601225243741540352
1601225243741540352,Lula,2022-12-10,1601225243741540352,
1601215191290904576,Lula,2022-12-10,1601215160081080323,1601215185020018688
1601215185020018688,Lula,2022-12-10,1601215160081080323,1601215179307778049
1601215179307778049,Lula,2022-12-10,1601215160081080323,1601215171820949505
1601215171820949505,Lula,2022-12-10,1601215160081080323,1601215166045392896
1601215166045392896,Lula,2022-12-10,1601215160081080323,1601215160081080323
1601215160081080323,Lula,2022-12-10,1601215160081080323,
1601213369943732227,Lula,2022-12-10,1601213369943732227,
1601163451467907073,Lula,2022-12-10,1601163451467907073,
1601697219765501952,Lula,2022-12-11,1601697219765501952,
1601548501166395393,Lula,2022-12-11,1601548501166395393,
1601380404174327808,Lula,2022-12-11,1601380404174327808,
1602059187546120193,Lula,2022-12-12,1602059187546120193,
1601953534819422208,Lula,2022-12-12,1600973807308578816,1600973807308578816
1601903673092751363,Lula,2022-12-12,1601903673092751363,
1602438228669243397,Lula,2022-12-13,1602387747930402816,1602387747930402816
1602430153468280832,Lula,2022-12-13,1602378443026763776,1602378443026763776
1602421765892100097,Lula,2022-12-13,1602421765892100097,
1602365107350245398,Lula,2022-12-13,1602365107350245398,
1602362466020855822,Lula,2022-12-13,1602362466020855822,
1602361731543699473,Lula,2022-12-13,1602361731543699473,
1602361507010023434,Lula,2022-12-13,1602361507010023434,
1602361252424126464,Lula,2022-12-13,1602361252424126464,
1602361002099707933,Lula,2022-12-13,1602361002099707933,
1602360767050825729,Lula,2022-12-13,1602360767050825729,
1602360557524455440,Lula,2022-12-13,1602360556144529421,1602360556144529421
1602360556144529421,Lula,2022-12-13,1602360556144529421,
1602360327215222806,Lula,2022-12-13,1602360323830419459,1602360325487169541
1602360325487169541,Lula,2022-12-13,1602360323830419459,1602360323830419459
1602360323830419459,Lula,2022-12-13,1602360323830419459,
1602359790491275265,Lula,2022-12-13,1602359790491275265,
1602359690725396482,Lula,2022-12-13,1602359690725396482,
1602359598069026830,Lula,2022-12-13,1602359598069026830,
1602359480938893342,Lula,2022-12-13,1602359480938893342,
1602359088297418752,Lula,2022-12-13,1602359088297418752,
1602353883644588032,Lula,2022-12-13,1602353883644588032,
1602265355430334464,Lula,2022-12-13,1602265355430334464,
1602109146702151682,Lula,2022-12-13,1602109146702151682,
1602091893588123648,Lula,2022-12-13,1602091893588123648,
1602790352112467970,Lula,2022-12-14,1601215160081080323,1601215191290904576
1602777318791196673,Lula,2022-12-14,1602777318791196673,
1602768808065740800,Lula,2022-12-14,1602768808065740800,
1602750686663512064,Lula,2022-12-14,1602750686663512064,
1602746045619912704,Lula,2022-12-14,1602746045619912704,
1602743053206556672,Lula,2022-12-14,1602743053206556672,
1602742421070450688,Lula,2022-12-14,1602742421070450688,
1602742194280230912,Lula,2022-12-14,1602742192438759426,1602742192438759426
1602742192438759426,Lula,2022-12-14,1602742192438759426,
1602741048085999617,Lula,2022-12-14,1602741048085999617,
1602740687740338176,Lula,2022-12-14,1602740687740338176,
1602740403676946432,Lula,2022-12-14,1602740401013661700,1602740401013661700
1602740401013661700,Lula,2022-12-14,1602740401013661700,
1602740129436688387,Lula,2022-12-14,1602740129436688387,
1602737786242605059,Lula,2022-12-14,1602737786242605059,
1602727687541620736,Lula,2022-12-14,1602727687541620736,
1602672310523133952,Lula,2022-12-14,1602672310523133952,
1602619110264807424,Lula,2022-12-14,1602619110264807424,
1602461770798563329,Lula,2022-12-14,1602461770798563329,
1603152336196624384,Lula,2022-12-15,1603152336196624384,
1603096368070942721,Lula,2022-12-15,1603096368070942721,
1603073859871248384,Lula,2022-12-15,1603073859871248384,1602973207849570305
1603062919599906817,Lula,2022-12-15,1603062919599906817,
1603048563306627074,Lula,2022-12-15,1603048563306627074,
1603016865562894338,Lula,2022-12-15,1603016865562894338,
1602974837319864320,Lula,2022-12-15,1602974837319864320,
1602831984908189698,Lula,2022-12-15,1602831984908189698,
1602816650331492353,Lula,2022-12-15,1602816650331492353,
1603496764291842048,Lula,2022-12-16,1603496764291842048,
1603449462915039232,Lula,2022-12-16,1603449462915039232,
1603412272688291840,Lula,2022-12-16,1603412272688291840,
1603412139045257219,Lula,2022-12-16,1603412139045257219,
1603411817115648003,Lula,2022-12-16,1603411817115648003,
1603411142877011970,Lula,2022-12-16,1603411142877011970,
1603410883169992705,Lula,2022-12-16,1603410883169992705,
1603400062612418560,Lula,2022-12-16,1603400062612418560,
1603336952178163717,Lula,2022-12-16,1603336952178163717,
1603179547268112384,Lula,2022-12-16,1603179547268112384,
1603844636614791168,Lula,2022-12-17,1603844636614791168,1603831149595328524
1603824817441996818,Lula,2022-12-17,1603824817441996818,
1603777047079297025,Lula,2022-12-17,1603777047079297025,
1603696464110256131,Lula,2022-12-17,1603696464110256131,
1604257222736887809,Lula,2022-12-18,1604257222736887809,
1604219257545543682,Lula,2022-12-18,1604219257545543682,
1604164041689427968,Lula,2022-12-18,1604164041689427968,
1604106944415141888,Lula,2022-12-18,1604106944415141888,
1604063543246069760,Lula,2022-12-18,1604063543246069760,
1604539948748754946,Lula,2022-12-19,1604539948748754946,
1604434464976814080,Lula,2022-12-19,1604434464976814080,
1604904551848366080,Lula,2022-12-20,1604904551848366080,1604861300558929924
1604867763129966592,Lula,2022-12-20,1604867763129966592,
1604860528610144256,Lula,2022-12-20,1604860528610144256,
1604780512178049026,Lula,2022-12-20,1604780512178049026,
1605292985935360001,Lula,2022-12-21,1605292985935360001,
1605219180835381254,Lula,2022-12-21,1605219180835381254,
1605191365234769922,Lula,2022-12-21,1605191365234769922,1604966216417906691
1605145569793548289,Lula,2022-12-21,1605145569793548289,
1605680754779906057,Lula,2022-12-22,1605665799837982721,1605665799837982721
1605653039976976384,Lula,2022-12-22,1605653039976976384,
1605603095194456065,Lula,2022-12-22,1605603095194456065,
1605544779072143360,Lula,2022-12-22,1605544779072143360,
1605510101816594433,Lula,2022-12-22,1605510101816594433,
1605354421528977409,Lula,2022-12-22,1605354421528977409,
1606067018616406021,Lula,2022-12-23,1606067018616406021,
1606041689927229440,Lula,2022-12-23,1606041689927229440,
1606012493981052928,Lula,2022-12-23,1606012469578633216,1606012488629202945
1606012488629202945,Lula,2022-12-23,1606012469578633216,1606012482278920192
1606012482278920192,Lula,2022-12-23,1606012469578633216,1606012474720784384
1606012474720784384,Lula,2022-12-23,1606012469578633216,1606012469578633216
1606012469578633216,Lula,2022-12-23,1606012469578633216,
1605972014015340544,Lula,2022-12-23,1605972014015340544,
1605970784689668101,Lula,2022-12-23,1605970784689668101,
1605943741964947457,Lula,2022-12-23,1605943741964947457,
1605943020536438784,Lula,2022-12-23,1605943020536438784,
1605937119360229376,Lula,2022-12-23,1601215160081080323,1605936762777309184
1605936762777309184,Lula,2022-12-23,1601215160081080323,1605936758448857093
1605936758448857093,Lula,2022-12-23,1601215160081080323,1605936754195763201
1605936754195763201,Lula,2022-12-23,1601215160081080323,1605936282634526721
1605936282634526721,Lula,2022-12-23,1601215160081080323,1605936279132200962
1605936279132200962,Lula,2022-12-23,1601215160081080323,1605936273708957698
1605936273708957698,Lula,2022-12-23,1601215160081080323,1605935779364147201
1605935779364147201,Lula,2022-12-23,1601215160081080323,1605935774788190210
1605935774788190210,Lula,2022-12-23,1601215160081080323,1605935097391173632
1605935097391173632,Lula,2022-12-23,1601215160081080323,1605935091720417280
1605935091720417280,Lula,2022-12-23,1601215160081080323,1605935086683279363
1605935086683279363,Lula,2022-12-23,1601215160081080323,1605935080634998785
1605935080634998785,Lula,2022-12-23,1601215160081080323,1605935075387899911
1605935075387899911,Lula,2022-12-23,1601215160081080323,1605935071117987840
1605935071117987840,Lula,2022-12-23,1601215160081080323,1602790352112467970
1605933745160482817,Lula,2022-12-23,1605933745160482817,
1605929748693102592,Lula,2022-12-23,1605929748693102592,
1605928171240443905,Lula,2022-12-23,1605928171240443905,
1605922944651530240,Lula,2022-12-23,1605922944651530240,
1605871398945185792,Lula,2022-12-23,1605871398945185792,
1606386950948196361,Lula,2022-12-24,1606386950948196361,1605934300452589568
1606363592856567828,Lula,2022-12-24,1606300575888465920,1606300575888465920
1606302775733895172,Lula,2022-12-24,1606302775733895172,1606258319940759552
1606244138763948032,Lula,2022-12-24,1606244138763948032,
1606100004875141123,Lula,2022-12-24,1606100004875141123,
1606081934513168384,Lula,2022-12-24,1606081934513168384,
1606650015862120451,Lula,2022-12-25,1606650003811966976,1606650013307871233
1606650013307871233,Lula,2022-12-25,1606650003811966976,1606650010963247105
1606650010963247105,Lula,2022-12-25,1606650003811966976,1606650008438276099
1606650008438276099,Lula,2022-12-25,1606650003811966976,1606650006164971524
1606650006164971524,Lula,2022-12-25,1606650003811966976,1606650003811966976
1606650003811966976,Lula,2022-12-25,1606650003811966976,
1607490333293649920,Lula,2022-12-27,1607490333293649920,1607366295896432641
1607454843152515074,Lula,2022-12-27,1607454843152515074,
1607431203464052737,Lula,2022-12-27,1607431203464052737,
1607330169341071360,Lula,2022-12-27,1607330169341071360,
1607872599790391296,Lula,2022-12-28,1607872599790391296,
1607849553059012608,Lula,2022-12-28,1607849553059012608,1607825366164406274
1607801246227783682,Lula,2022-12-28,1607801246227783682,
1607766994635341828,Lula,2022-12-28,1607766994635341828,
1607752327988928513,Lula,2022-12-28,1607752327988928513,
1607680193535016962,Lula,2022-12-28,1607680193535016962,
1607551285070381057,Lula,2022-12-28,1607551285070381057,
1608221840698220546,Lula,2022-12-29,1608221840698220546,
1608176234944421893,Lula,2022-12-29,1608176234944421893,
1608150241638862849,Lula,2022-12-29,1608150241638862849,
1608130488194973696,Lula,2022-12-29,1608130488194973696,
1608094258103205889,Lula,2022-12-29,1608094258103205889,
1608058865027018752,Lula,2022-12-29,1608058865027018752,
1607906668876279808,Lula,2022-12-29,1607906668876279808,
1608560084757405696,Lula,2022-12-30,1608560073047158784,1608560081221881856
1608560081221881856,Lula,2022-12-30,1608560073047158784,1608560078487003138
1608560078487003138,Lula,2022-12-30,1608560073047158784,1608560073047158784
1608560073047158784,Lula,2022-12-30,1608560073047158784,
1608532863590301698,Lula,2022-12-30,1608532863590301698,
1608510954664345601,Lula,2022-12-30,1608510954664345601,
1608498013919494145,Lula,2022-12-30,1601215160081080323,1608491028750761984
1608495850250186752,Lula,2022-12-30,1608495850250186752,
1608495630820986880,Lula,2022-12-30,1608495630820986880,
1608491028750761984,Lula,2022-12-30,1601215160081080323,1608491017543770112
1608491017543770112,Lula,2022-12-30,1601215160081080323,1608491005610790918
1608491005610790918,Lula,2022-12-30,1601215160081080323,1608490994043084801
1608490994043084801,Lula,2022-12-30,1601215160081080323,1608490982445830146
1608490982445830146,Lula,2022-12-30,1601215160081080323,1608490968688300034
1608490968688300034,Lula,2022-12-30,1601215160081080323,1608490957414043649
1608490957414043649,Lula,2022-12-30,1601215160081080323,1608490942574596098
1608490942574596098,Lula,2022-12-30,1601215160081080323,1608490916133703683
1608490916133703683,Lula,2022-12-30,1601215160081080323,1608490902473048065
1608490902473048065,Lula,2022-12-30,1601215160081080323,1608490889093189634
1608490889093189634,Lula,2022-12-30,1601215160081080323,1608490876011171840
1608490876011171840,Lula,2022-12-30,1601215160081080323,1608490860215406593
1608490860215406593,Lula,2022-12-30,1601215160081080323,1608490848521437187
1608490848521437187,Lula,2022-12-30,1601215160081080323,1608490835082870787
1608490835082870787,Lula,2022-12-30,1601215160081080323,1608490821677875201
1608490821677875201,Lula,2022-12-30,1601215160081080323,1605937119360229376
1608490594191507458,Lula,2022-12-30,1608490594191507458,
1608489603886977025,Lula,2022-12-30,1608489603886977025,
1608469710466871297,Lula,2022-12-30,1608469710466871297,
1608409209519099904,Lula,2022-12-30,1608409209519099904,
1608272233486749698,Lula,2022-12-30,1608272233486749698,
1608252997456248835,Lula,2022-12-30,1608252997456248835,
1608969413918871556,Lula,2022-12-31,1608969413918871556,
1608932333478117376,Lula,2022-12-31,1608932333478117376,
1608876871399407616,Lula,2022-12-31,1608876871399407616,
1608857727132139520,Lula,2022-12-31,1608857727132139520,
1608768624852078593,Lula,2022-12-31,1608768624852078593,
1609337803917168640,Lula,2023-01-01,1609337803917168640,
1609317388717023232,Lula,2023-01-01,1609314466637783041,1609314466637783041
1609314466637783041,Lula,2023-01-01,1609314466637783041,
1609168543572189184,Lula,2023-01-01,1609168543572189184,
1609669605257273344,Lula,2023-01-02,1609669568745676802,1609669600899223553
1609669600899223553,Lula,2023-01-02,1609669568745676802,1609669595748773890
1609669595748773890,Lula,2023-01-02,1609669568745676802,1609669591218765830
1609669591218765830,Lula,2023-01-02,1609669568745676802,1609669587200606208
1609669587200606208,Lula,2023-01-02,1609669568745676802,1609669583157207040
1609669583157207040,Lula,2023-01-02,1609669568745676802,1609669578292068352
1609669578292068352,Lula,2023-01-02,1609669568745676802,1609669573653168128
1609669573653168128,Lula,2023-01-02,1609669568745676802,1609669568745676802
1609669568745676802,Lula,2023-01-02,1609669568745676802,
1609657796378730496,Lula,2023-01-02,1609657796378730496,
1609651572715184129,Lula,2023-01-02,1609651572715184129,
1609649643066986500,Lula,2023-01-02,1609649643066986500,
1609649587492356096,Lula,2023-01-02,1609649587492356096,
1609649355581014020,Lula,2023-01-02,1609649355581014020,
1609649035106811905,Lula,2023-01-02,1609649035106811905,
1609648930299445254,Lula,2023-01-02,1609648930299445254,
1609648607367405574,Lula,2023-01-02,1609648607367405574,
1609648464178077699,Lula,2023-01-02,1609648464178077699,
1609648343575154694,Lula,2023-01-02,1609648343575154694,
1609647383805296642,Lula,2023-01-02,1609647383805296642,
1609647288850292738,Lula,2023-01-02,1609647288850292738,
1609647029382266881,Lula,2023-01-02,1609647024688840705,1609647026970427393
1609647026970427393,Lula,2023-01-02,1609647024688840705,1609647024688840705
1609647024688840705,Lula,2023-01-02,1609647024688840705,
1609646541664387072,Lula,2023-01-02,1609646539261050880,1609646539261050880
1609646539261050880,Lula,2023-01-02,1609646539261050880,
1609646446038470657,Lula,2023-01-02,1609646446038470657,
1609646247111004161,Lula,2023-01-02,1609646247111004161,
1609645664249561089,Lula,2023-01-02,1609645664249561089,
1609645339803324418,Lula,2023-01-02,1609645339803324418,
1609645032725970944,Lula,2023-01-02,1609645032725970944,
1609644698960003072,Lula,2023-01-02,1609644698960003072,
1609644621465882631,Lula,2023-01-02,1609644621465882631,
1609644473201627136,Lula,2023-01-02,1609644473201627136,
1609644294633320448,Lula,2023-01-02,1609644294633320448,
1609644075501731840,Lula,2023-01-02,1609644073085796353,1609644073085796353
1609644073085796353,Lula,2023-01-02,1609644073085796353,
1609643746211102722,Lula,2023-01-02,1609643746211102722,
1609643629529948160,Lula,2023-01-02,1609643629529948160,
1609643504300326922,Lula,2023-01-02,1609643504300326922,
1609643298347712512,Lula,2023-01-02,1609643298347712512,
1609643063114186753,Lula,2023-01-02,1609642979517399044,1609642979517399044
1609642979517399044,Lula,2023-01-02,1609642979517399044,
1609642835724193794,Lula,2023-01-02,1609642835724193794,
1609623447985954817,Lula,2023-01-02,1609623447985954817,
1609622928915664896,Lula,2023-01-02,1609622928915664896,
1609622505148366849,Lula,2023-01-02,1609622505148366849,
1609622465147174912,Lula,2023-01-02,1609622465147174912,
1609622260314251264,Lula,2023-01-02,1609622260314251264,
1609622237614686208,Lula,2023-01-02,1609622237614686208,
1609622218157309952,Lula,2023-01-02,1609622218157309952,
1609622168110776321,Lula,2023-01-02,1609622168110776321,
1609621560792600576,Lula,2023-01-02,1609621560792600576,
1609621349231624195,Lula,2023-01-02,1609621349231624195,
1609621265370996736,Lula,2023-01-02,1609621265370996736,
1609621009006755840,Lula,2023-01-02,1609621009006755840,
1609620944586162177,Lula,2023-01-02,1609620942006751232,1609620942006751232
1609620942006751232,Lula,2023-01-02,1609620942006751232,
1609620727631683587,Lula,2023-01-02,1609619901345415169,1609619901345415169
1609619917619216384,Lula,2023-01-02,1609619917619216384,
1609619901345415169,Lula,2023-01-02,1609619901345415169,
1609619720495370242,Lula,2023-01-02,1609619598344704004,1609619598344704004
1609619598344704004,Lula,2023-01-02,1609619598344704004,
1609619207494291456,Lula,2023-01-02,1609619207494291456,
1609618843042709512,Lula,2023-01-02,1609618843042709512,
1609618300807548928,Lula,2023-01-02,1609618300807548928,
1609618259678035974,Lula,2023-01-02,1609618259678035974,
1609618177473888256,Lula,2023-01-02,1609618177473888256,
1609617867250475008,Lula,2023-01-02,1609617867250475008,
1609617830173106176,Lula,2023-01-02,1609617830173106176,
1609617468460244995,Lula,2023-01-02,1609617468460244995,
1609617396167327744,Lula,2023-01-02,1609617396167327744,
1609617142814498818,Lula,2023-01-02,1609617142814498818,
1609616928242339843,Lula,2023-01-02,1609616922890354688,1609616922890354688
1609616922890354688,Lula,2023-01-02,1609616922890354688,
1609616629251592192,Lula,2023-01-02,1609616629251592192,
1609616569193086984,Lula,2023-01-02,1609616323595702280,1609616323595702280
1609616323595702280,Lula,2023-01-02,1609616323595702280,
1609616025795837954,Lula,2023-01-02,1609616025795837954,
1609615927468761090,Lula,2023-01-02,1609615920762085379,1609615920762085379
1609615920762085379,Lula,2023-01-02,1609615920762085379,
1609615784900173825,Lula,2023-01-02,1609615784900173825,
1609615249182711808,Lula,2023-01-02,1609615249182711808,
1609615197349576704,Lula,2023-01-02,1609615147496263680,1609615147496263680
1609615147496263680,Lula,2023-01-02,1609615147496263680,
1609615010602287107,Lula,2023-01-02,1609615010602287107,
1609614841492152324,Lula,2023-01-02,1609614841492152324,
1609614794184658955,Lula,2023-01-02,1609614794184658955,
1609575507452112899,Lula,2023-01-02,1609575507452112899,
1609515028138557441,Lula,2023-01-02,1609515028138557441,
1609384446549188608,Lula,2023-01-02,1609384446549188608,
1610060818112036864,Lula,2023-01-03,1610060818112036864,
1610045046073475072,Lula,2023-01-03,1610045046073475072,
1610028588463689728,Lula,2023-01-03,1610028588463689728,
1610016651495485442,Lula,2023-01-03,1610016651495485442,
1610001674759798784,Lula,2023-01-03,1610001674759798784,
1609969245525352451,Lula,2023-01-03,1609969245525352451,
1609945439125790721,Lula,2023-01-03,1609945439125790721,
1609938977653489667,Lula,2023-01-03,1609938977653489667,
1609923624667955202,Lula,2023-01-03,1609923624667955202,
1609913585538416644,Lula,2023-01-03,1609913585538416644,
1609879025043783680,Lula,2023-01-03,1609879025043783680,
1609860419451064329,Lula,2023-01-03,1609858862500413441,1609858862500413441
1609858862500413441,Lula,2023-01-03,1609858862500413441,
1609751994092388352,Lula,2023-01-03,1609751994092388352,
1609735923268288512,Lula,2023-01-03,1609735923268288512,
1609735615620292608,Lula,2023-01-03,1609735615620292608,
1609734788335767558,Lula,2023-01-03,1609734788335767558,
1610418866999463937,Lula,2023-01-04,1610418866999463937,
1610311037697560576,Lula,2023-01-04,1610311037697560576,
1610270987643244544,Lula,2023-01-04,1610270987643244544,
1610077246252883969,Lula,2023-01-04,1610077246252883969,
1610755179149725712,Lula,2023-01-05,1610755179149725712,
1610698880294715393,Lula,2023-01-05,1610698880294715393,
1610666498724597760,Lula,2023-01-05,1610666498724597760,
1610643330265919489,Lula,2023-01-05,1610643330265919489,
1610640506366599169,Lula,2023-01-05,1610640506366599169,
1610584757200646150,Lula,2023-01-05,1610579908106780674,1610579908106780674
1610579908106780674,Lula,2023-01-05,1610579908106780674,
1611091626897641472,Lula,2023-01-06,1611091626897641472,
1611057477591699459,Lula,2023-01-06,1611057477591699459,1611042381112934420
1611004311592644608,Lula,2023-01-06,1611004311592644608,
1610942863961096195,Lula,2023-01-06,1610942863961096195,
1610808314048221184,Lula,2023-01-06,1610808314048221184,
1611447039472050184,Lula,2023-01-07,1611447039472050184,
1611402943453872128,Lula,2023-01-07,1611402943453872128,
1611352277050359808,Lula,2023-01-07,1611352277050359808,
1611350713094873088,Lula,2023-01-07,1611350713094873088,
1611350219031187456,Lula,2023-01-07,1611350219031187456,
1611349819775139841,Lula,2023-01-07,1611349819775139841,
1611349702439567361,Lula,2023-01-07,1611349702439567361,
1611349540241608704,Lula,2023-01-07,1611349540241608704,
1611349165098811392,Lula,2023-01-07,1611349165098811392,
1611348473114202115,Lula,2023-01-07,1611348473114202115,
1611315990918307840,Lula,2023-01-07,1611315990918307840,
1612194283796434945,Lula,2023-01-09,1612194283796434945,
1612194111485878273,Lula,2023-01-09,1612194109938360320,1612194109938360320
1612194109938360320,Lula,2023-01-09,1612194109938360320,
1612193475369336832,Lula,2023-01-09,1612193475369336832,
1612191807940460545,Lula,2023-01-09,1612191803901444098,1612191805939896320
1612191805939896320,Lula,2023-01-09,1612191803901444098,1612191803901444098
1612191803901444098,Lula,2023-01-09,1612191803901444098,
1612126598328713223,Lula,2023-01-09,1612126592507203586,1612126596437090305
1612126596437090305,Lula,2023-01-09,1612126592507203586,1612126592507203586
1612126592507203586,Lula,2023-01-09,1612126592507203586,
1612035235905953798,Lula,2023-01-09,1612035235905953798,
1612591557202305025,Lula,2023-01-10,1612591557202305025,
1612590344079548416,Lula,2023-01-10,1612590344079548416,
1612588477266149376,Lula,2023-01-10,1612588477266149376,
1612578148025090050,Lula,2023-01-10,1612575874225786882,1612575874225786882
1612575874225786882,Lula,2023-01-10,1612575874225786882,
1612569574435704832,Lula,2023-01-10,1612569574435704832,1612566809034608641
1612569018279559169,Lula,2023-01-10,1612569018279559169,
1612551167384616961,Lula,2023-01-10,1612551167384616961,
1612460871581671424,Lula,2023-01-10,1612460871581671424,
1612449662618959875,Lula,2023-01-10,1612449662618959875,
1612280715231612928,Lula,2023-01-10,1612280715231612928,
1612945297872666625,Lula,2023-01-11,1612945297872666625,
1612925189368565774,Lula,2023-01-11,1612925189368565774,
1612914948530642947,Lula,2023-01-11,1612914948530642947,
1612906809693712385,Lula,2023-01-11,1612906809693712385,
1612856576171474944,Lula,2023-01-11,1612856576171474944,
1612826255736598529,Lula,2023-01-11,1612826255736598529,1612611495560417280
1612794295303520258,Lula,2023-01-11,1612794295303520258,
1612621791779758080,Lula,2023-01-11,1612621791779758080,
1612610886975328263,Lula,2023-01-11,1612610886975328263,
1613321987996413952,Lula,2023-01-12,1613321987996413952,
1613313391761985536,Lula,2023-01-12,1613313391761985536,
1613274161983459328,Lula,2023-01-12,1613274161983459328,
1613237808566616065,Lula,2023-01-12,1613237808566616065,
1613230329963110405,Lula,2023-01-12,1613230329963110405,
1613205833315225600,Lula,2023-01-12,1613205833315225600,
1613196246373781504,Lula,2023-01-12,1613196246373781504,
1613190619266166784,Lula,2023-01-12,1613190619266166784,
1613172116437737474,Lula,2023-01-12,1613172116437737474,1612977237988360193
1613127425583419392,Lula,2023-01-12,1613127425583419392,
1613650640768483328,Lula,2023-01-13,1613650640768483328,
1613616620638769173,Lula,2023-01-13,1613616620638769173,
1613558948086403072,Lula,2023-01-13,1613558948086403072,
1613517488611889152,Lula,2023-01-13,1613517488611889152,1613303246587834368
1613487453528104960,Lula,2023-01-13,1613487453528104960,
1613344722621169669,Lula,2023-01-13,1613344722621169669,
1614025330770993152,Lula,2023-01-14,1614025330770993152,
1613998712669278219,Lula,2023-01-14,1613998712669278219,
1613984823462268928,Lula,2023-01-14,1613984823462268928,
1613938812387819525,Lula,2023-01-14,1613938812387819525,
1613846288482668547,Lula,2023-01-14,1613846288482668547,
1614214724362567680,Lula,2023-01-15,1614214724362567680,
1614065417340715013,Lula,2023-01-15,1614065417340715013,
1614644674248982529,Lula,2023-01-16,1614644674248982529,1614039417382895616
1614600139645063171,Lula,2023-01-16,1614600139645063171,
1615116621751914500,Lula,2023-01-17,1615116621751914500,
1615110865564602369,Lula,2023-01-17,1615110865564602369,
1615110534713741312,Lula,2023-01-17,1615110534713741312,
1615099026122371078,Lula,2023-01-17,1615099026122371078,
1614938439517962240,Lula,2023-01-17,1614938439517962240,
1615443071189016584,Lula,2023-01-18,1615443071189016584,
1615413462775042057,Lula,2023-01-18,1615413462775042057,1615363184914841601
1615306023727960065,Lula,2023-01-18,1615306023727960065,
1615158535863533569,Lula,2023-01-18,1615158535863533569,1615141291607658499
1615833222411165702,Lula,2023-01-19,1615833222411165702,
1615829982391017491,Lula,2023-01-19,1615829982391017491,
1615828990912077835,Lula,2023-01-19,1615828990912077835,
1615828579249528848,Lula,2023-01-19,1615828579249528848,
1615827905501593601,Lula,2023-01-19,1615827905501593601,
1615827573195345921,Lula,2023-01-19,1615827573195345921,
1615827124492935177,Lula,2023-01-19,1615827124492935177,
1615826712318681090,Lula,2023-01-19,1615826710737620992,1615826710737620992
1615826710737620992,Lula,2023-01-19,1615826710737620992,
1615825789018152963,Lula,2023-01-19,1615825789018152963,
1615824768175050752,Lula,2023-01-19,1615824768175050752,
1615824498812493835,Lula,2023-01-19,1615824498812493835,
1615822125511712776,Lula,2023-01-19,1615822125511712776,
1615821931718086656,Lula,2023-01-19,1615821931718086656,
1615821632836341760,Lula,2023-01-19,1615821632836341760,
1615821227360124928,Lula,2023-01-19,1615821227360124928,
1615800605590659072,Lula,2023-01-19,1615800605590659072,
1615785749990752297,Lula,2023-01-19,1615785749990752297,
1615755801561268242,Lula,2023-01-19,1615755801561268242,
1615755408211120129,Lula,2023-01-19,1615755408211120129,
1615754927485378560,Lula,2023-01-19,1615754927485378560,
1615748404323450880,Lula,2023-01-19,1615748404323450880,
1615748101947658242,Lula,2023-01-19,1615748101947658242,
1615747926961098753,Lula,2023-01-19,1615747926961098753,
1615747165288124416,Lula,2023-01-19,1615747165288124416,
1615746882973597698,Lula,2023-01-19,1615746882973597698,
1615746496544100354,Lula,2023-01-19,1615746496544100354,
1615720278595715072,Lula,2023-01-19,1615720278595715072,
1615652015845085190,Lula,2023-01-19,1615652015845085190,
1616201387729162273,Lula,2023-01-20,1616201387729162273,1615428301484351510
1616126941223960592,Lula,2023-01-20,1616126941223960592,
1616111953914609673,Lula,2023-01-20,1616111953914609673,
1616094169038196737,Lula,2023-01-20,1616094169038196737,
1616092498769616899,Lula,2023-01-20,1616092498769616899,
1616092366271664128,Lula,2023-01-20,1616092366271664128,
1616092233588957188,Lula,2023-01-20,1616092233588957188,
1616092117423751169,Lula,2023-01-20,1616092117423751169,
1616091059498401793,Lula,2023-01-20,1616091059498401793,
1616090243047866370,Lula,2023-01-20,1616090243047866370,
1616090093973897216,Lula,2023-01-20,1616090093973897216,
1616089798023991298,Lula,2023-01-20,1616089798023991298,
1616084183092166656,Lula,2023-01-20,1616084183092166656,
1616084025994772481,Lula,2023-01-20,1616084025994772481,
1616082895743127555,Lula,2023-01-20,1616082895743127555,
1616068964542730240,Lula,2023-01-20,1616068964542730240,
1616018130958155777,Lula,2023-01-20,1616018130958155777,
1616565423951994881,Lula,2023-01-21,1616565421175357440,1616565421175357440
1616565421175357440,Lula,2023-01-21,1616565421175357440,
1616535177387454464,Lula,2023-01-21,1616535177387454464,
1616504927802560514,Lula,2023-01-21,1616504927802560514,
1616423600164151302,Lula,2023-01-21,1616423600164151302,
1616382696439140354,Lula,2023-01-21,1616382696439140354,
1616234065266368517,Lula,2023-01-21,1616234065266368517,
1616939700341833728,Lula,2023-01-22,1616939700341833728,
1616847824058032131,Lula,2023-01-22,1616847824058032131,
1616845960755257346,Lula,2023-01-22,1616845960755257346,
1616845702864289795,Lula,2023-01-22,1616845702864289795,
1616845452007161856,Lula,2023-01-22,1616845452007161856,
1616844369931431938,Lula,2023-01-22,1616844369931431938,
1616749787872731136,Lula,2023-01-22,1616749787872731136,
1617306408038588416,Lula,2023-01-23,1617306408038588416,
1617278475752071168,Lula,2023-01-23,1617278475752071168,
1617265015785914369,Lula,2023-01-23,1617265015785914369,
1617208056621694977,Lula,2023-01-23,1617121512506511368,1617125744206815232
1617205471613526017,Lula,2023-01-23,1617205471613526017,
1617121527912345600,Lula,2023-01-23,1617121512506511368,1617121526163054598
1617121526163054598,Lula,2023-01-23,1617121512506511368,1617121523537694722
1617121523537694722,Lula,2023-01-23,1617121512506511368,1617121521700409344
1617121521700409344,Lula,2023-01-23,1617121512506511368,1617121520106590208
1617121520106590208,Lula,2023-01-23,1617121512506511368,1617121518391009280
1617121518391009280,Lula,2023-01-23,1617121512506511368,1617121516541599745
1617121516541599745,Lula,2023-01-23,1617121512506511368,1617121514633023491
1617121514633023491,Lula,2023-01-23,1617121512506511368,1617121512506511368
1617121512506511368,Lula,2023-01-23,1617121512506511368,
1617663556480290821,Lula,2023-01-24,1617663556480290821,
1617657711197564928,Lula,2023-01-24,1617657711197564928,
1617637964259155969,Lula,2023-01-24,1617637964259155969,
1617608056438919168,Lula,2023-01-24,1617608056438919168,
1617607727831973889,Lula,2023-01-24,1617607727831973889,
1617604143048445952,Lula,2023-01-24,1617604143048445952,
1617597178486063104,Lula,2023-01-24,1617597178486063104,
1617562845641678850,Lula,2023-01-24,1617562845641678850,
1617562682043006976,Lula,2023-01-24,1617562682043006976,
1617562594574995457,Lula,2023-01-24,1617562594574995457,
1617562084568625153,Lula,2023-01-24,1617562084568625153,
1617561779177156608,Lula,2023-01-24,1617561779177156608,
1617560379600830466,Lula,2023-01-24,1617560379600830466,
1617554511937286150,Lula,2023-01-24,1617554511937286150,
1617532840673181697,Lula,2023-01-24,1617532840673181697,
1617524667971145728,Lula,2023-01-24,1617524667971145728,
1617471231783014401,Lula,2023-01-24,1617471231783014401,
1617344176059727872,Lula,2023-01-24,1617344176059727872,
1617317331826528256,Lula,2023-01-24,1617317331826528256,
1618030780399357955,Lula,2023-01-25,1618030780399357955,
1618010354109513728,Lula,2023-01-25,1618010354109513728,
1618001504966963200,Lula,2023-01-25,1618001504966963200,
1617982067077447680,Lula,2023-01-25,1617982067077447680,
1617960830150275072,Lula,2023-01-25,1617960830150275072,
1617936090836369417,Lula,2023-01-25,1617936090836369417,
1617925231414476800,Lula,2023-01-25,1617925231414476800,
1617907116467195909,Lula,2023-01-25,1617907116467195909,
1617906920958091266,Lula,2023-01-25,1617906920958091266,
1617906764200173577,Lula,2023-01-25,1617906762161741824,1617906762161741824
1617906762161741824,Lula,2023-01-25,1617906762161741824,
1617906563079110660,Lula,2023-01-25,1617906560981938176,1617906560981938176
1617906560981938176,Lula,2023-01-25,1617906560981938176,
1617905863360139265,Lula,2023-01-25,1617905863360139265,
1617905778471632898,Lula,2023-01-25,1617905778471632898,
1617905662788521985,Lula,2023-01-25,1617905660821401601,1617905660821401601
1617905660821401601,Lula,2023-01-25,1617905660821401601,
1617905463450046464,Lula,2023-01-25,1617905463450046464,
1617890307609329669,Lula,2023-01-25,1617686607649439744,1617686607649439744
1617878948079374346,Lula,2023-01-25,1617878948079374346,
1617828176125911043,Lula,2023-01-25,1617828176125911043,
1617686607649439744,Lula,2023-01-25,1617686607649439744,
1617681251770720257,Lula,2023-01-25,1617681251770720257,
1618364819131990017,Lula,2023-01-26,1618364819131990017,
1618345698487054336,Lula,2023-01-26,1618345698487054336,
1618337343093755904,Lula,2023-01-26,1618337343093755904,
1618331674412224512,Lula,2023-01-26,1618331674412224512,
1618330809504784385,Lula,2023-01-26,1618330809504784385,
1618324288838459392,Lula,2023-01-26,1618324288838459392,
1618294713790132228,Lula,2023-01-26,1618294713790132228,
1618292506017542144,Lula,2023-01-26,1618292506017542144,
1618292254380265472,Lula,2023-01-26,1618292254380265472,
1618287809428852738,Lula,2023-01-26,1618287809428852738,
1618281111804841984,Lula,2023-01-26,1618281111804841984,
1618270329348005889,Lula,2023-01-26,1618270329348005889,
1618226453212205058,Lula,2023-01-26,1618226453212205058,
1618192276936871936,Lula,2023-01-26,1618192276936871936,
1618062198445838341,Lula,2023-01-26,1618062198445838341,
1618051654108184577,Lula,2023-01-26,1618051654108184577,
1618722430205444097,Lula,2023-01-27,1618722430205444097,1618712215871434752
1618634926009774080,Lula,2023-01-27,1618634926009774080,1618625977700990977
1618622993693016068,Lula,2023-01-27,1618622993693016068,
1618596536396697606,Lula,2023-01-27,1618596536396697606,
1618565401700622336,Lula,2023-01-27,1618565401700622336,
1618421394181885953,Lula,2023-01-27,1618421394181885953,1618254917386526720
1619106259776544768,Lula,2023-01-28,1619106259776544768,
1619077672281477121,Lula,2023-01-28,1619077672281477121,
1619050182930472961,Lula,2023-01-28,1619050182930472961,
1619042048505679872,Lula,2023-01-28,1619042048505679872,
1619022913071616000,Lula,2023-01-28,1619022913071616000,
1618982585220079617,Lula,2023-01-28,1618982585220079617,
1618964789962878976,Lula,2023-01-28,1618964789962878976,
1618963567289712641,Lula,2023-01-28,1618963567289712641,
1618963374251073536,Lula,2023-01-28,1618963374251073536,
1618962672950849536,Lula,2023-01-28,1618962672950849536,
1618962305336885248,Lula,2023-01-28,1618962305336885248,
1618960443346948099,Lula,2023-01-28,1618960443346948099,
1618954927644237825,Lula,2023-01-28,1618954927644237825,
1618917599513022471,Lula,2023-01-28,1618917599513022471,
1619294749449658368,Lula,2023-01-29,1619294749449658368,
1619829523939479553,Lula,2023-01-30,1619818635744378880,1619818635744378880
1619653412530032640,Lula,2023-01-30,1619653412530032640,
1549424682562191368,Bolsonaro,2022-07-20,1549424682562191368,
1549394551776972800,Bolsonaro,2022-07-20,1549394551776972800,
1549381987542204416,Bolsonaro,2022-07-20,1549377781418655747,1549377781418655747
1549377781418655747,Bolsonaro,2022-07-20,1549377781418655747,
1549337373095432194,Bolsonaro,2022-07-20,1549337373095432194,
1549903691561537541,Bolsonaro,2022-07-21,1549903691561537541,1549897519311863814
1549895531446632448,Bolsonaro,2022-07-21,1549895531446632448,
1549858401714421760,Bolsonaro,2022-07-21,1549858401714421760,
1549843692806148097,Bolsonaro,2022-07-21,1549791459636813824,1549836553190576136
1549836553190576136,Bolsonaro,2022-07-21,1549791459636813824,1549792217543622658
1549791459636813824,Bolsonaro,2022-07-21,1549791459636813824,
1549704421935906816,Bolsonaro,2022-07-21,1549704419620659200,1549704420803461121
1549704420803461121,Bolsonaro,2022-07-21,1549704419620659200,1549704419620659200
1549704419620659200,Bolsonaro,2022-07-21,1549704419620659200,
1549698992228941825,Bolsonaro,2022-07-21,1549698989884317696,1549698991205621760
1549698991205621760,Bolsonaro,2022-07-21,1549698989884317696,1549698989884317696
1549698989884317696,Bolsonaro,2022-07-21,1549698989884317696,
1550098635957968898,Bolsonaro,2022-07-22,1550098635957968898,
1550064122288607232,Bolsonaro,2022-07-22,1550064120929701888,1550064120929701888
1550064120929701888,Bolsonaro,2022-07-22,1550064120929701888,
1549960028303622144,Bolsonaro,2022-07-22,1549933115870674944,1549936309908783104
1549933115870674944,Bolsonaro,2022-07-22,1549933115870674944,
1549927123330240512,Bolsonaro,2022-07-22,1549895531446632448,1549895744265543680
1550598495165468673,Bolsonaro,2022-07-23,1550598495165468673,
1550415516463861760,Bolsonaro,2022-07-23,1550415504866545664,1550415511757852672
1550415511757852672,Bolsonaro,2022-07-23,1550415504866545664,1550415504866545664
1550415504866545664,Bolsonaro,2022-07-23,1550415504866545664,
1550986945492287490,Bolsonaro,2022-07-24,1550986945492287490,
1550904772693213186,Bolsonaro,2022-07-24,1550904772693213186,
1550870078274605057,Bolsonaro,2022-07-24,1550870078274605057,
1550788649649950724,Bolsonaro,2022-07-24,1550788645292068866,1550788648102133760
1550788648102133760,Bolsonaro,2022-07-24,1550788645292068866,1550788645292068866
1550788645292068866,Bolsonaro,2022-07-24,1550788645292068866,
1551237923617574913,Bolsonaro,2022-07-25,1551237923617574913,
1551167824055472128,Bolsonaro,2022-07-25,1551167821182287872,1551167821182287872
1551167821182287872,Bolsonaro,2022-07-25,1551167821182287872,
1551027030564782082,Bolsonaro,2022-07-25,1551027030564782082,
1551495640978432000,Bolsonaro,2022-07-26,1551495633999216641,1551495639355228171
1551495639355228171,Bolsonaro,2022-07-26,1551495633999216641,1551495637656633345
1551495637656633345,Bolsonaro,2022-07-26,1551495633999216641,1551495635941081089
1551495635941081089,Bolsonaro,2022-07-26,1551495633999216641,1551495633999216641
1551495633999216641,Bolsonaro,2022-07-26,1551495633999216641,
1551872328161759233,Bolsonaro,2022-07-27,1551872291654565891,1551872293395206146
1551872293395206146,Bolsonaro,2022-07-27,1551872291654565891,1551872291654565891
1551872291654565891,Bolsonaro,2022-07-27,1551872291654565891,
1552295156241600514,Bolsonaro,2022-07-28,1552295156241600514,
1552274566269079552,Bolsonaro,2022-07-28,1552274562888376323,1552274564692021249
1552274564692021249,Bolsonaro,2022-07-28,1552274562888376323,1552274562888376323
1552274562888376323,Bolsonaro,2022-07-28,1552274562888376323,
1552095229683146759,Bolsonaro,2022-07-28,1552095192035086336,1552095221684621317
1552095221684621317,Bolsonaro,2022-07-28,1552095192035086336,1552095219885264897
1552095219885264897,Bolsonaro,2022-07-28,1552095192035086336,1552095218073206785
1552095218073206785,Bolsonaro,2022-07-28,1552095192035086336,1552095216269725699
1552095216269725699,Bolsonaro,2022-07-28,1552095192035086336,1552095214529126400
1552095214529126400,Bolsonaro,2022-07-28,1552095192035086336,1552095212830441474
1552095212830441474,Bolsonaro,2022-07-28,1552095192035086336,1552095211081326592
1552095211081326592,Bolsonaro,2022-07-28,1552095192035086336,1552095209244196871
1552095209244196871,Bolsonaro,2022-07-28,1552095192035086336,1552095207415488512
1552095207415488512,Bolsonaro,2022-07-28,1552095192035086336,1552095205603659776
1552095205603659776,Bolsonaro,2022-07-28,1552095192035086336,1552095203699425282
1552095203699425282,Bolsonaro,2022-07-28,1552095192035086336,1552095201933524998
1552095201933524998,Bolsonaro,2022-07-28,1552095192035086336,1552095200222351361
1552095200222351361,Bolsonaro,2022-07-28,1552095192035086336,1552095198469136384
1552095198469136384,Bolsonaro,2022-07-28,1552095192035086336,1552095196132827138
1552095196132827138,Bolsonaro,2022-07-28,1552095192035086336,1552095194253852677
1552095194253852677,Bolsonaro,2022-07-28,1552095192035086336,1552095192035086336
1552095192035086336,Bolsonaro,2022-07-28,1552095192035086336,
1552757572754518017,Bolsonaro,2022-07-29,1552757567113273344,1552757569948614656
1552757569948614656,Bolsonaro,2022-07-29,1552757567113273344,1552757567113273344
1552757567113273344,Bolsonaro,2022-07-29,1552757567113273344,
1552637894241705985,Bolsonaro,2022-07-29,1552637890659852290,1552637892492771328
1552637892492771328,Bolsonaro,2022-07-29,1552637890659852290,1552637890659852290
1552637890659852290,Bolsonaro,2022-07-29,1552637890659852290,
1553159595761303553,Bolsonaro,2022-07-30,1553159595761303553,
1553097798802964485,Bolsonaro,2022-07-30,1553097798802964485,
1552970853452759042,Bolsonaro,2022-07-30,1552970848482598912,1552970851703787520
1552970851703787520,Bolsonaro,2022-07-30,1552970848482598912,1552970848482598912
1552970848482598912,Bolsonaro,2022-07-30,1552970848482598912,
1552852612910915584,Bolsonaro,2022-07-30,1552852612910915584,
1552845689461379074,Bolsonaro,2022-07-30,1552845689461379074,
1552827455286743042,Bolsonaro,2022-07-30,1552827448785616897,1552827448785616897
1552827448785616897,Bolsonaro,2022-07-30,1552827448785616897,
1553514506361397248,Bolsonaro,2022-07-31,1553447693573410817,1553447693573410817
1553447693573410817,Bolsonaro,2022-07-31,1553447693573410817,
1553329026458058754,Bolsonaro,2022-07-31,1553329021370486784,1553329024994361346
1553329024994361346,Bolsonaro,2022-07-31,1553329021370486784,1553329021370486784
1553329021370486784,Bolsonaro,2022-07-31,1553329021370486784,
1553726684553158657,Bolsonaro,2022-08-01,1553726682447618048,1553726682447618048
1553726682447618048,Bolsonaro,2022-08-01,1553726682447618048,
1554218901126397952,Bolsonaro,2022-08-02,1554218890103758854,1554218898555379717
1554218898555379717,Bolsonaro,2022-08-02,1554218890103758854,1554218896080752644
1554218896080752644,Bolsonaro,2022-08-02,1554218890103758854,1554218893253779456
1554218893253779456,Bolsonaro,2022-08-02,1554218890103758854,1554218890103758854
1554218890103758854,Bolsonaro,2022-08-02,1554218890103758854,
1554600625140375552,Bolsonaro,2022-08-03,1554600625140375552,
1554449791568027648,Bolsonaro,2022-08-03,1554449791568027648,
1554414153602924546,Bolsonaro,2022-08-03,1554414151832846336,1554414151832846336
1554414151832846336,Bolsonaro,2022-08-03,1554414151832846336,
1554805448758419459,Bolsonaro,2022-08-04,1554805448758419459,
1554763381500006400,Bolsonaro,2022-08-04,1554763381500006400,
1554654515739361280,Bolsonaro,2022-08-04,1554654028910444546,1554654028910444546
1554650789141954561,Bolsonaro,2022-08-04,1554650786260475906,1554650787757916161
1554650787757916161,Bolsonaro,2022-08-04,1554650786260475906,1554650786260475906
1554650786260475906,Bolsonaro,2022-08-04,1554650786260475906,
1554627828552974342,Bolsonaro,2022-08-04,1554627828552974342,
1555312403738402816,Bolsonaro,2022-08-05,1555312403738402816,
1555251654592708611,Bolsonaro,2022-08-05,1555251654592708611,
1555132582651731968,Bolsonaro,2022-08-05,1555132582651731968,
1555648398258147329,Bolsonaro,2022-08-06,1555648245430378503,1555648245430378503
1555648245430378503,Bolsonaro,2022-08-06,1555648245430378503,
1555565671110455297,Bolsonaro,2022-08-06,1555565663942770698,1555565667872608256
1555565667872608256,Bolsonaro,2022-08-06,1555565663942770698,1555565663942770698
1555565663942770698,Bolsonaro,2022-08-06,1555565663942770698,
1555521008248971264,Bolsonaro,2022-08-06,1555521006051155968,1555521006051155968
1555521006051155968,Bolsonaro,2022-08-06,1555521006051155968,
1555376931058622464,Bolsonaro,2022-08-06,1555376931058622464,
1555354859410432000,Bolsonaro,2022-08-06,1555354859410432000,
1555346040731099145,Bolsonaro,2022-08-06,1555346040731099145,
1556050219946622977,Bolsonaro,2022-08-07,1556050219946622977,
1555964162181943299,Bolsonaro,2022-08-07,1555964162181943299,
1555852815695740930,Bolsonaro,2022-08-07,1555852815695740930,
1556248708173414401,Bolsonaro,2022-08-08,1556248708173414401,
1556090146633781249,Bolsonaro,2022-08-08,1556050219946622977,1556050219946622977
1556738590851440640,Bolsonaro,2022-08-09,1556738590851440640,
1556678888947961859,Bolsonaro,2022-08-09,1556678885487542273,1556678887123423232
1556678887123423232,Bolsonaro,2022-08-09,1556678885487542273,1556678885487542273
1556678885487542273,Bolsonaro,2022-08-09,1556678885487542273,
1556574840429187072,Bolsonaro,2022-08-09,1556574838508208130,1556574838508208130
1556574838508208130,Bolsonaro,2022-08-09,1556574838508208130,
1557122688925188096,Bolsonaro,2022-08-10,1557122679328620545,1557122681648054273
1557122681648054273,Bolsonaro,2022-08-10,1557122679328620545,1557122679328620545
1557122679328620545,Bolsonaro,2022-08-10,1557122679328620545,
1557071335607631874,Bolsonaro,2022-08-10,1557043209334816770,1557043209334816770
1557043209334816770,Bolsonaro,2022-08-10,1557043209334816770,1557001982887477250
1556999071067521025,Bolsonaro,2022-08-10,1556999066235670529,1556999069263855616
1556999069263855616,Bolsonaro,2022-08-10,1556999066235670529,1556999066235670529
1556999066235670529,Bolsonaro,2022-08-10,1556999066235670529,
1556940318708301829,Bolsonaro,2022-08-10,1556940318708301829,
1556849485699055617,Bolsonaro,2022-08-10,1556844753832091648,1556844753832091648
1556844753832091648,Bolsonaro,2022-08-10,1556844753832091648,
1557401549600612359,Bolsonaro,2022-08-11,1557401549600612359,
1557323407922003968,Bolsonaro,2022-08-11,1557323407922003968,
1557849098098683905,Bolsonaro,2022-08-12,1557849098098683905,
1557766961546788865,Bolsonaro,2022-08-12,1557765109094797312,1557765109094797312
1557765109094797312,Bolsonaro,2022-08-12,1557765109094797312,
1557655309493075968,Bolsonaro,2022-08-12,1557655308012503045,1557655308012503045
1557655308012503045,Bolsonaro,2022-08-12,1557655308012503045,
1558199108690747393,Bolsonaro,2022-08-13,1558199098112720896,1558199106765557763
1558199106765557763,Bolsonaro,2022-08-13,1558199098112720896,1558199102390894592
1558199102390894592,Bolsonaro,2022-08-13,1558199098112720896,1558199100327206914
1558199100327206914,Bolsonaro,2022-08-13,1558199098112720896,1558199098112720896
1558199098112720896,Bolsonaro,2022-08-13,1558199098112720896,
1558030588728188929,Bolsonaro,2022-08-13,1558030588728188929,
1557910323688099840,Bolsonaro,2022-08-13,1557910323688099840,
1557892383509037057,Bolsonaro,2022-08-13,1557892369990795264,1557892373379702785
1557892373379702785,Bolsonaro,2022-08-13,1557892369990795264,1557892371613900801
1557892371613900801,Bolsonaro,2022-08-13,1557892369990795264,1557892369990795264
1557892369990795264,Bolsonaro,2022-08-13,1557892369990795264,
1558601417832685568,Bolsonaro,2022-08-14,1558601415794348032,1558601415794348032
1558601415794348032,Bolsonaro,2022-08-14,1558601415794348032,
1558491746102906880,Bolsonaro,2022-08-14,1558491746102906880,
1558442278489931777,Bolsonaro,2022-08-14,1558442278489931777,
1558404277412003841,Bolsonaro,2022-08-14,1558404277412003841,
1558901557231587332,Bolsonaro,2022-08-15,1558901557231587332,
1558787299550416896,Bolsonaro,2022-08-15,1558787299550416896,
1558621635908976640,Bolsonaro,2022-08-15,1558621635908976640,
1559221895563812865,Bolsonaro,2022-08-16,1559221895563812865,
1559109872637067265,Bolsonaro,2022-08-16,1559109869256544256,1559109871018156033
1559109871018156033,Bolsonaro,2022-08-16,1559109869256544256,1559109869256544256
1559109869256544256,Bolsonaro,2022-08-16,1559109869256544256,
1558988652193218566,Bolsonaro,2022-08-16,1558988652193218566,
1559675492445323264,Bolsonaro,2022-08-17,1559675489098371078,1559675490591449089
1559675490591449089,Bolsonaro,2022-08-17,1559675489098371078,1559675489098371078
1559675489098371078,Bolsonaro,2022-08-17,1559675489098371078,
1559597703314694151,Bolsonaro,2022-08-17,1559597703314694151,
1559550052477042689,Bolsonaro,2022-08-17,1559550050296004611,1559550050296004611
1559550050296004611,Bolsonaro,2022-08-17,1559550050296004611,
1559476616320925697,Bolsonaro,2022-08-17,1559476614760628224,1559476614760628224
1559476614760628224,Bolsonaro,2022-08-17,1559476614760628224,
1560024890022952961,Bolsonaro,2022-08-18,1560024890022952961,
1559918222815760387,Bolsonaro,2022-08-18,1559918221230325760,1559918221230325760
1559918221230325760,Bolsonaro,2022-08-18,1559918221230325760,
1559857714813194241,Bolsonaro,2022-08-18,1559857711730270208,1559857713131274241
1559857713131274241,Bolsonaro,2022-08-18,1559857711730270208,1559857711730270208
1559857711730270208,Bolsonaro,2022-08-18,1559857711730270208,
1559725317891260419,Bolsonaro,2022-08-18,1559725224664465411,1559725224664465411
1559725224664465411,Bolsonaro,2022-08-18,1559725224664465411,
1560338538444591106,Bolsonaro,2022-08-19,1560338534711660546,1560338536510922752
1560338536510922752,Bolsonaro,2022-08-19,1560338534711660546,1560338534711660546
1560338534711660546,Bolsonaro,2022-08-19,1560338534711660546,
1560289705987641344,Bolsonaro,2022-08-19,1560289705987641344,
1560201148216352770,Bolsonaro,2022-08-19,1560201146052009984,1560201146052009984
1560201146052009984,Bolsonaro,2022-08-19,1560201146052009984,
1560715465105854466,Bolsonaro,2022-08-20,1560715465105854466,
1560705408389578752,Bolsonaro,2022-08-20,1560705408389578752,
1560692913914642432,Bolsonaro,2022-08-20,1560437395681689600,1560437395681689600
1560589176671715328,Bolsonaro,2022-08-20,1560589172863369216,1560589174687895552
1560589174687895552,Bolsonaro,2022-08-20,1560589172863369216,1560589172863369216
1560589172863369216,Bolsonaro,2022-08-20,1560589172863369216,
1560437395681689600,Bolsonaro,2022-08-20,1560437395681689600,
1561084701099626496,Bolsonaro,2022-08-21,1561084701099626496,
1561009135646392320,Bolsonaro,2022-08-21,1561009135646392320,
1560801455199625218,Bolsonaro,2022-08-21,1560801455199625218,
1561333410169327617,Bolsonaro,2022-08-22,1561333400979521541,1561333402707566598
1561333402707566598,Bolsonaro,2022-08-22,1561333400979521541,1561333400979521541
1561333400979521541,Bolsonaro,2022-08-22,1561333400979521541,
1561143412623122437,Bolsonaro,2022-08-22,1561143412623122437,
1561845118616879104,Bolsonaro,2022-08-23,1561845118616879104,
1561812306039824384,Bolsonaro,2022-08-23,1561812306039824384,
1561752255203786753,Bolsonaro,2022-08-23,1561752255203786753,
1561653718902243328,Bolsonaro,2022-08-23,1561653715765022720,1561653717270773760
1561653717270773760,Bolsonaro,2022-08-23,1561653715765022720,1561653715765022720
1561653715765022720,Bolsonaro,2022-08-23,1561653715765022720,
1562060048301531137,Bolsonaro,2022-08-24,1562060039212384256,1562060040722423808
1562060040722423808,Bolsonaro,2022-08-24,1562060039212384256,1562060039212384256
1562060039212384256,Bolsonaro,2022-08-24,1562060039212384256,
1561921419147186177,Bolsonaro,2022-08-24,1561921419147186177,
1561899187947577347,Bolsonaro,2022-08-24,1561899185175232516,1561899185175232516
1561899185175232516,Bolsonaro,2022-08-24,1561899185175232516,
1561886323870400515,Bolsonaro,2022-08-24,1561886323870400515,
1561885419154849792,Bolsonaro,2022-08-24,1561885419154849792,
1561881826792275969,Bolsonaro,2022-08-24,1561881042377756673,1561881042377756673
1561881042377756673,Bolsonaro,2022-08-24,1561881042377756673,
1562569005889888259,Bolsonaro,2022-08-25,1562569003133857793,1562569003133857793
1562569003133857793,Bolsonaro,2022-08-25,1562569003133857793,
1562558433617817600,Bolsonaro,2022-08-25,1562553739377983489,1562553739377983489
1562553739377983489,Bolsonaro,2022-08-25,1562553739377983489,
1562375324633104384,Bolsonaro,2022-08-25,1562375322997346304,1562375322997346304
1562375322997346304,Bolsonaro,2022-08-25,1562375322997346304,
1562921497232015360,Bolsonaro,2022-08-26,1562921497232015360,
1562876148475842562,Bolsonaro,2022-08-26,1562876143182954496,1562876146349645824
1562876146349645824,Bolsonaro,2022-08-26,1562876143182954496,1562876143182954496
1562876143182954496,Bolsonaro,2022-08-26,1562876143182954496,
1562806552658325505,Bolsonaro,2022-08-26,1562806547964919808,1562806550300790784
1562806550300790784,Bolsonaro,2022-08-26,1562806547964919808,1562806547964919808
1562806547964919808,Bolsonaro,2022-08-26,1562806547964919808,
1562747433524002816,Bolsonaro,2022-08-26,1562747433524002816,
1562628800172916736,Bolsonaro,2022-08-26,1562628800172916736,
1562603863127265281,Bolsonaro,2022-08-26,1562553739377983489,1562558433617817600
1563304345768054785,Bolsonaro,2022-08-27,1563303611945615360,1563303611945615360
1563303611945615360,Bolsonaro,2022-08-27,1563303611945615360,
1563289161825947648,Bolsonaro,2022-08-27,1563288758715224064,1563288758715224064
1563288998373916672,Bolsonaro,2022-08-27,1563288758715224064,1563288758715224064
1563288758715224064,Bolsonaro,2022-08-27,1563288758715224064,
1563250908573896705,Bolsonaro,2022-08-27,1563250908573896705,
1563238531937751048,Bolsonaro,2022-08-27,1563238531937751048,
1563178244873936897,Bolsonaro,2022-08-27,1563178244873936897,
1563163856939405315,Bolsonaro,2022-08-27,1563163850727251968,1563163854951284738
1563163854951284738,Bolsonaro,2022-08-27,1563163850727251968,1563163852657033219
1563163852657033219,Bolsonaro,2022-08-27,1563163850727251968,1563163850727251968
1563163850727251968,Bolsonaro,2022-08-27,1563163850727251968,
1563110697189654530,Bolsonaro,2022-08-27,1563110697189654530,
1563569840476291072,Bolsonaro,2022-08-28,1563569840476291072,
1563549870769614852,Bolsonaro,2022-08-28,1563549870769614852,
1563546420485189632,Bolsonaro,2022-08-28,1563538787237388289,1563538787237388289
1563538787237388289,Bolsonaro,2022-08-28,1563538787237388289,
1563469322701266945,Bolsonaro,2022-08-28,1563469322701266945,
1563367721416683527,Bolsonaro,2022-08-28,1563367721416683527,
1563328742423793665,Bolsonaro,2022-08-28,1563328742423793665,
1564025407468437511,Bolsonaro,2022-08-29,1564025407468437511,
1563950347864969221,Bolsonaro,2022-08-29,1563950329716248581,1563950335084879873
1563950335084879873,Bolsonaro,2022-08-29,1563950329716248581,1563950332853510153
1563950332853510153,Bolsonaro,2022-08-29,1563950329716248581,1563950329716248581
1563950329716248581,Bolsonaro,2022-08-29,1563950329716248581,
1563830358222802945,Bolsonaro,2022-08-29,1563830358222802945,
1564385117434482688,Bolsonaro,2022-08-30,1564385117434482688,
1564314982233395202,Bolsonaro,2022-08-30,1564314982233395202,
1564291368830353412,Bolsonaro,2022-08-30,1564291368830353412,
1564187382802522112,Bolsonaro,2022-08-30,1564187376779395073,1564187381317640194
1564187381317640194,Bolsonaro,2022-08-30,1564187376779395073,1564187379807707136
1564187379807707136,Bolsonaro,2022-08-30,1564187376779395073,1564187376779395073
1564187376779395073,Bolsonaro,2022-08-30,1564187376779395073,
1564102938838065153,Bolsonaro,2022-08-30,1564102938838065153,
1564096774133923840,Bolsonaro,2022-08-30,1564096774133923840,
1564092800785858560,Bolsonaro,2022-08-30,1564092800785858560,
1564089188051460099,Bolsonaro,2022-08-30,1564083090594709505,1564084142148567041
1564086133335678979,Bolsonaro,2022-08-30,1564086133335678979,
1564750806716383232,Bolsonaro,2022-08-31,1564750800705961984,1564750804812275714
1564750804812275714,Bolsonaro,2022-08-31,1564750800705961984,1564750802916352000
1564750802916352000,Bolsonaro,2022-08-31,1564750800705961984,1564750800705961984
1564750800705961984,Bolsonaro,2022-08-31,1564750800705961984,
1564617022218113040,Bolsonaro,2022-08-31,1564617017222643726,1564617017222643726
1564617017222643726,Bolsonaro,2022-08-31,1564617017222643726,
1564565250661310466,Bolsonaro,2022-08-31,1564291368830353412,1564292350481993732
1564554418611257345,Bolsonaro,2022-08-31,1564554418611257345,
1565095206000775168,Bolsonaro,2022-09-01,1565095206000775168,
1565023496178208770,Bolsonaro,2022-09-01,1565018434596913152,1565018434596913152
1565018434596913152,Bolsonaro,2022-09-01,1565018434596913152,
1564923977230962691,Bolsonaro,2022-09-01,1564923975637016577,1564923975637016577
1564923975637016577,Bolsonaro,2022-09-01,1564923975637016577,
1564808412604637192,Bolsonaro,2022-09-01,1564807618438242304,1564808035922485249
1564807901495140352,Bolsonaro,2022-09-01,1564807618438242304,1564807618438242304
1564803141706698755,Bolsonaro,2022-09-01,1564803141706698755,
1565471667589156864,Bolsonaro,2022-09-02,1565471667589156864,
1565444821434728448,Bolsonaro,2022-09-02,1565444821434728448,
1565410597331771396,Bolsonaro,2022-09-02,1565410597331771396,
1565323037473374209,Bolsonaro,2022-09-02,1565323037473374209,
1565283512000954368,Bolsonaro,2022-09-02,1565283505654882306,1565283505654882306
1565283505654882306,Bolsonaro,2022-09-02,1565283505654882306,
1565816496281886720,Bolsonaro,2022-09-03,1565816488015151106,1565816493400625154
1565816493400625154,Bolsonaro,2022-09-03,1565816488015151106,1565816491756462080
1565816491756462080,Bolsonaro,2022-09-03,1565816488015151106,1565816489705455623
1565816489705455623,Bolsonaro,2022-09-03,1565816488015151106,1565816488015151106
1565816488015151106,Bolsonaro,2022-09-03,1565816488015151106,
1565646554458898435,Bolsonaro,2022-09-03,1565646549706760193,1565646552751816706
1565646552751816706,Bolsonaro,2022-09-03,1565646549706760193,1565646551149690882
1565646551149690882,Bolsonaro,2022-09-03,1565646549706760193,1565646549706760193
1565646549706760193,Bolsonaro,2022-09-03,1565646549706760193,
1565517028206813186,Bolsonaro,2022-09-03,1565517028206813186,
1565509466828800006,Bolsonaro,2022-09-03,1565509466828800006,
1565499520615677953,Bolsonaro,2022-09-03,1565499520615677953,
1566109662868652036,Bolsonaro,2022-09-04,1566109662868652036,
1566063853527523329,Bolsonaro,2022-09-04,1566063853527523329,
1566005949885726721,Bolsonaro,2022-09-04,1566005949885726721,
1566576123319926786,Bolsonaro,2022-09-05,1566576120765595648,1566576120765595648
1566576120765595648,Bolsonaro,2022-09-05,1566576120765595648,
1566547128922656769,Bolsonaro,2022-09-05,1566465463999135751,1566465463999135751
1566390432271147008,Bolsonaro,2022-09-05,1566390430693990400,1566390430693990400
1566390430693990400,Bolsonaro,2022-09-05,1566390430693990400,
1566727888191225858,Bolsonaro,2022-09-06,1566727883116134402,1566727883116134402
1566727883116134402,Bolsonaro,2022-09-06,1566727883116134402,
1567295800010473474,Bolsonaro,2022-09-07,1567295798177587200,1567295798177587200
1567295798177587200,Bolsonaro,2022-09-07,1567295798177587200,
1567264125612351489,Bolsonaro,2022-09-07,1567264121720082433,1567264123578105864
1567264123578105864,Bolsonaro,2022-09-07,1567264121720082433,1567264121720082433
1567264121720082433,Bolsonaro,2022-09-07,1567264121720082433,
1567224602136281089,Bolsonaro,2022-09-07,1567224600043393025,1567224600043393025
1567224600043393025,Bolsonaro,2022-09-07,1567224600043393025,
1567124549224783872,Bolsonaro,2022-09-07,1567124547345813506,1567124547345813506
1567124547345813506,Bolsonaro,2022-09-07,1567124547345813506,
1566951106785284096,Bolsonaro,2022-09-07,1566951096366645248,1566951105124245510
1566951105124245510,Bolsonaro,2022-09-07,1566951096366645248,1566951103329091590
1566951103329091590,Bolsonaro,2022-09-07,1566951096366645248,1566951101601124352
1566951101601124352,Bolsonaro,2022-09-07,1566951096366645248,1566951099919204360
1566951099919204360,Bolsonaro,2022-09-07,1566951096366645248,1566951098086301696
1566951098086301696,Bolsonaro,2022-09-07,1566951096366645248,1566951096366645248
1566951096366645248,Bolsonaro,2022-09-07,1566951096366645248,
1567644575027658752,Bolsonaro,2022-09-08,1567644559202566144,1567644572783706112
1567644572783706112,Bolsonaro,2022-09-08,1567644559202566144,1567644570631954434
1567644570631954434,Bolsonaro,2022-09-08,1567644559202566144,1567644568438427656
1567644568438427656,Bolsonaro,2022-09-08,1567644559202566144,1567644566769078275
1567644566769078275,Bolsonaro,2022-09-08,1567644559202566144,1567644564437049347
1567644564437049347,Bolsonaro,2022-09-08,1567644559202566144,1567644562524454916
1567644562524454916,Bolsonaro,2022-09-08,1567644559202566144,1567644560934797318
1567644560934797318,Bolsonaro,2022-09-08,1567644559202566144,1567644559202566144
1567644559202566144,Bolsonaro,2022-09-08,1567644559202566144,
1567562003253788672,Bolsonaro,2022-09-08,1567562003253788672,
1567962251398709252,Bolsonaro,2022-09-09,1567961732869685248,1567961736661065732
1567961736661065732,Bolsonaro,2022-09-09,1567961732869685248,1567961734769516549
1567961734769516549,Bolsonaro,2022-09-09,1567961732869685248,1567961732869685248
1567961732869685248,Bolsonaro,2022-09-09,1567961732869685248,
1567915538872926210,Bolsonaro,2022-09-09,1567915534574034947,1567915536893333504
1567915536893333504,Bolsonaro,2022-09-09,1567915534574034947,1567915534574034947
1567915534574034947,Bolsonaro,2022-09-09,1567915534574034947,
1567812122167459843,Bolsonaro,2022-09-09,1567812117432082432,1567812117432082432
1567812117432082432,Bolsonaro,2022-09-09,1567812117432082432,
1567729791800836096,Bolsonaro,2022-09-09,1567729791800836096,
1568362772265664514,Bolsonaro,2022-09-10,1568362765013716993,1568362770315223040
1568362770315223040,Bolsonaro,2022-09-10,1568362765013716993,1568362768700522502
1568362768700522502,Bolsonaro,2022-09-10,1568362765013716993,1568362766871969795
1568362766871969795,Bolsonaro,2022-09-10,1568362765013716993,1568362765013716993
1568362765013716993,Bolsonaro,2022-09-10,1568362765013716993,
1568187290425360385,Bolsonaro,2022-09-10,1568187290425360385,
1568172330672689155,Bolsonaro,2022-09-10,1567961732869685248,1567965453854855168
1568170323446571008,Bolsonaro,2022-09-10,1568170316471353346,1568170321944928258
1568170321944928258,Bolsonaro,2022-09-10,1568170316471353346,1568170320393125894
1568170320393125894,Bolsonaro,2022-09-10,1568170316471353346,1568170318308442114
1568170318308442114,Bolsonaro,2022-09-10,1568170316471353346,1568170316471353346
1568170316471353346,Bolsonaro,2022-09-10,1568170316471353346,
1568039888074821638,Bolsonaro,2022-09-10,1568039888074821638,
1568678055710806017,Bolsonaro,2022-09-11,1568678055710806017,
1568540411882340352,Bolsonaro,2022-09-11,1568540408652746752,1568540410242375682
1568540410242375682,Bolsonaro,2022-09-11,1568540408652746752,1568540408652746752
1568540408652746752,Bolsonaro,2022-09-11,1568540408652746752,
1568411080879218690,Bolsonaro,2022-09-11,1568411080879218690,
1569096476604919808,Bolsonaro,2022-09-12,1569096476604919808,
1568982716351393797,Bolsonaro,2022-09-12,1568982714052915201,1568982714052915201
1568982714052915201,Bolsonaro,2022-09-12,1568982714052915201,
1568762735696953345,Bolsonaro,2022-09-12,1568762724968202241,1568762728948576256
1568762728948576256,Bolsonaro,2022-09-12,1568762724968202241,1568762727027318787
1568762727027318787,Bolsonaro,2022-09-12,1568762724968202241,1568762724968202241
1568762724968202241,Bolsonaro,2022-09-12,1568762724968202241,
1569343232521437185,Bolsonaro,2022-09-13,1569343232521437185,
1569256308326408192,Bolsonaro,2022-09-13,1569256305050927110,1569256306669649922
1569256306669649922,Bolsonaro,2022-09-13,1569256305050927110,1569256305050927110
1569256305050927110,Bolsonaro,2022-09-13,1569256305050927110,
1569822854882918402,Bolsonaro,2022-09-14,1569822854882918402,
1569777925414879234,Bolsonaro,2022-09-14,1569777925414879234,
1569631545442418693,Bolsonaro,2022-09-14,1569631545442418693,
1569525523185020929,Bolsonaro,2022-09-14,1569525523185020929,
1570156646860464128,Bolsonaro,2022-09-15,1570156646860464128,
1570030977996722177,Bolsonaro,2022-09-15,1570030976147034114,1570030976147034114
1570030976147034114,Bolsonaro,2022-09-15,1570030976147034114,
1569991327453937664,Bolsonaro,2022-09-15,1569991326069936133,1569991326069936133
1569991326069936133,Bolsonaro,2022-09-15,1569991326069936133,
1569858511546245120,Bolsonaro,2022-09-15,1569858506747944961,1569858509935607808
1569858509935607808,Bolsonaro,2022-09-15,1569858506747944961,1569858508329189376
1569858508329189376,Bolsonaro,2022-09-15,1569858506747944961,1569858506747944961
1569858506747944961,Bolsonaro,2022-09-15,1569858506747944961,
1569841751170469893,Bolsonaro,2022-09-15,1569841751170469893,
1570447205877837824,Bolsonaro,2022-09-16,1570447205877837824,
1570355931934003201,Bolsonaro,2022-09-16,1570355919585792006,1570355930188881923
1570355930188881923,Bolsonaro,2022-09-16,1570355919585792006,1570355928486260736
1570355928486260736,Bolsonaro,2022-09-16,1570355919585792006,1570355926028386304
1570355926028386304,Bolsonaro,2022-09-16,1570355919585792006,1570355923276951553
1570355923276951553,Bolsonaro,2022-09-16,1570355919585792006,1570355921422802944
1570355921422802944,Bolsonaro,2022-09-16,1570355919585792006,1570355919585792006
1570355919585792006,Bolsonaro,2022-09-16,1570355919585792006,
1570204834007220224,Bolsonaro,2022-09-16,1570204834007220224,
1570803014419755016,Bolsonaro,2022-09-17,1570803014419755016,
1570716172437565440,Bolsonaro,2022-09-17,1570716172437565440,
1571267648700178433,Bolsonaro,2022-09-18,1571267648700178433,
1571249218320273410,Bolsonaro,2022-09-18,1571249218320273410,
1571165861687222272,Bolsonaro,2022-09-18,1571165861687222272,
1571086504377843713,Bolsonaro,2022-09-18,1571086504377843713,
1571540685744140290,Bolsonaro,2022-09-19,1571540685744140290,
1571446087399112704,Bolsonaro,2022-09-19,1571446082642784256,1571446082642784256
1571446082642784256,Bolsonaro,2022-09-19,1571446082642784256,
1571882377504243717,Bolsonaro,2022-09-20,1571882374111059975,1571882375814025216
1571882375814025216,Bolsonaro,2022-09-20,1571882374111059975,1571882374111059975
1571882374111059975,Bolsonaro,2022-09-20,1571882374111059975,
1571876107502198786,Bolsonaro,2022-09-20,1571876105383985154,1571876105383985154
1571876105383985154,Bolsonaro,2022-09-20,1571876105383985154,
1571809151428300800,Bolsonaro,2022-09-20,1571809147972354049,1571809149767278596
1571809149767278596,Bolsonaro,2022-09-20,1571809147972354049,1571809147972354049
1571809147972354049,Bolsonaro,2022-09-20,1571809147972354049,
1572311854914977804,Bolsonaro,2022-09-21,1572285927841726467,1572285933361283076
1572285933361283076,Bolsonaro,2022-09-21,1572285927841726467,1572285931792506881
1572285931792506881,Bolsonaro,2022-09-21,1572285927841726467,1572285929875963906
1572285929875963906,Bolsonaro,2022-09-21,1572285927841726467,1572285927841726467
1572285927841726467,Bolsonaro,2022-09-21,1572285927841726467,
1572218341757943813,Bolsonaro,2022-09-21,1572218341757943813,
1572161058621513730,Bolsonaro,2022-09-21,1572161053928087553,1572161053928087553
1572161053928087553,Bolsonaro,2022-09-21,1572161053928087553,
1572607362736820226,Bolsonaro,2022-09-22,1572607358186004480,1572607360614662144
1572607360614662144,Bolsonaro,2022-09-22,1572607358186004480,1572607358186004480
1572607358186004480,Bolsonaro,2022-09-22,1572607358186004480,
1572524422493507584,Bolsonaro,2022-09-22,1572524422493507584,
1572381213632913409,Bolsonaro,2022-09-22,1572381213632913409,
1573036627559071744,Bolsonaro,2022-09-23,1573036627559071744,
1573008650914115584,Bolsonaro,2022-09-23,1573008647189590017,1573008648909078528
1573008648909078528,Bolsonaro,2022-09-23,1573008647189590017,1573008647189590017
1573008647189590017,Bolsonaro,2022-09-23,1573008647189590017,
1572993775298904065,Bolsonaro,2022-09-23,1572971024102363138,1572971024102363138
1572971024102363138,Bolsonaro,2022-09-23,1572971024102363138,
1572892082439655424,Bolsonaro,2022-09-23,1572892076018368512,1572892079998771200
1572892079998771200,Bolsonaro,2022-09-23,1572892076018368512,1572892077834502149
1572892077834502149,Bolsonaro,2022-09-23,1572892076018368512,1572892076018368512
1572892076018368512,Bolsonaro,2022-09-23,1572892076018368512,
1573371067023982592,Bolsonaro,2022-09-24,1573371067023982592,
1573336075283857410,Bolsonaro,2022-09-24,1573336071907463169,1573336071907463169
1573252120102735872,Bolsonaro,2022-09-24,1573252111953195008,1573252118114631680
1573252118114631680,Bolsonaro,2022-09-24,1573252111953195008,1573252111953195008
1573252111953195008,Bolsonaro,2022-09-24,1573252111953195008,
1573752060167733248,Bolsonaro,2022-09-25,1573708243213455361,1573708991095603205
1573708991095603205,Bolsonaro,2022-09-25,1573708243213455361,1573708243213455361
1573708243213455361,Bolsonaro,2022-09-25,1573708243213455361,
1573621835857526786,Bolsonaro,2022-09-25,1573621835857526786,
1573469666793619478,Bolsonaro,2022-09-25,1573469666793619478,
1574149428025368582,Bolsonaro,2022-09-26,1574149428025368582,
1574009512876544000,Bolsonaro,2022-09-26,1574009512876544000,
1573861328510484482,Bolsonaro,2022-09-26,1573861324739809282,1573861326643920898
1573861326643920898,Bolsonaro,2022-09-26,1573861324739809282,1573861324739809282
1573861324739809282,Bolsonaro,2022-09-26,1573861324739809282,
1573827829761966080,Bolsonaro,2022-09-26,1573818763211857920,1573818763211857920
1574542980694028288,Bolsonaro,2022-09-27,1574542980694028288,
1574476750427684864,Bolsonaro,2022-09-27,1574476750427684864,
1574354893200031744,Bolsonaro,2022-09-27,1574354872241164289,1574354891509825536
1574354891509825536,Bolsonaro,2022-09-27,1574354872241164289,1574354889458737152
1574354889458737152,Bolsonaro,2022-09-27,1574354872241164289,1574354887844024320
1574354887844024320,Bolsonaro,2022-09-27,1574354872241164289,1574354886015291392
1574354886015291392,Bolsonaro,2022-09-27,1574354872241164289,1574354884236910592
1574354884236910592,Bolsonaro,2022-09-27,1574354872241164289,1574354882219368449
1574354882219368449,Bolsonaro,2022-09-27,1574354872241164289,1574354880583667715
1574354880583667715,Bolsonaro,2022-09-27,1574354872241164289,1574354878872268800
1574354878872268800,Bolsonaro,2022-09-27,1574354872241164289,1574354876557131779
1574354876557131779,Bolsonaro,2022-09-27,1574354872241164289,1574354874543869952
1574354874543869952,Bolsonaro,2022-09-27,1574354872241164289,1574354872241164289
1574354872241164289,Bolsonaro,2022-09-27,1574354872241164289,
1574900075016380416,Bolsonaro,2022-09-28,1574900075016380416,
1574874493184516103,Bolsonaro,2022-09-28,1574874493184516103,
1574826782531936257,Bolsonaro,2022-09-28,1574794244870529024,1574794244870529024
1574794244870529024,Bolsonaro,2022-09-28,1574794244870529024,
1574704331496263681,Bolsonaro,2022-09-28,1574704327276593152,1574704328962899968
1574704328962899968,Bolsonaro,2022-09-28,1574704327276593152,1574704327276593152
1574704327276593152,Bolsonaro,2022-09-28,1574704327276593152,
1575257387103125504,Bolsonaro,2022-09-29,1575257387103125504,
1575191185198841857,Bolsonaro,2022-09-29,1575191185198841857,
1575058488908079105,Bolsonaro,2022-09-29,1575058486962290688,1575058486962290688
1575058486962290688,Bolsonaro,2022-09-29,1575058486962290688,
1574969177043247104,Bolsonaro,2022-09-29,1574969177043247104,
1575606425690439685,Bolsonaro,2022-09-30,1575606425690439685,
1575587795891953664,Bolsonaro,2022-09-30,1575587795891953664,
1575508379430174723,Bolsonaro,2022-09-30,1575508364989276161,1575508364989276161
1575508364989276161,Bolsonaro,2022-09-30,1575508364989276161,
1575443483418058753,Bolsonaro,2022-09-30,1575443479236415490,1575443479236415490
1575443479236415490,Bolsonaro,2022-09-30,1575443479236415490,
1575325408358195200,Bolsonaro,2022-09-30,1575325362304737281,1575325404499410944
1575325404499410944,Bolsonaro,2022-09-30,1575325362304737281,1575325400586231809
1575325400586231809,Bolsonaro,2022-09-30,1575325362304737281,1575325396886818816
1575325396886818816,Bolsonaro,2022-09-30,1575325362304737281,1575325392776450049
1575325392776450049,Bolsonaro,2022-09-30,1575325362304737281,1575325388242313217
1575325388242313217,Bolsonaro,2022-09-30,1575325362304737281,1575325384144523266
1575325384144523266,Bolsonaro,2022-09-30,1575325362304737281,1575325379837018112
1575325379837018112,Bolsonaro,2022-09-30,1575325362304737281,1575325371796492289
1575325371796492289,Bolsonaro,2022-09-30,1575325362304737281,1575325367841308672
1575325367841308672,Bolsonaro,2022-09-30,1575325362304737281,1575325362304737281
1575325362304737281,Bolsonaro,2022-09-30,1575325362304737281,
1575293127849648132,Bolsonaro,2022-09-30,1575293127849648132,
1575990722326827008,Bolsonaro,2022-10-01,1575990722326827008,
1575968080416497664,Bolsonaro,2022-10-01,1575968080416497664,
1575956805892837376,Bolsonaro,2022-10-01,1575956805892837376,
1575948299701452860,Bolsonaro,2022-10-01,1575948299701452860,
1575895542546456576,Bolsonaro,2022-10-01,1575895286848884737,1575895286848884737
1575895286848884737,Bolsonaro,2022-10-01,1575895286848884737,
1575859110523944961,Bolsonaro,2022-10-01,1575859110523944961,1575657879742423042
1575719740345323522,Bolsonaro,2022-10-01,1575719740345323522,
1576336129196199936,Bolsonaro,2022-10-02,1576336129196199936,
1576321392689451008,Bolsonaro,2022-10-02,1576321392689451008,1576229093028163585
1576293165870419969,Bolsonaro,2022-10-02,1576293165870419969,
1576289495032291328,Bolsonaro,2022-10-02,1576287568072560641,1576287928874999808
1576287844179795968,Bolsonaro,2022-10-02,1576287568072560641,1576287568072560641
1576260686665068544,Bolsonaro,2022-10-02,1576260686665068544,
1576224103039586306,Bolsonaro,2022-10-02,1576224103039586306,
1576202106960158720,Bolsonaro,2022-10-02,1576202106960158720,
1576184017073733632,Bolsonaro,2022-10-02,1576184017073733632,
1576151382142648321,Bolsonaro,2022-10-02,1576151375620120576,1576151375620120576
1576151375620120576,Bolsonaro,2022-10-02,1576151375620120576,
1576028595952447490,Bolsonaro,2022-10-02,1576028595952447490,
1576021661039534080,Bolsonaro,2022-10-02,1576021661039534080,
1576013860347138048,Bolsonaro,2022-10-02,1576013860347138048,
1576407750057205770,Bolsonaro,2022-10-03,1576407733233807360,1576407744164220929
1576407744164220929,Bolsonaro,2022-10-03,1576407733233807360,1576407738149933061
1576407738149933061,Bolsonaro,2022-10-03,1576407733233807360,1576407733233807360
1576401407179370496,Bolsonaro,2022-10-03,1576401390205014018,1576401390205014018
1576401390205014018,Bolsonaro,2022-10-03,1576401390205014018,
1576379329017413633,Bolsonaro,2022-10-03,1576379329017413633,
1576373037401636864,Bolsonaro,2022-10-03,1576373031177715712,1576373031177715712
1576373031177715712,Bolsonaro,2022-10-03,1576373031177715712,
1576364722550628352,Bolsonaro,2022-10-03,1576364722550628352,
1576983918032850944,Bolsonaro,2022-10-04,1576983918032850944,
1576802107021107201,Bolsonaro,2022-10-04,1576802087693824000,1576802101489184768
1576802101489184768,Bolsonaro,2022-10-04,1576802087693824000,1576802096963235841
1576802096963235841,Bolsonaro,2022-10-04,1576802087693824000,1576802093687414784
1576802093687414784,Bolsonaro,2022-10-04,1576802087693824000,1576802090285813762
1576802090285813762,Bolsonaro,2022-10-04,1576802087693824000,1576802087693824000
1576802087693824000,Bolsonaro,2022-10-04,1576802087693824000,
1577442100614156288,Bolsonaro,2022-10-05,1577442046322802689,1577442096276852736
1577442096276852736,Bolsonaro,2022-10-05,1577442046322802689,1577442092170846208
1577442092170846208,Bolsonaro,2022-10-05,1577442046322802689,1577442088312078336
1577442088312078336,Bolsonaro,2022-10-05,1577442046322802689,1577442084461547520
1577442084461547520,Bolsonaro,2022-10-05,1577442046322802689,1577442080279781376
1577442080279781376,Bolsonaro,2022-10-05,1577442046322802689,1577442076320755712
1577442076320755712,Bolsonaro,2022-10-05,1577442046322802689,1577442072033755136
1577442072033755136,Bolsonaro,2022-10-05,1577442046322802689,1577442067420258308
1577442067420258308,Bolsonaro,2022-10-05,1577442046322802689,1577442061552615425
1577442061552615425,Bolsonaro,2022-10-05,1577442046322802689,1577442057559343104
1577442057559343104,Bolsonaro,2022-10-05,1577442046322802689,1577442054032035840
1577442054032035840,Bolsonaro,2022-10-05,1577442046322802689,1577442046322802689
1577442046322802689,Bolsonaro,2022-10-05,1577442046322802689,
1577386445915963398,Bolsonaro,2022-10-05,1577386442015363072,1577386443797778432
1577386443797778432,Bolsonaro,2022-10-05,1577386442015363072,1577386442015363072
1577386442015363072,Bolsonaro,2022-10-05,1577386442015363072,
1577230795399626752,Bolsonaro,2022-10-05,1577230795399626752,
1577781467043733516,Bolsonaro,2022-10-06,1577781467043733516,
1577743063337910283,Bolsonaro,2022-10-06,1577743046871072782,1577743054395645954
1577743054395645954,Bolsonaro,2022-10-06,1577743046871072782,1577743046871072782
1577743046871072782,Bolsonaro,2022-10-06,1577743046871072782,
1577610932057931778,Bolsonaro,2022-10-06,1577610932057931778,
1578163989988507648,Bolsonaro,2022-10-07,1578163989988507648,
1578140522295660544,Bolsonaro,2022-10-07,1578140522295660544,
1578109802131357696,Bolsonaro,2022-10-07,1578109802131357696,
1578026329400041472,Bolsonaro,2022-10-07,1578026301566246913,1578026301566246913
1578026301566246913,Bolsonaro,2022-10-07,1578026301566246913,
1577996507801853952,Bolsonaro,2022-10-07,1577996507801853952,
1577963408657457152,Bolsonaro,2022-10-07,1577963407101288448,1577963407101288448
1577963407101288448,Bolsonaro,2022-10-07,1577963407101288448,
1577855873455644672,Bolsonaro,2022-10-07,1577855873455644672,1577827918411190272
1578517038385238016,Bolsonaro,2022-10-08,1578517038385238016,
1578493342182096896,Bolsonaro,2022-10-08,1578493342182096896,1578472564594159616
1578482148193234944,Bolsonaro,2022-10-08,1578482105075781633,1578482143138697216
1578482143138697216,Bolsonaro,2022-10-08,1578482105075781633,1578482138285948929
1578482138285948929,Bolsonaro,2022-10-08,1578482105075781633,1578482132099293184
1578482132099293184,Bolsonaro,2022-10-08,1578482105075781633,1578482123585224705
1578482123585224705,Bolsonaro,2022-10-08,1578482105075781633,1578482111396614145
1578482111396614145,Bolsonaro,2022-10-08,1578482105075781633,1578482105075781633
1578482105075781633,Bolsonaro,2022-10-08,1578482105075781633,1578294127862509568
1578367944400470017,Bolsonaro,2022-10-08,1578367932093976576,1578367936238346241
1578367936238346241,Bolsonaro,2022-10-08,1578367932093976576,1578367932093976576
1578367932093976576,Bolsonaro,2022-10-08,1578367932093976576,
1578333956386082816,Bolsonaro,2022-10-08,1578333950660919297,1578333953307848709
1578333953307848709,Bolsonaro,2022-10-08,1578333950660919297,1578333950660919297
1578333950660919297,Bolsonaro,2022-10-08,1578333950660919297,
1578201966743719936,Bolsonaro,2022-10-08,1578201966743719936,
1578864834606612480,Bolsonaro,2022-10-09,1578864823525576704,1578864827799601152
1578864827799601152,Bolsonaro,2022-10-09,1578864823525576704,1578864823525576704
1578864823525576704,Bolsonaro,2022-10-09,1578864823525576704,
1578835973370437633,Bolsonaro,2022-10-09,1578835973370437633,
1578815826194747392,Bolsonaro,2022-10-09,1578815826194747392,1578528884881952768
1578744712525418496,Bolsonaro,2022-10-09,1578744708402405382,1578744708402405382
1578744708402405382,Bolsonaro,2022-10-09,1578744708402405382,
1578708867625648130,Bolsonaro,2022-10-09,1578708867625648130,
1578565361624137728,Bolsonaro,2022-10-09,1578565361624137728,
1579174741427961856,Bolsonaro,2022-10-10,1579174735237517312,1579174735237517312
1579174735237517312,Bolsonaro,2022-10-10,1579174735237517312,
1579095178194755584,Bolsonaro,2022-10-10,1579095178194755584,
1579074132565987328,Bolsonaro,2022-10-10,1579074132565987328,
1578920317996892160,Bolsonaro,2022-10-10,1578920317996892160,
1579604448191840256,Bolsonaro,2022-10-11,1579604443313889280,1579604443313889280
1579604443313889280,Bolsonaro,2022-10-11,1579604443313889280,
1579495430437867521,Bolsonaro,2022-10-11,1579495412138119168,1579495422313525249
1579495422313525249,Bolsonaro,2022-10-11,1579495412138119168,1579495416969981952
1579495416969981952,Bolsonaro,2022-10-11,1579495412138119168,1579495412138119168
1579495412138119168,Bolsonaro,2022-10-11,1579495412138119168,
1579428695470931969,Bolsonaro,2022-10-11,1579428695470931969,
1579959577453350912,Bolsonaro,2022-10-12,1579959571309039617,1579959574127611904
1579959574127611904,Bolsonaro,2022-10-12,1579959571309039617,1579959571309039617
1579959571309039617,Bolsonaro,2022-10-12,1579959571309039617,
1579936891243089920,Bolsonaro,2022-10-12,1579936891243089920,
1579869136100134912,Bolsonaro,2022-10-12,1579869136100134912,
1579851134302552070,Bolsonaro,2022-10-12,1579851131496566784,1579851131496566784
1579851131496566784,Bolsonaro,2022-10-12,1579851131496566784,
1579772129720967168,Bolsonaro,2022-10-12,1579772129720967168,
1580260825721630720,Bolsonaro,2022-10-13,1580260821334372352,1580260821334372352
1580260821334372352,Bolsonaro,2022-10-13,1580260821334372352,
1580235921295048705,Bolsonaro,2022-10-13,1580235921295048705,
1580144597170155520,Bolsonaro,2022-10-13,1580144595303682048,1580144595303682048
1580144595303682048,Bolsonaro,2022-10-13,1580144595303682048,
1580631173130489856,Bolsonaro,2022-10-14,1580631173130489856,
1580535578092675072,Bolsonaro,2022-10-14,1580535559767805953,1580535566487400453
1580535566487400453,Bolsonaro,2022-10-14,1580535559767805953,1580535559767805953
1580535559767805953,Bolsonaro,2022-10-14,1580535559767805953,
1580505385588621312,Bolsonaro,2022-10-14,1580505385588621312,
1580382719271350273,Bolsonaro,2022-10-14,1580382691572477955,"1579442386954244096, 1580382691572477955"
1580382691572477955,Bolsonaro,2022-10-14,1580382691572477955,
1581036072582418432,Bolsonaro,2022-10-15,1581036072582418432,
1581017982154969088,Bolsonaro,2022-10-15,1581017982154969088,
1580985187324026880,Bolsonaro,2022-10-15,1580985187324026880,
1580864847256129536,Bolsonaro,2022-10-15,1580864847256129536,
1581377707975139328,Bolsonaro,2022-10-16,1581373385057406976,1581375677521047553
1581375677521047553,Bolsonaro,2022-10-16,1581373385057406976,1581373385057406976
1581373385057406976,Bolsonaro,2022-10-16,1581373385057406976,
1581312785816092672,Bolsonaro,2022-10-16,1581312785816092672,
1581222819177693185,Bolsonaro,2022-10-16,1581222815990022144,1581222815990022144
1581222815990022144,Bolsonaro,2022-10-16,1581222815990022144,
1581729829119934465,Bolsonaro,2022-10-17,1581729829119934465,
1581651114734542849,Bolsonaro,2022-10-17,1581651114734542849,
1581495814949548032,Bolsonaro,2022-10-17,1581495797828681728,1581495807223947264
1581495807223947264,Bolsonaro,2022-10-17,1581495797828681728,1581495799909068800
1581495799909068800,Bolsonaro,2022-10-17,1581495797828681728,1581495797828681728
1581495797828681728,Bolsonaro,2022-10-17,1581495797828681728,
1581490966204076032,Bolsonaro,2022-10-17,1581490966204076032,
1581476440985731072,Bolsonaro,2022-10-17,1581476432219602947,1581476434006065153
1581476434006065153,Bolsonaro,2022-10-17,1581476432219602947,1581476432219602947
1581476432219602947,Bolsonaro,2022-10-17,1581476432219602947,
1582147143531646976,Bolsonaro,2022-10-18,1582147141182533633,1582147141182533633
1582147141182533633,Bolsonaro,2022-10-18,1582147141182533633,
1582043649705054209,Bolsonaro,2022-10-18,1582043649705054209,
1581862982845272064,Bolsonaro,2022-10-18,1581862982845272064,
1581812183544999936,Bolsonaro,2022-10-18,1581812183544999936,
1582465847159058433,Bolsonaro,2022-10-19,1582465847159058433,
1582404968304500737,Bolsonaro,2022-10-19,1582404798212894720,1582404798212894720
1582404798212894720,Bolsonaro,2022-10-19,1582404798212894720,
1582311743723753472,Bolsonaro,2022-10-19,1582311743723753472,
1582814383541227521,Bolsonaro,2022-10-20,1582814383541227521,1555376931058622464
1582788294420463616,Bolsonaro,2022-10-20,1582788291556171781,1582788291556171781
1582788291556171781,Bolsonaro,2022-10-20,1582788291556171781,
1582685737094643712,Bolsonaro,2022-10-20,1582685732396679169,1582685732396679169
1582685732396679169,Bolsonaro,2022-10-20,1582685732396679169,
1583217927666380800,Bolsonaro,2022-10-21,1583217927666380800,
1583196586011930624,Bolsonaro,2022-10-21,1583196586011930624,
1583127482818998272,Bolsonaro,2022-10-21,1583127482818998272,
1583047423571947520,Bolsonaro,2022-10-21,1583047420417490945,1583047420417490945
1583047420417490945,Bolsonaro,2022-10-21,1583047420417490945,
1582885037036343297,Bolsonaro,2022-10-21,1582885037036343297,
1583566232724250624,Bolsonaro,2022-10-22,1583566232724250624,
1583509371979374592,Bolsonaro,2022-10-22,1583509371979374592,1581845298191937537
1583475637016141826,Bolsonaro,2022-10-22,1583475637016141826,
1583420672922959872,Bolsonaro,2022-10-22,1583420672922959872,
1583305775266811905,Bolsonaro,2022-10-22,1583305775266811905,
1583271655014473730,Bolsonaro,2022-10-22,1583271655014473730,
1583912078875963392,Bolsonaro,2022-10-23,1583912078875963392,
1583870527244226560,Bolsonaro,2022-10-23,1583870527244226560,
1583760112707342336,Bolsonaro,2022-10-23,1583760112707342336,
1583645320801505280,Bolsonaro,2022-10-23,1583645320801505280,
1584306781530230784,Bolsonaro,2022-10-24,1584306781530230784,
1584244307619237888,Bolsonaro,2022-10-24,1584244307619237888,
1584223235121377281,Bolsonaro,2022-10-24,1584223233167200256,1584223233167200256
1584223233167200256,Bolsonaro,2022-10-24,1584223233167200256,
1584168688822804480,Bolsonaro,2022-10-24,1584168688822804480,
1584585031439495168,Bolsonaro,2022-10-25,1584585025605234688,1584585025605234688
1584585025605234688,Bolsonaro,2022-10-25,1584585025605234688,
1584524047554990080,Bolsonaro,2022-10-25,1584524047554990080,
1584380725779759104,Bolsonaro,2022-10-25,1584380725779759104,
1584367345656827905,Bolsonaro,2022-10-25,1584367345656827905,
1585053774561038337,Bolsonaro,2022-10-26,1585053774561038337,
1584978633466458112,Bolsonaro,2022-10-26,1584978633466458112,
1584932266194522112,Bolsonaro,2022-10-26,1584932266194522112,
1584920511666159618,Bolsonaro,2022-10-26,1584920511666159618,
1584858778205159424,Bolsonaro,2022-10-26,1584858771670831106,1584858775889985537
1584858775889985537,Bolsonaro,2022-10-26,1584858771670831106,1584858773570564096
1584858773570564096,Bolsonaro,2022-10-26,1584858771670831106,1584858771670831106
1584858771670831106,Bolsonaro,2022-10-26,1584858771670831106,
1585378361442193409,Bolsonaro,2022-10-27,1585378361442193409,
1585204671597056000,Bolsonaro,2022-10-27,1585204664328675328,1585204669542195202
1585204669542195202,Bolsonaro,2022-10-27,1585204664328675328,1585204664328675328
1585204664328675328,Bolsonaro,2022-10-27,1585204664328675328,
1585775769153781760,Bolsonaro,2022-10-28,1585775769153781760,
1585738719717367812,Bolsonaro,2022-10-28,1585738719717367812,
1585688477038825472,Bolsonaro,2022-10-28,1585688477038825472,
1585575578526154759,Bolsonaro,2022-10-28,1585575572146733056,1585575572146733056
1585575572146733056,Bolsonaro,2022-10-28,1585575572146733056,
1586125413868134401,Bolsonaro,2022-10-29,1585799137525653505,1585799137525653505
1586123840945782786,Bolsonaro,2022-10-29,1586123840945782786,
1585969559336427520,Bolsonaro,2022-10-29,1585969559336427520,
1585943067911426051,Bolsonaro,2022-10-29,1585943067911426051,
1586481733393858560,Bolsonaro,2022-10-30,1586481694294835200,1586481731657695232
1586481731657695232,Bolsonaro,2022-10-30,1586481694294835200,1586481729723850752
1586481729723850752,Bolsonaro,2022-10-30,1586481694294835200,1586481728147058691
1586481728147058691,Bolsonaro,2022-10-30,1586481694294835200,1586481726225715200
1586481726225715200,Bolsonaro,2022-10-30,1586481694294835200,1586481724300541952
1586481724300541952,Bolsonaro,2022-10-30,1586481694294835200,1586481722253668352
1586481722253668352,Bolsonaro,2022-10-30,1586481694294835200,1586481720336928768
1586481720336928768,Bolsonaro,2022-10-30,1586481694294835200,1586481718571286529
1586481718571286529,Bolsonaro,2022-10-30,1586481694294835200,1586481716415242241
1586481716415242241,Bolsonaro,2022-10-30,1586481694294835200,1586481714570104833
1586481714570104833,Bolsonaro,2022-10-30,1586481694294835200,1586481712778838016
1586481712778838016,Bolsonaro,2022-10-30,1586481694294835200,1586481710778064896
1586481710778064896,Bolsonaro,2022-10-30,1586481694294835200,1586481708517539840
1586481708517539840,Bolsonaro,2022-10-30,1586481694294835200,1586481706739154946
1586481706739154946,Bolsonaro,2022-10-30,1586481694294835200,1586481704847302657
1586481704847302657,Bolsonaro,2022-10-30,1586481694294835200,1586481702813110272
1586481702813110272,Bolsonaro,2022-10-30,1586481694294835200,1586481700942778368
1586481700942778368,Bolsonaro,2022-10-30,1586481694294835200,1586481698488950785
1586481698488950785,Bolsonaro,2022-10-30,1586481694294835200,1586481696345452544
1586481696345452544,Bolsonaro,2022-10-30,1586481694294835200,1586481694294835200
1586481694294835200,Bolsonaro,2022-10-30,1586481694294835200,
1586471646688264192,Bolsonaro,2022-10-30,1586471646688264192,
1586462228340801542,Bolsonaro,2022-10-30,1586462228340801542,
1586314469323448320,Bolsonaro,2022-10-30,1586314469323448320,
1586296170183278592,Bolsonaro,2022-10-30,1586296166660341761,1586296168606212096
1586296168606212096,Bolsonaro,2022-10-30,1586296166660341761,1586296166660341761
1586296166660341761,Bolsonaro,2022-10-30,1586296166660341761,
1586206631703982080,Bolsonaro,2022-10-30,1586206631703982080,
1586203153304719360,Bolsonaro,2022-10-30,1586200156047028224,1586200156047028224
1586200156047028224,Bolsonaro,2022-10-30,1586200156047028224,
1586553183584780289,Bolsonaro,2022-10-31,1586553183584780289,
1586540865618591744,Bolsonaro,2022-10-31,1586540865618591744,
1592913225343201280,Bolsonaro,2022-11-17,1592913225343201280,
1598306922284961793,Bolsonaro,2022-12-02,1598305558821568513,1598305558821568513
1598657762371706881,Bolsonaro,2022-12-03,1598656981673209856,1598656981673209856
1599418036212989953,Bolsonaro,2022-12-05,1599417377346637825,1599417377346637825
1600609888400449540,Bolsonaro,2022-12-08,1600435321182703616,1600435321182703616
1600435321182703616,Bolsonaro,2022-12-08,1600435321182703616,
1600797401434185729,Bolsonaro,2022-12-09,1600795368308224000,1600795368308224000
1601959104939184128,Bolsonaro,2022-12-12,1601959104939184128,
1607336522084229122,Bolsonaro,2022-12-27,1607336518405742593,1607336521065009152
1607336521065009152,Bolsonaro,2022-12-27,1607336518405742593,1607336520024825856
1607336520024825856,Bolsonaro,2022-12-27,1607336518405742593,1607336518405742593
1607336518405742593,Bolsonaro,2022-12-27,1607336518405742593,
1607698776050778120,Bolsonaro,2022-12-28,1607698776050778120,
1608594778979184640,Bolsonaro,2022-12-30,1608594778979184640,
1608438380865687553,Bolsonaro,2022-12-30,1608438380865687553,
1608793098666278912,Bolsonaro,2022-12-31,1608793098666278912,
1609175406581522432,Bolsonaro,2023-01-01,1609175403498815490,1609175404937641984
1609175404937641984,Bolsonaro,2023-01-01,1609175403498815490,1609175403498815490
1609175403498815490,Bolsonaro,2023-01-01,1609175403498815490,
1609634996267933697,Bolsonaro,2023-01-02,1609634996267933697,
1609914589919207427,Bolsonaro,2023-01-03,1609914586937065476,1609914588312600577
1609914588312600577,Bolsonaro,2023-01-03,1609914586937065476,1609914586937065476
1609914586937065476,Bolsonaro,2023-01-03,1609914586937065476,
1610252406125916160,Bolsonaro,2023-01-04,1610252400945954825,1610252404125237248
1610252404125237248,Bolsonaro,2023-01-04,1610252400945954825,1610252402351038469
1610252402351038469,Bolsonaro,2023-01-04,1610252400945954825,1610252400945954825
1610252400945954825,Bolsonaro,2023-01-04,1610252400945954825,
1610619140171255809,Bolsonaro,2023-01-05,1610619136815538177,1610619138590011392
1610619138590011392,Bolsonaro,2023-01-05,1610619136815538177,1610619136815538177
1610619136815538177,Bolsonaro,2023-01-05,1610619136815538177,
1610965343576686594,Bolsonaro,2023-01-06,1610965335464710148,1610965335464710148
1610965335464710148,Bolsonaro,2023-01-06,1610965335464710148,
1611310678496923655,Bolsonaro,2023-01-07,1611310673526493184,1611310677297172481
1611310677297172481,Bolsonaro,2023-01-07,1611310673526493184,1611310676047466497
1611310676047466497,Bolsonaro,2023-01-07,1611310673526493184,1611310674700812288
1611310674700812288,Bolsonaro,2023-01-07,1611310673526493184,1611310673526493184
1611310673526493184,Bolsonaro,2023-01-07,1611310673526493184,
1612095792076005377,Bolsonaro,2023-01-09,1612095788796071938,1612095788796071938
1612095788796071938,Bolsonaro,2023-01-09,1612095788796071938,
1612444120701714435,Bolsonaro,2023-01-10,1612444105207947266,1612444119154184195
1612444119154184195,Bolsonaro,2023-01-10,1612444105207947266,1612444117547499522
1612444117547499522,Bolsonaro,2023-01-10,1612444105207947266,1612444116004261890
1612444116004261890,Bolsonaro,2023-01-10,1612444105207947266,1612444113940488193
1612444113940488193,Bolsonaro,2023-01-10,1612444105207947266,1612444112648560640
1612444112648560640,Bolsonaro,2023-01-10,1612444105207947266,1612444110480379911
1612444110480379911,Bolsonaro,2023-01-10,1612444105207947266,1612444108236394496
1612444108236394496,Bolsonaro,2023-01-10,1612444105207947266,1612444106709426178
1612444106709426178,Bolsonaro,2023-01-10,1612444105207947266,1612444105207947266
1612444105207947266,Bolsonaro,2023-01-10,1612444105207947266,
1612242022143762433,Bolsonaro,2023-01-10,1612242019564548097,1612242020961062912
1612242020961062912,Bolsonaro,2023-01-10,1612242019564548097,1612242019564548097
1612242019564548097,Bolsonaro,2023-01-10,1612242019564548097,
1612802036520685569,Bolsonaro,2023-01-11,1612802035195183106,1612802035195183106
1612802035195183106,Bolsonaro,2023-01-11,1612802035195183106,
1612600119504814081,Bolsonaro,2023-01-11,1612600119504814081,
1613308476805218304,Bolsonaro,2023-01-12,1613153065846161411,1613153065846161411
1613153065846161411,Bolsonaro,2023-01-12,1613153065846161411,
1613470830222270464,Bolsonaro,2023-01-13,1613470828829593600,1613470828829593600
1613470828829593600,Bolsonaro,2023-01-13,1613470828829593600,
1613852059752693761,Bolsonaro,2023-01-14,1613852059752693761,
1614251551496732673,Bolsonaro,2023-01-15,1614251551496732673,
1614624803503341575,Bolsonaro,2023-01-16,1614624803503341575,
1614964930179989504,Bolsonaro,2023-01-17,1614964930179989504,
1615335692464160768,Bolsonaro,2023-01-18,1615335692464160768,
1615645545120387077,Bolsonaro,2023-01-19,1615645542326870020,1615645543698685952
1615645543698685952,Bolsonaro,2023-01-19,1615645542326870020,1615645542326870020
1615645542326870020,Bolsonaro,2023-01-19,1615645542326870020,
1616045766367133698,Bolsonaro,2023-01-20,1616045763947073537,1616045765213782016
1616045765213782016,Bolsonaro,2023-01-20,1616045763947073537,1616045763947073537
1616045763947073537,Bolsonaro,2023-01-20,1616045763947073537,
1616580168750927872,Bolsonaro,2023-01-21,1616580168750927872,
1616409832751525888,Bolsonaro,2023-01-21,1616409829781737478,1616409831128055808
1616409831128055808,Bolsonaro,2023-01-21,1616409829781737478,1616409829781737478
1616409829781737478,Bolsonaro,2023-01-21,1616409829781737478,
1616768541109223424,Bolsonaro,2023-01-22,1616768536675860480,1616768539997659137
1616768539997659137,Bolsonaro,2023-01-22,1616768536675860480,1616768538089226240
1616768538089226240,Bolsonaro,2023-01-22,1616768536675860480,1616768536675860480
1616768536675860480,Bolsonaro,2023-01-22,1616768536675860480,
1617926972352651264,Bolsonaro,2023-01-25,1617513096695910412,1617513096695910412
1617872602311327745,Bolsonaro,2023-01-25,1617872598993629184,1617872600587460608
1617872600587460608,Bolsonaro,2023-01-25,1617872598993629184,1617872598993629184
1617872598993629184,Bolsonaro,2023-01-25,1617872598993629184,
1618207769441751047,Bolsonaro,2023-01-26,1618207768099590144,1618207768099590144
1618207768099590144,Bolsonaro,2023-01-26,1618207768099590144,
1618571308132110336,Bolsonaro,2023-01-27,1618571305120567296,1618571305120567296
1618571305120567296,Bolsonaro,2023-01-27,1618571305120567296,
1618951282861154304,Bolsonaro,2023-01-28,1618951281141493760,1618951281141493760
1618951281141493760,Bolsonaro,2023-01-28,1618951281141493760,
1619432905306157056,Bolsonaro,2023-01-29,1619432905306157056,
1619306494452981760,Bolsonaro,2023-01-29,1619306487863734272,1619306492544577536
1619306492544577536,Bolsonaro,2023-01-29,1619306487863734272,1619306491030405122
1619306491030405122,Bolsonaro,2023-01-29,1619306487863734272,1619306489432375301
1619306489432375301,Bolsonaro,2023-01-29,1619306487863734272,1619306487863734272
1619306487863734272,Bolsonaro,2023-01-29,1619306487863734272,
1619834814756171777,Bolsonaro,2023-01-30,1619834814756171777,
1619693539373486080,Bolsonaro,2023-01-30,1619693539373486080,
1549539328254267394,Ciro Gomes,2022-07-20,1549539328254267394,
1549533864153980931,Ciro Gomes,2022-07-20,1549533864153980931,
1549530451521462273,Ciro Gomes,2022-07-20,1549530451521462273,
1549529092806033411,Ciro Gomes,2022-07-20,1549529092806033411,
1549528547907223553,Ciro Gomes,2022-07-20,1549528547907223553,
1549522042331996161,Ciro Gomes,2022-07-20,1549522042331996161,
1549521894726041600,Ciro Gomes,2022-07-20,1549521894726041600,
1549417679693529090,Ciro Gomes,2022-07-20,1549417679693529090,
1549363564120621056,Ciro Gomes,2022-07-20,1549363564120621056,
1549874039719600130,Ciro Gomes,2022-07-21,1549874039719600130,
1549846696527536128,Ciro Gomes,2022-07-21,1549846696527536128,
1549845962604126209,Ciro Gomes,2022-07-21,1549845962604126209,
1549843797168865289,Ciro Gomes,2022-07-21,1549843797168865289,
1549838306246115332,Ciro Gomes,2022-07-21,1549838306246115332,
1549829689438511106,Ciro Gomes,2022-07-21,1549829689438511106,
1549826182929158144,Ciro Gomes,2022-07-21,1549826182929158144,
1549812078390673409,Ciro Gomes,2022-07-21,1549812078390673409,
1549728365048827906,Ciro Gomes,2022-07-21,1549728365048827906,
1549575893663862785,Ciro Gomes,2022-07-21,1549575893663862785,1549545220492107777
1549545241216253954,Ciro Gomes,2022-07-21,1549545241216253954,
1550246744402710528,Ciro Gomes,2022-07-22,1550246744402710528,
1550242105506906118,Ciro Gomes,2022-07-22,1550242105506906118,
1550241036592611328,Ciro Gomes,2022-07-22,1550241036592611328,
1550232124069974016,Ciro Gomes,2022-07-22,1550232124069974016,
1550220453817589760,Ciro Gomes,2022-07-22,1550220453817589760,
1550216651030798337,Ciro Gomes,2022-07-22,1550216651030798337,
1550215788463902723,Ciro Gomes,2022-07-22,1550215788463902723,
1550211223484092416,Ciro Gomes,2022-07-22,1550211223484092416,
1550210759463927813,Ciro Gomes,2022-07-22,1550210759463927813,
1550206078125842434,Ciro Gomes,2022-07-22,1550206078125842434,
1550201568884129793,Ciro Gomes,2022-07-22,1550201568884129793,
1550193917018001409,Ciro Gomes,2022-07-22,1550193917018001409,
1550175615810150402,Ciro Gomes,2022-07-22,1550175615810150402,1550138529384001538
1550164433728667649,Ciro Gomes,2022-07-22,1550164433728667649,1550110173074636800
1550138739699105796,Ciro Gomes,2022-07-22,1550138704626343936,1550138734020026374
1550138734020026374,Ciro Gomes,2022-07-22,1550138704626343936,1550138727229431811
1550138727229431811,Ciro Gomes,2022-07-22,1550138704626343936,1550138722066341889
1550138722066341889,Ciro Gomes,2022-07-22,1550138704626343936,1550138716685041664
1550138716685041664,Ciro Gomes,2022-07-22,1550138704626343936,1550138709806292994
1550138709806292994,Ciro Gomes,2022-07-22,1550138704626343936,1550138704626343936
1550138704626343936,Ciro Gomes,2022-07-22,1550138704626343936,
1550088201670475777,Ciro Gomes,2022-07-22,1550088201670475777,
1550571382936727552,Ciro Gomes,2022-07-23,1550571382936727552,
1550527071645999105,Ciro Gomes,2022-07-23,1550527071645999105,1550494836561776640
1550497093575483392,Ciro Gomes,2022-07-23,1550497093575483392,
1550457766308986882,Ciro Gomes,2022-07-23,1550457766308986882,
1550970090568519680,Ciro Gomes,2022-07-24,1550970090568519680,
1550911120025833477,Ciro Gomes,2022-07-24,1550911120025833477,
1550881086401822720,Ciro Gomes,2022-07-24,1550881077530705923,1550881077530705923
1550881077530705923,Ciro Gomes,2022-07-24,1550881077530705923,
1550871647711891457,Ciro Gomes,2022-07-24,1550871647711891457,
1550866834932498432,Ciro Gomes,2022-07-24,1550866834932498432,
1550853273816547332,Ciro Gomes,2022-07-24,1550853273816547332,
1550814425426399232,Ciro Gomes,2022-07-24,1550814425426399232,
1551329801415294976,Ciro Gomes,2022-07-25,1551329799917998080,1551329799917998080
1551329799917998080,Ciro Gomes,2022-07-25,1551329799917998080,
1551311259965935616,Ciro Gomes,2022-07-25,1551311259965935616,
1551290221249060867,Ciro Gomes,2022-07-25,1551290221249060867,
1551256542044995586,Ciro Gomes,2022-07-25,1551256542044995586,
1551224949125402624,Ciro Gomes,2022-07-25,1551224949125402624,
1551223109038006272,Ciro Gomes,2022-07-25,1551223107381301253,1551223107381301253
1551223107381301253,Ciro Gomes,2022-07-25,1551223107381301253,
1551215134005141506,Ciro Gomes,2022-07-25,1551215134005141506,
1551212806866886657,Ciro Gomes,2022-07-25,1551212806866886657,
1551185371148566528,Ciro Gomes,2022-07-25,1551185371148566528,
1551703845889253378,Ciro Gomes,2022-07-26,1551703845889253378,
1551671172433170432,Ciro Gomes,2022-07-26,1551671172433170432,
1551659409192927233,Ciro Gomes,2022-07-26,1551659409192927233,
1551583063619956736,Ciro Gomes,2022-07-26,1551583063619956736,
1551537754114125824,Ciro Gomes,2022-07-26,1551537754114125824,
1552080590198947841,Ciro Gomes,2022-07-27,1552080585140600832,1552080588475097100
1552080588475097100,Ciro Gomes,2022-07-27,1552080585140600832,1552080586801561601
1552080586801561601,Ciro Gomes,2022-07-27,1552080585140600832,1552080585140600832
1552080585140600832,Ciro Gomes,2022-07-27,1552080585140600832,
1552071783909572609,Ciro Gomes,2022-07-27,1552071776947130368,1552071781439180801
1552071781439180801,Ciro Gomes,2022-07-27,1552071776947130368,1552071778821980165
1552071778821980165,Ciro Gomes,2022-07-27,1552071776947130368,1552071776947130368
1552071776947130368,Ciro Gomes,2022-07-27,1552071776947130368,
1552071005883060225,Ciro Gomes,2022-07-27,1552071005883060225,
1552068677394112512,Ciro Gomes,2022-07-27,1552068677394112512,
1552065110599995392,Ciro Gomes,2022-07-27,1552065110599995392,
1552062300303106054,Ciro Gomes,2022-07-27,1552062300303106054,
1552062156350586880,Ciro Gomes,2022-07-27,1552062156350586880,
1552057561838456834,Ciro Gomes,2022-07-27,1552057561838456834,
1552057285832282117,Ciro Gomes,2022-07-27,1552057285832282117,
1552016834668494856,Ciro Gomes,2022-07-27,1552016834668494856,
1552004661871529984,Ciro Gomes,2022-07-27,1552004661871529984,
1551951629246676992,Ciro Gomes,2022-07-27,1551951629246676992,
1551933010169167875,Ciro Gomes,2022-07-27,1551933010169167875,
1551885038429655043,Ciro Gomes,2022-07-27,1551885036152127488,1551885036152127488
1551885036152127488,Ciro Gomes,2022-07-27,1551885036152127488,
1552443655751102464,Ciro Gomes,2022-07-28,1552443655751102464,
1552442208359698433,Ciro Gomes,2022-07-28,1552442208359698433,
1552440670132092928,Ciro Gomes,2022-07-28,1552440670132092928,
1552438337625006080,Ciro Gomes,2022-07-28,1552438333326114816,1552438335506972673
1552438335506972673,Ciro Gomes,2022-07-28,1552438333326114816,1552438333326114816
1552438333326114816,Ciro Gomes,2022-07-28,1552438333326114816,
1552435784766353408,Ciro Gomes,2022-07-28,1552435784766353408,
1552435031745888256,Ciro Gomes,2022-07-28,1552435031745888256,
1552434613326385153,Ciro Gomes,2022-07-28,1552434613326385153,
1552433722573701122,Ciro Gomes,2022-07-28,1552433722573701122,
1552431378800803840,Ciro Gomes,2022-07-28,1552431378800803840,
1552430901228965894,Ciro Gomes,2022-07-28,1552430901228965894,
1552430194241294336,Ciro Gomes,2022-07-28,1552430192525824004,1552430192525824004
1552430192525824004,Ciro Gomes,2022-07-28,1552430192525824004,
1552428443614285824,Ciro Gomes,2022-07-28,1552428443614285824,
1552427586394931201,Ciro Gomes,2022-07-28,1552427586394931201,
1552426264513970176,Ciro Gomes,2022-07-28,1552426264513970176,
1552424206796816385,Ciro Gomes,2022-07-28,1552424202719854593,1552424204678664195
1552424204678664195,Ciro Gomes,2022-07-28,1552424202719854593,1552424202719854593
1552424202719854593,Ciro Gomes,2022-07-28,1552424202719854593,
1552422893690277890,Ciro Gomes,2022-07-28,1552422893690277890,
1552421862260490242,Ciro Gomes,2022-07-28,1552421859219718145,1552421859219718145
1552421859219718145,Ciro Gomes,2022-07-28,1552421859219718145,
1552420506657341444,Ciro Gomes,2022-07-28,1552420506657341444,
1552417141026164742,Ciro Gomes,2022-07-28,1552417141026164742,
1552414101678301186,Ciro Gomes,2022-07-28,1552414101678301186,
1552404237065273344,Ciro Gomes,2022-07-28,1552404237065273344,
1552371333853478913,Ciro Gomes,2022-07-28,1552371333853478913,
1552344202612297729,Ciro Gomes,2022-07-28,1552344202612297729,
1552307843101065222,Ciro Gomes,2022-07-28,1552307843101065222,
1552754293022801925,Ciro Gomes,2022-07-29,1552754293022801925,
1552716751116255233,Ciro Gomes,2022-07-29,1552716720799891457,1552716720799891457
1552716720799891457,Ciro Gomes,2022-07-29,1552716720799891457,
1552671560431017985,Ciro Gomes,2022-07-29,1552671560431017985,
1552475391587237890,Ciro Gomes,2022-07-29,1552475391587237890,
1552473565718581249,Ciro Gomes,2022-07-29,1552473565718581249,
1552472525992509445,Ciro Gomes,2022-07-29,1552472525992509445,
1552468221629964290,Ciro Gomes,2022-07-29,1552468221629964290,
1552466645955870720,Ciro Gomes,2022-07-29,1552466643942522880,1552466643942522880
1552466643942522880,Ciro Gomes,2022-07-29,1552466643942522880,
1552466067083202565,Ciro Gomes,2022-07-29,1552466067083202565,
1552464847119548422,Ciro Gomes,2022-07-29,1552464847119548422,
1552462518659989504,Ciro Gomes,2022-07-29,1552462518659989504,
1552459897517793280,Ciro Gomes,2022-07-29,1552459897517793280,
1552458672583868416,Ciro Gomes,2022-07-29,1552458672583868416,
1552453336917499904,Ciro Gomes,2022-07-29,1552453335004975104,1552453335004975104
1552453335004975104,Ciro Gomes,2022-07-29,1552453335004975104,
1552452822016352256,Ciro Gomes,2022-07-29,1552452820208697344,1552452820208697344
1552450876819836929,Ciro Gomes,2022-07-29,1552450876819836929,
1552447043918069761,Ciro Gomes,2022-07-29,1552447043918069761,
1552446774689906688,Ciro Gomes,2022-07-29,1552446774689906688,
1552446429251407872,Ciro Gomes,2022-07-29,1552446424495067137,1552446426806104066
1552446426806104066,Ciro Gomes,2022-07-29,1552446424495067137,1552446424495067137
1552446424495067137,Ciro Gomes,2022-07-29,1552446424495067137,
1552445719457714176,Ciro Gomes,2022-07-29,1552445719457714176,
1552444437984575488,Ciro Gomes,2022-07-29,1552444437984575488,
1553123315396517889,Ciro Gomes,2022-07-30,1553123269619978240,1553123308798877697
1553123308798877697,Ciro Gomes,2022-07-30,1553123269619978240,1553123302993977345
1553123302993977345,Ciro Gomes,2022-07-30,1553123269619978240,1553123296006258689
1553123296006258689,Ciro Gomes,2022-07-30,1553123269619978240,1553123289417105413
1553123289417105413,Ciro Gomes,2022-07-30,1553123269619978240,1553123283377307649
1553123283377307649,Ciro Gomes,2022-07-30,1553123269619978240,1553123275814981635
1553123275814981635,Ciro Gomes,2022-07-30,1553123269619978240,1553123269619978240
1553123269619978240,Ciro Gomes,2022-07-30,1553123269619978240,
1553103266069741569,Ciro Gomes,2022-07-30,1553103266069741569,
1553093000674156545,Ciro Gomes,2022-07-30,1553093000674156545,
1553062833503576065,Ciro Gomes,2022-07-30,1553062833503576065,
1553047212334219264,Ciro Gomes,2022-07-30,1553047212334219264,
1553025286085775365,Ciro Gomes,2022-07-30,1553025286085775365,
1553017073038663680,Ciro Gomes,2022-07-30,1553017067376345089,1553017067376345089
1553017067376345089,Ciro Gomes,2022-07-30,1553017067376345089,
1552987323993817089,Ciro Gomes,2022-07-30,1552987323993817089,
1553487097415204871,Ciro Gomes,2022-07-31,1553487097415204871,
1553483094107328513,Ciro Gomes,2022-07-31,1553483094107328513,
1553444506984390658,Ciro Gomes,2022-07-31,1553444506984390658,
1553435854114361344,Ciro Gomes,2022-07-31,1553435854114361344,
1553400543434997763,Ciro Gomes,2022-07-31,1553400541786636288,1553400541786636288
1553400541786636288,Ciro Gomes,2022-07-31,1553400541786636288,
1553399227375550468,Ciro Gomes,2022-07-31,1553399225349799951,1553399225349799951
1553399225349799951,Ciro Gomes,2022-07-31,1553399225349799951,
1553398934285991937,Ciro Gomes,2022-07-31,1553398934285991937,
1553398000554311680,Ciro Gomes,2022-07-31,1553398000554311680,
1553397078868516866,Ciro Gomes,2022-07-31,1553397078868516866,
1553396944478822402,Ciro Gomes,2022-07-31,1553396944478822402,
1553396747518574592,Ciro Gomes,2022-07-31,1553396747518574592,
1553381585361182720,Ciro Gomes,2022-07-31,1553381585361182720,
1553349685880012800,Ciro Gomes,2022-07-31,1553349681824301056,1553349681824301056
1553349681824301056,Ciro Gomes,2022-07-31,1553349681824301056,
1553847974580584452,Ciro Gomes,2022-08-01,1553847974580584452,
1553827982233554946,Ciro Gomes,2022-08-01,1553827982233554946,
1553808201472262144,Ciro Gomes,2022-08-01,1553808201472262144,
1553786367817154560,Ciro Gomes,2022-08-01,1553786366315696129,1553786366315696129
1553786366315696129,Ciro Gomes,2022-08-01,1553786366315696129,
1553762645853016069,Ciro Gomes,2022-08-01,1553762612986404866,1553762633865744388
1553762633865744388,Ciro Gomes,2022-08-01,1553762612986404866,1553762612986404866
1553762612986404866,Ciro Gomes,2022-08-01,1553762612986404866,
1553698504488394752,Ciro Gomes,2022-08-01,1553698502202499072,1553698502202499072
1553698502202499072,Ciro Gomes,2022-08-01,1553698502202499072,
1554232572145795073,Ciro Gomes,2022-08-02,1554232572145795073,
1554231412361936897,Ciro Gomes,2022-08-02,1554231412361936897,
1554180164958859264,Ciro Gomes,2022-08-02,1554180164958859264,
1554165288911966209,Ciro Gomes,2022-08-02,1554165288911966209,
1554150073277227008,Ciro Gomes,2022-08-02,1554150073277227008,
1554120095517007876,Ciro Gomes,2022-08-02,1554120095517007876,
1554074477817987077,Ciro Gomes,2022-08-02,1554074477817987077,
1554046679351021569,Ciro Gomes,2022-08-02,1554046679351021569,1553560323940048897
1554614281471234048,Ciro Gomes,2022-08-03,1554614281471234048,
1554607958826405889,Ciro Gomes,2022-08-03,1554607958826405889,
1554599995332083717,Ciro Gomes,2022-08-03,1554599995332083717,
1554599535518916608,Ciro Gomes,2022-08-03,1554599535518916608,
1554596377262526469,Ciro Gomes,2022-08-03,1554596377262526469,
1554594152398061569,Ciro Gomes,2022-08-03,1554594152398061569,
1554542548416208896,Ciro Gomes,2022-08-03,1554542548416208896,
1554482155660595206,Ciro Gomes,2022-08-03,1554482155660595206,
1554436872360919040,Ciro Gomes,2022-08-03,1554436872360919040,
1554413408652591105,Ciro Gomes,2022-08-03,1554413405427081216,1554413405427081216
1554413405427081216,Ciro Gomes,2022-08-03,1554413405427081216,
1554272589387808768,Ciro Gomes,2022-08-03,1554272589387808768,
1554961538154381312,Ciro Gomes,2022-08-04,1554961538154381312,
1554890727028658176,Ciro Gomes,2022-08-04,1554890727028658176,
1554847228061261824,Ciro Gomes,2022-08-04,1554847228061261824,
1554799509909250050,Ciro Gomes,2022-08-04,1554799509909250050,
1554625144601051138,Ciro Gomes,2022-08-04,1554625144601051138,
1554624978317987841,Ciro Gomes,2022-08-04,1554624978317987841,
1554624150412660739,Ciro Gomes,2022-08-04,1554624150412660739,
1554621460865589251,Ciro Gomes,2022-08-04,1554621459011870720,1554621459011870720
1554621459011870720,Ciro Gomes,2022-08-04,1554621459011870720,
1554621153620230146,Ciro Gomes,2022-08-04,1554621153620230146,
1554620525825167363,Ciro Gomes,2022-08-04,1554620523786768384,1554620523786768384
1554620523786768384,Ciro Gomes,2022-08-04,1554620523786768384,
1555303711102074880,Ciro Gomes,2022-08-05,1555303711102074880,
1555297304055353344,Ciro Gomes,2022-08-05,1555297299601002500,1555297301526204417
1555297301526204417,Ciro Gomes,2022-08-05,1555297299601002500,1555297299601002500
1555297299601002500,Ciro Gomes,2022-08-05,1555297299601002500,
1555296953638035458,Ciro Gomes,2022-08-05,1555296953638035458,
1555296733923610626,Ciro Gomes,2022-08-05,1555296733923610626,
1555287776739876868,Ciro Gomes,2022-08-05,1555287776739876868,
1555284299158519808,Ciro Gomes,2022-08-05,1555221773561610240,1555221773561610240
1555282745605193728,Ciro Gomes,2022-08-05,1555259209436086273,1555259209436086273
1555240369117339648,Ciro Gomes,2022-08-05,1555240369117339648,
1555209994173390851,Ciro Gomes,2022-08-05,1555209990436278272,1555209992495661057
1555209992495661057,Ciro Gomes,2022-08-05,1555209990436278272,1555209990436278272
1555209990436278272,Ciro Gomes,2022-08-05,1555209990436278272,
1555208764810215424,Ciro Gomes,2022-08-05,1555196674968113154,1555208340787134466
1555208340787134466,Ciro Gomes,2022-08-05,1555196674968113154,1555196674968113154
1555207956525944832,Ciro Gomes,2022-08-05,1555186367440764929,1555186367440764929
1555203248742694914,Ciro Gomes,2022-08-05,1555203248742694914,
1555187449000873984,Ciro Gomes,2022-08-05,1555187449000873984,1555177873585094662
1555161814262063104,Ciro Gomes,2022-08-05,1555161808956231680,1555161811200217089
1555161811200217089,Ciro Gomes,2022-08-05,1555161808956231680,1555161808956231680
1555161808956231680,Ciro Gomes,2022-08-05,1555161808956231680,
1555644868847931394,Ciro Gomes,2022-08-06,1555644868847931394,
1555598774675832832,Ciro Gomes,2022-08-06,1555598774675832832,
1555596622364655619,Ciro Gomes,2022-08-06,1555596622364655619,
1555596329388314624,Ciro Gomes,2022-08-06,1555596327756627971,1555596327756627971
1555596327756627971,Ciro Gomes,2022-08-06,1555596327756627971,
1555596030581907457,Ciro Gomes,2022-08-06,1555596030581907457,
1555587044579082246,Ciro Gomes,2022-08-06,1555587044579082246,
1555568232249147394,Ciro Gomes,2022-08-06,1555568232249147394,
1555545280359047168,Ciro Gomes,2022-08-06,1555545280359047168,
1555532953178066946,Ciro Gomes,2022-08-06,1555532940435771392,1555532940435771392
1555532940435771392,Ciro Gomes,2022-08-06,1555532940435771392,
1555484153210191873,Ciro Gomes,2022-08-06,1555484153210191873,
1555367541723242497,Ciro Gomes,2022-08-06,1555367541723242497,
1555367290681581568,Ciro Gomes,2022-08-06,1555367290681581568,
1555365435192868867,Ciro Gomes,2022-08-06,1555365435192868867,
1555360401763729408,Ciro Gomes,2022-08-06,1555360401763729408,
1555358012679880704,Ciro Gomes,2022-08-06,1555358012679880704,
1555984630939107329,Ciro Gomes,2022-08-07,1555984630939107329,
1555886499232710657,Ciro Gomes,2022-08-07,1555886497194205188,1555886497194205188
1555886497194205188,Ciro Gomes,2022-08-07,1555886497194205188,
1555706874812682240,Ciro Gomes,2022-08-07,1555706874812682240,1555581189376905217
1556391906405482503,Ciro Gomes,2022-08-08,1556391906405482503,
1556360782719471617,Ciro Gomes,2022-08-08,1556330723224834050,1556330723224834050
1556332723190603777,Ciro Gomes,2022-08-08,1556243444200349701,1556243444200349701
1556309228020719620,Ciro Gomes,2022-08-08,1556309228020719620,
1556263975926599680,Ciro Gomes,2022-08-08,1556263975926599680,
1556234326311944193,Ciro Gomes,2022-08-08,1556234326311944193,
1556747182509785090,Ciro Gomes,2022-08-09,1556747182509785090,
1556703621458366475,Ciro Gomes,2022-08-09,1556703621458366475,
1556662253755170817,Ciro Gomes,2022-08-09,1556662253755170817,
1556611211311079424,Ciro Gomes,2022-08-09,1556611211311079424,
1557154666676371457,Ciro Gomes,2022-08-10,1557154663098712079,1557154664956706818
1557154664956706818,Ciro Gomes,2022-08-10,1557154663098712079,1557154663098712079
1557154663098712079,Ciro Gomes,2022-08-10,1557154663098712079,
1557152048910573570,Ciro Gomes,2022-08-10,1557152048910573570,
1557148184035696641,Ciro Gomes,2022-08-10,1557148182366375937,1557148182366375937
1557148182366375937,Ciro Gomes,2022-08-10,1557148182366375937,
1557147692488335361,Ciro Gomes,2022-08-10,1557147690282147848,1557147690282147848
1557147690282147848,Ciro Gomes,2022-08-10,1557147690282147848,
1557140716412968962,Ciro Gomes,2022-08-10,1557140716412968962,
1557140093542039552,Ciro Gomes,2022-08-10,1557140091855839233,1557140091855839233
1557140091855839233,Ciro Gomes,2022-08-10,1557140091855839233,
1557139259521486854,Ciro Gomes,2022-08-10,1557139259521486854,
1557132309731606530,Ciro Gomes,2022-08-10,1557132309731606530,
1557131906122240000,Ciro Gomes,2022-08-10,1557131906122240000,
1557072453108727808,Ciro Gomes,2022-08-10,1557072445697400832,1557072445697400832
1557072445697400832,Ciro Gomes,2022-08-10,1557072445697400832,
1556981404684222464,Ciro Gomes,2022-08-10,1556981404684222464,
1557502727726432257,Ciro Gomes,2022-08-11,1556991118465703936,1557469913442390016
1557501856808665093,Ciro Gomes,2022-08-11,1557501856808665093,
1557492071233191937,Ciro Gomes,2022-08-11,1557492071233191937,
1557470345774366720,Ciro Gomes,2022-08-11,1557470345774366720,
1557461539384434690,Ciro Gomes,2022-08-11,1557461539384434690,
1557442246378676225,Ciro Gomes,2022-08-11,1557442246378676225,
1557426900410195968,Ciro Gomes,2022-08-11,1557426900410195968,
1557336263895777280,Ciro Gomes,2022-08-11,1557336263895777280,
1557155475095003136,Ciro Gomes,2022-08-11,1557155473471725568,1557155473471725568
1557155473471725568,Ciro Gomes,2022-08-11,1557155473471725568,
1557874197631746048,Ciro Gomes,2022-08-12,1557874135438606337,1557874168867307520
1557874168867307520,Ciro Gomes,2022-08-12,1557874135438606337,1557874135438606337
1557874135438606337,Ciro Gomes,2022-08-12,1557874135438606337,
1557839563363581953,Ciro Gomes,2022-08-12,1557839563363581953,
1557837766989324291,Ciro Gomes,2022-08-12,1557837766989324291,
1557824446467121152,Ciro Gomes,2022-08-12,1557824446467121152,1557805519070531584
1557816623687516160,Ciro Gomes,2022-08-12,1557816623687516160,
1557751108935815168,Ciro Gomes,2022-08-12,1557751102401036290,1557751107065085952
1557751107065085952,Ciro Gomes,2022-08-12,1557751102401036290,1557751104301047808
1557751104301047808,Ciro Gomes,2022-08-12,1557751102401036290,1557751102401036290
1557751102401036290,Ciro Gomes,2022-08-12,1557751102401036290,
1557739134852435971,Ciro Gomes,2022-08-12,1557739134852435971,
1557734047429758977,Ciro Gomes,2022-08-12,1557734047429758977,
1557713782889144322,Ciro Gomes,2022-08-12,1557713776794910721,1557713776794910721
1557713776794910721,Ciro Gomes,2022-08-12,1557713776794910721,
1557707942442532864,Ciro Gomes,2022-08-12,1557707942442532864,
1557706476239654913,Ciro Gomes,2022-08-12,1557706476239654913,
1557705189594996737,Ciro Gomes,2022-08-12,1557705182980472846,1557705186306572294
1557705186306572294,Ciro Gomes,2022-08-12,1557705182980472846,1557705182980472846
1557705182980472846,Ciro Gomes,2022-08-12,1557705182980472846,
1557691265378095107,Ciro Gomes,2022-08-12,1557691255928258561,1557691262999957505
1557691262999957505,Ciro Gomes,2022-08-12,1557691255928258561,1557691260542009346
1557691260542009346,Ciro Gomes,2022-08-12,1557691255928258561,1557691255928258561
1557691255928258561,Ciro Gomes,2022-08-12,1557691255928258561,
1558197096901214213,Ciro Gomes,2022-08-13,1558197088751689728,1558197088751689728
1558197088751689728,Ciro Gomes,2022-08-13,1558197088751689728,
1558178349138288642,Ciro Gomes,2022-08-13,1558178349138288642,
1558163483669286918,Ciro Gomes,2022-08-13,1558163483669286918,
1558106038494081024,Ciro Gomes,2022-08-13,1558106038494081024,
1558093303823876098,Ciro Gomes,2022-08-13,1558093303823876098,
1558092972738187265,Ciro Gomes,2022-08-13,1558092972738187265,
1558092562673672194,Ciro Gomes,2022-08-13,1558092560916152329,1558092560916152329
1558092560916152329,Ciro Gomes,2022-08-13,1558092560916152329,
1558089992286650369,Ciro Gomes,2022-08-13,1558089992286650369,
1558087068731019265,Ciro Gomes,2022-08-13,1558087066868748288,1558087066868748288
1558087066868748288,Ciro Gomes,2022-08-13,1558087066868748288,
1558081138735865861,Ciro Gomes,2022-08-13,1558081138735865861,
1558080878810644480,Ciro Gomes,2022-08-13,1558080878810644480,
1558080506532618240,Ciro Gomes,2022-08-13,1558080506532618240,
1558074228494274560,Ciro Gomes,2022-08-13,1558074228494274560,
1558060764396675075,Ciro Gomes,2022-08-13,1558060764396675075,
1558589219093692416,Ciro Gomes,2022-08-14,1558589219093692416,
1558566542262128640,Ciro Gomes,2022-08-14,1558540887008968705,1558540887008968705
1558543915694919681,Ciro Gomes,2022-08-14,1558543915694919681,
1558527912789393412,Ciro Gomes,2022-08-14,1558527912789393412,1558515985329815553
1558514297474514947,Ciro Gomes,2022-08-14,1558514297474514947,
1558468418696671232,Ciro Gomes,2022-08-14,1558468418696671232,
1558438632641421312,Ciro Gomes,2022-08-14,1558438632641421312,
1558423121220120576,Ciro Gomes,2022-08-14,1558423121220120576,
1558876104688971776,Ciro Gomes,2022-08-15,1558876104688971776,
1558843336458473473,Ciro Gomes,2022-08-15,1558843336458473473,
1558785531059781633,Ciro Gomes,2022-08-15,1558785531059781633,
1559319653901602818,Ciro Gomes,2022-08-16,1559319653901602818,
1559291726283554816,Ciro Gomes,2022-08-16,1559291726283554816,
1559277971785015296,Ciro Gomes,2022-08-16,1559277971785015296,
1559193436158402562,Ciro Gomes,2022-08-16,1559193436158402562,
1559178093683695616,Ciro Gomes,2022-08-16,1559178093683695616,
1559161981063647235,Ciro Gomes,2022-08-16,1559161981063647235,
1559633252889026563,Ciro Gomes,2022-08-17,1559633242550050816,1559633250557071361
1559633250557071361,Ciro Gomes,2022-08-17,1559633242550050816,1559633247570694144
1559633247570694144,Ciro Gomes,2022-08-17,1559633242550050816,1559633244798259200
1559633244798259200,Ciro Gomes,2022-08-17,1559633242550050816,1559633242550050816
1559633242550050816,Ciro Gomes,2022-08-17,1559633242550050816,
1559605965405786112,Ciro Gomes,2022-08-17,1559605965405786112,
1559556110339776512,Ciro Gomes,2022-08-17,1559556110339776512,
1559525390175141888,Ciro Gomes,2022-08-17,1559525390175141888,
1559509132834635776,Ciro Gomes,2022-08-17,1559509126878748674,1559509126878748674
1559509126878748674,Ciro Gomes,2022-08-17,1559509126878748674,
1559501280967593985,Ciro Gomes,2022-08-17,1559501280967593985,
1559480714000842753,Ciro Gomes,2022-08-17,1559480714000842753,
1559478445389881344,Ciro Gomes,2022-08-17,1559478442873217024,1559478442873217024
1559478442873217024,Ciro Gomes,2022-08-17,1559478442873217024,1559381073192034304
1559382206929375233,Ciro Gomes,2022-08-17,1559382206929375233,
1559379986498330629,Ciro Gomes,2022-08-17,1559379986498330629,
1559377759083925509,Ciro Gomes,2022-08-17,1559377759083925509,
1559377602565050369,Ciro Gomes,2022-08-17,1559377602565050369,
1559377468343058432,Ciro Gomes,2022-08-17,1559377468343058432,
1559377180211175424,Ciro Gomes,2022-08-17,1559377178495787016,1559377178495787016
1559377178495787016,Ciro Gomes,2022-08-17,1559377178495787016,
1559376409323257859,Ciro Gomes,2022-08-17,1559376409323257859,
1559374204163743747,Ciro Gomes,2022-08-17,1559374204163743747,
1559372692230479872,Ciro Gomes,2022-08-17,1559372692230479872,
1559369310824529921,Ciro Gomes,2022-08-17,1559369310824529921,
1559367056042205184,Ciro Gomes,2022-08-17,1559367056042205184,
1559364639472947200,Ciro Gomes,2022-08-17,1559364639472947200,
1559363691212046339,Ciro Gomes,2022-08-17,1559363691212046339,
1559361478817349632,Ciro Gomes,2022-08-17,1559361477009702919,1559361477009702919
1559361477009702919,Ciro Gomes,2022-08-17,1559361477009702919,
1559360787709403144,Ciro Gomes,2022-08-17,1559360787709403144,
1559360566141001730,Ciro Gomes,2022-08-17,1559360566141001730,
1559359586360074241,Ciro Gomes,2022-08-17,1559359586360074241,
1559356391919423491,Ciro Gomes,2022-08-17,1559356391919423491,
1559352133455077378,Ciro Gomes,2022-08-17,1559352133455077378,
1559351224092311554,Ciro Gomes,2022-08-17,1559351224092311554,
1559350370928934915,Ciro Gomes,2022-08-17,1559350370928934915,
1559350229329125376,Ciro Gomes,2022-08-17,1559350229329125376,
1559349581195972608,Ciro Gomes,2022-08-17,1559349581195972608,
1559344108317065217,Ciro Gomes,2022-08-17,1559344108317065217,1559339074661523459
1559341914767474690,Ciro Gomes,2022-08-17,1559341914767474690,
1560047539713462275,Ciro Gomes,2022-08-18,1560047537792352261,1560047537792352261
1560047537792352261,Ciro Gomes,2022-08-18,1560047537792352261,
1560046060629803008,Ciro Gomes,2022-08-18,1560046060629803008,
1560044543336222724,Ciro Gomes,2022-08-18,1560044543336222724,
1560041092933885952,Ciro Gomes,2022-08-18,1560041092933885952,
1560029457875886081,Ciro Gomes,2022-08-18,1560029456269561856,1560029456269561856
1560029456269561856,Ciro Gomes,2022-08-18,1560029456269561856,
1559996001489928192,Ciro Gomes,2022-08-18,1559995999090786304,1559995999090786304
1559995999090786304,Ciro Gomes,2022-08-18,1559995999090786304,
1559975507726372864,Ciro Gomes,2022-08-18,1559975507726372864,
1559961867535130627,Ciro Gomes,2022-08-18,1559961867535130627,
1559918066435297281,Ciro Gomes,2022-08-18,1559918066435297281,
1559872804656406528,Ciro Gomes,2022-08-18,1559872804656406528,
1559861027919085568,Ciro Gomes,2022-08-18,1559861027919085568,
1559705168949780486,Ciro Gomes,2022-08-18,1559705168949780486,
1560396436294062089,Ciro Gomes,2022-08-19,1560396434725376002,1560396434725376002
1560396434725376002,Ciro Gomes,2022-08-19,1560396434725376002,
1560395854887936012,Ciro Gomes,2022-08-19,1560395854887936012,
1560386438398898176,Ciro Gomes,2022-08-19,1560386438398898176,
1560378203709083649,Ciro Gomes,2022-08-19,1560378203709083649,
1560367944869224450,Ciro Gomes,2022-08-19,1560367944869224450,
1560366058363576323,Ciro Gomes,2022-08-19,1560366058363576323,1560349062880284678
1560340997632057345,Ciro Gomes,2022-08-19,1560340997632057345,
1560327015407943681,Ciro Gomes,2022-08-19,1560327013126266881,1560327013126266881
1560327013126266881,Ciro Gomes,2022-08-19,1560327013126266881,
1560312451870359553,Ciro Gomes,2022-08-19,1560312451870359553,
1560307110000427008,Ciro Gomes,2022-08-19,1560307110000427008,
1560297639383633921,Ciro Gomes,2022-08-19,1560297639383633921,
1560290801552343040,Ciro Gomes,2022-08-19,1560290801552343040,
1560285159521411073,Ciro Gomes,2022-08-19,1560285158074449925,1560285158074449925
1560285158074449925,Ciro Gomes,2022-08-19,1560285158074449925,
1560283028861206528,Ciro Gomes,2022-08-19,1560283027372130305,1560283027372130305
1560283027372130305,Ciro Gomes,2022-08-19,1560283027372130305,
1560280042877370369,Ciro Gomes,2022-08-19,1560280041338146817,1560280041338146817
1560280041338146817,Ciro Gomes,2022-08-19,1560280041338146817,
1560275145586982912,Ciro Gomes,2022-08-19,1560275145586982912,
1560273993902735366,Ciro Gomes,2022-08-19,1560273992304324609,1560273992304324609
1560273992304324609,Ciro Gomes,2022-08-19,1560273992304324609,
1560271479476199425,Ciro Gomes,2022-08-19,1560271479476199425,
1560266936231284736,Ciro Gomes,2022-08-19,1560266936231284736,
1560261599512100864,Ciro Gomes,2022-08-19,1560261599512100864,
1560235306493820928,Ciro Gomes,2022-08-19,1560235306493820928,
1560056477678817289,Ciro Gomes,2022-08-19,1560056477678817289,
1560774457811140610,Ciro Gomes,2022-08-20,1560774457811140610,
1560763738403356674,Ciro Gomes,2022-08-20,1560763738403356674,
1560761684880416768,Ciro Gomes,2022-08-20,1560761684880416768,
1560760872590577665,Ciro Gomes,2022-08-20,1560760872590577665,
1560760398483177486,Ciro Gomes,2022-08-20,1560760398483177486,
1560759027222679553,Ciro Gomes,2022-08-20,1560759027222679553,
1560758510190837760,Ciro Gomes,2022-08-20,1560758510190837760,
1560745267867095053,Ciro Gomes,2022-08-20,1560745267867095053,
1560699246470467588,Ciro Gomes,2022-08-20,1560699246470467588,
1560646196221210626,Ciro Gomes,2022-08-20,1560646191158767618,1560646193956343812
1560646193956343812,Ciro Gomes,2022-08-20,1560646191158767618,1560646191158767618
1560646191158767618,Ciro Gomes,2022-08-20,1560646191158767618,
1560642650830540801,Ciro Gomes,2022-08-20,1560642650830540801,
1560603137895022592,Ciro Gomes,2022-08-20,1560603136183631872,1560603136183631872
1560603136183631872,Ciro Gomes,2022-08-20,1560603136183631872,
1560597515405103104,Ciro Gomes,2022-08-20,1560597503652679681,1560597511827767297
1560597511827767297,Ciro Gomes,2022-08-20,1560597503652679681,1560597508924985349
1560597508924985349,Ciro Gomes,2022-08-20,1560597503652679681,1560597503652679681
1560597503652679681,Ciro Gomes,2022-08-20,1560597503652679681,
1560439246913257475,Ciro Gomes,2022-08-20,1560439246913257475,
1561121517450182657,Ciro Gomes,2022-08-21,1561121517450182657,
1561111494061953024,Ciro Gomes,2022-08-21,1561111494061953024,
1561095925803745280,Ciro Gomes,2022-08-21,1561095925803745280,
1561087634717507587,Ciro Gomes,2022-08-21,1561087634717507587,
1561065892125065217,Ciro Gomes,2022-08-21,1561065892125065217,
1561061016632426501,Ciro Gomes,2022-08-21,1561061016632426501,
1561042010278137857,Ciro Gomes,2022-08-21,1561042010278137857,1560966371265191937
1561029681616502786,Ciro Gomes,2022-08-21,1561029681616502786,
1561022721668136960,Ciro Gomes,2022-08-21,1561022721668136960,
1561007881322958848,Ciro Gomes,2022-08-21,1561007881322958848,
1561005916950089728,Ciro Gomes,2022-08-21,1561005916950089728,
1560976884443250688,Ciro Gomes,2022-08-21,1560976880546861056,1560976882887233536
1560976882887233536,Ciro Gomes,2022-08-21,1560976880546861056,1560976880546861056
1560976880546861056,Ciro Gomes,2022-08-21,1560976880546861056,
1560969935429550088,Ciro Gomes,2022-08-21,1560969935429550088,
1560962971207081984,Ciro Gomes,2022-08-21,1560962967440695296,1560962967440695296
1560962967440695296,Ciro Gomes,2022-08-21,1560962967440695296,
1560783830654631938,Ciro Gomes,2022-08-21,1560783830654631938,
1561494702301519877,Ciro Gomes,2022-08-22,1561494702301519877,
1561491803915911170,Ciro Gomes,2022-08-22,1561491803915911170,
1561489597988749312,Ciro Gomes,2022-08-22,1561489597988749312,
1561488665972543495,Ciro Gomes,2022-08-22,1561488665972543495,
1561468940508864520,Ciro Gomes,2022-08-22,1561468940508864520,
1561463656700854275,Ciro Gomes,2022-08-22,1561411877028110344,1561411877028110344
1561463533895909377,Ciro Gomes,2022-08-22,1561463533895909377,1561411877028110344
1561397775916417025,Ciro Gomes,2022-08-22,1561397768954183680,1561397773341282304
1561397773341282304,Ciro Gomes,2022-08-22,1561397768954183680,1561397771185246208
1561397771185246208,Ciro Gomes,2022-08-22,1561397768954183680,1561397768954183680
1561397768954183680,Ciro Gomes,2022-08-22,1561397768954183680,1561023260317421570
1561380181637578752,Ciro Gomes,2022-08-22,1561380181637578752,
1561378032811741191,Ciro Gomes,2022-08-22,1561378032811741191,
1561368921210486784,Ciro Gomes,2022-08-22,1561368921210486784,
1561324111137329152,Ciro Gomes,2022-08-22,1561324104384479232,1561324108272619523
1561324108272619523,Ciro Gomes,2022-08-22,1561324104384479232,1561324104384479232
1561324104384479232,Ciro Gomes,2022-08-22,1561324104384479232,
1561850710425223168,Ciro Gomes,2022-08-23,1561850710425223168,
1561835632846327808,Ciro Gomes,2022-08-23,1561835627565518851,1561835630514126848
1561835630514126848,Ciro Gomes,2022-08-23,1561835627565518851,1561835627565518851
1561835627565518851,Ciro Gomes,2022-08-23,1561835627565518851,
1561822078638211076,Ciro Gomes,2022-08-23,1561822078638211076,
1561776317267427333,Ciro Gomes,2022-08-23,1561776317267427333,
1561736422305964033,Ciro Gomes,2022-08-23,1561736422305964033,
1561730883870400512,Ciro Gomes,2022-08-23,1561730882058309633,1561730882058309633
1561730882058309633,Ciro Gomes,2022-08-23,1561730882058309633,
1561726055718731784,Ciro Gomes,2022-08-23,1561726055718731784,
1561721482165764096,Ciro Gomes,2022-08-23,1561721482165764096,
1561706947845537793,Ciro Gomes,2022-08-23,1561706947845537793,
1561503703110238208,Ciro Gomes,2022-08-23,1561503696831365129,1561503696831365129
1561503696831365129,Ciro Gomes,2022-08-23,1561503696831365129,
1562227977793859584,Ciro Gomes,2022-08-24,1562227977793859584,
1562227490495537152,Ciro Gomes,2022-08-24,1562227490495537152,
1562226413532495872,Ciro Gomes,2022-08-24,1562226413532495872,
1562226159680643072,Ciro Gomes,2022-08-24,1562226159680643072,
1562217459373031424,Ciro Gomes,2022-08-24,1562217459373031424,
1562188256678068224,Ciro Gomes,2022-08-24,1562188256678068224,
1562175466215247873,Ciro Gomes,2022-08-24,1562175466215247873,
1562137594527264768,Ciro Gomes,2022-08-24,1562137594527264768,
1562092297252179972,Ciro Gomes,2022-08-24,1562092297252179972,
1562069646479605763,Ciro Gomes,2022-08-24,1562069646479605763,
1562048013635289088,Ciro Gomes,2022-08-24,1562047851542323200,1562047851542323200
1562047851542323200,Ciro Gomes,2022-08-24,1562047851542323200,
1561892381317894145,Ciro Gomes,2022-08-24,1561892381317894145,
1562545511957159936,Ciro Gomes,2022-08-25,1562545511957159936,
1562533595893403648,Ciro Gomes,2022-08-25,1562533595893403648,
1562526374388170752,Ciro Gomes,2022-08-25,1562526374388170752,
1562513356984143872,Ciro Gomes,2022-08-25,1562513356984143872,
1562498917253558274,Ciro Gomes,2022-08-25,1562498910341328897,1562498910341328897
1562498910341328897,Ciro Gomes,2022-08-25,1562498910341328897,
1562455344621572097,Ciro Gomes,2022-08-25,1562455344621572097,
1562441721455480834,Ciro Gomes,2022-08-25,1562441721455480834,
1562431576884973569,Ciro Gomes,2022-08-25,1562431576884973569,
1562417341991878656,Ciro Gomes,2022-08-25,1562417341991878656,
1562371718013980673,Ciro Gomes,2022-08-25,1562371716025819136,1562371716025819136
1562371716025819136,Ciro Gomes,2022-08-25,1562371716025819136,
1562246028442701825,Ciro Gomes,2022-08-25,1562246028442701825,
1562245895839940608,Ciro Gomes,2022-08-25,1562245895839940608,
1562243702332231686,Ciro Gomes,2022-08-25,1562243702332231686,
1562242335798448128,Ciro Gomes,2022-08-25,1562242335798448128,
1562241890413875207,Ciro Gomes,2022-08-25,1562241890413875207,
1562241270038548480,Ciro Gomes,2022-08-25,1562241270038548480,
1562240309391761409,Ciro Gomes,2022-08-25,1562240309391761409,
1562239827327713280,Ciro Gomes,2022-08-25,1562239827327713280,
1562239422611038208,Ciro Gomes,2022-08-25,1562239422611038208,
1562237248619397121,Ciro Gomes,2022-08-25,1562237248619397121,
1562237140318175232,Ciro Gomes,2022-08-25,1562237140318175232,
1562234206297927680,Ciro Gomes,2022-08-25,1562234206297927680,
1562233896775069697,Ciro Gomes,2022-08-25,1562233896775069697,
1562229270071721985,Ciro Gomes,2022-08-25,1562229270071721985,
1562229176962371584,Ciro Gomes,2022-08-25,1562229176962371584,
1562229007646703617,Ciro Gomes,2022-08-25,1562229007646703617,
1562228733972553728,Ciro Gomes,2022-08-25,1562228733972553728,
1562938906127089664,Ciro Gomes,2022-08-26,1562938906127089664,
1562847743353053185,Ciro Gomes,2022-08-26,1562847743353053185,1562594153753878533
1562817184417681408,Ciro Gomes,2022-08-26,1562817184417681408,
1562802916217569280,Ciro Gomes,2022-08-26,1562802916217569280,
1562785714638843906,Ciro Gomes,2022-08-26,1562785714638843906,
1562783102329446402,Ciro Gomes,2022-08-26,1562783102329446402,
1562777938290180100,Ciro Gomes,2022-08-26,1562777938290180100,
1562777277238222848,Ciro Gomes,2022-08-26,1562777277238222848,
1562774525300903937,Ciro Gomes,2022-08-26,1562774525300903937,
1562772978655453184,Ciro Gomes,2022-08-26,1562772978655453184,
1562771888635535361,Ciro Gomes,2022-08-26,1562771888635535361,
1562764677213560833,Ciro Gomes,2022-08-26,1562764677213560833,
1562763602125209607,Ciro Gomes,2022-08-26,1562763602125209607,
1562763327582785537,Ciro Gomes,2022-08-26,1562763327582785537,
1562761630638915584,Ciro Gomes,2022-08-26,1562761630638915584,
1562758119608156161,Ciro Gomes,2022-08-26,1562758119608156161,
1562757658310250499,Ciro Gomes,2022-08-26,1562757658310250499,
1562754458240438272,Ciro Gomes,2022-08-26,1562754456735076353,1562754456735076353
1562754456735076353,Ciro Gomes,2022-08-26,1562754456735076353,
1562751764226805766,Ciro Gomes,2022-08-26,1562751764226805766,
1562745165504057345,Ciro Gomes,2022-08-26,1562745165504057345,
1562730031704510464,Ciro Gomes,2022-08-26,1562730027522764800,1562730030018732033
1562730030018732033,Ciro Gomes,2022-08-26,1562730027522764800,1562730027522764800
1562730027522764800,Ciro Gomes,2022-08-26,1562730027522764800,
1562606233550393345,Ciro Gomes,2022-08-26,1562606233550393345,
1562593671954026497,Ciro Gomes,2022-08-26,1562593671954026497,
1563274063715663872,Ciro Gomes,2022-08-27,1563274063715663872,
1563246254204669958,Ciro Gomes,2022-08-27,1562228770114879488,1562228770114879488
1563245262281183232,Ciro Gomes,2022-08-27,1562232967602348033,1562232967602348033
1563225972916502529,Ciro Gomes,2022-08-27,1562284420874338304,1562284420874338304
1563224917453438976,Ciro Gomes,2022-08-27,1563224917453438976,
1563194468131409922,Ciro Gomes,2022-08-27,1563194468131409922,
1563192018922139650,Ciro Gomes,2022-08-27,1563192018922139650,
1563188999656992769,Ciro Gomes,2022-08-27,1563188999656992769,
1563187171041103872,Ciro Gomes,2022-08-27,1563187171041103872,
1563181881616920577,Ciro Gomes,2022-08-27,1563181881616920577,
1563175941060169728,Ciro Gomes,2022-08-27,1563175938896334849,1563175938896334849
1563175938896334849,Ciro Gomes,2022-08-27,1563175938896334849,
1563174442443743232,Ciro Gomes,2022-08-27,1563174442443743232,
1563172840043859972,Ciro Gomes,2022-08-27,1563172840043859972,
1563172485344169986,Ciro Gomes,2022-08-27,1563172485344169986,
1563172087338250240,Ciro Gomes,2022-08-27,1563172087338250240,
1563170699174645761,Ciro Gomes,2022-08-27,1563170699174645761,
1563169744567427072,Ciro Gomes,2022-08-27,1563169744567427072,
1563168645613637634,Ciro Gomes,2022-08-27,1563168645613637634,
1563167356330786816,Ciro Gomes,2022-08-27,1563167354254594048,1563167354254594048
1563167354254594048,Ciro Gomes,2022-08-27,1563167354254594048,
1563165165851652096,Ciro Gomes,2022-08-27,1563165165851652096,
1563162875774255105,Ciro Gomes,2022-08-27,1563162875774255105,
1563159467575091204,Ciro Gomes,2022-08-27,1563159467575091204,
1563155546215047168,Ciro Gomes,2022-08-27,1563155546215047168,
1563134236655484928,Ciro Gomes,2022-08-27,1563134226211299328,1563134233920831491
1563134233920831491,Ciro Gomes,2022-08-27,1563134226211299328,1563134231131279360
1563134231131279360,Ciro Gomes,2022-08-27,1563134226211299328,1563134226211299328
1563134226211299328,Ciro Gomes,2022-08-27,1563134226211299328,
1563669394542280704,Ciro Gomes,2022-08-28,1563669394542280704,
1563568479365525504,Ciro Gomes,2022-08-28,1563568479365525504,
1563545263267987456,Ciro Gomes,2022-08-28,1563532283784482816,1563532283784482816
1563528786402070528,Ciro Gomes,2022-08-28,1563528786402070528,
1563496549430296576,Ciro Gomes,2022-08-28,1563496549430296576,
1564039016596611073,Ciro Gomes,2022-08-29,1564039016596611073,
1564019138489614336,Ciro Gomes,2022-08-29,1564019138489614336,
1563994834745958400,Ciro Gomes,2022-08-29,1563994834745958400,
1563982145667866626,Ciro Gomes,2022-08-29,1563982145667866626,
1563950545882288131,Ciro Gomes,2022-08-29,1563950545882288131,
1563920627442270209,Ciro Gomes,2022-08-29,1563920627442270209,
1563905452542402560,Ciro Gomes,2022-08-29,1563905452542402560,
1563859708439674882,Ciro Gomes,2022-08-29,1563859708439674882,
1563710623921356803,Ciro Gomes,2022-08-29,1563710623921356803,
1563704607607504896,Ciro Gomes,2022-08-29,1563704607607504896,
1563700324602445824,Ciro Gomes,2022-08-29,1563700324602445824,
1563694617320636417,Ciro Gomes,2022-08-29,1563694617320636417,
1563685827288465408,Ciro Gomes,2022-08-29,1563685827288465408,
1563685721575235584,Ciro Gomes,2022-08-29,1563685721575235584,
1563685614700093441,Ciro Gomes,2022-08-29,1563685614700093441,
1563681060784832512,Ciro Gomes,2022-08-29,1563681060784832512,
1563680558726623233,Ciro Gomes,2022-08-29,1563680547540443141,1563680556138864641
1563680556138864641,Ciro Gomes,2022-08-29,1563680547540443141,1563680554255532032
1563680554255532032,Ciro Gomes,2022-08-29,1563680547540443141,1563680552095723520
1563680552095723520,Ciro Gomes,2022-08-29,1563680547540443141,1563680549709160448
1563680549709160448,Ciro Gomes,2022-08-29,1563680547540443141,1563680547540443141
1563680547540443141,Ciro Gomes,2022-08-29,1563680547540443141,
1564401501526806528,Ciro Gomes,2022-08-30,1564401501526806528,
1564358643818139650,Ciro Gomes,2022-08-30,1564358643818139650,
1564329798847139842,Ciro Gomes,2022-08-30,1564329798847139842,
1564267643879800833,Ciro Gomes,2022-08-30,1564267643879800833,
1564267048938733569,Ciro Gomes,2022-08-30,1564267048938733569,
1564255811307819015,Ciro Gomes,2022-08-30,1564255811307819015,
1564221388554108930,Ciro Gomes,2022-08-30,1564221373022720000,1564221386318561282
1564221386318561282,Ciro Gomes,2022-08-30,1564221373022720000,1564221383999213568
1564221383999213568,Ciro Gomes,2022-08-30,1564221373022720000,1564221381520330752
1564221381520330752,Ciro Gomes,2022-08-30,1564221373022720000,1564221379091857413
1564221379091857413,Ciro Gomes,2022-08-30,1564221373022720000,1564221376709419009
1564221376709419009,Ciro Gomes,2022-08-30,1564221373022720000,1564221373022720000
1564221373022720000,Ciro Gomes,2022-08-30,1564221373022720000,
1564210181797470212,Ciro Gomes,2022-08-30,1564210181797470212,
1564206052341698563,Ciro Gomes,2022-08-30,1564206052341698563,
1564107503834746880,Ciro Gomes,2022-08-30,1564107503834746880,
1564103736187912192,Ciro Gomes,2022-08-30,1564103736187912192,
1564103307886563339,Ciro Gomes,2022-08-30,1564103307886563339,
1564102688740106242,Ciro Gomes,2022-08-30,1564102688740106242,
1564091619309244418,Ciro Gomes,2022-08-30,1564091619309244418,
1564087992892915714,Ciro Gomes,2022-08-30,1564087992892915714,
1564084722044735488,Ciro Gomes,2022-08-30,1564084722044735488,
1564082089313591303,Ciro Gomes,2022-08-30,1564082089313591303,
1564079314605334528,Ciro Gomes,2022-08-30,1564079314605334528,
1564079005606739969,Ciro Gomes,2022-08-30,1564079005606739969,
1564078660562583552,Ciro Gomes,2022-08-30,1564078660562583552,
1564078486398160896,Ciro Gomes,2022-08-30,1564078486398160896,
1564077044211875846,Ciro Gomes,2022-08-30,1564077044211875846,
1564074457626443778,Ciro Gomes,2022-08-30,1564074457626443778,
1564073643809857539,Ciro Gomes,2022-08-30,1564073643809857539,
1564073177218781184,Ciro Gomes,2022-08-30,1564073177218781184,
1564072854311903233,Ciro Gomes,2022-08-30,1564072854311903233,
1564072300076482565,Ciro Gomes,2022-08-30,1564072300076482565,
1564071459085062145,Ciro Gomes,2022-08-30,1564071459085062145,
1564069246136684545,Ciro Gomes,2022-08-30,1564069246136684545,
1564063373934956544,Ciro Gomes,2022-08-30,1564063373934956544,
1564062956085723141,Ciro Gomes,2022-08-30,1564062956085723141,
1564062326889881603,Ciro Gomes,2022-08-30,1564062326889881603,
1564056856997273600,Ciro Gomes,2022-08-30,1564056856997273600,
1564056102421073921,Ciro Gomes,2022-08-30,1564056100063813633,1564056100063813633
1564056100063813633,Ciro Gomes,2022-08-30,1564056100063813633,
1564053457983754240,Ciro Gomes,2022-08-30,1564053457983754240,
1564049614688362498,Ciro Gomes,2022-08-30,1564049609772728320,1564049611500789760
1564049611500789760,Ciro Gomes,2022-08-30,1564049609772728320,1564049609772728320
1564049609772728320,Ciro Gomes,2022-08-30,1564049609772728320,
1564048670919639040,Ciro Gomes,2022-08-30,1564048670919639040,
1564761293151764483,Ciro Gomes,2022-08-31,1564761293151764483,
1564760852162543616,Ciro Gomes,2022-08-31,1564760852162543616,
1564749750846590981,Ciro Gomes,2022-08-31,1564749750846590981,
1564735181071814657,Ciro Gomes,2022-08-31,1564735181071814657,
1564719608916877313,Ciro Gomes,2022-08-31,1564719608916877313,
1564704511813304320,Ciro Gomes,2022-08-31,1564704511813304320,
1564685030550634496,Ciro Gomes,2022-08-31,1564685030550634496,
1564659274919415809,Ciro Gomes,2022-08-31,1564659274919415809,
1564644139131719685,Ciro Gomes,2022-08-31,1564644134517968899,1564644134517968899
1564644134517968899,Ciro Gomes,2022-08-31,1564644134517968899,
1564638860474195969,Ciro Gomes,2022-08-31,1564638860474195969,
1564630656243605508,Ciro Gomes,2022-08-31,1564630656243605508,
1564611102838775813,Ciro Gomes,2022-08-31,1564611102838775813,
1564588964698357762,Ciro Gomes,2022-08-31,1564588964698357762,
1564584540923957249,Ciro Gomes,2022-08-31,1564584540923957249,
1565126045451304961,Ciro Gomes,2022-09-01,1565126036345462785,1565126040585994241
1565126040585994241,Ciro Gomes,2022-09-01,1565126036345462785,1565126036345462785
1565126036345462785,Ciro Gomes,2022-09-01,1565126036345462785,
1565097148647186434,Ciro Gomes,2022-09-01,1565097148647186434,
1565044149543370754,Ciro Gomes,2022-09-01,1565044149543370754,
1565036726736896000,Ciro Gomes,2022-09-01,1565036726736896000,
1564996943037726721,Ciro Gomes,2022-09-01,1564996943037726721,
1564963328199360513,Ciro Gomes,2022-09-01,1564774656162373633,1564774656162373633
1564946159868825606,Ciro Gomes,2022-09-01,1564946154638516225,1564946154638516225
1564946154638516225,Ciro Gomes,2022-09-01,1564946154638516225,
1564781666765357062,Ciro Gomes,2022-09-01,1564781666765357062,
1564778660204122112,Ciro Gomes,2022-09-01,1564778657486356486,1564778657486356486
1564778657486356486,Ciro Gomes,2022-09-01,1564778657486356486,
1564777176628707329,Ciro Gomes,2022-09-01,1564777176628707329,
1564772530036023297,Ciro Gomes,2022-09-01,1564772530036023297,
1564772145858838534,Ciro Gomes,2022-09-01,1564772143916896257,1564772143916896257
1564772143916896257,Ciro Gomes,2022-09-01,1564772143916896257,
1564771498279243776,Ciro Gomes,2022-09-01,1564771494579806211,1564771496475639808
1564771496475639808,Ciro Gomes,2022-09-01,1564771494579806211,1564771494579806211
1564771494579806211,Ciro Gomes,2022-09-01,1564771494579806211,
1564766287204581377,Ciro Gomes,2022-09-01,1564766287204581377,
1564766179994046464,Ciro Gomes,2022-09-01,1564766179994046464,
1565489315483877385,Ciro Gomes,2022-09-02,1565489315483877385,
1565487645748346881,Ciro Gomes,2022-09-02,1565487645748346881,
1565486721105645569,Ciro Gomes,2022-09-02,1565486721105645569,
1565483995613347842,Ciro Gomes,2022-09-02,1565483993931386882,1565483993931386882
1565483993931386882,Ciro Gomes,2022-09-02,1565483993931386882,
1565479312702201857,Ciro Gomes,2022-09-02,1565479310496043012,1565479310496043012
1565479310496043012,Ciro Gomes,2022-09-02,1565479310496043012,
1565474611940270083,Ciro Gomes,2022-09-02,1565474611940270083,
1565451546812420101,Ciro Gomes,2022-09-02,1565451546812420101,
1565431301318098946,Ciro Gomes,2022-09-02,1565431278559707140,1565431288814882818
1565431288814882818,Ciro Gomes,2022-09-02,1565431278559707140,1565431278559707140
1565416383587942401,Ciro Gomes,2022-09-02,1565416383587942401,
1565405819348422657,Ciro Gomes,2022-09-02,1565405819348422657,
1565401290355736579,Ciro Gomes,2022-09-02,1565401290355736579,
1565393139963236358,Ciro Gomes,2022-09-02,1565393139963236358,
1565369092638375940,Ciro Gomes,2022-09-02,1565368897267572737,1565368897267572737
1565368897267572737,Ciro Gomes,2022-09-02,1565368897267572737,
1565344916166742019,Ciro Gomes,2022-09-02,1565344916166742019,
1565329661281722370,Ciro Gomes,2022-09-02,1565329661281722370,
1565311102413688833,Ciro Gomes,2022-09-02,1565311102413688833,
1565840724138102789,Ciro Gomes,2022-09-03,1565840724138102789,
1565798678346010625,Ciro Gomes,2022-09-03,1565798678346010625,
1565780941305483264,Ciro Gomes,2022-09-03,1565780935106248706,1565780939464212481
1565780939464212481,Ciro Gomes,2022-09-03,1565780935106248706,1565780937794895873
1565780937794895873,Ciro Gomes,2022-09-03,1565780935106248706,1565780935106248706
1565780935106248706,Ciro Gomes,2022-09-03,1565780935106248706,
1565776577467535362,Ciro Gomes,2022-09-03,1565776577467535362,
1565724215378149379,Ciro Gomes,2022-09-03,1565724112290463745,1565724112290463745
1565724112290463745,Ciro Gomes,2022-09-03,1565724112290463745,
1565706660504559617,Ciro Gomes,2022-09-03,1565706660504559617,
1565696780427313153,Ciro Gomes,2022-09-03,1565696780427313153,
1565692241636720640,Ciro Gomes,2022-09-03,1565692241636720640,
1565680430858354689,Ciro Gomes,2022-09-03,1565680428484362242,1565680428484362242
1565680428484362242,Ciro Gomes,2022-09-03,1565680428484362242,
1565670879106932740,Ciro Gomes,2022-09-03,1565670879106932740,
1565644784097759232,Ciro Gomes,2022-09-03,1565644782352961538,1565644782352961538
1565644782352961538,Ciro Gomes,2022-09-03,1565644782352961538,
1565505192560312320,Ciro Gomes,2022-09-03,1565505192560312320,
1565503241349210115,Ciro Gomes,2022-09-03,1565503241349210115,
1565501301026349056,Ciro Gomes,2022-09-03,1565501301026349056,
1565497257922805760,Ciro Gomes,2022-09-03,1565497257922805760,
1565493843264503815,Ciro Gomes,2022-09-03,1565493843264503815,
1565492860794900481,Ciro Gomes,2022-09-03,1565492860794900481,
1565492582058172420,Ciro Gomes,2022-09-03,1565492580376346624,1565492580376346624
1565492580376346624,Ciro Gomes,2022-09-03,1565492580376346624,
1565490882958295041,Ciro Gomes,2022-09-03,1565490882958295041,
1566207517306281984,Ciro Gomes,2022-09-04,1566207517306281984,
1566189415575293953,Ciro Gomes,2022-09-04,1566189415575293953,
1566170572739977221,Ciro Gomes,2022-09-04,1566170572739977221,
1566159593796952064,Ciro Gomes,2022-09-04,1566159593796952064,
1566140482094342147,Ciro Gomes,2022-09-04,1566140469893120002,1566140480001380358
1566140480001380358,Ciro Gomes,2022-09-04,1566140469893120002,1566140477820264452
1566140477820264452,Ciro Gomes,2022-09-04,1566140469893120002,1566140475693826051
1566140475693826051,Ciro Gomes,2022-09-04,1566140469893120002,1566140473596678147
1566140473596678147,Ciro Gomes,2022-09-04,1566140469893120002,1566140471474274304
1566140471474274304,Ciro Gomes,2022-09-04,1566140469893120002,1566140469893120002
1566140469893120002,Ciro Gomes,2022-09-04,1566140469893120002,
1566124313807392770,Ciro Gomes,2022-09-04,1566124305116794881,1566124312049876993
1566124312049876993,Ciro Gomes,2022-09-04,1566124305116794881,1566124309789249536
1566124309789249536,Ciro Gomes,2022-09-04,1566124305116794881,1566124307582959619
1566124307582959619,Ciro Gomes,2022-09-04,1566124305116794881,1566124305116794881
1566124305116794881,Ciro Gomes,2022-09-04,1566124305116794881,
1566094839791370240,Ciro Gomes,2022-09-04,1566094114189451265,1566094114189451265
1566094114189451265,Ciro Gomes,2022-09-04,1566094114189451265,
1566062783325773826,Ciro Gomes,2022-09-04,1566062783325773826,
1566053088955629568,Ciro Gomes,2022-09-04,1566036647782846465,1566053085566345217
1566053085566345217,Ciro Gomes,2022-09-04,1566036647782846465,1566036733799563265
1566036733799563265,Ciro Gomes,2022-09-04,1566036647782846465,1566036647782846465
1566036647782846465,Ciro Gomes,2022-09-04,1566036647782846465,
1565852408454029313,Ciro Gomes,2022-09-04,1565852408454029313,
1566536908787879936,Ciro Gomes,2022-09-05,1566536908787879936,
1566536822527868929,Ciro Gomes,2022-09-05,1566536822527868929,
1566513492324139013,Ciro Gomes,2022-09-05,1566513488968785921,1566513490826858497
1566513490826858497,Ciro Gomes,2022-09-05,1566513488968785921,1566513488968785921
1566513488968785921,Ciro Gomes,2022-09-05,1566513488968785921,1566465931039195136
1566509698005831680,Ciro Gomes,2022-09-05,1566509698005831680,
1566481381068259329,Ciro Gomes,2022-09-05,1566481381068259329,
1566467228219985927,Ciro Gomes,2022-09-05,1566467228219985927,
1566443304094515204,Ciro Gomes,2022-09-05,1566443176570798080,1566443176570798080
1566443176570798080,Ciro Gomes,2022-09-05,1566443176570798080,
1566427289570738179,Ciro Gomes,2022-09-05,1566427289570738179,
1566396762205585414,Ciro Gomes,2022-09-05,1566396753317957637,1566396759848501248
1566396759848501248,Ciro Gomes,2022-09-05,1566396753317957637,1566396757583486981
1566396757583486981,Ciro Gomes,2022-09-05,1566396753317957637,1566396755624824834
1566396755624824834,Ciro Gomes,2022-09-05,1566396753317957637,1566396753317957637
1566396753317957637,Ciro Gomes,2022-09-05,1566396753317957637,
1566237143328083969,Ciro Gomes,2022-09-05,1566237143328083969,
1566216921648975877,Ciro Gomes,2022-09-05,1566216921648975877,
1566917583303049216,Ciro Gomes,2022-09-06,1566567485641527296,1566567485641527296
1566909208909545476,Ciro Gomes,2022-09-06,1566909208909545476,
1566886929873997830,Ciro Gomes,2022-09-06,1566886925859962880,1566886927881703424
1566886927881703424,Ciro Gomes,2022-09-06,1566886925859962880,1566886925859962880
1566886925859962880,Ciro Gomes,2022-09-06,1566886925859962880,
1566869772532436995,Ciro Gomes,2022-09-06,1566869772532436995,
1566866579748429824,Ciro Gomes,2022-09-06,1566866579748429824,
1566861828965154823,Ciro Gomes,2022-09-06,1566861828965154823,
1566859614485979136,Ciro Gomes,2022-09-06,1566859614485979136,
1566836405917171723,Ciro Gomes,2022-09-06,1566836405917171723,
1566832436213944320,Ciro Gomes,2022-09-06,1566832434452258819,1566832434452258819
1566832434452258819,Ciro Gomes,2022-09-06,1566832434452258819,
1566831856699457537,Ciro Gomes,2022-09-06,1566831856699457537,
1566831068531015689,Ciro Gomes,2022-09-06,1566831068531015689,
1566828701538549760,Ciro Gomes,2022-09-06,1566828701538549760,
1566828212545519616,Ciro Gomes,2022-09-06,1566828212545519616,
1566827230466039809,Ciro Gomes,2022-09-06,1566827230466039809,
1566824535705387008,Ciro Gomes,2022-09-06,1566824533922922497,1566824533922922497
1566824533922922497,Ciro Gomes,2022-09-06,1566824533922922497,
1566820095191666693,Ciro Gomes,2022-09-06,1566820095191666693,
1566818058089500672,Ciro Gomes,2022-09-06,1566818058089500672,
1566817000210456576,Ciro Gomes,2022-09-06,1566817000210456576,
1566815469478322178,Ciro Gomes,2022-09-06,1566815469478322178,
1566812764903014401,Ciro Gomes,2022-09-06,1566812762944278528,1566812762944278528
1566812762944278528,Ciro Gomes,2022-09-06,1566812762944278528,
1566811860552368128,Ciro Gomes,2022-09-06,1566811860552368128,
1566810660738056194,Ciro Gomes,2022-09-06,1566810660738056194,
1566807090106073088,Ciro Gomes,2022-09-06,1566807088411582465,1566807088411582465
1566807088411582465,Ciro Gomes,2022-09-06,1566807088411582465,
1566804527818444802,Ciro Gomes,2022-09-06,1566804527818444802,
1566793595960557568,Ciro Gomes,2022-09-06,1566793593519497218,1566793593519497218
1566793593519497218,Ciro Gomes,2022-09-06,1566793593519497218,1566544074106146817
1566780791568449536,Ciro Gomes,2022-09-06,1566780791568449536,
1566756405683568645,Ciro Gomes,2022-09-06,1566755779453091840,1566756018226446336
1566756018226446336,Ciro Gomes,2022-09-06,1566755779453091840,1566755779453091840
1566755779453091840,Ciro Gomes,2022-09-06,1566755779453091840,
1566727879626457088,Ciro Gomes,2022-09-06,1566727879626457088,
1567299016853016577,Ciro Gomes,2022-09-07,1567299016853016577,
1567298826028867584,Ciro Gomes,2022-09-07,1567298826028867584,
1567296453420191744,Ciro Gomes,2022-09-07,1567296453420191744,
1567295889714061312,Ciro Gomes,2022-09-07,1567295889714061312,
1567294444054921218,Ciro Gomes,2022-09-07,1567294444054921218,
1567293635464413185,Ciro Gomes,2022-09-07,1567293635464413185,
1567289705896591361,Ciro Gomes,2022-09-07,1567289705896591361,
1567286578606755840,Ciro Gomes,2022-09-07,1567286578606755840,
1567283740379955202,Ciro Gomes,2022-09-07,1567283740379955202,
1567283599078002690,Ciro Gomes,2022-09-07,1567283599078002690,
1567278411181170689,Ciro Gomes,2022-09-07,1567278411181170689,
1567277238348824583,Ciro Gomes,2022-09-07,1567277238348824583,
1567272884589953024,Ciro Gomes,2022-09-07,1567272884589953024,
1567250771892207616,Ciro Gomes,2022-09-07,1567250771892207616,
1567208628276297729,Ciro Gomes,2022-09-07,1567208628276297729,
1567206436114993153,Ciro Gomes,2022-09-07,1567206436114993153,
1567201543308427265,Ciro Gomes,2022-09-07,1567201543308427265,
1567196446507651075,Ciro Gomes,2022-09-07,1567196446507651075,
1567189791657041920,Ciro Gomes,2022-09-07,1567189791657041920,
1567186993129426945,Ciro Gomes,2022-09-07,1567186993129426945,
1567182468951818242,Ciro Gomes,2022-09-07,1567182468951818242,
1567181336523296769,Ciro Gomes,2022-09-07,1567181336523296769,
1567177742822555649,Ciro Gomes,2022-09-07,1567177742822555649,
1567175277909889027,Ciro Gomes,2022-09-07,1567175277909889027,
1567159391102664705,Ciro Gomes,2022-09-07,1567159391102664705,
1567147570568249347,Ciro Gomes,2022-09-07,1567147570568249347,
1567135416855273472,Ciro Gomes,2022-09-07,1567135416855273472,
1567107000164651008,Ciro Gomes,2022-09-07,1567107000164651008,
1567106924868403202,Ciro Gomes,2022-09-07,1567106904370864128,1567106921777319936
1567106921777319936,Ciro Gomes,2022-09-07,1567106904370864128,1567106919340318722
1567106919340318722,Ciro Gomes,2022-09-07,1567106904370864128,1567106916932898822
1567106916932898822,Ciro Gomes,2022-09-07,1567106904370864128,1567106914542125056
1567106914542125056,Ciro Gomes,2022-09-07,1567106904370864128,1567106912293949440
1567106912293949440,Ciro Gomes,2022-09-07,1567106904370864128,1567106909819310083
1567106909819310083,Ciro Gomes,2022-09-07,1567106904370864128,1567106907348901889
1567106907348901889,Ciro Gomes,2022-09-07,1567106904370864128,1567106904370864128
1567106904370864128,Ciro Gomes,2022-09-07,1567106904370864128,
1566939394287828993,Ciro Gomes,2022-09-07,1566939394287828993,
1567652060484583424,Ciro Gomes,2022-09-08,1567652060484583424,
1567623751012868097,Ciro Gomes,2022-09-08,1567623751012868097,
1567623477040914433,Ciro Gomes,2022-09-08,1567623477040914433,
1567607990462586882,Ciro Gomes,2022-09-08,1567607990462586882,
1567604695690100737,Ciro Gomes,2022-09-08,1567604695690100737,
1567604308144787461,Ciro Gomes,2022-09-08,1567604308144787461,
1567570512028524544,Ciro Gomes,2022-09-08,1567570512028524544,
1567564800707760132,Ciro Gomes,2022-09-08,1567564800707760132,
1567528178159128580,Ciro Gomes,2022-09-08,1567528178159128580,
1567515621448876032,Ciro Gomes,2022-09-08,1567515621448876032,
1567467212574756865,Ciro Gomes,2022-09-08,1567467212574756865,
1567324272615477248,Ciro Gomes,2022-09-08,1567324272615477248,
1567306541585268737,Ciro Gomes,2022-09-08,1567306541585268737,
1567305204810260480,Ciro Gomes,2022-09-08,1567305204810260480,
1567303740016803842,Ciro Gomes,2022-09-08,1567303740016803842,
1568023939473108992,Ciro Gomes,2022-09-09,1568023939473108992,
1568020861046738945,Ciro Gomes,2022-09-09,1568020861046738945,
1568006563797045248,Ciro Gomes,2022-09-09,1568006560055697408,1568006560055697408
1568006560055697408,Ciro Gomes,2022-09-09,1568006560055697408,
1567929279085772803,Ciro Gomes,2022-09-09,1567929279085772803,
1567928321232576518,Ciro Gomes,2022-09-09,1567928317667430401,1567928317667430401
1567928317667430401,Ciro Gomes,2022-09-09,1567928317667430401,
1567920761041559556,Ciro Gomes,2022-09-09,1567920761041559556,
1567905712742735873,Ciro Gomes,2022-09-09,1567905707172798465,1567905707172798465
1567905707172798465,Ciro Gomes,2022-09-09,1567905707172798465,
1567877447395278848,Ciro Gomes,2022-09-09,1567877447395278848,
1567845235593543680,Ciro Gomes,2022-09-09,1567845235593543680,
1567830145892843520,Ciro Gomes,2022-09-09,1567830140310142977,1567830142986199042
1567830142986199042,Ciro Gomes,2022-09-09,1567830140310142977,1567830140310142977
1567830140310142977,Ciro Gomes,2022-09-09,1567830140310142977,
1567680225428885506,Ciro Gomes,2022-09-09,1567680225428885506,
1567665643146682368,Ciro Gomes,2022-09-09,1567665643146682368,
1568383703738351617,Ciro Gomes,2022-09-10,1568383703738351617,
1568348213735743492,Ciro Gomes,2022-09-10,1568331050773790728,1568331902846750721
1568331050773790728,Ciro Gomes,2022-09-10,1568331050773790728,
1568322736006565889,Ciro Gomes,2022-09-10,1568322736006565889,
1568307745245257729,Ciro Gomes,2022-09-10,1568307745245257729,
1568259889054588932,Ciro Gomes,2022-09-10,1568259889054588932,
1568252500586668033,Ciro Gomes,2022-09-10,1568252500586668033,
1568237850105188354,Ciro Gomes,2022-09-10,1568237850105188354,
1568224416818991106,Ciro Gomes,2022-09-10,1568224416818991106,
1568211491874082828,Ciro Gomes,2022-09-10,1568211491874082828,
1568204372911292418,Ciro Gomes,2022-09-10,1568204369421557760,1568204371342532609
1568204371342532609,Ciro Gomes,2022-09-10,1568204369421557760,1568204369421557760
1568204369421557760,Ciro Gomes,2022-09-10,1568204369421557760,
1568050742048456705,Ciro Gomes,2022-09-10,1568050742048456705,
1568048603590950914,Ciro Gomes,2022-09-10,1568048603590950914,
1568035676981010432,Ciro Gomes,2022-09-10,1568035676981010432,
1568748166882770948,Ciro Gomes,2022-09-11,1568748166882770948,
1568690367905808384,Ciro Gomes,2022-09-11,1568690345504026624,1568690366093864961
1568690366093864961,Ciro Gomes,2022-09-11,1568690345504026624,1568690363505983490
1568690363505983490,Ciro Gomes,2022-09-11,1568690345504026624,1568690361391882243
1568690361391882243,Ciro Gomes,2022-09-11,1568690345504026624,1568690358346981377
1568690358346981377,Ciro Gomes,2022-09-11,1568690345504026624,1568690354458591237
1568690354458591237,Ciro Gomes,2022-09-11,1568690345504026624,1568690352768565250
1568690352768565250,Ciro Gomes,2022-09-11,1568690345504026624,1568690350197202945
1568690350197202945,Ciro Gomes,2022-09-11,1568690345504026624,1568690348456820737
1568690348456820737,Ciro Gomes,2022-09-11,1568690345504026624,1568690345504026624
1568675678085578752,Ciro Gomes,2022-09-11,1568675678085578752,
1568660993542131713,Ciro Gomes,2022-09-11,1568660993542131713,
1568643885383192576,Ciro Gomes,2022-09-11,1568643867825537025,1568643881431961600
1568643881431961600,Ciro Gomes,2022-09-11,1568643867825537025,1568643877128511495
1568643877128511495,Ciro Gomes,2022-09-11,1568643867825537025,1568643873815277570
1568643873815277570,Ciro Gomes,2022-09-11,1568643867825537025,1568643867825537025
1568643867825537025,Ciro Gomes,2022-09-11,1568643867825537025,
1568617059499524096,Ciro Gomes,2022-09-11,1568617059499524096,
1568570108280176640,Ciro Gomes,2022-09-11,1568570108280176640,
1569098590546436098,Ciro Gomes,2022-09-12,1569098590546436098,
1569071361603125248,Ciro Gomes,2022-09-12,1569071361603125248,
1569038191432171522,Ciro Gomes,2022-09-12,1569038191432171522,
1568985263400951809,Ciro Gomes,2022-09-12,1568985259814916098,1568985259814916098
1568985259814916098,Ciro Gomes,2022-09-12,1568985259814916098,
1568973495442329600,Ciro Gomes,2022-09-12,1568973495442329600,
1568932495168520193,Ciro Gomes,2022-09-12,1568932495168520193,
1568771617806815232,Ciro Gomes,2022-09-12,1568771617806815232,
1568762388006027267,Ciro Gomes,2022-09-12,1568762385221001217,1568762386592440320
1568762386592440320,Ciro Gomes,2022-09-12,1568762385221001217,1568762385221001217
1568762385221001217,Ciro Gomes,2022-09-12,1568762385221001217,
1569456786477817857,Ciro Gomes,2022-09-13,1569456786477817857,
1569450263353741313,Ciro Gomes,2022-09-13,1569450218198016002,1569450254105456640
1569450254105456640,Ciro Gomes,2022-09-13,1569450218198016002,1569450248010866689
1569450248010866689,Ciro Gomes,2022-09-13,1569450218198016002,1569450241077682177
1569450241077682177,Ciro Gomes,2022-09-13,1569450218198016002,1569450234107015168
1569450234107015168,Ciro Gomes,2022-09-13,1569450218198016002,1569450225017958400
1569450225017958400,Ciro Gomes,2022-09-13,1569450218198016002,1569450218198016002
1569342601433604102,Ciro Gomes,2022-09-13,1569342579250184192,1569342599520993282
1569342599520993282,Ciro Gomes,2022-09-13,1569342579250184192,1569342597675507712
1569342597675507712,Ciro Gomes,2022-09-13,1569342579250184192,1569342595062534144
1569342595062534144,Ciro Gomes,2022-09-13,1569342579250184192,1569342593166897152
1569342593166897152,Ciro Gomes,2022-09-13,1569342579250184192,1569342590969085952
1569342590969085952,Ciro Gomes,2022-09-13,1569342579250184192,1569342588934578178
1569342588934578178,Ciro Gomes,2022-09-13,1569342579250184192,1569342586451795969
1569342586451795969,Ciro Gomes,2022-09-13,1569342579250184192,1569342584358637568
1569342584358637568,Ciro Gomes,2022-09-13,1569342579250184192,1569342582160752640
1569342582160752640,Ciro Gomes,2022-09-13,1569342579250184192,1569342579250184192
1569311379999309824,Ciro Gomes,2022-09-13,1569311379999309824,
1569294755292405762,Ciro Gomes,2022-09-13,1569294755292405762,
1569290444781064192,Ciro Gomes,2022-09-13,1569290444781064192,
1569834706648158208,Ciro Gomes,2022-09-14,1569834706648158208,
1569833119133360128,Ciro Gomes,2022-09-14,1569833119133360128,
1569824696069398529,Ciro Gomes,2022-09-14,1569824664855126016,1569824664855126016
1569824664855126016,Ciro Gomes,2022-09-14,1569824664855126016,
1569782252778684417,Ciro Gomes,2022-09-14,1569782252778684417,
1569778633731985413,Ciro Gomes,2022-09-14,1569683942734974981,1569683942734974981
1569764979368251393,Ciro Gomes,2022-09-14,1569764979368251393,
1569732708573528064,Ciro Gomes,2022-09-14,1569732708573528064,
1569700020303036419,Ciro Gomes,2022-09-14,1569700016364875783,1569700016364875783
1569700016364875783,Ciro Gomes,2022-09-14,1569700016364875783,
1569657273286262785,Ciro Gomes,2022-09-14,1569657273286262785,
1569621319767195654,Ciro Gomes,2022-09-14,1569621319767195654,
1570193125431463939,Ciro Gomes,2022-09-15,1570193125431463939,
1570169011345969152,Ciro Gomes,2022-09-15,1570169011345969152,
1570138942514552832,Ciro Gomes,2022-09-15,1570138942514552832,
1570067025287864323,Ciro Gomes,2022-09-15,1570067025287864323,
1570034817919483905,Ciro Gomes,2022-09-15,1570034817919483905,
1570031597239369729,Ciro Gomes,2022-09-15,1570031593250594817,1570031595289214977
1570031595289214977,Ciro Gomes,2022-09-15,1570031593250594817,1570031593250594817
1570031593250594817,Ciro Gomes,2022-09-15,1570031593250594817,
1570027942574542848,Ciro Gomes,2022-09-15,1570027942574542848,
1570026694081118209,Ciro Gomes,2022-09-15,1570026694081118209,
1570019411162972160,Ciro Gomes,2022-09-15,1570019411162972160,
1570017033156284418,Ciro Gomes,2022-09-15,1570017033156284418,
1570012701648211969,Ciro Gomes,2022-09-15,1570012701648211969,
1570010219790450689,Ciro Gomes,2022-09-15,1570010218032930818,1570010218032930818
1570010218032930818,Ciro Gomes,2022-09-15,1570010218032930818,
1570005388354883585,Ciro Gomes,2022-09-15,1570005388354883585,
1569984784297857025,Ciro Gomes,2022-09-15,1569984780308987904,1569984782477524992
1569984782477524992,Ciro Gomes,2022-09-15,1569984780308987904,1569984780308987904
1569984780308987904,Ciro Gomes,2022-09-15,1569984780308987904,
1569978297961906176,Ciro Gomes,2022-09-15,1569978296535842817,1569978296535842817
1569978296535842817,Ciro Gomes,2022-09-15,1569978296535842817,
1569859379330949121,Ciro Gomes,2022-09-15,1569859379330949121,
1569855208666144768,Ciro Gomes,2022-09-15,1569855208666144768,
1569854524025671682,Ciro Gomes,2022-09-15,1569854522620526595,1569854522620526595
1569854522620526595,Ciro Gomes,2022-09-15,1569854522620526595,
1569843060778975232,Ciro Gomes,2022-09-15,1569843060778975232,
1570559403043987456,Ciro Gomes,2022-09-16,1570559403043987456,
1570543141136248832,Ciro Gomes,2022-09-16,1570543141136248832,
1570535776114319364,Ciro Gomes,2022-09-16,1570535776114319364,
1570520209341165569,Ciro Gomes,2022-09-16,1570520209341165569,
1570510017840975873,Ciro Gomes,2022-09-16,1570507805257527296,1570508397270925313
1570508690687668225,Ciro Gomes,2022-09-16,1570507805257527296,1570508075374878720
1570507808013168641,Ciro Gomes,2022-09-16,1570507805257527296,1570507805257527296
1570507805257527296,Ciro Gomes,2022-09-16,1570507805257527296,
1570482637621313541,Ciro Gomes,2022-09-16,1570482637621313541,
1570467849256271873,Ciro Gomes,2022-09-16,1570467849256271873,
1570449383690321921,Ciro Gomes,2022-09-16,1570449334990159872,1570449334990159872
1570449334990159872,Ciro Gomes,2022-09-16,1570449334990159872,
1570443254344073220,Ciro Gomes,2022-09-16,1570442443115331586,1570442443115331586
1570442443115331586,Ciro Gomes,2022-09-16,1570442443115331586,
1570438208382550018,Ciro Gomes,2022-09-16,1570438208382550018,
1570416047525707781,Ciro Gomes,2022-09-16,1570416047525707781,
1570413727723229186,Ciro Gomes,2022-09-16,1570413727723229186,
1570411358478278656,Ciro Gomes,2022-09-16,1570411358478278656,
1570402345388843009,Ciro Gomes,2022-09-16,1570402345388843009,
1570402203453759491,Ciro Gomes,2022-09-16,1570402203453759491,
1570401545677578240,Ciro Gomes,2022-09-16,1570401545677578240,
1570394162754625536,Ciro Gomes,2022-09-16,1570394162754625536,
1570391129937383425,Ciro Gomes,2022-09-16,1570391128544874497,1570391128544874497
1570391128544874497,Ciro Gomes,2022-09-16,1570391128544874497,
1570389387573366785,Ciro Gomes,2022-09-16,1570389387573366785,
1570383624578424841,Ciro Gomes,2022-09-16,1570383624578424841,
1570371378242519040,Ciro Gomes,2022-09-16,1570371376279601155,1570371376279601155
1570371376279601155,Ciro Gomes,2022-09-16,1570371376279601155,
1570363982053281792,Ciro Gomes,2022-09-16,1570363979071102976,1570363979071102976
1570363979071102976,Ciro Gomes,2022-09-16,1570363979071102976,
1570208917338337280,Ciro Gomes,2022-09-16,1570208917338337280,
1570904552525934592,Ciro Gomes,2022-09-17,1570904552525934592,
1570899137746595840,Ciro Gomes,2022-09-17,1570899137746595840,
1570864941682524160,Ciro Gomes,2022-09-17,1570864941682524160,
1570855243650420744,Ciro Gomes,2022-09-17,1570855243650420744,
1570837479686819843,Ciro Gomes,2022-09-17,1570837479686819843,
1570790570439901185,Ciro Gomes,2022-09-17,1570790570439901185,
1570749133711089664,Ciro Gomes,2022-09-17,1570749128455618560,1570749131324522501
1570749131324522501,Ciro Gomes,2022-09-17,1570749128455618560,1570749128455618560
1570749128455618560,Ciro Gomes,2022-09-17,1570749128455618560,
1570744432449789952,Ciro Gomes,2022-09-17,1570744432449789952,
1570583037632552960,Ciro Gomes,2022-09-17,1570583037632552960,
1570563817012092929,Ciro Gomes,2022-09-17,1570563817012092929,
1571284654354735106,Ciro Gomes,2022-09-18,1571284654354735106,
1571227508585811968,Ciro Gomes,2022-09-18,1571227508585811968,
1571197320808386560,Ciro Gomes,2022-09-18,1571197320808386560,
1571175548793094148,Ciro Gomes,2022-09-18,1571175548793094148,
1571167472744529921,Ciro Gomes,2022-09-18,1571167467094917126,1571167467094917126
1571167467094917126,Ciro Gomes,2022-09-18,1571167467094917126,
1571144648412000262,Ciro Gomes,2022-09-18,1571144643483676672,1571144645765386246
1571144645765386246,Ciro Gomes,2022-09-18,1571144643483676672,1571144643483676672
1571144643483676672,Ciro Gomes,2022-09-18,1571144643483676672,
1571121926164054016,Ciro Gomes,2022-09-18,1571121926164054016,
1570946405472124928,Ciro Gomes,2022-09-18,1570946405472124928,
1570931543220318209,Ciro Gomes,2022-09-18,1570931543220318209,
1571635302283808770,Ciro Gomes,2022-09-19,1571635302283808770,
1571605228599787521,Ciro Gomes,2022-09-19,1571605228599787521,
1571590621605036032,Ciro Gomes,2022-09-19,1571590621605036032,
1571514524200587266,Ciro Gomes,2022-09-19,1571514524200587266,
1571491731589177347,Ciro Gomes,2022-09-19,1571491731589177347,
1571469083878588416,Ciro Gomes,2022-09-19,1571469083878588416,
1571317066417770496,Ciro Gomes,2022-09-19,1571317066417770496,
1571309829691408385,Ciro Gomes,2022-09-19,1571309829691408385,
1571288434492284930,Ciro Gomes,2022-09-19,1571288434492284930,
1572006067290218497,Ciro Gomes,2022-09-20,1572006067290218497,
1572003920603648000,Ciro Gomes,2022-09-20,1572003920603648000,
1572003045126324229,Ciro Gomes,2022-09-20,1572003045126324229,
1572001560627912704,Ciro Gomes,2022-09-20,1572001560627912704,
1572000521489354752,Ciro Gomes,2022-09-20,1572000521489354752,
1571988115388235776,Ciro Gomes,2022-09-20,1571988115388235776,
1571967368892399617,Ciro Gomes,2022-09-20,1571967368892399617,
1571956040622481408,Ciro Gomes,2022-09-20,1571956040622481408,
1571951225670615040,Ciro Gomes,2022-09-20,1571951221984104448,1571951221984104448
1571951221984104448,Ciro Gomes,2022-09-20,1571951221984104448,
1571909354227482628,Ciro Gomes,2022-09-20,1571909354227482628,
1571899889273180161,Ciro Gomes,2022-09-20,1571899869656395778,1571899869656395778
1571899869656395778,Ciro Gomes,2022-09-20,1571899869656395778,
1571872705388986372,Ciro Gomes,2022-09-20,1571872705388986372,
1572373386185306112,Ciro Gomes,2022-09-21,1572373386185306112,
1572371179305836545,Ciro Gomes,2022-09-21,1572371179305836545,
1572359959655768064,Ciro Gomes,2022-09-21,1572359959655768064,
1572349885986250752,Ciro Gomes,2022-09-21,1572349885986250752,
1572342339896594432,Ciro Gomes,2022-09-21,1572342339896594432,
1572307869722185733,Ciro Gomes,2022-09-21,1572307869722185733,
1572290928747970561,Ciro Gomes,2022-09-21,1572290928747970561,
1572283810091499521,Ciro Gomes,2022-09-21,1572283793951838213,1572283793951838213
1572283793951838213,Ciro Gomes,2022-09-21,1572283793951838213,
1572278024141144064,Ciro Gomes,2022-09-21,1572278024141144064,
1572270298036142084,Ciro Gomes,2022-09-21,1572270298036142084,
1572266744613376001,Ciro Gomes,2022-09-21,1572266744613376001,1571917302437761026
1572254272292417536,Ciro Gomes,2022-09-21,1572254272292417536,
1572231695738306560,Ciro Gomes,2022-09-21,1572231695738306560,
1572230369172242436,Ciro Gomes,2022-09-21,1572230369172242436,
1572229511302766592,Ciro Gomes,2022-09-21,1572229511302766592,1572214975191719940
1572224327646384129,Ciro Gomes,2022-09-21,1572224327646384129,
1572220839130431491,Ciro Gomes,2022-09-21,1572220839130431491,
1572212094971351044,Ciro Gomes,2022-09-21,1572212094971351044,
1572201645941092354,Ciro Gomes,2022-09-21,1572201644464705537,1572201644464705537
1572201644464705537,Ciro Gomes,2022-09-21,1572201644464705537,
1572193419182702593,Ciro Gomes,2022-09-21,1572193419182702593,
1572188341550084098,Ciro Gomes,2022-09-21,1572188341550084098,
1572179753045721092,Ciro Gomes,2022-09-21,1572179753045721092,
1572072403907346432,Ciro Gomes,2022-09-21,1572072403907346432,
1572067979055210497,Ciro Gomes,2022-09-21,1572067979055210497,
1572067685780914310,Ciro Gomes,2022-09-21,1572067685780914310,
1572064604708126721,Ciro Gomes,2022-09-21,1572064604708126721,
1572064262306267142,Ciro Gomes,2022-09-21,1572064262306267142,
1572062028587565064,Ciro Gomes,2022-09-21,1572062028587565064,
1572060869252775936,Ciro Gomes,2022-09-21,1572060869252775936,
1572038422226771968,Ciro Gomes,2022-09-21,1572038422226771968,
1572034796406317059,Ciro Gomes,2022-09-21,1572034796406317059,
1572031146745266177,Ciro Gomes,2022-09-21,1572031146745266177,
1572030884332584960,Ciro Gomes,2022-09-21,1572030884332584960,
1572019000023945216,Ciro Gomes,2022-09-21,1572019000023945216,
1572018866133540864,Ciro Gomes,2022-09-21,1572018866133540864,
1572018056049606669,Ciro Gomes,2022-09-21,1572018056049606669,
1572730999556931584,Ciro Gomes,2022-09-22,1572730999556931584,
1572730157135269891,Ciro Gomes,2022-09-22,1572730157135269891,
1572724858596868101,Ciro Gomes,2022-09-22,1572724858596868101,
1572721174144073739,Ciro Gomes,2022-09-22,1572721174144073739,
1572716806938267649,Ciro Gomes,2022-09-22,1572716806938267649,
1572715634584068097,Ciro Gomes,2022-09-22,1572715634584068097,
1572714121644097543,Ciro Gomes,2022-09-22,1572714121644097543,
1572713369882300417,Ciro Gomes,2022-09-22,1572713369882300417,
1572711299041181697,Ciro Gomes,2022-09-22,1572711299041181697,
1572707735267082241,Ciro Gomes,2022-09-22,1572707735267082241,
1572673048611782656,Ciro Gomes,2022-09-22,1572673048611782656,
1572612889277513728,Ciro Gomes,2022-09-22,1572612889277513728,
1572605227618177024,Ciro Gomes,2022-09-22,1572605227618177024,
1572603215232860160,Ciro Gomes,2022-09-22,1572603215232860160,
1572596430950510593,Ciro Gomes,2022-09-22,1572596430950510593,
1572596204441149440,Ciro Gomes,2022-09-22,1572596204441149440,
1572594777836888064,Ciro Gomes,2022-09-22,1572594777836888064,
1572594062665945089,Ciro Gomes,2022-09-22,1572594062665945089,
1572589547959234560,Ciro Gomes,2022-09-22,1572589546201845762,1572589546201845762
1572589546201845762,Ciro Gomes,2022-09-22,1572589546201845762,
1572585243369955335,Ciro Gomes,2022-09-22,1572585243369955335,
1572580764402974724,Ciro Gomes,2022-09-22,1572580764402974724,
1572578342020485122,Ciro Gomes,2022-09-22,1572578342020485122,
1572571357757456384,Ciro Gomes,2022-09-22,1572571357757456384,
1572395689849536512,Ciro Gomes,2022-09-22,1572395689849536512,
1572386403362967555,Ciro Gomes,2022-09-22,1572386403362967555,
1572384448896720897,Ciro Gomes,2022-09-22,1572384448896720897,
1572381243232362497,Ciro Gomes,2022-09-22,1572381241277616128,1572381241277616128
1572381241277616128,Ciro Gomes,2022-09-22,1572381241277616128,
1572377977610031104,Ciro Gomes,2022-09-22,1572377977610031104,
1572375061759414275,Ciro Gomes,2022-09-22,1572375060228325378,1572375060228325378
1572375060228325378,Ciro Gomes,2022-09-22,1572375060228325378,
1573096160755081222,Ciro Gomes,2022-09-23,1573096160755081222,
1573047409663426564,Ciro Gomes,2022-09-23,1573047409663426564,
1573041950504222720,Ciro Gomes,2022-09-23,1573041950504222720,
1573002780389920770,Ciro Gomes,2022-09-23,1573002780389920770,
1572996027476500485,Ciro Gomes,2022-09-23,1572996027476500485,
1572979379977715712,Ciro Gomes,2022-09-23,1572979314206932993,1572979350990880772
1572979350990880772,Ciro Gomes,2022-09-23,1572979314206932993,1572979314206932993
1572979314206932993,Ciro Gomes,2022-09-23,1572979314206932993,
1572964687934808064,Ciro Gomes,2022-09-23,1572964687934808064,
1572961077293449221,Ciro Gomes,2022-09-23,1572961077293449221,
1572918647596539904,Ciro Gomes,2022-09-23,1572918647596539904,
1572751345379065859,Ciro Gomes,2022-09-23,1572751345379065859,
1572748530812424193,Ciro Gomes,2022-09-23,1572748530812424193,
1572742228132388864,Ciro Gomes,2022-09-23,1572742228132388864,
1572741723180122119,Ciro Gomes,2022-09-23,1572741721267777539,1572741721267777539
1572741721267777539,Ciro Gomes,2022-09-23,1572741721267777539,
1572739051672698881,Ciro Gomes,2022-09-23,1572739051672698881,
1572738214250819586,Ciro Gomes,2022-09-23,1572738214250819586,
1573447152948609026,Ciro Gomes,2022-09-24,1573447152948609026,
1573417752466972673,Ciro Gomes,2022-09-24,1573417752466972673,
1573415589229608966,Ciro Gomes,2022-09-24,1573415589229608966,1572938459106492416
1573415550533136384,Ciro Gomes,2022-09-24,1572938459106492416,1572938459106492416
1573381149417959424,Ciro Gomes,2022-09-24,1573381143239561216,1573381143239561216
1573381143239561216,Ciro Gomes,2022-09-24,1573381143239561216,
1573367018392375297,Ciro Gomes,2022-09-24,1573367012663107585,1573367015653400579
1573367015653400579,Ciro Gomes,2022-09-24,1573367012663107585,1573367012663107585
1573367012663107585,Ciro Gomes,2022-09-24,1573367012663107585,
1573326335451303936,Ciro Gomes,2022-09-24,1573326335451303936,
1573309149751959552,Ciro Gomes,2022-09-24,1573309149751959552,
1573281028671610880,Ciro Gomes,2022-09-24,1573281028671610880,
1573122995132006406,Ciro Gomes,2022-09-24,1573122995132006406,
1573099968126414848,Ciro Gomes,2022-09-24,1573099968126414848,
1573823384319827969,Ciro Gomes,2022-09-25,1573823380440190976,1573823382549942272
1573823382549942272,Ciro Gomes,2022-09-25,1573823380440190976,1573823380440190976
1573823380440190976,Ciro Gomes,2022-09-25,1573823380440190976,
1573823220502986752,Ciro Gomes,2022-09-25,1573823220502986752,
1573822395521142784,Ciro Gomes,2022-09-25,1573822395521142784,
1573821474900688896,Ciro Gomes,2022-09-25,1573821474900688896,
1573819425274400769,Ciro Gomes,2022-09-25,1573819425274400769,
1573818764336025601,Ciro Gomes,2022-09-25,1573818764336025601,
1573818152319942656,Ciro Gomes,2022-09-25,1573818152319942656,
1573814276539793408,Ciro Gomes,2022-09-25,1573814276539793408,
1573813833910591491,Ciro Gomes,2022-09-25,1573813832086159365,1573813832086159365
1573813832086159365,Ciro Gomes,2022-09-25,1573813832086159365,
1573812887361044481,Ciro Gomes,2022-09-25,1573812887361044481,
1573810353619828736,Ciro Gomes,2022-09-25,1573810351371689984,1573810351371689984
1573810351371689984,Ciro Gomes,2022-09-25,1573810351371689984,
1573809295472447488,Ciro Gomes,2022-09-25,1573809295472447488,
1573807415912546308,Ciro Gomes,2022-09-25,1573807413924347914,1573807413924347914
1573807413924347914,Ciro Gomes,2022-09-25,1573807413924347914,
1573805430748463110,Ciro Gomes,2022-09-25,1573805430748463110,
1573804581863264258,Ciro Gomes,2022-09-25,1573804581863264258,
1573803524915331079,Ciro Gomes,2022-09-25,1573803523128672271,1573803523128672271
1573803523128672271,Ciro Gomes,2022-09-25,1573803523128672271,
1573801294875205632,Ciro Gomes,2022-09-25,1573801294875205632,
1573799145764274182,Ciro Gomes,2022-09-25,1573799145764274182,
1573798453204885506,Ciro Gomes,2022-09-25,1573798453204885506,
1573797658891898881,Ciro Gomes,2022-09-25,1573797658891898881,
1573793796797743107,Ciro Gomes,2022-09-25,1573793206067765248,1573793206067765248
1573793206067765248,Ciro Gomes,2022-09-25,1573793206067765248,
1573791918768652289,Ciro Gomes,2022-09-25,1573791918768652289,
1573789333743702016,Ciro Gomes,2022-09-25,1573789333743702016,
1573788746960470023,Ciro Gomes,2022-09-25,1573788746960470023,
1573785846674857985,Ciro Gomes,2022-09-25,1573785846674857985,
1573769322970943489,Ciro Gomes,2022-09-25,1573769322970943489,
1573756755846332418,Ciro Gomes,2022-09-25,1573756748992856067,1573756748992856067
1573756748992856067,Ciro Gomes,2022-09-25,1573756748992856067,
1573752464016347136,Ciro Gomes,2022-09-25,1573733644417613826,1573733644417613826
1573741555537440770,Ciro Gomes,2022-09-25,1573741555537440770,
1573723499881005056,Ciro Gomes,2022-09-25,1573723499881005056,
1573706359194935296,Ciro Gomes,2022-09-25,1573706359194935296,
1573703818679828484,Ciro Gomes,2022-09-25,1573703818679828484,
1573682955544838150,Ciro Gomes,2022-09-25,1573682955544838150,
1573643420643508227,Ciro Gomes,2022-09-25,1573643420643508227,
1574156794435407878,Ciro Gomes,2022-09-26,1574156794435407878,
1574153195164561408,Ciro Gomes,2022-09-26,1574153195164561408,
1574149243178131457,Ciro Gomes,2022-09-26,1574149243178131457,
1574141692617183233,Ciro Gomes,2022-09-26,1574141692617183233,
1574133396590190593,Ciro Gomes,2022-09-26,1574133396590190593,
1574104893106823168,Ciro Gomes,2022-09-26,1574104885754142720,1574104885754142720
1574104885754142720,Ciro Gomes,2022-09-26,1574104885754142720,
1574094459528257536,Ciro Gomes,2022-09-26,1574094459528257536,
1574093960032751619,Ciro Gomes,2022-09-26,1574093960032751619,
1574078563615211522,Ciro Gomes,2022-09-26,1574078563615211522,
1574076717278412804,Ciro Gomes,2022-09-26,1574076717278412804,
1574061242943442944,Ciro Gomes,2022-09-26,1574061242943442944,
1574052275600900096,Ciro Gomes,2022-09-26,1574052275600900096,
1573999571121864705,Ciro Gomes,2022-09-26,1573999567657369600,1573999569704304641
1573999569704304641,Ciro Gomes,2022-09-26,1573999567657369600,1573999567657369600
1573999567657369600,Ciro Gomes,2022-09-26,1573999567657369600,
1573854803062448129,Ciro Gomes,2022-09-26,1573854803062448129,
1573838707945340930,Ciro Gomes,2022-09-26,1573838707945340930,
1574549103165440004,Ciro Gomes,2022-09-27,1574549103165440004,
1574544762035752963,Ciro Gomes,2022-09-27,1574544762035752963,
1574543158377172993,Ciro Gomes,2022-09-27,1574543158377172993,
1574539850585296896,Ciro Gomes,2022-09-27,1574539850585296896,
1574537035058233345,Ciro Gomes,2022-09-27,1574537035058233345,
1574533292459794432,Ciro Gomes,2022-09-27,1574533292459794432,
1574525871989223424,Ciro Gomes,2022-09-27,1574525871989223424,
1574516786317361154,Ciro Gomes,2022-09-27,1574516786317361154,
1574498064919937058,Ciro Gomes,2022-09-27,1574498064919937058,
1574484863398416384,Ciro Gomes,2022-09-27,1574484861842329600,1574484861842329600
1574484861842329600,Ciro Gomes,2022-09-27,1574484861842329600,
1574472141986304020,Ciro Gomes,2022-09-27,1574472141986304020,
1574452236922621953,Ciro Gomes,2022-09-27,1574452236922621953,
1574397577176313858,Ciro Gomes,2022-09-27,1574397577176313858,
1574397029819846656,Ciro Gomes,2022-09-27,1574397029819846656,
1574396945887629318,Ciro Gomes,2022-09-27,1574396945887629318,
1574396491220688896,Ciro Gomes,2022-09-27,1574396491220688896,
1574396375604887552,Ciro Gomes,2022-09-27,1574396375604887552,
1574396264317231104,Ciro Gomes,2022-09-27,1574396262061080576,1574396262061080576
1574396262061080576,Ciro Gomes,2022-09-27,1574396262061080576,
1574395607724294147,Ciro Gomes,2022-09-27,1574395607724294147,
1574395480057987074,Ciro Gomes,2022-09-27,1574395480057987074,
1574394900094885890,Ciro Gomes,2022-09-27,1574394896135475205,1574394898182176770
1574394898182176770,Ciro Gomes,2022-09-27,1574394896135475205,1574394896135475205
1574394896135475205,Ciro Gomes,2022-09-27,1574394896135475205,
1574394588168593410,Ciro Gomes,2022-09-27,1574394588168593410,
1574394411026419713,Ciro Gomes,2022-09-27,1574394408899846144,1574394408899846144
1574394408899846144,Ciro Gomes,2022-09-27,1574394408899846144,
1574394168511643648,Ciro Gomes,2022-09-27,1574394166402060291,1574394166402060291
1574394166402060291,Ciro Gomes,2022-09-27,1574394166402060291,
1574393806836977664,Ciro Gomes,2022-09-27,1574393806836977664,
1574393603471835138,Ciro Gomes,2022-09-27,1574393603471835138,
1574392813042778113,Ciro Gomes,2022-09-27,1574392810597482497,1574392810597482497
1574392810597482497,Ciro Gomes,2022-09-27,1574392810597482497,
1574387506874912780,Ciro Gomes,2022-09-27,1574387506874912780,
1574386277637578752,Ciro Gomes,2022-09-27,1574386277637578752,
1574339329165611009,Ciro Gomes,2022-09-27,1574339329165611009,
1574911672485044224,Ciro Gomes,2022-09-28,1574911672485044224,
1574911302937583619,Ciro Gomes,2022-09-28,1574911302937583619,
1574910167547797505,Ciro Gomes,2022-09-28,1574910167547797505,
1574905293976346651,Ciro Gomes,2022-09-28,1574905293976346651,
1574901452425895946,Ciro Gomes,2022-09-28,1574901452425895946,
1574898921327009817,Ciro Gomes,2022-09-28,1574898921327009817,
1574898222874730507,Ciro Gomes,2022-09-28,1574898222874730507,
1574894827237515278,Ciro Gomes,2022-09-28,1574894827237515278,
1574891782327910405,Ciro Gomes,2022-09-28,1574891782327910405,
1574866469438967809,Ciro Gomes,2022-09-28,1574866469438967809,
1574857315097972755,Ciro Gomes,2022-09-28,1574857315097972755,
1574836274212442112,Ciro Gomes,2022-09-28,1574836274212442112,
1574821169663836160,Ciro Gomes,2022-09-28,1574821169663836160,
1574806072182722565,Ciro Gomes,2022-09-28,1574806072182722565,
1574795454709219328,Ciro Gomes,2022-09-28,1574795454709219328,
1574792996599513088,Ciro Gomes,2022-09-28,1574792988168945665,1574792988168945665
1574792988168945665,Ciro Gomes,2022-09-28,1574792988168945665,
1574766727065473030,Ciro Gomes,2022-09-28,1574766727065473030,
1574730583221174284,Ciro Gomes,2022-09-28,1574730583221174284,
1574716806060711940,Ciro Gomes,2022-09-28,1574716802961227777,1574716804466876418
1574716804466876418,Ciro Gomes,2022-09-28,1574716802961227777,1574716802961227777
1574716802961227777,Ciro Gomes,2022-09-28,1574716802961227777,
1574585974604054541,Ciro Gomes,2022-09-28,1574585974604054541,
1574577357616476160,Ciro Gomes,2022-09-28,1574577357616476160,
1574576884322541579,Ciro Gomes,2022-09-28,1574576884322541579,
1574574262060732416,Ciro Gomes,2022-09-28,1574574262060732416,
1574570901651484672,Ciro Gomes,2022-09-28,1574570901651484672,
1574570733178564608,Ciro Gomes,2022-09-28,1574570731245293568,1574570731245293568
1574570731245293568,Ciro Gomes,2022-09-28,1574570731245293568,
1574567505712058368,Ciro Gomes,2022-09-28,1574567505712058368,
1574563274305183770,Ciro Gomes,2022-09-28,1574563274305183770,
1574559763215548441,Ciro Gomes,2022-09-28,1574559763215548441,
1574558705189781514,Ciro Gomes,2022-09-28,1574558705189781514,
1574557896066490368,Ciro Gomes,2022-09-28,1574557896066490368,
1574557861505531907,Ciro Gomes,2022-09-28,1574557861505531907,
1574554203137114124,Ciro Gomes,2022-09-28,1574554203137114124,
1574553435072077825,Ciro Gomes,2022-09-28,1574553435072077825,
1575259062677032961,Ciro Gomes,2022-09-29,1575259062677032961,
1575228859829583898,Ciro Gomes,2022-09-29,1575228859829583898,
1575221308027043840,Ciro Gomes,2022-09-29,1575221308027043840,
1575210577139728384,Ciro Gomes,2022-09-29,1575210577139728384,
1575176070562807809,Ciro Gomes,2022-09-29,1575176070562807809,
1575160050452254723,Ciro Gomes,2022-09-29,1575160050452254723,
1575145080230477824,Ciro Gomes,2022-09-29,1575145080230477824,
1575139331936817161,Ciro Gomes,2022-09-29,1575139331936817161,
1575136844844605440,Ciro Gomes,2022-09-29,1575136844844605440,
1575132817578770434,Ciro Gomes,2022-09-29,1575132817578770434,
1575132249342754817,Ciro Gomes,2022-09-29,1575132249342754817,
1575127823811072000,Ciro Gomes,2022-09-29,1575127823811072000,
1575108179419189249,Ciro Gomes,2022-09-29,1575108179419189249,
1575092971904667648,Ciro Gomes,2022-09-29,1575092971904667648,
1574924661758251008,Ciro Gomes,2022-09-29,1574924661758251008,
1574917217736695808,Ciro Gomes,2022-09-29,1574917217736695808,
1575606350637408265,Ciro Gomes,2022-09-30,1575606350637408265,
1575577065948323840,Ciro Gomes,2022-09-30,1575577057735880706,1575577057735880706
1575577057735880706,Ciro Gomes,2022-09-30,1575577057735880706,
1575545955645939714,Ciro Gomes,2022-09-30,1575545955645939714,
1575521362961203200,Ciro Gomes,2022-09-30,1575521362961203200,
1575504740372185090,Ciro Gomes,2022-09-30,1575504740372185090,
1575455363159171078,Ciro Gomes,2022-09-30,1575455363159171078,
1575289255873552384,Ciro Gomes,2022-09-30,1575289255873552384,
1575274154269581315,Ciro Gomes,2022-09-30,1575274154269581315,
1575997020573163520,Ciro Gomes,2022-10-01,1575997020573163520,
1575986425392025600,Ciro Gomes,2022-10-01,1575986425392025600,
1575983223930511360,Ciro Gomes,2022-10-01,1575983223930511360,
1575976430126518272,Ciro Gomes,2022-10-01,1575976430126518272,
1575974374704046080,Ciro Gomes,2022-10-01,1575974374704046080,
1575923626641002496,Ciro Gomes,2022-10-01,1575923626641002496,
1575879014929281024,Ciro Gomes,2022-10-01,1575879014929281024,
1575863042973237248,Ciro Gomes,2022-10-01,1575863042973237248,
1575821265645932546,Ciro Gomes,2022-10-01,1575821263607836673,1575821263607836673
1575821263607836673,Ciro Gomes,2022-10-01,1575821263607836673,
1575817885733167106,Ciro Gomes,2022-10-01,1575817752467705856,1575817752467705856
1575817752467705856,Ciro Gomes,2022-10-01,1575817752467705856,
1575718879443271680,Ciro Gomes,2022-10-01,1575718879443271680,1575713607182331904
1575718192244195333,Ciro Gomes,2022-10-01,1575718192244195333,
1575717184105496577,Ciro Gomes,2022-10-01,1575717184105496577,
1575715948023189505,Ciro Gomes,2022-10-01,1575715948023189505,
1575714270637182978,Ciro Gomes,2022-10-01,1575714270637182978,
1575710119379230721,Ciro Gomes,2022-10-01,1575710119379230721,
1575703332001193986,Ciro Gomes,2022-10-01,1575703332001193986,
1575703194583400448,Ciro Gomes,2022-10-01,1575703194583400448,
1575700965948362752,Ciro Gomes,2022-10-01,1575700965948362752,
1575697218568421377,Ciro Gomes,2022-10-01,1575697218568421377,
1575693157626413058,Ciro Gomes,2022-10-01,1575693157626413058,
1575693071240507392,Ciro Gomes,2022-10-01,1575693071240507392,
1575691892796301312,Ciro Gomes,2022-10-01,1575691892796301312,
1575688298395074561,Ciro Gomes,2022-10-01,1575688298395074561,
1575687824099065864,Ciro Gomes,2022-10-01,1575687824099065864,
1575686459700482050,Ciro Gomes,2022-10-01,1575686459700482050,
1575681675883089920,Ciro Gomes,2022-10-01,1575681675883089920,
1575681377273786369,Ciro Gomes,2022-10-01,1575681377273786369,
1575680354563723265,Ciro Gomes,2022-10-01,1575680354563723265,
1575679267052163074,Ciro Gomes,2022-10-01,1575679267052163074,
1575673040956006401,Ciro Gomes,2022-10-01,1575673040956006401,
1575670835108802560,Ciro Gomes,2022-10-01,1575670835108802560,
1575670620008124416,Ciro Gomes,2022-10-01,1575670620008124416,
1575670039264391169,Ciro Gomes,2022-10-01,1575670039264391169,
1575669020971311105,Ciro Gomes,2022-10-01,1575669018647592961,1575669018647592961
1575669018647592961,Ciro Gomes,2022-10-01,1575669018647592961,
1575666040767664128,Ciro Gomes,2022-10-01,1575666040767664128,
1575665250967617536,Ciro Gomes,2022-10-01,1575665250967617536,
1575664582429147136,Ciro Gomes,2022-10-01,1575664582429147136,
1575655368747024385,Ciro Gomes,2022-10-01,1575655368747024385,
1575643413021487104,Ciro Gomes,2022-10-01,1575643413021487104,
1575639651477487616,Ciro Gomes,2022-10-01,1575639651477487616,
1576332947741106176,Ciro Gomes,2022-10-02,1576332947741106176,
1576305767128346624,Ciro Gomes,2022-10-02,1576305767128346624,
1576301511495143424,Ciro Gomes,2022-10-02,1576301511495143424,
1576290325307400192,Ciro Gomes,2022-10-02,1576290325307400192,
1576289470382428161,Ciro Gomes,2022-10-02,1576289470382428161,
1576281202385887232,Ciro Gomes,2022-10-02,1576281202385887232,
1576225428989018112,Ciro Gomes,2022-10-02,1576225428989018112,
1576180125972013056,Ciro Gomes,2022-10-02,1576180125972013056,
1576018589005774848,Ciro Gomes,2022-10-02,1576018500803518465,1576018500803518465
1576018500803518465,Ciro Gomes,2022-10-02,1576018500803518465,
1576627527530950656,Ciro Gomes,2022-10-03,1576627527530950656,1576582740094615553
1576598814798282752,Ciro Gomes,2022-10-03,1576598814798282752,
1576595980660920320,Ciro Gomes,2022-10-03,1576595980660920320,
1576590120399998976,Ciro Gomes,2022-10-03,1576590120399998976,
1576581959949905920,Ciro Gomes,2022-10-03,1576581959949905920,
1576578917615312898,Ciro Gomes,2022-10-03,1576578917615312898,
1576571913354334208,Ciro Gomes,2022-10-03,1576571913354334208,
1576568869354864641,Ciro Gomes,2022-10-03,1576568869354864641,
1576364895955783681,Ciro Gomes,2022-10-03,1576364895955783681,
1577346631430717440,Ciro Gomes,2022-10-05,1577346631430717440,
1580244126716792833,Ciro Gomes,2022-10-13,1580244126716792833,
1583840922164678656,Ciro Gomes,2022-10-23,1583840922164678656,
1585242337302544384,Ciro Gomes,2022-10-27,1585242337302544384,
1586866840805990402,Ciro Gomes,2022-10-31,1586866840805990402,
1586736574590509058,Ciro Gomes,2022-10-31,1586736574590509058,
1590444682240491520,Ciro Gomes,2022-11-10,1590444682240491520,
1590353687012347904,Ciro Gomes,2022-11-10,1590353687012347904,
1590789707129987072,Ciro Gomes,2022-11-11,1590789707129987072,
1591073173868802051,Ciro Gomes,2022-11-12,1591073173868802051,
1591442147223523329,Ciro Gomes,2022-11-13,1591442147223523329,
1592523696446529536,Ciro Gomes,2022-11-16,1592523696446529536,
1594105552774529024,Ciro Gomes,2022-11-20,1594105552774529024,
1594007855421530112,Ciro Gomes,2022-11-20,1594007855421530112,1594000666669858819
1594350083327279104,Ciro Gomes,2022-11-21,1594350083327279104,
1594285122962214912,Ciro Gomes,2022-11-21,1594285122962214912,
1595100825617141767,Ciro Gomes,2022-11-23,1595100825617141767,
1595069811364859905,Ciro Gomes,2022-11-23,1595069811364859905,
1595885689756962817,Ciro Gomes,2022-11-25,1595885689756962817,
1597355997815013377,Ciro Gomes,2022-11-29,1597355997815013377,
1599896197983969280,Ciro Gomes,2022-12-06,1599896197983969280,
1603443465072828416,Ciro Gomes,2022-12-16,1603443465072828416,
1604543909249486848,Ciro Gomes,2022-12-19,1604543909249486848,
1606754751143874561,Ciro Gomes,2022-12-25,1606754751143874561,
1608547736542130176,Ciro Gomes,2022-12-30,1608547728707178497,1608547731597033473
1608547731597033473,Ciro Gomes,2022-12-30,1608547728707178497,1608547728707178497
1608547728707178497,Ciro Gomes,2022-12-30,1608547728707178497,
1609194746957778944,Ciro Gomes,2023-01-01,1609194746957778944,
1609384819800289281,Ciro Gomes,2023-01-02,1609384819800289281,
1609343884315729921,Ciro Gomes,2023-01-02,1609343884315729921,
1612192206894370816,Ciro Gomes,2023-01-09,1612192206894370816,
1612183544624812033,Ciro Gomes,2023-01-09,1612183544624812033,
1613559687416549377,Ciro Gomes,2023-01-13,1613559687416549377,
1613952811842129920,Ciro Gomes,2023-01-14,1613952811842129920,
1614258594173575168,Ciro Gomes,2023-01-15,1614258594173575168,
1617236341925740545,Ciro Gomes,2023-01-23,1617236341925740545,
1618402873326600193,Ciro Gomes,2023-01-27,1618402873326600193,
1619086313306886148,Ciro Gomes,2023-01-28,1619086313306886148,
1619827714516725760,Ciro Gomes,2023-01-30,1619827714516725760,
