id,topico,topico_rotulo
1558988652193218566,5,"dia, amanhã, bom, povo, obrigado"
1559109869256544256,10,"indígenas, povos, precisamos, desenvolvimento, ilegal"
1559221895563812865,2,"governo, renda, salário, mínimo, aumento"
1559476614760628224,8,"bolsonaro, saúde, vacina, pessoas, pandemia"
1559550050296004611,1,"povo, presidente, porque, bolsonaro, gente"
1559597703314694151,6,"ciro, giro ciro, giro, perca, sp"
1559675489098371078,2,"governo, renda, salário, mínimo, aumento"
1559725224664465411,0,"brasil, brasildaesperança, povo, país, equipelula"
1559857711730270208,9,"educação, escola, universidades, estudantes, ensino"
1559918221230325760,0,"brasil, brasildaesperança, povo, país, equipelula"
1560024890022952961,9,"educação, escola, universidades, estudantes, ensino"
1560201146052009984,10,"indígenas, povos, precisamos, desenvolvimento, ilegal"
1560289705987641344,6,"ciro, giro ciro, giro, perca, sp"
1560338534711660546,0,"brasil, brasildaesperança, povo, país, equipelula"
1560437395681689600,0,"brasil, brasildaesperança, povo, país, equipelula"
1560589172863369216,2,"governo, renda, salário, mínimo, aumento"
1560705408389578752,1,"povo, presidente, porque, bolsonaro, gente"
1560715465105854466,5,"dia, amanhã, bom, povo, obrigado"
1560801455199625218,5,"dia, amanhã, bom, povo, obrigado"
1561009135646392320,0,"brasil, brasildaesperança, povo, país, equipelula"
1561084701099626496,6,"ciro, giro ciro, giro, perca, sp"
1561143412623122437,1,"povo, presidente, porque, bolsonaro, gente"
1561333400979521541,9,"educação, escola, universidades, estudantes, ensino"
1561653715765022720,2,"governo, renda, salário, mínimo, aumento"
1561752255203786753,2,"governo, renda, salário, mínimo, aumento"
1561812306039824384,1,"povo, presidente, porque, bolsonaro, gente"
1561845118616879104,3,"cirotv, vivo, cirotv br, br, acompanhe"
1561881042377756673,5,"dia, amanhã, bom, povo, obrigado"
1561885419154849792,6,"ciro, giro ciro, giro, perca, sp"
1561886323870400515,3,"cirotv, vivo, cirotv br, br, acompanhe"
1561899185175232516,8,"bolsonaro, saúde, vacina, pessoas, pandemia"
1561921419147186177,5,"dia, amanhã, bom, povo, obrigado"
1562060039212384256,2,"governo, renda, salário, mínimo, aumento"
1562375322997346304,0,"brasil, brasildaesperança, povo, país, equipelula"
1562553739377983489,6,"ciro, giro ciro, giro, perca, sp"
1562569003133857793,0,"brasil, brasildaesperança, povo, país, equipelula"
1562628800172916736,1,"povo, presidente, porque, bolsonaro, gente"
1562747433524002816,6,"ciro, giro ciro, giro, perca, sp"
1562806547964919808,0,"brasil, brasildaesperança, povo, país, equipelula"
1562876143182954496,1,"povo, presidente, porque, bolsonaro, gente"
1562921497232015360,5,"dia, amanhã, bom, povo, obrigado"
1563110697189654530,2,"governo, renda, salário, mínimo, aumento"
1563163850727251968,5,"dia, amanhã, bom, povo, obrigado"
1563178244873936897,3,"cirotv, vivo, cirotv br, br, acompanhe"
1563238531937751048,0,"brasil, brasildaesperança, povo, país, equipelula"
1563250908573896705,3,"cirotv, vivo, cirotv br, br, acompanhe"
1563288758715224064,6,"ciro, giro ciro, giro, perca, sp"
1563303611945615360,3,"cirotv, vivo, cirotv br, br, acompanhe"
1563328742423793665,5,"dia, amanhã, bom, povo, obrigado"
1563367721416683527,5,"dia, amanhã, bom, povo, obrigado"
1563469322701266945,6,"ciro, giro ciro, giro, perca, sp"
1563538787237388289,6,"ciro, giro ciro, giro, perca, sp"
1563549870769614852,2,"governo, renda, salário, mínimo, aumento"
1563569840476291072,1,"povo, presidente, porque, bolsonaro, gente"
1563830358222802945,4,"broadcasts, lula, broadcasts lula, imprensa, conversa"
1563950329716248581,9,"educação, escola, universidades, estudantes, ensino"
1564025407468437511,5,"dia, amanhã, bom, povo, obrigado"
1564086133335678979,0,"brasil, brasildaesperança, povo, país, equipelula"
1564092800785858560,1,"povo, presidente, porque, bolsonaro, gente"
1564096774133923840,2,"governo, renda, salário, mínimo, aumento"
1564102938838065153,1,"povo, presidente, porque, bolsonaro, gente"
1564187376779395073,8,"bolsonaro, saúde, vacina, pessoas, pandemia"
1564291368830353412,5,"dia, amanhã, bom, povo, obrigado"
1564314982233395202,1,"povo, presidente, porque, bolsonaro, gente"
1564385117434482688,6,"ciro, giro ciro, giro, perca, sp"
1564554418611257345,8,"bolsonaro, saúde, vacina, pessoas, pandemia"
1564617017222643726,10,"indígenas, povos, precisamos, desenvolvimento, ilegal"
1564750800705961984,2,"governo, renda, salário, mínimo, aumento"
1564803141706698755,0,"brasil, brasildaesperança, povo, país, equipelula"
1564923975637016577,2,"governo, renda, salário, mínimo, aumento"
1565323037473374209,2,"governo, renda, salário, mínimo, aumento"
1565410597331771396,3,"cirotv, vivo, cirotv br, br, acompanhe"
1565444821434728448,0,"brasil, brasildaesperança, povo, país, equipelula"
1565471667589156864,6,"ciro, giro ciro, giro, perca, sp"
1565499520615677953,5,"dia, amanhã, bom, povo, obrigado"
1565509466828800006,9,"educação, escola, universidades, estudantes, ensino"
1565517028206813186,0,"brasil, brasildaesperança, povo, país, equipelula"
1565646549706760193,2,"governo, renda, salário, mínimo, aumento"
1565816488015151106,1,"povo, presidente, porque, bolsonaro, gente"
1566005949885726721,5,"dia, amanhã, bom, povo, obrigado"
1566063853527523329,0,"brasil, brasildaesperança, povo, país, equipelula"
1566109662868652036,6,"ciro, giro ciro, giro, perca, sp"
1566390430693990400,2,"governo, renda, salário, mínimo, aumento"
1566576120765595648,7,"educação, brasil, crianças, ensino, melhores"
1566727883116134402,2,"governo, renda, salário, mínimo, aumento"
1566951096366645248,0,"brasil, brasildaesperança, povo, país, equipelula"
1567124547345813506,2,"governo, renda, salário, mínimo, aumento"
1567224600043393025,0,"brasil, brasildaesperança, povo, país, equipelula"
1567264121720082433,1,"povo, presidente, porque, bolsonaro, gente"
1567295798177587200,1,"povo, presidente, porque, bolsonaro, gente"
1567562003253788672,3,"cirotv, vivo, cirotv br, br, acompanhe"
1567644559202566144,0,"brasil, brasildaesperança, povo, país, equipelula"
1567729791800836096,5,"dia, amanhã, bom, povo, obrigado"
1567812117432082432,0,"brasil, brasildaesperança, povo, país, equipelula"
1567915534574034947,2,"governo, renda, salário, mínimo, aumento"
1567961732869685248,1,"povo, presidente, porque, bolsonaro, gente"
1568039888074821638,2,"governo, renda, salário, mínimo, aumento"
1568170316471353346,0,"brasil, brasildaesperança, povo, país, equipelula"
1568187290425360385,0,"brasil, brasildaesperança, povo, país, equipelula"
1568362765013716993,0,"brasil, brasildaesperança, povo, país, equipelula"
1568411080879218690,5,"dia, amanhã, bom, povo, obrigado"
1568540408652746752,2,"governo, renda, salário, mínimo, aumento"
1568678055710806017,11,"fake, fake news, news, verdade, mentiras"
1568762724968202241,9,"educação, escola, universidades, estudantes, ensino"
1568982714052915201,0,"brasil, brasildaesperança, povo, país, equipelula"
1569096476604919808,3,"cirotv, vivo, cirotv br, br, acompanhe"
1569256305050927110,6,"ciro, giro ciro, giro, perca, sp"
1569343232521437185,2,"governo, renda, salário, mínimo, aumento"
1569525523185020929,9,"educação, escola, universidades, estudantes, ensino"
1569631545442418693,2,"governo, renda, salário, mínimo, aumento"
1569777925414879234,6,"ciro, giro ciro, giro, perca, sp"
1569822854882918402,6,"ciro, giro ciro, giro, perca, sp"
1569841751170469893,0,"brasil, brasildaesperança, povo, país, equipelula"
1569858506747944961,1,"povo, presidente, porque, bolsonaro, gente"
1569991326069936133,6,"ciro, giro ciro, giro, perca, sp"
1570030976147034114,2,"governo, renda, salário, mínimo, aumento"
1570156646860464128,6,"ciro, giro ciro, giro, perca, sp"
1570204834007220224,5,"dia, amanhã, bom, povo, obrigado"
1570355919585792006,2,"governo, renda, salário, mínimo, aumento"
1570447205877837824,0,"brasil, brasildaesperança, povo, país, equipelula"
1570716172437565440,2,"governo, renda, salário, mínimo, aumento"
1570803014419755016,2,"governo, renda, salário, mínimo, aumento"
1571086504377843713,1,"povo, presidente, porque, bolsonaro, gente"
1571165861687222272,6,"ciro, giro ciro, giro, perca, sp"
1571249218320273410,6,"ciro, giro ciro, giro, perca, sp"
1571267648700178433,6,"ciro, giro ciro, giro, perca, sp"
1571446082642784256,5,"dia, amanhã, bom, povo, obrigado"
1571540685744140290,0,"brasil, brasildaesperança, povo, país, equipelula"
1571809147972354049,0,"brasil, brasildaesperança, povo, país, equipelula"
1571876105383985154,0,"brasil, brasildaesperança, povo, país, equipelula"
1571882374111059975,2,"governo, renda, salário, mínimo, aumento"
1572161053928087553,0,"brasil, brasildaesperança, povo, país, equipelula"
1572285927841726467,0,"brasil, brasildaesperança, povo, país, equipelula"
1572381213632913409,2,"governo, renda, salário, mínimo, aumento"
1572524422493507584,8,"bolsonaro, saúde, vacina, pessoas, pandemia"
1572607358186004480,2,"governo, renda, salário, mínimo, aumento"
1572892076018368512,0,"brasil, brasildaesperança, povo, país, equipelula"
1572971024102363138,6,"ciro, giro ciro, giro, perca, sp"
1573008647189590017,2,"governo, renda, salário, mínimo, aumento"
1573036627559071744,2,"governo, renda, salário, mínimo, aumento"
1573252111953195008,7,"educação, brasil, crianças, ensino, melhores"
1573371067023982592,6,"ciro, giro ciro, giro, perca, sp"
1573469666793619478,6,"ciro, giro ciro, giro, perca, sp"
1573621835857526786,2,"governo, renda, salário, mínimo, aumento"
1573708243213455361,6,"ciro, giro ciro, giro, perca, sp"
1573861324739809282,2,"governo, renda, salário, mínimo, aumento"
1574009512876544000,2,"governo, renda, salário, mínimo, aumento"
1574149428025368582,6,"ciro, giro ciro, giro, perca, sp"
1574354872241164289,6,"ciro, giro ciro, giro, perca, sp"
1574476750427684864,0,"brasil, brasildaesperança, povo, país, equipelula"
1574542980694028288,1,"povo, presidente, porque, bolsonaro, gente"
1574704327276593152,0,"brasil, brasildaesperança, povo, país, equipelula"
1574794244870529024,6,"ciro, giro ciro, giro, perca, sp"
1574874493184516103,6,"ciro, giro ciro, giro, perca, sp"
1574900075016380416,3,"cirotv, vivo, cirotv br, br, acompanhe"
1574969177043247104,5,"dia, amanhã, bom, povo, obrigado"
1575058486962290688,0,"brasil, brasildaesperança, povo, país, equipelula"
1575191185198841857,6,"ciro, giro ciro, giro, perca, sp"
1575257387103125504,6,"ciro, giro ciro, giro, perca, sp"
1575293127849648132,9,"educação, escola, universidades, estudantes, ensino"
1575325362304737281,8,"bolsonaro, saúde, vacina, pessoas, pandemia"
1575443479236415490,2,"governo, renda, salário, mínimo, aumento"
1575508364989276161,0,"brasil, brasildaesperança, povo, país, equipelula"
1575587795891953664,0,"brasil, brasildaesperança, povo, país, equipelula"
1575606425690439685,6,"ciro, giro ciro, giro, perca, sp"
1575719740345323522,6,"ciro, giro ciro, giro, perca, sp"
1575895286848884737,1,"povo, presidente, porque, bolsonaro, gente"
1575948299701452860,0,"brasil, brasildaesperança, povo, país, equipelula"
1575956805892837376,6,"ciro, giro ciro, giro, perca, sp"
1575968080416497664,6,"ciro, giro ciro, giro, perca, sp"
1575990722326827008,1,"povo, presidente, porque, bolsonaro, gente"
1576013860347138048,11,"fake, fake news, news, verdade, mentiras"
1576021661039534080,1,"povo, presidente, porque, bolsonaro, gente"
1576028595952447490,0,"brasil, brasildaesperança, povo, país, equipelula"
1576151375620120576,7,"educação, brasil, crianças, ensino, melhores"
1576184017073733632,0,"brasil, brasildaesperança, povo, país, equipelula"
1576202106960158720,2,"governo, renda, salário, mínimo, aumento"
1576224103039586306,0,"brasil, brasildaesperança, povo, país, equipelula"
1576260686665068544,0,"brasil, brasildaesperança, povo, país, equipelula"
1576293165870419969,0,"brasil, brasildaesperança, povo, país, equipelula"
1576336129196199936,6,"ciro, giro ciro, giro, perca, sp"
1576364722550628352,1,"povo, presidente, porque, bolsonaro, gente"
1576373031177715712,0,"brasil, brasildaesperança, povo, país, equipelula"
1576379329017413633,0,"brasil, brasildaesperança, povo, país, equipelula"
1576401390205014018,0,"brasil, brasildaesperança, povo, país, equipelula"
1576802087693824000,1,"povo, presidente, porque, bolsonaro, gente"
1576983918032850944,0,"brasil, brasildaesperança, povo, país, equipelula"
1577230795399626752,2,"governo, renda, salário, mínimo, aumento"
1577386442015363072,0,"brasil, brasildaesperança, povo, país, equipelula"
1577442046322802689,1,"povo, presidente, porque, bolsonaro, gente"
1577610932057931778,2,"governo, renda, salário, mínimo, aumento"
1577743046871072782,1,"povo, presidente, porque, bolsonaro, gente"
1577781467043733516,6,"ciro, giro ciro, giro, perca, sp"
1577963407101288448,1,"povo, presidente, porque, bolsonaro, gente"
1577996507801853952,1,"povo, presidente, porque, bolsonaro, gente"
1578026301566246913,1,"povo, presidente, porque, bolsonaro, gente"
1578109802131357696,0,"brasil, brasildaesperança, povo, país, equipelula"
1578140522295660544,0,"brasil, brasildaesperança, povo, país, equipelula"
1578163989988507648,1,"povo, presidente, porque, bolsonaro, gente"
1578201966743719936,1,"povo, presidente, porque, bolsonaro, gente"
1578333950660919297,2,"governo, renda, salário, mínimo, aumento"
1578367932093976576,1,"povo, presidente, porque, bolsonaro, gente"
1578517038385238016,6,"ciro, giro ciro, giro, perca, sp"
1578565361624137728,1,"povo, presidente, porque, bolsonaro, gente"
1578708867625648130,6,"ciro, giro ciro, giro, perca, sp"
1578744708402405382,8,"bolsonaro, saúde, vacina, pessoas, pandemia"
1578835973370437633,0,"brasil, brasildaesperança, povo, país, equipelula"
1578864823525576704,1,"povo, presidente, porque, bolsonaro, gente"
1578920317996892160,0,"brasil, brasildaesperança, povo, país, equipelula"
1579074132565987328,2,"governo, renda, salário, mínimo, aumento"
1579095178194755584,3,"cirotv, vivo, cirotv br, br, acompanhe"
1579174735237517312,6,"ciro, giro ciro, giro, perca, sp"
1579428695470931969,0,"brasil, brasildaesperança, povo, país, equipelula"
1579495412138119168,0,"brasil, brasildaesperança, povo, país, equipelula"
1579604443313889280,7,"educação, brasil, crianças, ensino, melhores"
1579772129720967168,11,"fake, fake news, news, verdade, mentiras"
1579851131496566784,0,"brasil, brasildaesperança, povo, país, equipelula"
1579869136100134912,6,"ciro, giro ciro, giro, perca, sp"
1579936891243089920,6,"ciro, giro ciro, giro, perca, sp"
1579959571309039617,0,"brasil, brasildaesperança, povo, país, equipelula"
1580144595303682048,2,"governo, renda, salário, mínimo, aumento"
1580235921295048705,2,"governo, renda, salário, mínimo, aumento"
1580260821334372352,1,"povo, presidente, porque, bolsonaro, gente"
1580382691572477955,0,"brasil, brasildaesperança, povo, país, equipelula"
1580505385588621312,0,"brasil, brasildaesperança, povo, país, equipelula"
1580535559767805953,8,"bolsonaro, saúde, vacina, pessoas, pandemia"
1580631173130489856,1,"povo, presidente, porque, bolsonaro, gente"
1580864847256129536,6,"ciro, giro ciro, giro, perca, sp"
1580985187324026880,1,"povo, presidente, porque, bolsonaro, gente"
1581017982154969088,6,"ciro, giro ciro, giro, perca, sp"
1581036072582418432,6,"ciro, giro ciro, giro, perca, sp"
1581222815990022144,2,"governo, renda, salário, mínimo, aumento"
1581312785816092672,1,"povo, presidente, porque, bolsonaro, gente"
1581373385057406976,6,"ciro, giro ciro, giro, perca, sp"
1581476432219602947,7,"educação, brasil, crianças, ensino, melhores"
1581490966204076032,6,"ciro, giro ciro, giro, perca, sp"
1581495797828681728,1,"povo, presidente, porque, bolsonaro, gente"
1581651114734542849,0,"brasil, brasildaesperança, povo, país, equipelula"
1581729829119934465,5,"dia, amanhã, bom, povo, obrigado"
1581812183544999936,5,"dia, amanhã, bom, povo, obrigado"
1581862982845272064,1,"povo, presidente, porque, bolsonaro, gente"
1582043649705054209,6,"ciro, giro ciro, giro, perca, sp"
1582147141182533633,1,"povo, presidente, porque, bolsonaro, gente"
1582311743723753472,8,"bolsonaro, saúde, vacina, pessoas, pandemia"
1582404798212894720,6,"ciro, giro ciro, giro, perca, sp"
1582465847159058433,1,"povo, presidente, porque, bolsonaro, gente"
1582685732396679169,6,"ciro, giro ciro, giro, perca, sp"
1582788291556171781,2,"governo, renda, salário, mínimo, aumento"
1582885037036343297,3,"cirotv, vivo, cirotv br, br, acompanhe"
1583047420417490945,0,"brasil, brasildaesperança, povo, país, equipelula"
1583127482818998272,3,"cirotv, vivo, cirotv br, br, acompanhe"
1583196586011930624,3,"cirotv, vivo, cirotv br, br, acompanhe"
1583217927666380800,3,"cirotv, vivo, cirotv br, br, acompanhe"
1583271655014473730,0,"brasil, brasildaesperança, povo, país, equipelula"
1583305775266811905,1,"povo, presidente, porque, bolsonaro, gente"
1583420672922959872,1,"povo, presidente, porque, bolsonaro, gente"
1583475637016141826,2,"governo, renda, salário, mínimo, aumento"
1583566232724250624,2,"governo, renda, salário, mínimo, aumento"
1583645320801505280,11,"fake, fake news, news, verdade, mentiras"
1583760112707342336,9,"educação, escola, universidades, estudantes, ensino"
1583870527244226560,0,"brasil, brasildaesperança, povo, país, equipelula"
1583912078875963392,6,"ciro, giro ciro, giro, perca, sp"
1584168688822804480,6,"ciro, giro ciro, giro, perca, sp"
1584223233167200256,1,"povo, presidente, porque, bolsonaro, gente"
1584244307619237888,6,"ciro, giro ciro, giro, perca, sp"
1584306781530230784,1,"povo, presidente, porque, bolsonaro, gente"
1584367345656827905,0,"brasil, brasildaesperança, povo, país, equipelula"
1584380725779759104,5,"dia, amanhã, bom, povo, obrigado"
1584524047554990080,6,"ciro, giro ciro, giro, perca, sp"
1584585025605234688,0,"brasil, brasildaesperança, povo, país, equipelula"
1584858771670831106,2,"governo, renda, salário, mínimo, aumento"
1584920511666159618,6,"ciro, giro ciro, giro, perca, sp"
1584932266194522112,0,"brasil, brasildaesperança, povo, país, equipelula"
1584978633466458112,6,"ciro, giro ciro, giro, perca, sp"
1585053774561038337,6,"ciro, giro ciro, giro, perca, sp"
1585204664328675328,0,"brasil, brasildaesperança, povo, país, equipelula"
1585378361442193409,6,"ciro, giro ciro, giro, perca, sp"
1585575572146733056,2,"governo, renda, salário, mínimo, aumento"
1585688477038825472,11,"fake, fake news, news, verdade, mentiras"
1585738719717367812,6,"ciro, giro ciro, giro, perca, sp"
1585775769153781760,2,"governo, renda, salário, mínimo, aumento"
1585943067911426051,2,"governo, renda, salário, mínimo, aumento"
1585969559336427520,0,"brasil, brasildaesperança, povo, país, equipelula"
1586123840945782786,5,"dia, amanhã, bom, povo, obrigado"
1586200156047028224,11,"fake, fake news, news, verdade, mentiras"
1586206631703982080,5,"dia, amanhã, bom, povo, obrigado"
1586296166660341761,0,"brasil, brasildaesperança, povo, país, equipelula"
1586314469323448320,8,"bolsonaro, saúde, vacina, pessoas, pandemia"
1586462228340801542,5,"dia, amanhã, bom, povo, obrigado"
1586471646688264192,0,"brasil, brasildaesperança, povo, país, equipelula"
1586481694294835200,0,"brasil, brasildaesperança, povo, país, equipelula"
1559161981063647235,1,"povo, presidente, porque, bolsonaro, gente"
1559178093683695616,0,"brasil, brasildaesperança, povo, país, equipelula"
1559193436158402562,0,"brasil, brasildaesperança, povo, país, equipelula"
1559277971785015296,0,"brasil, brasildaesperança, povo, país, equipelula"
1559291726283554816,0,"brasil, brasildaesperança, povo, país, equipelula"
1559319653901602818,3,"cirotv, vivo, cirotv br, br, acompanhe"
1559341914767474690,3,"cirotv, vivo, cirotv br, br, acompanhe"
1559349581195972608,0,"brasil, brasildaesperança, povo, país, equipelula"
1559350229329125376,0,"brasil, brasildaesperança, povo, país, equipelula"
1559350370928934915,1,"povo, presidente, porque, bolsonaro, gente"
1559351224092311554,0,"brasil, brasildaesperança, povo, país, equipelula"
1559352133455077378,1,"povo, presidente, porque, bolsonaro, gente"
1559356391919423491,0,"brasil, brasildaesperança, povo, país, equipelula"
1559359586360074241,6,"ciro, giro ciro, giro, perca, sp"
1559360566141001730,0,"brasil, brasildaesperança, povo, país, equipelula"
1559360787709403144,0,"brasil, brasildaesperança, povo, país, equipelula"
1559361477009702919,0,"brasil, brasildaesperança, povo, país, equipelula"
1559363691212046339,2,"governo, renda, salário, mínimo, aumento"
1559364639472947200,0,"brasil, brasildaesperança, povo, país, equipelula"
1559367056042205184,1,"povo, presidente, porque, bolsonaro, gente"
1559369310824529921,1,"povo, presidente, porque, bolsonaro, gente"
1559372692230479872,1,"povo, presidente, porque, bolsonaro, gente"
1559374204163743747,6,"ciro, giro ciro, giro, perca, sp"
1559376409323257859,0,"brasil, brasildaesperança, povo, país, equipelula"
1559377178495787016,2,"governo, renda, salário, mínimo, aumento"
1559377468343058432,0,"brasil, brasildaesperança, povo, país, equipelula"
1559377602565050369,0,"brasil, brasildaesperança, povo, país, equipelula"
1559377759083925509,0,"brasil, brasildaesperança, povo, país, equipelula"
1559379986498330629,2,"governo, renda, salário, mínimo, aumento"
1559382206929375233,0,"brasil, brasildaesperança, povo, país, equipelula"
1559480714000842753,0,"brasil, brasildaesperança, povo, país, equipelula"
1559501280967593985,1,"povo, presidente, porque, bolsonaro, gente"
1559509126878748674,1,"povo, presidente, porque, bolsonaro, gente"
1559525390175141888,0,"brasil, brasildaesperança, povo, país, equipelula"
1559556110339776512,1,"povo, presidente, porque, bolsonaro, gente"
1559605965405786112,0,"brasil, brasildaesperança, povo, país, equipelula"
1559633242550050816,0,"brasil, brasildaesperança, povo, país, equipelula"
1559705168949780486,1,"povo, presidente, porque, bolsonaro, gente"
1559861027919085568,4,"broadcasts, lula, broadcasts lula, imprensa, conversa"
1559872804656406528,2,"governo, renda, salário, mínimo, aumento"
1559918066435297281,6,"ciro, giro ciro, giro, perca, sp"
1559961867535130627,3,"cirotv, vivo, cirotv br, br, acompanhe"
1559975507726372864,1,"povo, presidente, porque, bolsonaro, gente"
1559995999090786304,5,"dia, amanhã, bom, povo, obrigado"
1560029456269561856,1,"povo, presidente, porque, bolsonaro, gente"
1560041092933885952,0,"brasil, brasildaesperança, povo, país, equipelula"
1560044543336222724,0,"brasil, brasildaesperança, povo, país, equipelula"
1560046060629803008,1,"povo, presidente, porque, bolsonaro, gente"
1560047537792352261,0,"brasil, brasildaesperança, povo, país, equipelula"
1560056477678817289,8,"bolsonaro, saúde, vacina, pessoas, pandemia"
1560235306493820928,11,"fake, fake news, news, verdade, mentiras"
1560261599512100864,6,"ciro, giro ciro, giro, perca, sp"
1560266936231284736,0,"brasil, brasildaesperança, povo, país, equipelula"
1560271479476199425,0,"brasil, brasildaesperança, povo, país, equipelula"
1560273992304324609,0,"brasil, brasildaesperança, povo, país, equipelula"
1560275145586982912,0,"brasil, brasildaesperança, povo, país, equipelula"
1560280041338146817,0,"brasil, brasildaesperança, povo, país, equipelula"
1560283027372130305,0,"brasil, brasildaesperança, povo, país, equipelula"
1560285158074449925,0,"brasil, brasildaesperança, povo, país, equipelula"
1560290801552343040,0,"brasil, brasildaesperança, povo, país, equipelula"
1560297639383633921,1,"povo, presidente, porque, bolsonaro, gente"
1560307110000427008,6,"ciro, giro ciro, giro, perca, sp"
1560312451870359553,3,"cirotv, vivo, cirotv br, br, acompanhe"
1560327013126266881,0,"brasil, brasildaesperança, povo, país, equipelula"
1560340997632057345,5,"dia, amanhã, bom, povo, obrigado"
1560367944869224450,2,"governo, renda, salário, mínimo, aumento"
1560378203709083649,3,"cirotv, vivo, cirotv br, br, acompanhe"
1560386438398898176,1,"povo, presidente, porque, bolsonaro, gente"
1560395854887936012,1,"povo, presidente, porque, bolsonaro, gente"
1560396434725376002,0,"brasil, brasildaesperança, povo, país, equipelula"
1560439246913257475,5,"dia, amanhã, bom, povo, obrigado"
1560597503652679681,6,"ciro, giro ciro, giro, perca, sp"
1560603136183631872,1,"povo, presidente, porque, bolsonaro, gente"
1560642650830540801,6,"ciro, giro ciro, giro, perca, sp"
1560646191158767618,2,"governo, renda, salário, mínimo, aumento"
1560699246470467588,6,"ciro, giro ciro, giro, perca, sp"
1560745267867095053,3,"cirotv, vivo, cirotv br, br, acompanhe"
1560758510190837760,0,"brasil, brasildaesperança, povo, país, equipelula"
1560759027222679553,7,"educação, brasil, crianças, ensino, melhores"
1560760398483177486,3,"cirotv, vivo, cirotv br, br, acompanhe"
1560760872590577665,1,"povo, presidente, porque, bolsonaro, gente"
1560761684880416768,0,"brasil, brasildaesperança, povo, país, equipelula"
1560763738403356674,0,"brasil, brasildaesperança, povo, país, equipelula"
1560774457811140610,1,"povo, presidente, porque, bolsonaro, gente"
1560783830654631938,1,"povo, presidente, porque, bolsonaro, gente"
1560962967440695296,0,"brasil, brasildaesperança, povo, país, equipelula"
1560969935429550088,5,"dia, amanhã, bom, povo, obrigado"
1560976880546861056,0,"brasil, brasildaesperança, povo, país, equipelula"
1561005916950089728,5,"dia, amanhã, bom, povo, obrigado"
1561007881322958848,6,"ciro, giro ciro, giro, perca, sp"
1561022721668136960,7,"educação, brasil, crianças, ensino, melhores"
1561029681616502786,6,"ciro, giro ciro, giro, perca, sp"
1561061016632426501,5,"dia, amanhã, bom, povo, obrigado"
1561065892125065217,11,"fake, fake news, news, verdade, mentiras"
1561087634717507587,6,"ciro, giro ciro, giro, perca, sp"
1561095925803745280,1,"povo, presidente, porque, bolsonaro, gente"
1561111494061953024,5,"dia, amanhã, bom, povo, obrigado"
1561121517450182657,0,"brasil, brasildaesperança, povo, país, equipelula"
1561324104384479232,9,"educação, escola, universidades, estudantes, ensino"
1561368921210486784,6,"ciro, giro ciro, giro, perca, sp"
1561378032811741191,0,"brasil, brasildaesperança, povo, país, equipelula"
1561380181637578752,0,"brasil, brasildaesperança, povo, país, equipelula"
1561468940508864520,3,"cirotv, vivo, cirotv br, br, acompanhe"
1561488665972543495,0,"brasil, brasildaesperança, povo, país, equipelula"
1561489597988749312,0,"brasil, brasildaesperança, povo, país, equipelula"
1561491803915911170,1,"povo, presidente, porque, bolsonaro, gente"
1561494702301519877,0,"brasil, brasildaesperança, povo, país, equipelula"
1561503696831365129,5,"dia, amanhã, bom, povo, obrigado"
1561706947845537793,6,"ciro, giro ciro, giro, perca, sp"
1561721482165764096,0,"brasil, brasildaesperança, povo, país, equipelula"
1561726055718731784,0,"brasil, brasildaesperança, povo, país, equipelula"
1561730882058309633,0,"brasil, brasildaesperança, povo, país, equipelula"
1561736422305964033,0,"brasil, brasildaesperança, povo, país, equipelula"
1561776317267427333,1,"povo, presidente, porque, bolsonaro, gente"
1561822078638211076,3,"cirotv, vivo, cirotv br, br, acompanhe"
1561835627565518851,0,"brasil, brasildaesperança, povo, país, equipelula"
1562188256678068224,3,"cirotv, vivo, cirotv br, br, acompanhe"
1562217459373031424,0,"brasil, brasildaesperança, povo, país, equipelula"
1562226159680643072,0,"brasil, brasildaesperança, povo, país, equipelula"
1562226413532495872,0,"brasil, brasildaesperança, povo, país, equipelula"
1562227490495537152,0,"brasil, brasildaesperança, povo, país, equipelula"
1562227977793859584,2,"governo, renda, salário, mínimo, aumento"
1562228733972553728,0,"brasil, brasildaesperança, povo, país, equipelula"
1562229007646703617,0,"brasil, brasildaesperança, povo, país, equipelula"
1562229176962371584,0,"brasil, brasildaesperança, povo, país, equipelula"
1562229270071721985,0,"brasil, brasildaesperança, povo, país, equipelula"
1562233896775069697,0,"brasil, brasildaesperança, povo, país, equipelula"
1562234206297927680,1,"povo, presidente, porque, bolsonaro, gente"
1562237140318175232,0,"brasil, brasildaesperança, povo, país, equipelula"
1562237248619397121,1,"povo, presidente, porque, bolsonaro, gente"
1562239422611038208,0,"brasil, brasildaesperança, povo, país, equipelula"
1562239827327713280,1,"povo, presidente, porque, bolsonaro, gente"
1562240309391761409,0,"brasil, brasildaesperança, povo, país, equipelula"
1562241270038548480,10,"indígenas, povos, precisamos, desenvolvimento, ilegal"
1562241890413875207,0,"brasil, brasildaesperança, povo, país, equipelula"
1562242335798448128,10,"indígenas, povos, precisamos, desenvolvimento, ilegal"
1562243702332231686,7,"educação, brasil, crianças, ensino, melhores"
1562245895839940608,1,"povo, presidente, porque, bolsonaro, gente"
1562246028442701825,0,"brasil, brasildaesperança, povo, país, equipelula"
1562371716025819136,3,"cirotv, vivo, cirotv br, br, acompanhe"
1562417341991878656,1,"povo, presidente, porque, bolsonaro, gente"
1562431576884973569,6,"ciro, giro ciro, giro, perca, sp"
1562441721455480834,1,"povo, presidente, porque, bolsonaro, gente"
1562455344621572097,3,"cirotv, vivo, cirotv br, br, acompanhe"
1562498910341328897,0,"brasil, brasildaesperança, povo, país, equipelula"
1562513356984143872,6,"ciro, giro ciro, giro, perca, sp"
1562526374388170752,12,"lula, broadcasts, juntos, ato, broadcasts lula"
1562533595893403648,0,"brasil, brasildaesperança, povo, país, equipelula"
1562545511957159936,3,"cirotv, vivo, cirotv br, br, acompanhe"
1562593671954026497,3,"cirotv, vivo, cirotv br, br, acompanhe"
1562606233550393345,5,"dia, amanhã, bom, povo, obrigado"
1562730027522764800,0,"brasil, brasildaesperança, povo, país, equipelula"
1562745165504057345,3,"cirotv, vivo, cirotv br, br, acompanhe"
1562751764226805766,0,"brasil, brasildaesperança, povo, país, equipelula"
1562754456735076353,2,"governo, renda, salário, mínimo, aumento"
1562757658310250499,2,"governo, renda, salário, mínimo, aumento"
1562758119608156161,0,"brasil, brasildaesperança, povo, país, equipelula"
1562761630638915584,0,"brasil, brasildaesperança, povo, país, equipelula"
1562763327582785537,0,"brasil, brasildaesperança, povo, país, equipelula"
1562763602125209607,1,"povo, presidente, porque, bolsonaro, gente"
1562764677213560833,4,"broadcasts, lula, broadcasts lula, imprensa, conversa"
1562771888635535361,0,"brasil, brasildaesperança, povo, país, equipelula"
1562772978655453184,6,"ciro, giro ciro, giro, perca, sp"
1562774525300903937,2,"governo, renda, salário, mínimo, aumento"
1562777277238222848,0,"brasil, brasildaesperança, povo, país, equipelula"
1562777938290180100,1,"povo, presidente, porque, bolsonaro, gente"
1562783102329446402,3,"cirotv, vivo, cirotv br, br, acompanhe"
1562785714638843906,0,"brasil, brasildaesperança, povo, país, equipelula"
1562802916217569280,3,"cirotv, vivo, cirotv br, br, acompanhe"
1562817184417681408,5,"dia, amanhã, bom, povo, obrigado"
1562938906127089664,3,"cirotv, vivo, cirotv br, br, acompanhe"
1563134226211299328,0,"brasil, brasildaesperança, povo, país, equipelula"
1563155546215047168,3,"cirotv, vivo, cirotv br, br, acompanhe"
1563159467575091204,0,"brasil, brasildaesperança, povo, país, equipelula"
1563162875774255105,0,"brasil, brasildaesperança, povo, país, equipelula"
1563165165851652096,0,"brasil, brasildaesperança, povo, país, equipelula"
1563167354254594048,0,"brasil, brasildaesperança, povo, país, equipelula"
1563168645613637634,2,"governo, renda, salário, mínimo, aumento"
1563169744567427072,1,"povo, presidente, porque, bolsonaro, gente"
1563170699174645761,2,"governo, renda, salário, mínimo, aumento"
1563172087338250240,4,"broadcasts, lula, broadcasts lula, imprensa, conversa"
1563172485344169986,0,"brasil, brasildaesperança, povo, país, equipelula"
1563172840043859972,0,"brasil, brasildaesperança, povo, país, equipelula"
1563174442443743232,4,"broadcasts, lula, broadcasts lula, imprensa, conversa"
1563175938896334849,3,"cirotv, vivo, cirotv br, br, acompanhe"
1563181881616920577,2,"governo, renda, salário, mínimo, aumento"
1563187171041103872,1,"povo, presidente, porque, bolsonaro, gente"
1563188999656992769,0,"brasil, brasildaesperança, povo, país, equipelula"
1563192018922139650,1,"povo, presidente, porque, bolsonaro, gente"
1563194468131409922,1,"povo, presidente, porque, bolsonaro, gente"
1563224917453438976,0,"brasil, brasildaesperança, povo, país, equipelula"
1563274063715663872,3,"cirotv, vivo, cirotv br, br, acompanhe"
1563496549430296576,0,"brasil, brasildaesperança, povo, país, equipelula"
1563528786402070528,3,"cirotv, vivo, cirotv br, br, acompanhe"
1563568479365525504,3,"cirotv, vivo, cirotv br, br, acompanhe"
1563669394542280704,3,"cirotv, vivo, cirotv br, br, acompanhe"
1563680547540443141,2,"governo, renda, salário, mínimo, aumento"
1563681060784832512,3,"cirotv, vivo, cirotv br, br, acompanhe"
1563685614700093441,2,"governo, renda, salário, mínimo, aumento"
1563685721575235584,0,"brasil, brasildaesperança, povo, país, equipelula"
1563685827288465408,0,"brasil, brasildaesperança, povo, país, equipelula"
1563694617320636417,0,"brasil, brasildaesperança, povo, país, equipelula"
1563700324602445824,0,"brasil, brasildaesperança, povo, país, equipelula"
1563704607607504896,3,"cirotv, vivo, cirotv br, br, acompanhe"
1563710623921356803,0,"brasil, brasildaesperança, povo, país, equipelula"
1563859708439674882,0,"brasil, brasildaesperança, povo, país, equipelula"
1563905452542402560,0,"brasil, brasildaesperança, povo, país, equipelula"
1563920627442270209,3,"cirotv, vivo, cirotv br, br, acompanhe"
1563950545882288131,3,"cirotv, vivo, cirotv br, br, acompanhe"
1563982145667866626,1,"povo, presidente, porque, bolsonaro, gente"
1563994834745958400,3,"cirotv, vivo, cirotv br, br, acompanhe"
1564019138489614336,3,"cirotv, vivo, cirotv br, br, acompanhe"
1564039016596611073,3,"cirotv, vivo, cirotv br, br, acompanhe"
1564048670919639040,1,"povo, presidente, porque, bolsonaro, gente"
1564049609772728320,7,"educação, brasil, crianças, ensino, melhores"
1564053457983754240,0,"brasil, brasildaesperança, povo, país, equipelula"
1564056100063813633,2,"governo, renda, salário, mínimo, aumento"
1564056856997273600,7,"educação, brasil, crianças, ensino, melhores"
1564062326889881603,0,"brasil, brasildaesperança, povo, país, equipelula"
1564062956085723141,0,"brasil, brasildaesperança, povo, país, equipelula"
1564063373934956544,7,"educação, brasil, crianças, ensino, melhores"
1564069246136684545,1,"povo, presidente, porque, bolsonaro, gente"
1564071459085062145,11,"fake, fake news, news, verdade, mentiras"
1564072300076482565,1,"povo, presidente, porque, bolsonaro, gente"
1564072854311903233,1,"povo, presidente, porque, bolsonaro, gente"
1564073177218781184,0,"brasil, brasildaesperança, povo, país, equipelula"
1564073643809857539,4,"broadcasts, lula, broadcasts lula, imprensa, conversa"
1564074457626443778,0,"brasil, brasildaesperança, povo, país, equipelula"
1564077044211875846,7,"educação, brasil, crianças, ensino, melhores"
1564078486398160896,0,"brasil, brasildaesperança, povo, país, equipelula"
1564078660562583552,0,"brasil, brasildaesperança, povo, país, equipelula"
1564079005606739969,2,"governo, renda, salário, mínimo, aumento"
1564079314605334528,0,"brasil, brasildaesperança, povo, país, equipelula"
1564082089313591303,1,"povo, presidente, porque, bolsonaro, gente"
1564084722044735488,1,"povo, presidente, porque, bolsonaro, gente"
1564087992892915714,1,"povo, presidente, porque, bolsonaro, gente"
1564091619309244418,8,"bolsonaro, saúde, vacina, pessoas, pandemia"
1564102688740106242,1,"povo, presidente, porque, bolsonaro, gente"
1564103307886563339,0,"brasil, brasildaesperança, povo, país, equipelula"
1564103736187912192,0,"brasil, brasildaesperança, povo, país, equipelula"
1564107503834746880,0,"brasil, brasildaesperança, povo, país, equipelula"
1564206052341698563,1,"povo, presidente, porque, bolsonaro, gente"
1564210181797470212,8,"bolsonaro, saúde, vacina, pessoas, pandemia"
1564221373022720000,2,"governo, renda, salário, mínimo, aumento"
1564255811307819015,3,"cirotv, vivo, cirotv br, br, acompanhe"
1564267048938733569,3,"cirotv, vivo, cirotv br, br, acompanhe"
1564267643879800833,3,"cirotv, vivo, cirotv br, br, acompanhe"
1564329798847139842,1,"povo, presidente, porque, bolsonaro, gente"
1564358643818139650,3,"cirotv, vivo, cirotv br, br, acompanhe"
1564401501526806528,3,"cirotv, vivo, cirotv br, br, acompanhe"
1564584540923957249,3,"cirotv, vivo, cirotv br, br, acompanhe"
1564588964698357762,6,"ciro, giro ciro, giro, perca, sp"
1564630656243605508,3,"cirotv, vivo, cirotv br, br, acompanhe"
1564638860474195969,4,"broadcasts, lula, broadcasts lula, imprensa, conversa"
1564644134517968899,0,"brasil, brasildaesperança, povo, país, equipelula"
1564659274919415809,0,"brasil, brasildaesperança, povo, país, equipelula"
1564685030550634496,0,"brasil, brasildaesperança, povo, país, equipelula"
1564704511813304320,0,"brasil, brasildaesperança, povo, país, equipelula"
1564719608916877313,3,"cirotv, vivo, cirotv br, br, acompanhe"
1564735181071814657,3,"cirotv, vivo, cirotv br, br, acompanhe"
1564749750846590981,1,"povo, presidente, porque, bolsonaro, gente"
1564760852162543616,3,"cirotv, vivo, cirotv br, br, acompanhe"
1564761293151764483,3,"cirotv, vivo, cirotv br, br, acompanhe"
1564766179994046464,2,"governo, renda, salário, mínimo, aumento"
1564766287204581377,0,"brasil, brasildaesperança, povo, país, equipelula"
1564771494579806211,0,"brasil, brasildaesperança, povo, país, equipelula"
1564772143916896257,0,"brasil, brasildaesperança, povo, país, equipelula"
1564772530036023297,5,"dia, amanhã, bom, povo, obrigado"
1564777176628707329,4,"broadcasts, lula, broadcasts lula, imprensa, conversa"
1564778657486356486,2,"governo, renda, salário, mínimo, aumento"
1564781666765357062,3,"cirotv, vivo, cirotv br, br, acompanhe"
1564946154638516225,0,"brasil, brasildaesperança, povo, país, equipelula"
1564996943037726721,6,"ciro, giro ciro, giro, perca, sp"
1565036726736896000,2,"governo, renda, salário, mínimo, aumento"
1565044149543370754,3,"cirotv, vivo, cirotv br, br, acompanhe"
1565097148647186434,2,"governo, renda, salário, mínimo, aumento"
1565126036345462785,1,"povo, presidente, porque, bolsonaro, gente"
1565311102413688833,1,"povo, presidente, porque, bolsonaro, gente"
1565329661281722370,6,"ciro, giro ciro, giro, perca, sp"
1565344916166742019,6,"ciro, giro ciro, giro, perca, sp"
1565368897267572737,7,"educação, brasil, crianças, ensino, melhores"
1565393139963236358,0,"brasil, brasildaesperança, povo, país, equipelula"
1565401290355736579,1,"povo, presidente, porque, bolsonaro, gente"
1565405819348422657,3,"cirotv, vivo, cirotv br, br, acompanhe"
1565416383587942401,3,"cirotv, vivo, cirotv br, br, acompanhe"
1565451546812420101,9,"educação, escola, universidades, estudantes, ensino"
1565474611940270083,3,"cirotv, vivo, cirotv br, br, acompanhe"
1565479310496043012,0,"brasil, brasildaesperança, povo, país, equipelula"
1565483993931386882,0,"brasil, brasildaesperança, povo, país, equipelula"
1565486721105645569,1,"povo, presidente, porque, bolsonaro, gente"
1565487645748346881,3,"cirotv, vivo, cirotv br, br, acompanhe"
1565489315483877385,1,"povo, presidente, porque, bolsonaro, gente"
1565490882958295041,5,"dia, amanhã, bom, povo, obrigado"
1565492580376346624,0,"brasil, brasildaesperança, povo, país, equipelula"
1565492860794900481,0,"brasil, brasildaesperança, povo, país, equipelula"
1565493843264503815,1,"povo, presidente, porque, bolsonaro, gente"
1565497257922805760,1,"povo, presidente, porque, bolsonaro, gente"
1565501301026349056,0,"brasil, brasildaesperança, povo, país, equipelula"
1565503241349210115,0,"brasil, brasildaesperança, povo, país, equipelula"
1565505192560312320,7,"educação, brasil, crianças, ensino, melhores"
1565644782352961538,1,"povo, presidente, porque, bolsonaro, gente"
1565670879106932740,7,"educação, brasil, crianças, ensino, melhores"
1565680428484362242,2,"governo, renda, salário, mínimo, aumento"
1565692241636720640,6,"ciro, giro ciro, giro, perca, sp"
1565696780427313153,3,"cirotv, vivo, cirotv br, br, acompanhe"
1565706660504559617,0,"brasil, brasildaesperança, povo, país, equipelula"
1565724112290463745,9,"educação, escola, universidades, estudantes, ensino"
1565776577467535362,1,"povo, presidente, porque, bolsonaro, gente"
1565780935106248706,10,"indígenas, povos, precisamos, desenvolvimento, ilegal"
1565798678346010625,1,"povo, presidente, porque, bolsonaro, gente"
1565840724138102789,9,"educação, escola, universidades, estudantes, ensino"
1565852408454029313,3,"cirotv, vivo, cirotv br, br, acompanhe"
1566036647782846465,3,"cirotv, vivo, cirotv br, br, acompanhe"
1566062783325773826,6,"ciro, giro ciro, giro, perca, sp"
1566094114189451265,1,"povo, presidente, porque, bolsonaro, gente"
1566124305116794881,6,"ciro, giro ciro, giro, perca, sp"
1566140469893120002,2,"governo, renda, salário, mínimo, aumento"
1566159593796952064,3,"cirotv, vivo, cirotv br, br, acompanhe"
1566170572739977221,0,"brasil, brasildaesperança, povo, país, equipelula"
1566189415575293953,3,"cirotv, vivo, cirotv br, br, acompanhe"
1566207517306281984,3,"cirotv, vivo, cirotv br, br, acompanhe"
1566216921648975877,3,"cirotv, vivo, cirotv br, br, acompanhe"
1566237143328083969,1,"povo, presidente, porque, bolsonaro, gente"
1566396753317957637,1,"povo, presidente, porque, bolsonaro, gente"
1566427289570738179,6,"ciro, giro ciro, giro, perca, sp"
1566443176570798080,0,"brasil, brasildaesperança, povo, país, equipelula"
1566467228219985927,3,"cirotv, vivo, cirotv br, br, acompanhe"
1566481381068259329,6,"ciro, giro ciro, giro, perca, sp"
1566509698005831680,0,"brasil, brasildaesperança, povo, país, equipelula"
1566536822527868929,6,"ciro, giro ciro, giro, perca, sp"
1566536908787879936,3,"cirotv, vivo, cirotv br, br, acompanhe"
1566727879626457088,10,"indígenas, povos, precisamos, desenvolvimento, ilegal"
1566755779453091840,1,"povo, presidente, porque, bolsonaro, gente"
1566780791568449536,0,"brasil, brasildaesperança, povo, país, equipelula"
1566804527818444802,3,"cirotv, vivo, cirotv br, br, acompanhe"
1566807088411582465,1,"povo, presidente, porque, bolsonaro, gente"
1566810660738056194,0,"brasil, brasildaesperança, povo, país, equipelula"
1566811860552368128,1,"povo, presidente, porque, bolsonaro, gente"
1566812762944278528,0,"brasil, brasildaesperança, povo, país, equipelula"
1566815469478322178,0,"brasil, brasildaesperança, povo, país, equipelula"
1566817000210456576,2,"governo, renda, salário, mínimo, aumento"
1566818058089500672,0,"brasil, brasildaesperança, povo, país, equipelula"
1566820095191666693,0,"brasil, brasildaesperança, povo, país, equipelula"
1566824533922922497,0,"brasil, brasildaesperança, povo, país, equipelula"
1566827230466039809,0,"brasil, brasildaesperança, povo, país, equipelula"
1566828212545519616,1,"povo, presidente, porque, bolsonaro, gente"
1566828701538549760,1,"povo, presidente, porque, bolsonaro, gente"
1566831068531015689,2,"governo, renda, salário, mínimo, aumento"
1566831856699457537,0,"brasil, brasildaesperança, povo, país, equipelula"
1566832434452258819,0,"brasil, brasildaesperança, povo, país, equipelula"
1566836405917171723,2,"governo, renda, salário, mínimo, aumento"
1566859614485979136,0,"brasil, brasildaesperança, povo, país, equipelula"
1566861828965154823,0,"brasil, brasildaesperança, povo, país, equipelula"
1566866579748429824,1,"povo, presidente, porque, bolsonaro, gente"
1566869772532436995,3,"cirotv, vivo, cirotv br, br, acompanhe"
1566886925859962880,0,"brasil, brasildaesperança, povo, país, equipelula"
1566909208909545476,0,"brasil, brasildaesperança, povo, país, equipelula"
1566939394287828993,3,"cirotv, vivo, cirotv br, br, acompanhe"
1567106904370864128,0,"brasil, brasildaesperança, povo, país, equipelula"
1567107000164651008,11,"fake, fake news, news, verdade, mentiras"
1567135416855273472,0,"brasil, brasildaesperança, povo, país, equipelula"
1567147570568249347,3,"cirotv, vivo, cirotv br, br, acompanhe"
1567159391102664705,10,"indígenas, povos, precisamos, desenvolvimento, ilegal"
1567175277909889027,10,"indígenas, povos, precisamos, desenvolvimento, ilegal"
1567177742822555649,10,"indígenas, povos, precisamos, desenvolvimento, ilegal"
1567181336523296769,10,"indígenas, povos, precisamos, desenvolvimento, ilegal"
1567182468951818242,10,"indígenas, povos, precisamos, desenvolvimento, ilegal"
1567186993129426945,10,"indígenas, povos, precisamos, desenvolvimento, ilegal"
1567189791657041920,0,"brasil, brasildaesperança, povo, país, equipelula"
1567196446507651075,10,"indígenas, povos, precisamos, desenvolvimento, ilegal"
1567201543308427265,10,"indígenas, povos, precisamos, desenvolvimento, ilegal"
1567206436114993153,2,"governo, renda, salário, mínimo, aumento"
1567208628276297729,11,"fake, fake news, news, verdade, mentiras"
1567250771892207616,3,"cirotv, vivo, cirotv br, br, acompanhe"
1567272884589953024,3,"cirotv, vivo, cirotv br, br, acompanhe"
1567277238348824583,3,"cirotv, vivo, cirotv br, br, acompanhe"
1567278411181170689,0,"brasil, brasildaesperança, povo, país, equipelula"
1567283599078002690,2,"governo, renda, salário, mínimo, aumento"
1567283740379955202,0,"brasil, brasildaesperança, povo, país, equipelula"
1567286578606755840,0,"brasil, brasildaesperança, povo, país, equipelula"
1567289705896591361,0,"brasil, brasildaesperança, povo, país, equipelula"
1567293635464413185,0,"brasil, brasildaesperança, povo, país, equipelula"
1567294444054921218,3,"cirotv, vivo, cirotv br, br, acompanhe"
1567295889714061312,2,"governo, renda, salário, mínimo, aumento"
1567296453420191744,0,"brasil, brasildaesperança, povo, país, equipelula"
1567298826028867584,3,"cirotv, vivo, cirotv br, br, acompanhe"
1567299016853016577,0,"brasil, brasildaesperança, povo, país, equipelula"
1567303740016803842,7,"educação, brasil, crianças, ensino, melhores"
1567305204810260480,3,"cirotv, vivo, cirotv br, br, acompanhe"
1567306541585268737,0,"brasil, brasildaesperança, povo, país, equipelula"
1567324272615477248,2,"governo, renda, salário, mínimo, aumento"
1567467212574756865,1,"povo, presidente, porque, bolsonaro, gente"
1567515621448876032,0,"brasil, brasildaesperança, povo, país, equipelula"
1567528178159128580,1,"povo, presidente, porque, bolsonaro, gente"
1567564800707760132,3,"cirotv, vivo, cirotv br, br, acompanhe"
1567570512028524544,0,"brasil, brasildaesperança, povo, país, equipelula"
1567604308144787461,3,"cirotv, vivo, cirotv br, br, acompanhe"
1567604695690100737,6,"ciro, giro ciro, giro, perca, sp"
1567607990462586882,0,"brasil, brasildaesperança, povo, país, equipelula"
1567623477040914433,0,"brasil, brasildaesperança, povo, país, equipelula"
1567623751012868097,1,"povo, presidente, porque, bolsonaro, gente"
1567652060484583424,6,"ciro, giro ciro, giro, perca, sp"
1567665643146682368,3,"cirotv, vivo, cirotv br, br, acompanhe"
1567680225428885506,0,"brasil, brasildaesperança, povo, país, equipelula"
1567830140310142977,7,"educação, brasil, crianças, ensino, melhores"
1567845235593543680,2,"governo, renda, salário, mínimo, aumento"
1567877447395278848,1,"povo, presidente, porque, bolsonaro, gente"
1567905707172798465,1,"povo, presidente, porque, bolsonaro, gente"
1567920761041559556,3,"cirotv, vivo, cirotv br, br, acompanhe"
1567928317667430401,1,"povo, presidente, porque, bolsonaro, gente"
1567929279085772803,5,"dia, amanhã, bom, povo, obrigado"
1568006560055697408,0,"brasil, brasildaesperança, povo, país, equipelula"
1568020861046738945,3,"cirotv, vivo, cirotv br, br, acompanhe"
1568023939473108992,3,"cirotv, vivo, cirotv br, br, acompanhe"
1568035676981010432,0,"brasil, brasildaesperança, povo, país, equipelula"
1568048603590950914,0,"brasil, brasildaesperança, povo, país, equipelula"
1568050742048456705,0,"brasil, brasildaesperança, povo, país, equipelula"
1568204369421557760,0,"brasil, brasildaesperança, povo, país, equipelula"
1568211491874082828,0,"brasil, brasildaesperança, povo, país, equipelula"
1568224416818991106,6,"ciro, giro ciro, giro, perca, sp"
1568237850105188354,5,"dia, amanhã, bom, povo, obrigado"
1568252500586668033,1,"povo, presidente, porque, bolsonaro, gente"
1568259889054588932,0,"brasil, brasildaesperança, povo, país, equipelula"
1568307745245257729,4,"broadcasts, lula, broadcasts lula, imprensa, conversa"
1568322736006565889,3,"cirotv, vivo, cirotv br, br, acompanhe"
1568331050773790728,9,"educação, escola, universidades, estudantes, ensino"
1568383703738351617,6,"ciro, giro ciro, giro, perca, sp"
1568570108280176640,0,"brasil, brasildaesperança, povo, país, equipelula"
1568617059499524096,6,"ciro, giro ciro, giro, perca, sp"
1568643867825537025,9,"educação, escola, universidades, estudantes, ensino"
1568660993542131713,11,"fake, fake news, news, verdade, mentiras"
1568675678085578752,3,"cirotv, vivo, cirotv br, br, acompanhe"
1568748166882770948,3,"cirotv, vivo, cirotv br, br, acompanhe"
1568762385221001217,5,"dia, amanhã, bom, povo, obrigado"
1568771617806815232,0,"brasil, brasildaesperança, povo, país, equipelula"
1568932495168520193,11,"fake, fake news, news, verdade, mentiras"
1568973495442329600,12,"lula, broadcasts, juntos, ato, broadcasts lula"
1568985259814916098,5,"dia, amanhã, bom, povo, obrigado"
1569038191432171522,0,"brasil, brasildaesperança, povo, país, equipelula"
1569071361603125248,1,"povo, presidente, porque, bolsonaro, gente"
1569098590546436098,5,"dia, amanhã, bom, povo, obrigado"
1569290444781064192,1,"povo, presidente, porque, bolsonaro, gente"
1569294755292405762,6,"ciro, giro ciro, giro, perca, sp"
1569311379999309824,6,"ciro, giro ciro, giro, perca, sp"
1569456786477817857,5,"dia, amanhã, bom, povo, obrigado"
1569621319767195654,5,"dia, amanhã, bom, povo, obrigado"
1569657273286262785,5,"dia, amanhã, bom, povo, obrigado"
1569700016364875783,5,"dia, amanhã, bom, povo, obrigado"
1569732708573528064,2,"governo, renda, salário, mínimo, aumento"
1569764979368251393,12,"lula, broadcasts, juntos, ato, broadcasts lula"
1569782252778684417,3,"cirotv, vivo, cirotv br, br, acompanhe"
1569824664855126016,0,"brasil, brasildaesperança, povo, país, equipelula"
1569833119133360128,3,"cirotv, vivo, cirotv br, br, acompanhe"
1569834706648158208,3,"cirotv, vivo, cirotv br, br, acompanhe"
1569843060778975232,2,"governo, renda, salário, mínimo, aumento"
1569854522620526595,1,"povo, presidente, porque, bolsonaro, gente"
1569855208666144768,1,"povo, presidente, porque, bolsonaro, gente"
1569859379330949121,0,"brasil, brasildaesperança, povo, país, equipelula"
1569978296535842817,1,"povo, presidente, porque, bolsonaro, gente"
1569984780308987904,7,"educação, brasil, crianças, ensino, melhores"
1570005388354883585,0,"brasil, brasildaesperança, povo, país, equipelula"
1570010218032930818,0,"brasil, brasildaesperança, povo, país, equipelula"
1570012701648211969,0,"brasil, brasildaesperança, povo, país, equipelula"
1570017033156284418,0,"brasil, brasildaesperança, povo, país, equipelula"
1570019411162972160,1,"povo, presidente, porque, bolsonaro, gente"
1570026694081118209,8,"bolsonaro, saúde, vacina, pessoas, pandemia"
1570027942574542848,1,"povo, presidente, porque, bolsonaro, gente"
1570031593250594817,0,"brasil, brasildaesperança, povo, país, equipelula"
1570034817919483905,0,"brasil, brasildaesperança, povo, país, equipelula"
1570067025287864323,5,"dia, amanhã, bom, povo, obrigado"
1570138942514552832,4,"broadcasts, lula, broadcasts lula, imprensa, conversa"
1570169011345969152,0,"brasil, brasildaesperança, povo, país, equipelula"
1570193125431463939,2,"governo, renda, salário, mínimo, aumento"
1570208917338337280,1,"povo, presidente, porque, bolsonaro, gente"
1570363979071102976,1,"povo, presidente, porque, bolsonaro, gente"
1570371376279601155,1,"povo, presidente, porque, bolsonaro, gente"
1570383624578424841,3,"cirotv, vivo, cirotv br, br, acompanhe"
1570389387573366785,0,"brasil, brasildaesperança, povo, país, equipelula"
1570391128544874497,0,"brasil, brasildaesperança, povo, país, equipelula"
1570394162754625536,0,"brasil, brasildaesperança, povo, país, equipelula"
1570401545677578240,0,"brasil, brasildaesperança, povo, país, equipelula"
1570402203453759491,7,"educação, brasil, crianças, ensino, melhores"
1570402345388843009,0,"brasil, brasildaesperança, povo, país, equipelula"
1570411358478278656,6,"ciro, giro ciro, giro, perca, sp"
1570413727723229186,2,"governo, renda, salário, mínimo, aumento"
1570416047525707781,0,"brasil, brasildaesperança, povo, país, equipelula"
1570438208382550018,0,"brasil, brasildaesperança, povo, país, equipelula"
1570442443115331586,0,"brasil, brasildaesperança, povo, país, equipelula"
1570449334990159872,5,"dia, amanhã, bom, povo, obrigado"
1570467849256271873,3,"cirotv, vivo, cirotv br, br, acompanhe"
1570482637621313541,6,"ciro, giro ciro, giro, perca, sp"
1570507805257527296,6,"ciro, giro ciro, giro, perca, sp"
1570520209341165569,3,"cirotv, vivo, cirotv br, br, acompanhe"
1570535776114319364,0,"brasil, brasildaesperança, povo, país, equipelula"
1570543141136248832,7,"educação, brasil, crianças, ensino, melhores"
1570559403043987456,3,"cirotv, vivo, cirotv br, br, acompanhe"
1570563817012092929,3,"cirotv, vivo, cirotv br, br, acompanhe"
1570583037632552960,0,"brasil, brasildaesperança, povo, país, equipelula"
1570744432449789952,2,"governo, renda, salário, mínimo, aumento"
1570749128455618560,8,"bolsonaro, saúde, vacina, pessoas, pandemia"
1570790570439901185,0,"brasil, brasildaesperança, povo, país, equipelula"
1570837479686819843,5,"dia, amanhã, bom, povo, obrigado"
1570855243650420744,4,"broadcasts, lula, broadcasts lula, imprensa, conversa"
1570864941682524160,4,"broadcasts, lula, broadcasts lula, imprensa, conversa"
1570899137746595840,0,"brasil, brasildaesperança, povo, país, equipelula"
1570904552525934592,1,"povo, presidente, porque, bolsonaro, gente"
1570931543220318209,5,"dia, amanhã, bom, povo, obrigado"
1570946405472124928,0,"brasil, brasildaesperança, povo, país, equipelula"
1571121926164054016,2,"governo, renda, salário, mínimo, aumento"
1571144643483676672,7,"educação, brasil, crianças, ensino, melhores"
1571167467094917126,9,"educação, escola, universidades, estudantes, ensino"
1571175548793094148,0,"brasil, brasildaesperança, povo, país, equipelula"
1571197320808386560,3,"cirotv, vivo, cirotv br, br, acompanhe"
1571227508585811968,0,"brasil, brasildaesperança, povo, país, equipelula"
1571284654354735106,3,"cirotv, vivo, cirotv br, br, acompanhe"
1571288434492284930,3,"cirotv, vivo, cirotv br, br, acompanhe"
1571309829691408385,7,"educação, brasil, crianças, ensino, melhores"
1571317066417770496,5,"dia, amanhã, bom, povo, obrigado"
1571469083878588416,5,"dia, amanhã, bom, povo, obrigado"
1571491731589177347,5,"dia, amanhã, bom, povo, obrigado"
1571514524200587266,0,"brasil, brasildaesperança, povo, país, equipelula"
1571590621605036032,11,"fake, fake news, news, verdade, mentiras"
1571605228599787521,1,"povo, presidente, porque, bolsonaro, gente"
1571635302283808770,0,"brasil, brasildaesperança, povo, país, equipelula"
1571872705388986372,3,"cirotv, vivo, cirotv br, br, acompanhe"
1571899869656395778,0,"brasil, brasildaesperança, povo, país, equipelula"
1571909354227482628,0,"brasil, brasildaesperança, povo, país, equipelula"
1571951221984104448,8,"bolsonaro, saúde, vacina, pessoas, pandemia"
1571956040622481408,0,"brasil, brasildaesperança, povo, país, equipelula"
1571967368892399617,1,"povo, presidente, porque, bolsonaro, gente"
1571988115388235776,3,"cirotv, vivo, cirotv br, br, acompanhe"
1572000521489354752,0,"brasil, brasildaesperança, povo, país, equipelula"
1572001560627912704,0,"brasil, brasildaesperança, povo, país, equipelula"
1572003045126324229,0,"brasil, brasildaesperança, povo, país, equipelula"
1572003920603648000,2,"governo, renda, salário, mínimo, aumento"
1572006067290218497,8,"bolsonaro, saúde, vacina, pessoas, pandemia"
1572018056049606669,0,"brasil, brasildaesperança, povo, país, equipelula"
1572018866133540864,2,"governo, renda, salário, mínimo, aumento"
1572019000023945216,1,"povo, presidente, porque, bolsonaro, gente"
1572030884332584960,2,"governo, renda, salário, mínimo, aumento"
1572031146745266177,0,"brasil, brasildaesperança, povo, país, equipelula"
1572034796406317059,0,"brasil, brasildaesperança, povo, país, equipelula"
1572038422226771968,3,"cirotv, vivo, cirotv br, br, acompanhe"
1572060869252775936,7,"educação, brasil, crianças, ensino, melhores"
1572062028587565064,7,"educação, brasil, crianças, ensino, melhores"
1572064262306267142,0,"brasil, brasildaesperança, povo, país, equipelula"
1572064604708126721,0,"brasil, brasildaesperança, povo, país, equipelula"
1572067685780914310,9,"educação, escola, universidades, estudantes, ensino"
1572067979055210497,1,"povo, presidente, porque, bolsonaro, gente"
1572072403907346432,6,"ciro, giro ciro, giro, perca, sp"
1572179753045721092,0,"brasil, brasildaesperança, povo, país, equipelula"
1572188341550084098,3,"cirotv, vivo, cirotv br, br, acompanhe"
1572193419182702593,0,"brasil, brasildaesperança, povo, país, equipelula"
1572201644464705537,2,"governo, renda, salário, mínimo, aumento"
1572212094971351044,0,"brasil, brasildaesperança, povo, país, equipelula"
1572220839130431491,0,"brasil, brasildaesperança, povo, país, equipelula"
1572224327646384129,0,"brasil, brasildaesperança, povo, país, equipelula"
1572230369172242436,6,"ciro, giro ciro, giro, perca, sp"
1572231695738306560,0,"brasil, brasildaesperança, povo, país, equipelula"
1572254272292417536,0,"brasil, brasildaesperança, povo, país, equipelula"
1572270298036142084,1,"povo, presidente, porque, bolsonaro, gente"
1572278024141144064,3,"cirotv, vivo, cirotv br, br, acompanhe"
1572283793951838213,1,"povo, presidente, porque, bolsonaro, gente"
1572290928747970561,1,"povo, presidente, porque, bolsonaro, gente"
1572307869722185733,3,"cirotv, vivo, cirotv br, br, acompanhe"
1572342339896594432,6,"ciro, giro ciro, giro, perca, sp"
1572349885986250752,6,"ciro, giro ciro, giro, perca, sp"
1572359959655768064,5,"dia, amanhã, bom, povo, obrigado"
1572371179305836545,3,"cirotv, vivo, cirotv br, br, acompanhe"
1572373386185306112,3,"cirotv, vivo, cirotv br, br, acompanhe"
1572375060228325378,0,"brasil, brasildaesperança, povo, país, equipelula"
1572377977610031104,1,"povo, presidente, porque, bolsonaro, gente"
1572381241277616128,1,"povo, presidente, porque, bolsonaro, gente"
1572384448896720897,1,"povo, presidente, porque, bolsonaro, gente"
1572386403362967555,2,"governo, renda, salário, mínimo, aumento"
1572395689849536512,2,"governo, renda, salário, mínimo, aumento"
1572571357757456384,3,"cirotv, vivo, cirotv br, br, acompanhe"
1572578342020485122,3,"cirotv, vivo, cirotv br, br, acompanhe"
1572580764402974724,1,"povo, presidente, porque, bolsonaro, gente"
1572585243369955335,1,"povo, presidente, porque, bolsonaro, gente"
1572589546201845762,1,"povo, presidente, porque, bolsonaro, gente"
1572594062665945089,1,"povo, presidente, porque, bolsonaro, gente"
1572594777836888064,1,"povo, presidente, porque, bolsonaro, gente"
1572596204441149440,7,"educação, brasil, crianças, ensino, melhores"
1572596430950510593,1,"povo, presidente, porque, bolsonaro, gente"
1572603215232860160,2,"governo, renda, salário, mínimo, aumento"
1572605227618177024,0,"brasil, brasildaesperança, povo, país, equipelula"
1572612889277513728,0,"brasil, brasildaesperança, povo, país, equipelula"
1572673048611782656,5,"dia, amanhã, bom, povo, obrigado"
1572707735267082241,3,"cirotv, vivo, cirotv br, br, acompanhe"
1572711299041181697,0,"brasil, brasildaesperança, povo, país, equipelula"
1572713369882300417,1,"povo, presidente, porque, bolsonaro, gente"
1572714121644097543,0,"brasil, brasildaesperança, povo, país, equipelula"
1572715634584068097,1,"povo, presidente, porque, bolsonaro, gente"
1572716806938267649,1,"povo, presidente, porque, bolsonaro, gente"
1572721174144073739,2,"governo, renda, salário, mínimo, aumento"
1572724858596868101,1,"povo, presidente, porque, bolsonaro, gente"
1572730157135269891,0,"brasil, brasildaesperança, povo, país, equipelula"
1572730999556931584,1,"povo, presidente, porque, bolsonaro, gente"
1572738214250819586,1,"povo, presidente, porque, bolsonaro, gente"
1572739051672698881,0,"brasil, brasildaesperança, povo, país, equipelula"
1572741721267777539,0,"brasil, brasildaesperança, povo, país, equipelula"
1572742228132388864,0,"brasil, brasildaesperança, povo, país, equipelula"
1572748530812424193,3,"cirotv, vivo, cirotv br, br, acompanhe"
1572751345379065859,1,"povo, presidente, porque, bolsonaro, gente"
1572918647596539904,5,"dia, amanhã, bom, povo, obrigado"
1572961077293449221,0,"brasil, brasildaesperança, povo, país, equipelula"
1572964687934808064,0,"brasil, brasildaesperança, povo, país, equipelula"
1572979314206932993,0,"brasil, brasildaesperança, povo, país, equipelula"
1572996027476500485,0,"brasil, brasildaesperança, povo, país, equipelula"
1573002780389920770,3,"cirotv, vivo, cirotv br, br, acompanhe"
1573041950504222720,3,"cirotv, vivo, cirotv br, br, acompanhe"
1573047409663426564,1,"povo, presidente, porque, bolsonaro, gente"
1573096160755081222,8,"bolsonaro, saúde, vacina, pessoas, pandemia"
1573099968126414848,3,"cirotv, vivo, cirotv br, br, acompanhe"
1573122995132006406,8,"bolsonaro, saúde, vacina, pessoas, pandemia"
1573281028671610880,3,"cirotv, vivo, cirotv br, br, acompanhe"
1573309149751959552,1,"povo, presidente, porque, bolsonaro, gente"
1573326335451303936,1,"povo, presidente, porque, bolsonaro, gente"
1573367012663107585,8,"bolsonaro, saúde, vacina, pessoas, pandemia"
1573381143239561216,0,"brasil, brasildaesperança, povo, país, equipelula"
1573417752466972673,1,"povo, presidente, porque, bolsonaro, gente"
1573447152948609026,5,"dia, amanhã, bom, povo, obrigado"
1573643420643508227,1,"povo, presidente, porque, bolsonaro, gente"
1573682955544838150,1,"povo, presidente, porque, bolsonaro, gente"
1573703818679828484,0,"brasil, brasildaesperança, povo, país, equipelula"
1573706359194935296,0,"brasil, brasildaesperança, povo, país, equipelula"
1573723499881005056,2,"governo, renda, salário, mínimo, aumento"
1573741555537440770,11,"fake, fake news, news, verdade, mentiras"
1573756748992856067,0,"brasil, brasildaesperança, povo, país, equipelula"
1573769322970943489,5,"dia, amanhã, bom, povo, obrigado"
1573785846674857985,3,"cirotv, vivo, cirotv br, br, acompanhe"
1573788746960470023,0,"brasil, brasildaesperança, povo, país, equipelula"
1573789333743702016,0,"brasil, brasildaesperança, povo, país, equipelula"
1573791918768652289,0,"brasil, brasildaesperança, povo, país, equipelula"
1573793206067765248,0,"brasil, brasildaesperança, povo, país, equipelula"
1573797658891898881,1,"povo, presidente, porque, bolsonaro, gente"
1573798453204885506,1,"povo, presidente, porque, bolsonaro, gente"
1573799145764274182,0,"brasil, brasildaesperança, povo, país, equipelula"
1573801294875205632,1,"povo, presidente, porque, bolsonaro, gente"
1573803523128672271,1,"povo, presidente, porque, bolsonaro, gente"
1573804581863264258,0,"brasil, brasildaesperança, povo, país, equipelula"
1573805430748463110,1,"povo, presidente, porque, bolsonaro, gente"
1573807413924347914,0,"brasil, brasildaesperança, povo, país, equipelula"
1573809295472447488,0,"brasil, brasildaesperança, povo, país, equipelula"
1573810351371689984,0,"brasil, brasildaesperança, povo, país, equipelula"
1573812887361044481,1,"povo, presidente, porque, bolsonaro, gente"
1573813832086159365,1,"povo, presidente, porque, bolsonaro, gente"
1573814276539793408,1,"povo, presidente, porque, bolsonaro, gente"
1573818152319942656,0,"brasil, brasildaesperança, povo, país, equipelula"
1573818764336025601,1,"povo, presidente, porque, bolsonaro, gente"
1573819425274400769,1,"povo, presidente, porque, bolsonaro, gente"
1573821474900688896,1,"povo, presidente, porque, bolsonaro, gente"
1573822395521142784,0,"brasil, brasildaesperança, povo, país, equipelula"
1573823220502986752,0,"brasil, brasildaesperança, povo, país, equipelula"
1573823380440190976,0,"brasil, brasildaesperança, povo, país, equipelula"
1573838707945340930,1,"povo, presidente, porque, bolsonaro, gente"
1573854803062448129,0,"brasil, brasildaesperança, povo, país, equipelula"
1573999567657369600,1,"povo, presidente, porque, bolsonaro, gente"
1574052275600900096,6,"ciro, giro ciro, giro, perca, sp"
1574061242943442944,1,"povo, presidente, porque, bolsonaro, gente"
1574076717278412804,4,"broadcasts, lula, broadcasts lula, imprensa, conversa"
1574078563615211522,5,"dia, amanhã, bom, povo, obrigado"
1574093960032751619,1,"povo, presidente, porque, bolsonaro, gente"
1574094459528257536,1,"povo, presidente, porque, bolsonaro, gente"
1574104885754142720,1,"povo, presidente, porque, bolsonaro, gente"
1574133396590190593,1,"povo, presidente, porque, bolsonaro, gente"
1574141692617183233,2,"governo, renda, salário, mínimo, aumento"
1574149243178131457,2,"governo, renda, salário, mínimo, aumento"
1574153195164561408,5,"dia, amanhã, bom, povo, obrigado"
1574156794435407878,2,"governo, renda, salário, mínimo, aumento"
1574339329165611009,5,"dia, amanhã, bom, povo, obrigado"
1574386277637578752,3,"cirotv, vivo, cirotv br, br, acompanhe"
1574387506874912780,3,"cirotv, vivo, cirotv br, br, acompanhe"
1574392810597482497,1,"povo, presidente, porque, bolsonaro, gente"
1574393603471835138,1,"povo, presidente, porque, bolsonaro, gente"
1574393806836977664,1,"povo, presidente, porque, bolsonaro, gente"
1574394166402060291,1,"povo, presidente, porque, bolsonaro, gente"
1574394408899846144,11,"fake, fake news, news, verdade, mentiras"
1574394588168593410,0,"brasil, brasildaesperança, povo, país, equipelula"
1574394896135475205,2,"governo, renda, salário, mínimo, aumento"
1574395480057987074,0,"brasil, brasildaesperança, povo, país, equipelula"
1574395607724294147,0,"brasil, brasildaesperança, povo, país, equipelula"
1574396262061080576,1,"povo, presidente, porque, bolsonaro, gente"
1574396375604887552,1,"povo, presidente, porque, bolsonaro, gente"
1574396491220688896,1,"povo, presidente, porque, bolsonaro, gente"
1574396945887629318,0,"brasil, brasildaesperança, povo, país, equipelula"
1574397029819846656,0,"brasil, brasildaesperança, povo, país, equipelula"
1574397577176313858,6,"ciro, giro ciro, giro, perca, sp"
1574452236922621953,0,"brasil, brasildaesperança, povo, país, equipelula"
1574472141986304020,0,"brasil, brasildaesperança, povo, país, equipelula"
1574484861842329600,0,"brasil, brasildaesperança, povo, país, equipelula"
1574498064919937058,0,"brasil, brasildaesperança, povo, país, equipelula"
1574516786317361154,3,"cirotv, vivo, cirotv br, br, acompanhe"
1574525871989223424,3,"cirotv, vivo, cirotv br, br, acompanhe"
1574533292459794432,0,"brasil, brasildaesperança, povo, país, equipelula"
1574537035058233345,0,"brasil, brasildaesperança, povo, país, equipelula"
1574539850585296896,1,"povo, presidente, porque, bolsonaro, gente"
1574543158377172993,0,"brasil, brasildaesperança, povo, país, equipelula"
1574544762035752963,8,"bolsonaro, saúde, vacina, pessoas, pandemia"
1574549103165440004,1,"povo, presidente, porque, bolsonaro, gente"
1574553435072077825,1,"povo, presidente, porque, bolsonaro, gente"
1574554203137114124,2,"governo, renda, salário, mínimo, aumento"
1574557861505531907,0,"brasil, brasildaesperança, povo, país, equipelula"
1574557896066490368,0,"brasil, brasildaesperança, povo, país, equipelula"
1574558705189781514,4,"broadcasts, lula, broadcasts lula, imprensa, conversa"
1574559763215548441,1,"povo, presidente, porque, bolsonaro, gente"
1574563274305183770,3,"cirotv, vivo, cirotv br, br, acompanhe"
1574567505712058368,0,"brasil, brasildaesperança, povo, país, equipelula"
1574570731245293568,0,"brasil, brasildaesperança, povo, país, equipelula"
1574570901651484672,0,"brasil, brasildaesperança, povo, país, equipelula"
1574574262060732416,1,"povo, presidente, porque, bolsonaro, gente"
1574576884322541579,1,"povo, presidente, porque, bolsonaro, gente"
1574577357616476160,5,"dia, amanhã, bom, povo, obrigado"
1574585974604054541,3,"cirotv, vivo, cirotv br, br, acompanhe"
1574716802961227777,1,"povo, presidente, porque, bolsonaro, gente"
1574730583221174284,1,"povo, presidente, porque, bolsonaro, gente"
1574766727065473030,6,"ciro, giro ciro, giro, perca, sp"
1574792988168945665,5,"dia, amanhã, bom, povo, obrigado"
1574795454709219328,1,"povo, presidente, porque, bolsonaro, gente"
1574806072182722565,2,"governo, renda, salário, mínimo, aumento"
1574821169663836160,3,"cirotv, vivo, cirotv br, br, acompanhe"
1574836274212442112,0,"brasil, brasildaesperança, povo, país, equipelula"
1574857315097972755,0,"brasil, brasildaesperança, povo, país, equipelula"
1574866469438967809,2,"governo, renda, salário, mínimo, aumento"
1574891782327910405,3,"cirotv, vivo, cirotv br, br, acompanhe"
1574894827237515278,0,"brasil, brasildaesperança, povo, país, equipelula"
1574898222874730507,8,"bolsonaro, saúde, vacina, pessoas, pandemia"
1574898921327009817,0,"brasil, brasildaesperança, povo, país, equipelula"
1574901452425895946,0,"brasil, brasildaesperança, povo, país, equipelula"
1574905293976346651,0,"brasil, brasildaesperança, povo, país, equipelula"
1574910167547797505,0,"brasil, brasildaesperança, povo, país, equipelula"
1574911302937583619,3,"cirotv, vivo, cirotv br, br, acompanhe"
1574911672485044224,0,"brasil, brasildaesperança, povo, país, equipelula"
1574917217736695808,3,"cirotv, vivo, cirotv br, br, acompanhe"
1574924661758251008,1,"povo, presidente, porque, bolsonaro, gente"
1575092971904667648,0,"brasil, brasildaesperança, povo, país, equipelula"
1575108179419189249,1,"povo, presidente, porque, bolsonaro, gente"
1575127823811072000,0,"brasil, brasildaesperança, povo, país, equipelula"
1575132249342754817,0,"brasil, brasildaesperança, povo, país, equipelula"
1575132817578770434,0,"brasil, brasildaesperança, povo, país, equipelula"
1575136844844605440,0,"brasil, brasildaesperança, povo, país, equipelula"
1575139331936817161,1,"povo, presidente, porque, bolsonaro, gente"
1575145080230477824,1,"povo, presidente, porque, bolsonaro, gente"
1575160050452254723,0,"brasil, brasildaesperança, povo, país, equipelula"
1575176070562807809,9,"educação, escola, universidades, estudantes, ensino"
1575210577139728384,1,"povo, presidente, porque, bolsonaro, gente"
1575221308027043840,0,"brasil, brasildaesperança, povo, país, equipelula"
1575228859829583898,0,"brasil, brasildaesperança, povo, país, equipelula"
1575259062677032961,2,"governo, renda, salário, mínimo, aumento"
1575274154269581315,5,"dia, amanhã, bom, povo, obrigado"
1575289255873552384,2,"governo, renda, salário, mínimo, aumento"
1575455363159171078,5,"dia, amanhã, bom, povo, obrigado"
1575504740372185090,0,"brasil, brasildaesperança, povo, país, equipelula"
1575521362961203200,0,"brasil, brasildaesperança, povo, país, equipelula"
1575545955645939714,2,"governo, renda, salário, mínimo, aumento"
1575577057735880706,0,"brasil, brasildaesperança, povo, país, equipelula"
1575606350637408265,4,"broadcasts, lula, broadcasts lula, imprensa, conversa"
1575639651477487616,3,"cirotv, vivo, cirotv br, br, acompanhe"
1575643413021487104,1,"povo, presidente, porque, bolsonaro, gente"
1575655368747024385,0,"brasil, brasildaesperança, povo, país, equipelula"
1575664582429147136,1,"povo, presidente, porque, bolsonaro, gente"
1575665250967617536,2,"governo, renda, salário, mínimo, aumento"
1575666040767664128,1,"povo, presidente, porque, bolsonaro, gente"
1575669018647592961,2,"governo, renda, salário, mínimo, aumento"
1575670039264391169,0,"brasil, brasildaesperança, povo, país, equipelula"
1575670620008124416,1,"povo, presidente, porque, bolsonaro, gente"
1575670835108802560,0,"brasil, brasildaesperança, povo, país, equipelula"
1575673040956006401,0,"brasil, brasildaesperança, povo, país, equipelula"
1575679267052163074,1,"povo, presidente, porque, bolsonaro, gente"
1575680354563723265,7,"educação, brasil, crianças, ensino, melhores"
1575681377273786369,7,"educação, brasil, crianças, ensino, melhores"
1575681675883089920,9,"educação, escola, universidades, estudantes, ensino"
1575686459700482050,7,"educação, brasil, crianças, ensino, melhores"
1575687824099065864,0,"brasil, brasildaesperança, povo, país, equipelula"
1575688298395074561,2,"governo, renda, salário, mínimo, aumento"
1575691892796301312,2,"governo, renda, salário, mínimo, aumento"
1575693071240507392,7,"educação, brasil, crianças, ensino, melhores"
1575693157626413058,1,"povo, presidente, porque, bolsonaro, gente"
1575697218568421377,0,"brasil, brasildaesperança, povo, país, equipelula"
1575700965948362752,4,"broadcasts, lula, broadcasts lula, imprensa, conversa"
1575703194583400448,0,"brasil, brasildaesperança, povo, país, equipelula"
1575703332001193986,1,"povo, presidente, porque, bolsonaro, gente"
1575710119379230721,0,"brasil, brasildaesperança, povo, país, equipelula"
1575714270637182978,0,"brasil, brasildaesperança, povo, país, equipelula"
1575715948023189505,0,"brasil, brasildaesperança, povo, país, equipelula"
1575717184105496577,11,"fake, fake news, news, verdade, mentiras"
1575718192244195333,0,"brasil, brasildaesperança, povo, país, equipelula"
1575817752467705856,1,"povo, presidente, porque, bolsonaro, gente"
1575821263607836673,1,"povo, presidente, porque, bolsonaro, gente"
1575863042973237248,1,"povo, presidente, porque, bolsonaro, gente"
1575879014929281024,3,"cirotv, vivo, cirotv br, br, acompanhe"
1575923626641002496,0,"brasil, brasildaesperança, povo, país, equipelula"
1575974374704046080,1,"povo, presidente, porque, bolsonaro, gente"
1575976430126518272,0,"brasil, brasildaesperança, povo, país, equipelula"
1575983223930511360,0,"brasil, brasildaesperança, povo, país, equipelula"
1575986425392025600,1,"povo, presidente, porque, bolsonaro, gente"
1575997020573163520,6,"ciro, giro ciro, giro, perca, sp"
1576018500803518465,5,"dia, amanhã, bom, povo, obrigado"
1576180125972013056,0,"brasil, brasildaesperança, povo, país, equipelula"
1576225428989018112,5,"dia, amanhã, bom, povo, obrigado"
1576281202385887232,4,"broadcasts, lula, broadcasts lula, imprensa, conversa"
1576289470382428161,5,"dia, amanhã, bom, povo, obrigado"
1576290325307400192,5,"dia, amanhã, bom, povo, obrigado"
1576301511495143424,1,"povo, presidente, porque, bolsonaro, gente"
1576305767128346624,0,"brasil, brasildaesperança, povo, país, equipelula"
1576332947741106176,0,"brasil, brasildaesperança, povo, país, equipelula"
1576364895955783681,0,"brasil, brasildaesperança, povo, país, equipelula"
1576568869354864641,4,"broadcasts, lula, broadcasts lula, imprensa, conversa"
1576571913354334208,3,"cirotv, vivo, cirotv br, br, acompanhe"
1576578917615312898,5,"dia, amanhã, bom, povo, obrigado"
1576581959949905920,0,"brasil, brasildaesperança, povo, país, equipelula"
1576590120399998976,0,"brasil, brasildaesperança, povo, país, equipelula"
1576595980660920320,0,"brasil, brasildaesperança, povo, país, equipelula"
1576598814798282752,0,"brasil, brasildaesperança, povo, país, equipelula"
1577346631430717440,1,"povo, presidente, porque, bolsonaro, gente"
1580244126716792833,0,"brasil, brasildaesperança, povo, país, equipelula"
1583840922164678656,0,"brasil, brasildaesperança, povo, país, equipelula"
1585242337302544384,0,"brasil, brasildaesperança, povo, país, equipelula"
1558984926694969344,0,"brasil, brasildaesperança, povo, país, equipelula"
1559130443064217601,0,"brasil, brasildaesperança, povo, país, equipelula"
1559202562900987911,0,"brasil, brasildaesperança, povo, país, equipelula"
1559208905959526400,0,"brasil, brasildaesperança, povo, país, equipelula"
1559223470541754370,0,"brasil, brasildaesperança, povo, país, equipelula"
1559281760692645888,4,"broadcasts, lula, broadcasts lula, imprensa, conversa"
1559304457665630208,1,"povo, presidente, porque, bolsonaro, gente"
1559310232689467392,5,"dia, amanhã, bom, povo, obrigado"
1559313079334322176,1,"povo, presidente, porque, bolsonaro, gente"
1559314231899693057,0,"brasil, brasildaesperança, povo, país, equipelula"
1559315193334751232,0,"brasil, brasildaesperança, povo, país, equipelula"
1559317769333751826,9,"educação, escola, universidades, estudantes, ensino"
1559318770639949825,1,"povo, presidente, porque, bolsonaro, gente"
1559321874592665603,9,"educação, escola, universidades, estudantes, ensino"
1559330260436525060,1,"povo, presidente, porque, bolsonaro, gente"
1559374499107274753,1,"povo, presidente, porque, bolsonaro, gente"
1559484792344821762,0,"brasil, brasildaesperança, povo, país, equipelula"
1559497650885595138,0,"brasil, brasildaesperança, povo, país, equipelula"
1559538402541899785,0,"brasil, brasildaesperança, povo, país, equipelula"
1559570712976887808,0,"brasil, brasildaesperança, povo, país, equipelula"
1559593295956873221,4,"broadcasts, lula, broadcasts lula, imprensa, conversa"
1559599204460281859,5,"dia, amanhã, bom, povo, obrigado"
1559608023349346304,0,"brasil, brasildaesperança, povo, país, equipelula"
1559612225819746307,0,"brasil, brasildaesperança, povo, país, equipelula"
1559613301218238465,0,"brasil, brasildaesperança, povo, país, equipelula"
1559635160798224388,0,"brasil, brasildaesperança, povo, país, equipelula"
1559670439915536387,3,"cirotv, vivo, cirotv br, br, acompanhe"
1559702868956962816,1,"povo, presidente, porque, bolsonaro, gente"
1559841309350920193,4,"broadcasts, lula, broadcasts lula, imprensa, conversa"
1559858990816772097,4,"broadcasts, lula, broadcasts lula, imprensa, conversa"
1559860164345348096,0,"brasil, brasildaesperança, povo, país, equipelula"
1559861419176333314,0,"brasil, brasildaesperança, povo, país, equipelula"
1559862270183841794,0,"brasil, brasildaesperança, povo, país, equipelula"
1559863217819713536,2,"governo, renda, salário, mínimo, aumento"
1559863740098646016,1,"povo, presidente, porque, bolsonaro, gente"
1559865736759312390,1,"povo, presidente, porque, bolsonaro, gente"
1559866897302265858,1,"povo, presidente, porque, bolsonaro, gente"
1559882048038469638,2,"governo, renda, salário, mínimo, aumento"
1559884317899325440,0,"brasil, brasildaesperança, povo, país, equipelula"
1559899043962138624,4,"broadcasts, lula, broadcasts lula, imprensa, conversa"
1559929820909289472,2,"governo, renda, salário, mínimo, aumento"
1559930024303759361,2,"governo, renda, salário, mínimo, aumento"
1559930869284044804,2,"governo, renda, salário, mínimo, aumento"
1559956168239243268,0,"brasil, brasildaesperança, povo, país, equipelula"
1559972936991244288,0,"brasil, brasildaesperança, povo, país, equipelula"
1559998030258098179,0,"brasil, brasildaesperança, povo, país, equipelula"
1560020563900485634,0,"brasil, brasildaesperança, povo, país, equipelula"
1560032266042019841,5,"dia, amanhã, bom, povo, obrigado"
1560211343441104896,0,"brasil, brasildaesperança, povo, país, equipelula"
1560226220368969729,7,"educação, brasil, crianças, ensino, melhores"
1560285152282034176,0,"brasil, brasildaesperança, povo, país, equipelula"
1560299315905515525,0,"brasil, brasildaesperança, povo, país, equipelula"
1560319888643719169,0,"brasil, brasildaesperança, povo, país, equipelula"
1560352256180076544,0,"brasil, brasildaesperança, povo, país, equipelula"
1560364148722114560,0,"brasil, brasildaesperança, povo, país, equipelula"
1560385930468270080,4,"broadcasts, lula, broadcasts lula, imprensa, conversa"
1560395047299911685,1,"povo, presidente, porque, bolsonaro, gente"
1560395574473625600,1,"povo, presidente, porque, bolsonaro, gente"
1560396123465998336,0,"brasil, brasildaesperança, povo, país, equipelula"
1560396861487423488,9,"educação, escola, universidades, estudantes, ensino"
1560397377416077318,9,"educação, escola, universidades, estudantes, ensino"
1560397845596979204,0,"brasil, brasildaesperança, povo, país, equipelula"
1560398528521900033,0,"brasil, brasildaesperança, povo, país, equipelula"
1560399094098558983,0,"brasil, brasildaesperança, povo, país, equipelula"
1560400004006789123,5,"dia, amanhã, bom, povo, obrigado"
1560415133763080192,0,"brasil, brasildaesperança, povo, país, equipelula"
1560415297563029505,4,"broadcasts, lula, broadcasts lula, imprensa, conversa"
1560428026910973952,0,"brasil, brasildaesperança, povo, país, equipelula"
1560444599952445442,0,"brasil, brasildaesperança, povo, país, equipelula"
1560575276429578241,5,"dia, amanhã, bom, povo, obrigado"
1560619631060008961,5,"dia, amanhã, bom, povo, obrigado"
1560655381734752256,5,"dia, amanhã, bom, povo, obrigado"
1560683139340566538,0,"brasil, brasildaesperança, povo, país, equipelula"
1560705083826110464,0,"brasil, brasildaesperança, povo, país, equipelula"
1560741650065895424,8,"bolsonaro, saúde, vacina, pessoas, pandemia"
1560776042821853186,0,"brasil, brasildaesperança, povo, país, equipelula"
1560812568490524673,0,"brasil, brasildaesperança, povo, país, equipelula"
1560942135834181632,0,"brasil, brasildaesperança, povo, país, equipelula"
1560975479070511104,0,"brasil, brasildaesperança, povo, país, equipelula"
1561005440401453063,4,"broadcasts, lula, broadcasts lula, imprensa, conversa"
1561021086854152193,5,"dia, amanhã, bom, povo, obrigado"
1561022503446790151,7,"educação, brasil, crianças, ensino, melhores"
1561022855189504002,7,"educação, brasil, crianças, ensino, melhores"
1561023260317421570,0,"brasil, brasildaesperança, povo, país, equipelula"
1561023596876767233,8,"bolsonaro, saúde, vacina, pessoas, pandemia"
1561024477403774977,0,"brasil, brasildaesperança, povo, país, equipelula"
1561025463488839680,0,"brasil, brasildaesperança, povo, país, equipelula"
1561026105397678080,1,"povo, presidente, porque, bolsonaro, gente"
1561027323994034183,0,"brasil, brasildaesperança, povo, país, equipelula"
1561035058504400896,0,"brasil, brasildaesperança, povo, país, equipelula"
1561043076906422272,0,"brasil, brasildaesperança, povo, país, equipelula"
1561045532403027968,0,"brasil, brasildaesperança, povo, país, equipelula"
1561057306804117505,1,"povo, presidente, porque, bolsonaro, gente"
1561094730653515785,0,"brasil, brasildaesperança, povo, país, equipelula"
1561116412957057025,0,"brasil, brasildaesperança, povo, país, equipelula"
1561119616918773760,1,"povo, presidente, porque, bolsonaro, gente"
1561158923868160006,5,"dia, amanhã, bom, povo, obrigado"
1561309279365259265,5,"dia, amanhã, bom, povo, obrigado"
1561350688705335300,0,"brasil, brasildaesperança, povo, país, equipelula"
1561389851102134272,0,"brasil, brasildaesperança, povo, país, equipelula"
1561438382470975491,0,"brasil, brasildaesperança, povo, país, equipelula"
1561471041507033088,0,"brasil, brasildaesperança, povo, país, equipelula"
1561496312532635648,0,"brasil, brasildaesperança, povo, país, equipelula"
1561523181403488256,0,"brasil, brasildaesperança, povo, país, equipelula"
1561661580701474817,1,"povo, presidente, porque, bolsonaro, gente"
1561703822870855681,0,"brasil, brasildaesperança, povo, país, equipelula"
1561720995643240448,4,"broadcasts, lula, broadcasts lula, imprensa, conversa"
1561723784314474496,0,"brasil, brasildaesperança, povo, país, equipelula"
1561723908599996416,0,"brasil, brasildaesperança, povo, país, equipelula"
1561724296812236800,0,"brasil, brasildaesperança, povo, país, equipelula"
1561724425522782209,1,"povo, presidente, porque, bolsonaro, gente"
1561725252622761986,10,"indígenas, povos, precisamos, desenvolvimento, ilegal"
1561725410185994240,0,"brasil, brasildaesperança, povo, país, equipelula"
1561728377505062914,0,"brasil, brasildaesperança, povo, país, equipelula"
1561729061596061699,0,"brasil, brasildaesperança, povo, país, equipelula"
1561729218958049280,0,"brasil, brasildaesperança, povo, país, equipelula"
1561729328118988800,1,"povo, presidente, porque, bolsonaro, gente"
1561729438873796608,0,"brasil, brasildaesperança, povo, país, equipelula"
1561729831955464195,1,"povo, presidente, porque, bolsonaro, gente"
1561731250087514114,0,"brasil, brasildaesperança, povo, país, equipelula"
1561732426996514816,2,"governo, renda, salário, mínimo, aumento"
1561732530474205184,2,"governo, renda, salário, mínimo, aumento"
1561734858925285377,0,"brasil, brasildaesperança, povo, país, equipelula"
1561735087540019204,1,"povo, presidente, porque, bolsonaro, gente"
1561736889908006920,0,"brasil, brasildaesperança, povo, país, equipelula"
1561741551495266310,1,"povo, presidente, porque, bolsonaro, gente"
1561790057006112768,0,"brasil, brasildaesperança, povo, país, equipelula"
1561822441982382082,0,"brasil, brasildaesperança, povo, país, equipelula"
1561840011972075522,2,"governo, renda, salário, mínimo, aumento"
1561843791803256833,12,"lula, broadcasts, juntos, ato, broadcasts lula"
1561887676583841793,0,"brasil, brasildaesperança, povo, país, equipelula"
1562025316129935360,0,"brasil, brasildaesperança, povo, país, equipelula"
1562102136548237312,0,"brasil, brasildaesperança, povo, país, equipelula"
1562147018268606464,0,"brasil, brasildaesperança, povo, país, equipelula"
1562191062503866369,4,"broadcasts, lula, broadcasts lula, imprensa, conversa"
1562195228035260417,1,"povo, presidente, porque, bolsonaro, gente"
1562195448831520769,10,"indígenas, povos, precisamos, desenvolvimento, ilegal"
1562215759710912512,0,"brasil, brasildaesperança, povo, país, equipelula"
1562248696825319424,0,"brasil, brasildaesperança, povo, país, equipelula"
1562391763695837184,5,"dia, amanhã, bom, povo, obrigado"
1562443761203810304,11,"fake, fake news, news, verdade, mentiras"
1562494934074044421,3,"cirotv, vivo, cirotv br, br, acompanhe"
1562535325800759302,12,"lula, broadcasts, juntos, ato, broadcasts lula"
1562567415279394816,1,"povo, presidente, porque, bolsonaro, gente"
1562575634039439361,0,"brasil, brasildaesperança, povo, país, equipelula"
1562610168902193152,5,"dia, amanhã, bom, povo, obrigado"
1562750248321069056,1,"povo, presidente, porque, bolsonaro, gente"
1562768975951409153,3,"cirotv, vivo, cirotv br, br, acompanhe"
1562862648789610502,0,"brasil, brasildaesperança, povo, país, equipelula"
1562946575764033536,0,"brasil, brasildaesperança, povo, país, equipelula"
1562947450377084928,1,"povo, presidente, porque, bolsonaro, gente"
1562949350027694083,0,"brasil, brasildaesperança, povo, país, equipelula"
1562950653193773056,0,"brasil, brasildaesperança, povo, país, equipelula"
1562950980097912832,3,"cirotv, vivo, cirotv br, br, acompanhe"
1562951618567426050,0,"brasil, brasildaesperança, povo, país, equipelula"
1562953215045681157,1,"povo, presidente, porque, bolsonaro, gente"
1562953616545452032,0,"brasil, brasildaesperança, povo, país, equipelula"
1562954228968361984,0,"brasil, brasildaesperança, povo, país, equipelula"
1562955330740334603,2,"governo, renda, salário, mínimo, aumento"
1562955745406353408,0,"brasil, brasildaesperança, povo, país, equipelula"
1562957095963570176,2,"governo, renda, salário, mínimo, aumento"
1562957303217012737,0,"brasil, brasildaesperança, povo, país, equipelula"
1562962020994994177,3,"cirotv, vivo, cirotv br, br, acompanhe"
1562974275589804033,5,"dia, amanhã, bom, povo, obrigado"
1563002992118231040,5,"dia, amanhã, bom, povo, obrigado"
1563118730074529793,0,"brasil, brasildaesperança, povo, país, equipelula"
1563135263374979072,4,"broadcasts, lula, broadcasts lula, imprensa, conversa"
1563142138199965697,9,"educação, escola, universidades, estudantes, ensino"
1563146339638472705,1,"povo, presidente, porque, bolsonaro, gente"
1563169694492008448,1,"povo, presidente, porque, bolsonaro, gente"
1563199969011519489,0,"brasil, brasildaesperança, povo, país, equipelula"
1563227982008750082,0,"brasil, brasildaesperança, povo, país, equipelula"
1563273858937163777,4,"broadcasts, lula, broadcasts lula, imprensa, conversa"
1563310418231459841,0,"brasil, brasildaesperança, povo, país, equipelula"
1563334712541999105,0,"brasil, brasildaesperança, povo, país, equipelula"
1563492797998833664,5,"dia, amanhã, bom, povo, obrigado"
1563551653856690176,5,"dia, amanhã, bom, povo, obrigado"
1563592318472450052,0,"brasil, brasildaesperança, povo, país, equipelula"
1563618218832437250,12,"lula, broadcasts, juntos, ato, broadcasts lula"
1563648123687280640,0,"brasil, brasildaesperança, povo, país, equipelula"
1563652378582142976,5,"dia, amanhã, bom, povo, obrigado"
1563672946945687552,0,"brasil, brasildaesperança, povo, país, equipelula"
1563685263842414592,0,"brasil, brasildaesperança, povo, país, equipelula"
1563698114376220674,0,"brasil, brasildaesperança, povo, país, equipelula"
1563851050028830722,5,"dia, amanhã, bom, povo, obrigado"
1563954573630476290,12,"lula, broadcasts, juntos, ato, broadcasts lula"
1564034465030086657,1,"povo, presidente, porque, bolsonaro, gente"
1564044340678332419,9,"educação, escola, universidades, estudantes, ensino"
1564046221966295043,0,"brasil, brasildaesperança, povo, país, equipelula"
1564046421581504519,1,"povo, presidente, porque, bolsonaro, gente"
1564052030200717313,0,"brasil, brasildaesperança, povo, país, equipelula"
1564052161146789888,0,"brasil, brasildaesperança, povo, país, equipelula"
1564053726817652736,3,"cirotv, vivo, cirotv br, br, acompanhe"
1564058797294878720,2,"governo, renda, salário, mínimo, aumento"
1564059427195478016,8,"bolsonaro, saúde, vacina, pessoas, pandemia"
1564060729896046595,7,"educação, brasil, crianças, ensino, melhores"
1564065906225025024,11,"fake, fake news, news, verdade, mentiras"
1564070137149415426,2,"governo, renda, salário, mínimo, aumento"
1564070566793035778,0,"brasil, brasildaesperança, povo, país, equipelula"
1564074620222930944,8,"bolsonaro, saúde, vacina, pessoas, pandemia"
1564078865965801473,0,"brasil, brasildaesperança, povo, país, equipelula"
1564081964331794433,0,"brasil, brasildaesperança, povo, país, equipelula"
1564082091582787588,1,"povo, presidente, porque, bolsonaro, gente"
1564086940923826176,5,"dia, amanhã, bom, povo, obrigado"
1564203532571611136,0,"brasil, brasildaesperança, povo, país, equipelula"
1564256658678767617,6,"ciro, giro ciro, giro, perca, sp"
1564296963004448769,0,"brasil, brasildaesperança, povo, país, equipelula"
1564304709652971520,10,"indígenas, povos, precisamos, desenvolvimento, ilegal"
1564304809511079937,0,"brasil, brasildaesperança, povo, país, equipelula"
1564310983635607552,0,"brasil, brasildaesperança, povo, país, equipelula"
1564362435615678465,0,"brasil, brasildaesperança, povo, país, equipelula"
1564379653523079168,4,"broadcasts, lula, broadcasts lula, imprensa, conversa"
1564396485072019459,2,"governo, renda, salário, mínimo, aumento"
1564562129700765696,0,"brasil, brasildaesperança, povo, país, equipelula"
1564577336988938241,12,"lula, broadcasts, juntos, ato, broadcasts lula"
1564579318654697473,0,"brasil, brasildaesperança, povo, país, equipelula"
1564580376227487744,10,"indígenas, povos, precisamos, desenvolvimento, ilegal"
1564582989958418434,10,"indígenas, povos, precisamos, desenvolvimento, ilegal"
1564583170162495493,1,"povo, presidente, porque, bolsonaro, gente"
1564584706712211458,0,"brasil, brasildaesperança, povo, país, equipelula"
1564593839666503681,9,"educação, escola, universidades, estudantes, ensino"
1564593977633947650,0,"brasil, brasildaesperança, povo, país, equipelula"
1564631361977212929,0,"brasil, brasildaesperança, povo, país, equipelula"
1564661531346112513,1,"povo, presidente, porque, bolsonaro, gente"
1564665392764706820,1,"povo, presidente, porque, bolsonaro, gente"
1564665852305317889,1,"povo, presidente, porque, bolsonaro, gente"
1564666152453808131,9,"educação, escola, universidades, estudantes, ensino"
1564689247596158977,0,"brasil, brasildaesperança, povo, país, equipelula"
1564705452004360196,0,"brasil, brasildaesperança, povo, país, equipelula"
1564722242881191936,0,"brasil, brasildaesperança, povo, país, equipelula"
1564762699766108160,5,"dia, amanhã, bom, povo, obrigado"
1564771272453668865,4,"broadcasts, lula, broadcasts lula, imprensa, conversa"
1564786517092044802,7,"educação, brasil, crianças, ensino, melhores"
1564950427040456711,0,"brasil, brasildaesperança, povo, país, equipelula"
1564951542209429504,1,"povo, presidente, porque, bolsonaro, gente"
1564951732400132096,8,"bolsonaro, saúde, vacina, pessoas, pandemia"
1564951939896549378,1,"povo, presidente, porque, bolsonaro, gente"
1564952822482776066,1,"povo, presidente, porque, bolsonaro, gente"
1564953743531151368,10,"indígenas, povos, precisamos, desenvolvimento, ilegal"
1564955810589032449,2,"governo, renda, salário, mínimo, aumento"
1564955958756925446,0,"brasil, brasildaesperança, povo, país, equipelula"
1564956799530409989,0,"brasil, brasildaesperança, povo, país, equipelula"
1564957358773747713,2,"governo, renda, salário, mínimo, aumento"
1565013799064768516,0,"brasil, brasildaesperança, povo, país, equipelula"
1565027128428662784,1,"povo, presidente, porque, bolsonaro, gente"
1565031423601516544,5,"dia, amanhã, bom, povo, obrigado"
1565047705860276226,6,"ciro, giro ciro, giro, perca, sp"
1565058016420184064,4,"broadcasts, lula, broadcasts lula, imprensa, conversa"
1565067826096132096,4,"broadcasts, lula, broadcasts lula, imprensa, conversa"
1565068811375886336,4,"broadcasts, lula, broadcasts lula, imprensa, conversa"
1565069009728540672,10,"indígenas, povos, precisamos, desenvolvimento, ilegal"
1565069242252378115,0,"brasil, brasildaesperança, povo, país, equipelula"
1565069467540938753,10,"indígenas, povos, precisamos, desenvolvimento, ilegal"
1565088536906371074,10,"indígenas, povos, precisamos, desenvolvimento, ilegal"
1565089123362570240,0,"brasil, brasildaesperança, povo, país, equipelula"
1565094309698871302,0,"brasil, brasildaesperança, povo, país, equipelula"
1565105722329038849,0,"brasil, brasildaesperança, povo, país, equipelula"
1565130396765126656,12,"lula, broadcasts, juntos, ato, broadcasts lula"
1565151400476172290,0,"brasil, brasildaesperança, povo, país, equipelula"
1565151637160730626,9,"educação, escola, universidades, estudantes, ensino"
1565151807348916225,1,"povo, presidente, porque, bolsonaro, gente"
1565152413241188352,6,"ciro, giro ciro, giro, perca, sp"
1565153261946126337,0,"brasil, brasildaesperança, povo, país, equipelula"
1565174813529882625,0,"brasil, brasildaesperança, povo, país, equipelula"
1565305249828519937,5,"dia, amanhã, bom, povo, obrigado"
1565316508204630021,0,"brasil, brasildaesperança, povo, país, equipelula"
1565332313394663424,12,"lula, broadcasts, juntos, ato, broadcasts lula"
1565348428296495106,1,"povo, presidente, porque, bolsonaro, gente"
1565349227995475975,4,"broadcasts, lula, broadcasts lula, imprensa, conversa"
1565359850120527872,5,"dia, amanhã, bom, povo, obrigado"
1565377641968025602,1,"povo, presidente, porque, bolsonaro, gente"
1565380831048245248,9,"educação, escola, universidades, estudantes, ensino"
1565381016176529409,2,"governo, renda, salário, mínimo, aumento"
1565383431785271297,0,"brasil, brasildaesperança, povo, país, equipelula"
1565384485331419136,2,"governo, renda, salário, mínimo, aumento"
1565403880023810053,5,"dia, amanhã, bom, povo, obrigado"
1565435842969190402,10,"indígenas, povos, precisamos, desenvolvimento, ilegal"
1565450981541806082,0,"brasil, brasildaesperança, povo, país, equipelula"
1565473064904687617,4,"broadcasts, lula, broadcasts lula, imprensa, conversa"
1565473495467069440,12,"lula, broadcasts, juntos, ato, broadcasts lula"
1565488380238073861,0,"brasil, brasildaesperança, povo, país, equipelula"
1565495811278086144,2,"governo, renda, salário, mínimo, aumento"
1565495968803524611,0,"brasil, brasildaesperança, povo, país, equipelula"
1565497093179015171,1,"povo, presidente, porque, bolsonaro, gente"
1565497695938256896,8,"bolsonaro, saúde, vacina, pessoas, pandemia"
1565497923856637952,7,"educação, brasil, crianças, ensino, melhores"
1565498469837684736,2,"governo, renda, salário, mínimo, aumento"
1565499441146118144,7,"educação, brasil, crianças, ensino, melhores"
1565500407509557248,1,"povo, presidente, porque, bolsonaro, gente"
1565519904710721539,1,"povo, presidente, porque, bolsonaro, gente"
1565550773370494976,0,"brasil, brasildaesperança, povo, país, equipelula"
1565664662196305920,0,"brasil, brasildaesperança, povo, país, equipelula"
1565684342302834689,4,"broadcasts, lula, broadcasts lula, imprensa, conversa"
1565685571145834496,4,"broadcasts, lula, broadcasts lula, imprensa, conversa"
1565704486898778115,0,"brasil, brasildaesperança, povo, país, equipelula"
1565706356379762691,2,"governo, renda, salário, mínimo, aumento"
1565726422395756553,10,"indígenas, povos, precisamos, desenvolvimento, ilegal"
1565759273157672964,5,"dia, amanhã, bom, povo, obrigado"
1565799190038724608,4,"broadcasts, lula, broadcasts lula, imprensa, conversa"
1565806711214063618,1,"povo, presidente, porque, bolsonaro, gente"
1565808088975900672,1,"povo, presidente, porque, bolsonaro, gente"
1565809568982175744,2,"governo, renda, salário, mínimo, aumento"
1565815926477717504,12,"lula, broadcasts, juntos, ato, broadcasts lula"
1565830696773582850,0,"brasil, brasildaesperança, povo, país, equipelula"
1565843324518416384,1,"povo, presidente, porque, bolsonaro, gente"
1565845318884904961,8,"bolsonaro, saúde, vacina, pessoas, pandemia"
1565845523692666888,9,"educação, escola, universidades, estudantes, ensino"
1565846857837944834,7,"educação, brasil, crianças, ensino, melhores"
1565847158393380864,9,"educação, escola, universidades, estudantes, ensino"
1565849719804497923,5,"dia, amanhã, bom, povo, obrigado"
1565851271650762754,1,"povo, presidente, porque, bolsonaro, gente"
1565857056816566272,12,"lula, broadcasts, juntos, ato, broadcasts lula"
1565866572652199943,1,"povo, presidente, porque, bolsonaro, gente"
1565880239582052352,1,"povo, presidente, porque, bolsonaro, gente"
1566013149517594626,1,"povo, presidente, porque, bolsonaro, gente"
1566053750292500480,4,"broadcasts, lula, broadcasts lula, imprensa, conversa"
1566066484962639872,9,"educação, escola, universidades, estudantes, ensino"
1566071254041432064,1,"povo, presidente, porque, bolsonaro, gente"
1566078593813323778,1,"povo, presidente, porque, bolsonaro, gente"
1566087536547663872,6,"ciro, giro ciro, giro, perca, sp"
1566101025215447048,5,"dia, amanhã, bom, povo, obrigado"
1566160835885629442,0,"brasil, brasildaesperança, povo, país, equipelula"
1566177092957573121,0,"brasil, brasildaesperança, povo, país, equipelula"
1566449619579584516,1,"povo, presidente, porque, bolsonaro, gente"
1566456538251804672,1,"povo, presidente, porque, bolsonaro, gente"
1566456905324707841,10,"indígenas, povos, precisamos, desenvolvimento, ilegal"
1566487152606814209,0,"brasil, brasildaesperança, povo, país, equipelula"
1566525260752642053,2,"governo, renda, salário, mínimo, aumento"
1566601071941787654,1,"povo, presidente, porque, bolsonaro, gente"
1566743058665832450,10,"indígenas, povos, precisamos, desenvolvimento, ilegal"
1566791162651938817,8,"bolsonaro, saúde, vacina, pessoas, pandemia"
1566811646672117769,10,"indígenas, povos, precisamos, desenvolvimento, ilegal"
1566840363482075137,0,"brasil, brasildaesperança, povo, país, equipelula"
1566875021368344576,0,"brasil, brasildaesperança, povo, país, equipelula"
1566888704081563648,4,"broadcasts, lula, broadcasts lula, imprensa, conversa"
1566894328768757761,5,"dia, amanhã, bom, povo, obrigado"
1566918442669805575,0,"brasil, brasildaesperança, povo, país, equipelula"
1566918588035805184,0,"brasil, brasildaesperança, povo, país, equipelula"
1566918780571328512,2,"governo, renda, salário, mínimo, aumento"
1566942124997808128,0,"brasil, brasildaesperança, povo, país, equipelula"
1566965747259252736,1,"povo, presidente, porque, bolsonaro, gente"
1567105112019030016,7,"educação, brasil, crianças, ensino, melhores"
1567134828176314370,5,"dia, amanhã, bom, povo, obrigado"
1567152598859259904,0,"brasil, brasildaesperança, povo, país, equipelula"
1567159548284207104,3,"cirotv, vivo, cirotv br, br, acompanhe"
1567172270128533510,0,"brasil, brasildaesperança, povo, país, equipelula"
1567174679256829959,1,"povo, presidente, porque, bolsonaro, gente"
1567175163346669568,1,"povo, presidente, porque, bolsonaro, gente"
1567175573427916800,0,"brasil, brasildaesperança, povo, país, equipelula"
1567175787710758913,0,"brasil, brasildaesperança, povo, país, equipelula"
1567175965712719875,1,"povo, presidente, porque, bolsonaro, gente"
1567176249688064000,1,"povo, presidente, porque, bolsonaro, gente"
1567187741334437888,0,"brasil, brasildaesperança, povo, país, equipelula"
1567230880439062530,0,"brasil, brasildaesperança, povo, país, equipelula"
1567252469012389889,9,"educação, escola, universidades, estudantes, ensino"
1567261657281208320,5,"dia, amanhã, bom, povo, obrigado"
1567270147865411584,11,"fake, fake news, news, verdade, mentiras"
1567294172524171265,0,"brasil, brasildaesperança, povo, país, equipelula"
1567324800120459265,0,"brasil, brasildaesperança, povo, país, equipelula"
1567465717741625346,0,"brasil, brasildaesperança, povo, país, equipelula"
1567495683489284098,0,"brasil, brasildaesperança, povo, país, equipelula"
1567533636580155394,0,"brasil, brasildaesperança, povo, país, equipelula"
1567576230567739396,0,"brasil, brasildaesperança, povo, país, equipelula"
1567652559627730944,0,"brasil, brasildaesperança, povo, país, equipelula"
1567826530360860673,0,"brasil, brasildaesperança, povo, país, equipelula"
1567874996931788802,0,"brasil, brasildaesperança, povo, país, equipelula"
1567915368613826561,8,"bolsonaro, saúde, vacina, pessoas, pandemia"
1567944755081781248,1,"povo, presidente, porque, bolsonaro, gente"
1567964015036633091,5,"dia, amanhã, bom, povo, obrigado"
1567989339845697536,12,"lula, broadcasts, juntos, ato, broadcasts lula"
1567998266083577860,1,"povo, presidente, porque, bolsonaro, gente"
1568008957066907649,8,"bolsonaro, saúde, vacina, pessoas, pandemia"
1568009314245423105,1,"povo, presidente, porque, bolsonaro, gente"
1568009934012403719,9,"educação, escola, universidades, estudantes, ensino"
1568011740495085569,5,"dia, amanhã, bom, povo, obrigado"
1568016970657988608,1,"povo, presidente, porque, bolsonaro, gente"
1568025160245968896,0,"brasil, brasildaesperança, povo, país, equipelula"
1568039239492714496,5,"dia, amanhã, bom, povo, obrigado"
1568046887340490752,9,"educação, escola, universidades, estudantes, ensino"
1568194689580384256,0,"brasil, brasildaesperança, povo, país, equipelula"
1568244080752066562,0,"brasil, brasildaesperança, povo, país, equipelula"
1568267080524533761,4,"broadcasts, lula, broadcasts lula, imprensa, conversa"
1568286917820616708,0,"brasil, brasildaesperança, povo, país, equipelula"
1568287244762456070,9,"educação, escola, universidades, estudantes, ensino"
1568289435606814722,0,"brasil, brasildaesperança, povo, país, equipelula"
1568289656298524676,0,"brasil, brasildaesperança, povo, país, equipelula"
1568290875247058947,1,"povo, presidente, porque, bolsonaro, gente"
1568299232901070849,0,"brasil, brasildaesperança, povo, país, equipelula"
1568312915102679041,0,"brasil, brasildaesperança, povo, país, equipelula"
1568313568306810882,4,"broadcasts, lula, broadcasts lula, imprensa, conversa"
1568324155891744768,0,"brasil, brasildaesperança, povo, país, equipelula"
1568324338079731715,2,"governo, renda, salário, mínimo, aumento"
1568324859326873600,1,"povo, presidente, porque, bolsonaro, gente"
1568325101174820864,2,"governo, renda, salário, mínimo, aumento"
1568325484542394368,0,"brasil, brasildaesperança, povo, país, equipelula"
1568347420731359232,5,"dia, amanhã, bom, povo, obrigado"
1568363905549754379,0,"brasil, brasildaesperança, povo, país, equipelula"
1568407243963465728,0,"brasil, brasildaesperança, povo, país, equipelula"
1568551098448756741,5,"dia, amanhã, bom, povo, obrigado"
1568606061971804161,12,"lula, broadcasts, juntos, ato, broadcasts lula"
1568622151564988417,2,"governo, renda, salário, mínimo, aumento"
1568622476854173697,9,"educação, escola, universidades, estudantes, ensino"
1568624199367020545,1,"povo, presidente, porque, bolsonaro, gente"
1568626150200557573,1,"povo, presidente, porque, bolsonaro, gente"
1568627270448734208,0,"brasil, brasildaesperança, povo, país, equipelula"
1568638345873428484,0,"brasil, brasildaesperança, povo, país, equipelula"
1568664665626148864,8,"bolsonaro, saúde, vacina, pessoas, pandemia"
1568715479908323331,11,"fake, fake news, news, verdade, mentiras"
1568735231561109506,0,"brasil, brasildaesperança, povo, país, equipelula"
1568766644670939137,0,"brasil, brasildaesperança, povo, país, equipelula"
1568774938668023808,0,"brasil, brasildaesperança, povo, país, equipelula"
1568920052354670595,5,"dia, amanhã, bom, povo, obrigado"
1568967191369850881,0,"brasil, brasildaesperança, povo, país, equipelula"
1568998507964506115,4,"broadcasts, lula, broadcasts lula, imprensa, conversa"
1569033874545467396,0,"brasil, brasildaesperança, povo, país, equipelula"
1569047715333525505,0,"brasil, brasildaesperança, povo, país, equipelula"
1569097374420860928,0,"brasil, brasildaesperança, povo, país, equipelula"
1569125511091130369,5,"dia, amanhã, bom, povo, obrigado"
1569272463309119489,6,"ciro, giro ciro, giro, perca, sp"
1569309455652732932,0,"brasil, brasildaesperança, povo, país, equipelula"
1569335037962887168,4,"broadcasts, lula, broadcasts lula, imprensa, conversa"
1569341490362568704,1,"povo, presidente, porque, bolsonaro, gente"
1569341953900150787,1,"povo, presidente, porque, bolsonaro, gente"
1569343196995485696,10,"indígenas, povos, precisamos, desenvolvimento, ilegal"
1569359321485410304,1,"povo, presidente, porque, bolsonaro, gente"
1569359504680095744,1,"povo, presidente, porque, bolsonaro, gente"
1569370022077730817,2,"governo, renda, salário, mínimo, aumento"
1569383233388777486,11,"fake, fake news, news, verdade, mentiras"
1569402087166861312,0,"brasil, brasildaesperança, povo, país, equipelula"
1569416464779644928,0,"brasil, brasildaesperança, povo, país, equipelula"
1569434623033188354,3,"cirotv, vivo, cirotv br, br, acompanhe"
1569461317286920195,12,"lula, broadcasts, juntos, ato, broadcasts lula"
1569463730546556928,11,"fake, fake news, news, verdade, mentiras"
1569463916908130305,1,"povo, presidente, porque, bolsonaro, gente"
1569464270219354112,1,"povo, presidente, porque, bolsonaro, gente"
1569464730535825408,0,"brasil, brasildaesperança, povo, país, equipelula"
1569465139669389312,11,"fake, fake news, news, verdade, mentiras"
1569466868490211330,1,"povo, presidente, porque, bolsonaro, gente"
1569467658944532482,1,"povo, presidente, porque, bolsonaro, gente"
1569468607406686210,1,"povo, presidente, porque, bolsonaro, gente"
1569469557873721344,2,"governo, renda, salário, mínimo, aumento"
1569471499035082752,2,"governo, renda, salário, mínimo, aumento"
1569471963692761090,0,"brasil, brasildaesperança, povo, país, equipelula"
1569473999025106945,0,"brasil, brasildaesperança, povo, país, equipelula"
1569474909038080003,0,"brasil, brasildaesperança, povo, país, equipelula"
1569498542636695555,5,"dia, amanhã, bom, povo, obrigado"
1569644953562660866,1,"povo, presidente, porque, bolsonaro, gente"
1569681000300527616,1,"povo, presidente, porque, bolsonaro, gente"
1569746694509584387,0,"brasil, brasildaesperança, povo, país, equipelula"
1569775050898685952,12,"lula, broadcasts, juntos, ato, broadcasts lula"
1569801112986828800,0,"brasil, brasildaesperança, povo, país, equipelula"
1569818180922515463,0,"brasil, brasildaesperança, povo, país, equipelula"
1569839561169043456,0,"brasil, brasildaesperança, povo, país, equipelula"
1569858442046603264,0,"brasil, brasildaesperança, povo, país, equipelula"
1570002046786363392,1,"povo, presidente, porque, bolsonaro, gente"
1570044120793587718,0,"brasil, brasildaesperança, povo, país, equipelula"
1570046814614880260,4,"broadcasts, lula, broadcasts lula, imprensa, conversa"
1570076216610127873,5,"dia, amanhã, bom, povo, obrigado"
1570077824630808577,2,"governo, renda, salário, mínimo, aumento"
1570079942020562945,0,"brasil, brasildaesperança, povo, país, equipelula"
1570080870031151105,1,"povo, presidente, porque, bolsonaro, gente"
1570082849096613889,1,"povo, presidente, porque, bolsonaro, gente"
1570083217033596930,11,"fake, fake news, news, verdade, mentiras"
1570097491097387012,0,"brasil, brasildaesperança, povo, país, equipelula"
1570132093958602752,3,"cirotv, vivo, cirotv br, br, acompanhe"
1570137170421370881,0,"brasil, brasildaesperança, povo, país, equipelula"
1570171784485388289,0,"brasil, brasildaesperança, povo, país, equipelula"
1570220339845537793,1,"povo, presidente, porque, bolsonaro, gente"
1570360199671877635,0,"brasil, brasildaesperança, povo, país, equipelula"
1570397223669862403,12,"lula, broadcasts, juntos, ato, broadcasts lula"
1570431071300497409,0,"brasil, brasildaesperança, povo, país, equipelula"
1570480534257532931,3,"cirotv, vivo, cirotv br, br, acompanhe"
1570519847062368256,4,"broadcasts, lula, broadcasts lula, imprensa, conversa"
1570521794729357312,0,"brasil, brasildaesperança, povo, país, equipelula"
1570522029778149376,2,"governo, renda, salário, mínimo, aumento"
1570525238030643200,0,"brasil, brasildaesperança, povo, país, equipelula"
1570525395694551040,0,"brasil, brasildaesperança, povo, país, equipelula"
1570525641732411392,0,"brasil, brasildaesperança, povo, país, equipelula"
1570529039580004352,1,"povo, presidente, porque, bolsonaro, gente"
1570539359568556035,12,"lula, broadcasts, juntos, ato, broadcasts lula"
1570553127149137920,9,"educação, escola, universidades, estudantes, ensino"
1570553257860411393,2,"governo, renda, salário, mínimo, aumento"
1570554388170821632,9,"educação, escola, universidades, estudantes, ensino"
1570554575467446273,8,"bolsonaro, saúde, vacina, pessoas, pandemia"
1570556335024115713,9,"educação, escola, universidades, estudantes, ensino"
1570558301901033474,0,"brasil, brasildaesperança, povo, país, equipelula"
1570559590248624128,0,"brasil, brasildaesperança, povo, país, equipelula"
1570571668203913216,7,"educação, brasil, crianças, ensino, melhores"
1570579800099815425,4,"broadcasts, lula, broadcasts lula, imprensa, conversa"
1570721717366194182,5,"dia, amanhã, bom, povo, obrigado"
1570751888932622337,12,"lula, broadcasts, juntos, ato, broadcasts lula"
1570784009118191617,0,"brasil, brasildaesperança, povo, país, equipelula"
1570805098191949825,0,"brasil, brasildaesperança, povo, país, equipelula"
1570832235598843904,0,"brasil, brasildaesperança, povo, país, equipelula"
1570875092477026306,4,"broadcasts, lula, broadcasts lula, imprensa, conversa"
1570886760519045121,0,"brasil, brasildaesperança, povo, país, equipelula"
1570887604031356928,1,"povo, presidente, porque, bolsonaro, gente"
1570888637566582787,5,"dia, amanhã, bom, povo, obrigado"
1570889384333037569,2,"governo, renda, salário, mínimo, aumento"
1570891991692738566,12,"lula, broadcasts, juntos, ato, broadcasts lula"
1570919597955751936,5,"dia, amanhã, bom, povo, obrigado"
1570923525837561856,1,"povo, presidente, porque, bolsonaro, gente"
1570923996950167553,8,"bolsonaro, saúde, vacina, pessoas, pandemia"
1570924161060712450,0,"brasil, brasildaesperança, povo, país, equipelula"
1570924662959513600,1,"povo, presidente, porque, bolsonaro, gente"
1570928561024012290,1,"povo, presidente, porque, bolsonaro, gente"
1570942344052240384,0,"brasil, brasildaesperança, povo, país, equipelula"
1571092495152590851,0,"brasil, brasildaesperança, povo, país, equipelula"
1571116099768557568,0,"brasil, brasildaesperança, povo, país, equipelula"
1571148585466753024,12,"lula, broadcasts, juntos, ato, broadcasts lula"
1571163543801675776,5,"dia, amanhã, bom, povo, obrigado"
1571169896603459584,5,"dia, amanhã, bom, povo, obrigado"
1571170193191084033,2,"governo, renda, salário, mínimo, aumento"
1571170580878991361,5,"dia, amanhã, bom, povo, obrigado"
1571170989160992769,1,"povo, presidente, porque, bolsonaro, gente"
1571173454639931392,9,"educação, escola, universidades, estudantes, ensino"
1571176831147024386,7,"educação, brasil, crianças, ensino, melhores"
1571177099397824515,1,"povo, presidente, porque, bolsonaro, gente"
1571180042658451461,1,"povo, presidente, porque, bolsonaro, gente"
1571180258027618304,1,"povo, presidente, porque, bolsonaro, gente"
1571180449602338817,0,"brasil, brasildaesperança, povo, país, equipelula"
1571193008309010433,5,"dia, amanhã, bom, povo, obrigado"
1571231692823617540,4,"broadcasts, lula, broadcasts lula, imprensa, conversa"
1571248631138684929,4,"broadcasts, lula, broadcasts lula, imprensa, conversa"
1571266002041675776,0,"brasil, brasildaesperança, povo, país, equipelula"
1571276713329311745,11,"fake, fake news, news, verdade, mentiras"
1571293663480713216,0,"brasil, brasildaesperança, povo, país, equipelula"
1571309649114140678,2,"governo, renda, salário, mínimo, aumento"
1571458140624781312,0,"brasil, brasildaesperança, povo, país, equipelula"
1571483659974189056,10,"indígenas, povos, precisamos, desenvolvimento, ilegal"
1571507770666659841,12,"lula, broadcasts, juntos, ato, broadcasts lula"
1571526709496918017,6,"ciro, giro ciro, giro, perca, sp"
1571528413269168129,1,"povo, presidente, porque, bolsonaro, gente"
1571530667900502016,10,"indígenas, povos, precisamos, desenvolvimento, ilegal"
1571530868937596930,1,"povo, presidente, porque, bolsonaro, gente"
1571531039461486592,1,"povo, presidente, porque, bolsonaro, gente"
1571531214519169024,1,"povo, presidente, porque, bolsonaro, gente"
1571533101544751105,8,"bolsonaro, saúde, vacina, pessoas, pandemia"
1571535221597835266,1,"povo, presidente, porque, bolsonaro, gente"
1571536432220487681,5,"dia, amanhã, bom, povo, obrigado"
1571538413303795714,1,"povo, presidente, porque, bolsonaro, gente"
1571538530802835456,5,"dia, amanhã, bom, povo, obrigado"
1571568443383549958,0,"brasil, brasildaesperança, povo, país, equipelula"
1571607269548167169,0,"brasil, brasildaesperança, povo, país, equipelula"
1571620197710307328,1,"povo, presidente, porque, bolsonaro, gente"
1571635846272659456,0,"brasil, brasildaesperança, povo, país, equipelula"
1571651750406275073,0,"brasil, brasildaesperança, povo, país, equipelula"
1571667095389376513,1,"povo, presidente, porque, bolsonaro, gente"
1571806553581158400,5,"dia, amanhã, bom, povo, obrigado"
1571845050392522752,0,"brasil, brasildaesperança, povo, país, equipelula"
1571846955688665088,4,"broadcasts, lula, broadcasts lula, imprensa, conversa"
1571860224197234689,9,"educação, escola, universidades, estudantes, ensino"
1571860532151595009,7,"educação, brasil, crianças, ensino, melhores"
1571861897397288964,1,"povo, presidente, porque, bolsonaro, gente"
1571863036784156674,1,"povo, presidente, porque, bolsonaro, gente"
1571872616918441985,0,"brasil, brasildaesperança, povo, país, equipelula"
1571891626372435968,7,"educação, brasil, crianças, ensino, melhores"
1571916850078031873,8,"bolsonaro, saúde, vacina, pessoas, pandemia"
1571952334988804098,0,"brasil, brasildaesperança, povo, país, equipelula"
1571968603901104128,0,"brasil, brasildaesperança, povo, país, equipelula"
1572001331866632194,0,"brasil, brasildaesperança, povo, país, equipelula"
1572029262248681472,1,"povo, presidente, porque, bolsonaro, gente"
1572172191181029376,1,"povo, presidente, porque, bolsonaro, gente"
1572186288102707205,11,"fake, fake news, news, verdade, mentiras"
1572212638289129472,2,"governo, renda, salário, mínimo, aumento"
1572217501597208577,4,"broadcasts, lula, broadcasts lula, imprensa, conversa"
1572236070380777472,8,"bolsonaro, saúde, vacina, pessoas, pandemia"
1572236537416372225,0,"brasil, brasildaesperança, povo, país, equipelula"
1572238391139237889,0,"brasil, brasildaesperança, povo, país, equipelula"
1572242334519009282,2,"governo, renda, salário, mínimo, aumento"
1572243236697313281,0,"brasil, brasildaesperança, povo, país, equipelula"
1572255856586268673,8,"bolsonaro, saúde, vacina, pessoas, pandemia"
1572279062462095360,0,"brasil, brasildaesperança, povo, país, equipelula"
1572292862120689664,5,"dia, amanhã, bom, povo, obrigado"
1572322822734884865,0,"brasil, brasildaesperança, povo, país, equipelula"
1572352275909066752,0,"brasil, brasildaesperança, povo, país, equipelula"
1572374407460573190,12,"lula, broadcasts, juntos, ato, broadcasts lula"
1572384298917068802,0,"brasil, brasildaesperança, povo, país, equipelula"
1572397337749733379,0,"brasil, brasildaesperança, povo, país, equipelula"
1572538482085728262,0,"brasil, brasildaesperança, povo, país, equipelula"
1572563954093948929,0,"brasil, brasildaesperança, povo, país, equipelula"
1572579827932344321,4,"broadcasts, lula, broadcasts lula, imprensa, conversa"
1572603270501400577,5,"dia, amanhã, bom, povo, obrigado"
1572618817578143746,0,"brasil, brasildaesperança, povo, país, equipelula"
1572642905386360835,4,"broadcasts, lula, broadcasts lula, imprensa, conversa"
1572651718160297986,1,"povo, presidente, porque, bolsonaro, gente"
1572668062783905793,1,"povo, presidente, porque, bolsonaro, gente"
1572668393937051651,8,"bolsonaro, saúde, vacina, pessoas, pandemia"
1572668563760062465,9,"educação, escola, universidades, estudantes, ensino"
1572668854807003137,1,"povo, presidente, porque, bolsonaro, gente"
1572669404583706627,0,"brasil, brasildaesperança, povo, país, equipelula"
1572706276731424772,9,"educação, escola, universidades, estudantes, ensino"
1572709690307674113,1,"povo, presidente, porque, bolsonaro, gente"
1572709826605780994,0,"brasil, brasildaesperança, povo, país, equipelula"
1572712968147836928,0,"brasil, brasildaesperança, povo, país, equipelula"
1572714396572418048,10,"indígenas, povos, precisamos, desenvolvimento, ilegal"
1572717520188215298,2,"governo, renda, salário, mínimo, aumento"
1572718401436504064,2,"governo, renda, salário, mínimo, aumento"
1572719240633004033,0,"brasil, brasildaesperança, povo, país, equipelula"
1572720701945036807,0,"brasil, brasildaesperança, povo, país, equipelula"
1572729254919667713,0,"brasil, brasildaesperança, povo, país, equipelula"
1572757693382664192,0,"brasil, brasildaesperança, povo, país, equipelula"
1572902173784113153,0,"brasil, brasildaesperança, povo, país, equipelula"
1572925540306239488,3,"cirotv, vivo, cirotv br, br, acompanhe"
1572962076301332480,0,"brasil, brasildaesperança, povo, país, equipelula"
1572974543140016128,2,"governo, renda, salário, mínimo, aumento"
1572978342462193664,1,"povo, presidente, porque, bolsonaro, gente"
1573017387859087362,5,"dia, amanhã, bom, povo, obrigado"
1573036613554372608,0,"brasil, brasildaesperança, povo, país, equipelula"
1573057499032596480,3,"cirotv, vivo, cirotv br, br, acompanhe"
1573077005780025344,6,"ciro, giro ciro, giro, perca, sp"
1573085323642511361,1,"povo, presidente, porque, bolsonaro, gente"
1573085553574420480,1,"povo, presidente, porque, bolsonaro, gente"
1573087317799358465,2,"governo, renda, salário, mínimo, aumento"
1573088522919374848,1,"povo, presidente, porque, bolsonaro, gente"
1573088686090092546,2,"governo, renda, salário, mínimo, aumento"
1573089207555432448,9,"educação, escola, universidades, estudantes, ensino"
1573089783378845698,5,"dia, amanhã, bom, povo, obrigado"
1573090297327849473,10,"indígenas, povos, precisamos, desenvolvimento, ilegal"
1573090630804578305,0,"brasil, brasildaesperança, povo, país, equipelula"
1573091533284413441,8,"bolsonaro, saúde, vacina, pessoas, pandemia"
1573100849945276416,4,"broadcasts, lula, broadcasts lula, imprensa, conversa"
1573106687472459776,0,"brasil, brasildaesperança, povo, país, equipelula"
1573113702580109314,0,"brasil, brasildaesperança, povo, país, equipelula"
1573125249339691008,0,"brasil, brasildaesperança, povo, país, equipelula"
1573288502707605505,10,"indígenas, povos, precisamos, desenvolvimento, ilegal"
1573308729948516352,2,"governo, renda, salário, mínimo, aumento"
1573342503079755778,11,"fake, fake news, news, verdade, mentiras"
1573372021840695296,0,"brasil, brasildaesperança, povo, país, equipelula"
1573390902281863179,0,"brasil, brasildaesperança, povo, país, equipelula"
1573413913114427399,5,"dia, amanhã, bom, povo, obrigado"
1573423999455219712,4,"broadcasts, lula, broadcasts lula, imprensa, conversa"
1573431501408161792,0,"brasil, brasildaesperança, povo, país, equipelula"
1573431703389065222,1,"povo, presidente, porque, bolsonaro, gente"
1573432132889878528,0,"brasil, brasildaesperança, povo, país, equipelula"
1573432319100309518,9,"educação, escola, universidades, estudantes, ensino"
1573432482485211136,1,"povo, presidente, porque, bolsonaro, gente"
1573434166536212480,1,"povo, presidente, porque, bolsonaro, gente"
1573437755497263105,4,"broadcasts, lula, broadcasts lula, imprensa, conversa"
1573455556295139328,1,"povo, presidente, porque, bolsonaro, gente"
1573456533358272512,0,"brasil, brasildaesperança, povo, país, equipelula"
1573456682008576002,5,"dia, amanhã, bom, povo, obrigado"
1573459511133802501,0,"brasil, brasildaesperança, povo, país, equipelula"
1573462277981880320,1,"povo, presidente, porque, bolsonaro, gente"
1573467578399326221,1,"povo, presidente, porque, bolsonaro, gente"
1573495101439049729,0,"brasil, brasildaesperança, povo, país, equipelula"
1573628317546192897,5,"dia, amanhã, bom, povo, obrigado"
1573676479573270529,12,"lula, broadcasts, juntos, ato, broadcasts lula"
1573688871883243520,9,"educação, escola, universidades, estudantes, ensino"
1573688987327381506,1,"povo, presidente, porque, bolsonaro, gente"
1573692299166498816,1,"povo, presidente, porque, bolsonaro, gente"
1573692516863459335,2,"governo, renda, salário, mínimo, aumento"
1573700020754432003,9,"educação, escola, universidades, estudantes, ensino"
1573708824363540483,1,"povo, presidente, porque, bolsonaro, gente"
1573744492083122177,1,"povo, presidente, porque, bolsonaro, gente"
1573771926241218562,7,"educação, brasil, crianças, ensino, melhores"
1573777356334182400,12,"lula, broadcasts, juntos, ato, broadcasts lula"
1573793070298038277,8,"bolsonaro, saúde, vacina, pessoas, pandemia"
1573793221402140677,0,"brasil, brasildaesperança, povo, país, equipelula"
1573795120113225730,1,"povo, presidente, porque, bolsonaro, gente"
1573795387957252099,9,"educação, escola, universidades, estudantes, ensino"
1573795557155520513,0,"brasil, brasildaesperança, povo, país, equipelula"
1573798001365204992,8,"bolsonaro, saúde, vacina, pessoas, pandemia"
1573800814338097157,11,"fake, fake news, news, verdade, mentiras"
1573800958043250690,0,"brasil, brasildaesperança, povo, país, equipelula"
1573808383110553602,0,"brasil, brasildaesperança, povo, país, equipelula"
1573814170423787520,0,"brasil, brasildaesperança, povo, país, equipelula"
1573837122699681795,0,"brasil, brasildaesperança, povo, país, equipelula"
1573849459716460544,0,"brasil, brasildaesperança, povo, país, equipelula"
1573991243486461953,1,"povo, presidente, porque, bolsonaro, gente"
1574020618672115712,8,"bolsonaro, saúde, vacina, pessoas, pandemia"
1574034303352442880,12,"lula, broadcasts, juntos, ato, broadcasts lula"
1574039333300244481,12,"lula, broadcasts, juntos, ato, broadcasts lula"
1574052751658688513,1,"povo, presidente, porque, bolsonaro, gente"
1574053027945799683,1,"povo, presidente, porque, bolsonaro, gente"
1574054704081928195,1,"povo, presidente, porque, bolsonaro, gente"
1574057888062005248,2,"governo, renda, salário, mínimo, aumento"
1574058063098781699,1,"povo, presidente, porque, bolsonaro, gente"
1574059869849751553,1,"povo, presidente, porque, bolsonaro, gente"
1574062233235095552,5,"dia, amanhã, bom, povo, obrigado"
1574067970405433345,0,"brasil, brasildaesperança, povo, país, equipelula"
1574082287540572160,5,"dia, amanhã, bom, povo, obrigado"
1574145629189718017,0,"brasil, brasildaesperança, povo, país, equipelula"
1574198693963608064,0,"brasil, brasildaesperança, povo, país, equipelula"
1574212227582038016,0,"brasil, brasildaesperança, povo, país, equipelula"
1574218227667927041,0,"brasil, brasildaesperança, povo, país, equipelula"
1574359645258326016,0,"brasil, brasildaesperança, povo, país, equipelula"
1574383455743496194,7,"educação, brasil, crianças, ensino, melhores"
1574410174185574400,5,"dia, amanhã, bom, povo, obrigado"
1574424281970253824,8,"bolsonaro, saúde, vacina, pessoas, pandemia"
1574467898617126912,0,"brasil, brasildaesperança, povo, país, equipelula"
1574503384316809216,0,"brasil, brasildaesperança, povo, país, equipelula"
1574511200808759296,0,"brasil, brasildaesperança, povo, país, equipelula"
1574550419174555648,0,"brasil, brasildaesperança, povo, país, equipelula"
1574550948315557888,0,"brasil, brasildaesperança, povo, país, equipelula"
1574551120390782981,0,"brasil, brasildaesperança, povo, país, equipelula"
1574551253505675264,0,"brasil, brasildaesperança, povo, país, equipelula"
1574551416659537920,0,"brasil, brasildaesperança, povo, país, equipelula"
1574551624311357441,0,"brasil, brasildaesperança, povo, país, equipelula"
1574551797183700992,0,"brasil, brasildaesperança, povo, país, equipelula"
1574552322117865472,0,"brasil, brasildaesperança, povo, país, equipelula"
1574552473867534336,0,"brasil, brasildaesperança, povo, país, equipelula"
1574552835806892033,0,"brasil, brasildaesperança, povo, país, equipelula"
1574553148672573440,0,"brasil, brasildaesperança, povo, país, equipelula"
1574553312338190336,7,"educação, brasil, crianças, ensino, melhores"
1574553817248452608,0,"brasil, brasildaesperança, povo, país, equipelula"
1574553997293256716,8,"bolsonaro, saúde, vacina, pessoas, pandemia"
1574554436696911874,7,"educação, brasil, crianças, ensino, melhores"
1574554725118246916,0,"brasil, brasildaesperança, povo, país, equipelula"
1574555464989278219,0,"brasil, brasildaesperança, povo, país, equipelula"
1574556190113136669,0,"brasil, brasildaesperança, povo, país, equipelula"
1574556416295198721,0,"brasil, brasildaesperança, povo, país, equipelula"
1574557527349526553,0,"brasil, brasildaesperança, povo, país, equipelula"
1574561812116275214,0,"brasil, brasildaesperança, povo, país, equipelula"
1574580265879379974,0,"brasil, brasildaesperança, povo, país, equipelula"
1574714713157533696,0,"brasil, brasildaesperança, povo, país, equipelula"
1574746677562449920,0,"brasil, brasildaesperança, povo, país, equipelula"
1574761959731630080,0,"brasil, brasildaesperança, povo, país, equipelula"
1574779384866775045,5,"dia, amanhã, bom, povo, obrigado"
1574780505182162947,9,"educação, escola, universidades, estudantes, ensino"
1574782747972886528,9,"educação, escola, universidades, estudantes, ensino"
1574782904231772162,9,"educação, escola, universidades, estudantes, ensino"
1574784308291796997,1,"povo, presidente, porque, bolsonaro, gente"
1574811628419399683,0,"brasil, brasildaesperança, povo, país, equipelula"
1574842486169735194,0,"brasil, brasildaesperança, povo, país, equipelula"
1574850913851752448,4,"broadcasts, lula, broadcasts lula, imprensa, conversa"
1574867341661315072,0,"brasil, brasildaesperança, povo, país, equipelula"
1574867463451336705,0,"brasil, brasildaesperança, povo, país, equipelula"
1574869288816615424,1,"povo, presidente, porque, bolsonaro, gente"
1574871224206999553,1,"povo, presidente, porque, bolsonaro, gente"
1574885067754709020,1,"povo, presidente, porque, bolsonaro, gente"
1574898602140385281,5,"dia, amanhã, bom, povo, obrigado"
1574898840855093251,1,"povo, presidente, porque, bolsonaro, gente"
1574902069563203602,2,"governo, renda, salário, mínimo, aumento"
1574912443729444864,0,"brasil, brasildaesperança, povo, país, equipelula"
1574932392824868865,1,"povo, presidente, porque, bolsonaro, gente"
1575072047109394433,1,"povo, presidente, porque, bolsonaro, gente"
1575115812595286017,1,"povo, presidente, porque, bolsonaro, gente"
1575131367330938880,5,"dia, amanhã, bom, povo, obrigado"
1575151375482327042,1,"povo, presidente, porque, bolsonaro, gente"
1575191528980459521,0,"brasil, brasildaesperança, povo, país, equipelula"
1575204833837170705,1,"povo, presidente, porque, bolsonaro, gente"
1575236365658501121,11,"fake, fake news, news, verdade, mentiras"
1575263383682703368,0,"brasil, brasildaesperança, povo, país, equipelula"
1575280833379852289,3,"cirotv, vivo, cirotv br, br, acompanhe"
1575297248208031745,0,"brasil, brasildaesperança, povo, país, equipelula"
1575434472899616770,0,"brasil, brasildaesperança, povo, país, equipelula"
1575478889891012608,0,"brasil, brasildaesperança, povo, país, equipelula"
1575497210325659650,11,"fake, fake news, news, verdade, mentiras"
1575530469688741888,0,"brasil, brasildaesperança, povo, país, equipelula"
1575615494622789634,0,"brasil, brasildaesperança, povo, país, equipelula"
1575636043256061952,5,"dia, amanhã, bom, povo, obrigado"
1575660412569210880,2,"governo, renda, salário, mínimo, aumento"
1575661230965989376,1,"povo, presidente, porque, bolsonaro, gente"
1575661379419140097,0,"brasil, brasildaesperança, povo, país, equipelula"
1575663363342086145,1,"povo, presidente, porque, bolsonaro, gente"
1575663998728425473,1,"povo, presidente, porque, bolsonaro, gente"
1575673785792925696,2,"governo, renda, salário, mínimo, aumento"
1575674152400596992,0,"brasil, brasildaesperança, povo, país, equipelula"
1575682067269943296,0,"brasil, brasildaesperança, povo, país, equipelula"
1575685965372616704,1,"povo, presidente, porque, bolsonaro, gente"
1575690682899267584,0,"brasil, brasildaesperança, povo, país, equipelula"
1575698467300573185,2,"governo, renda, salário, mínimo, aumento"
1575700657939443712,6,"ciro, giro ciro, giro, perca, sp"
1575706533807026176,10,"indígenas, povos, precisamos, desenvolvimento, ilegal"
1575711397060943874,0,"brasil, brasildaesperança, povo, país, equipelula"
1575711568402186240,2,"governo, renda, salário, mínimo, aumento"
1575711747658616833,0,"brasil, brasildaesperança, povo, país, equipelula"
1575715262191390720,1,"povo, presidente, porque, bolsonaro, gente"
1575720393628737537,5,"dia, amanhã, bom, povo, obrigado"
1575799825567662080,0,"brasil, brasildaesperança, povo, país, equipelula"
1575805044121030661,12,"lula, broadcasts, juntos, ato, broadcasts lula"
1575816515693465601,1,"povo, presidente, porque, bolsonaro, gente"
1575817424779501568,1,"povo, presidente, porque, bolsonaro, gente"
1575818686568488961,10,"indígenas, povos, precisamos, desenvolvimento, ilegal"
1575819634959208448,1,"povo, presidente, porque, bolsonaro, gente"
1575820383130832899,1,"povo, presidente, porque, bolsonaro, gente"
1575821372458414080,10,"indígenas, povos, precisamos, desenvolvimento, ilegal"
1575822954843504641,1,"povo, presidente, porque, bolsonaro, gente"
1575823688586317824,5,"dia, amanhã, bom, povo, obrigado"
1575835396738801664,0,"brasil, brasildaesperança, povo, país, equipelula"
1575851626153197572,7,"educação, brasil, crianças, ensino, melhores"
1575866183005671424,5,"dia, amanhã, bom, povo, obrigado"
1575874159510429696,0,"brasil, brasildaesperança, povo, país, equipelula"
1575881811330502656,12,"lula, broadcasts, juntos, ato, broadcasts lula"
1575884896911982592,12,"lula, broadcasts, juntos, ato, broadcasts lula"
1575898021203582976,6,"ciro, giro ciro, giro, perca, sp"
1575906284163182592,0,"brasil, brasildaesperança, povo, país, equipelula"
1575917400670683137,12,"lula, broadcasts, juntos, ato, broadcasts lula"
1575937794551128064,0,"brasil, brasildaesperança, povo, país, equipelula"
1575943102778732544,12,"lula, broadcasts, juntos, ato, broadcasts lula"
1575989613042503680,0,"brasil, brasildaesperança, povo, país, equipelula"
1576016837766103040,0,"brasil, brasildaesperança, povo, país, equipelula"
1576036653054820352,5,"dia, amanhã, bom, povo, obrigado"
1576050666778554378,1,"povo, presidente, porque, bolsonaro, gente"
1576159164388151296,0,"brasil, brasildaesperança, povo, país, equipelula"
1576178014932856833,0,"brasil, brasildaesperança, povo, país, equipelula"
1576192454373834758,0,"brasil, brasildaesperança, povo, país, equipelula"
1576213481149325312,0,"brasil, brasildaesperança, povo, país, equipelula"
1576220490250981381,3,"cirotv, vivo, cirotv br, br, acompanhe"
1576238887244292097,0,"brasil, brasildaesperança, povo, país, equipelula"
1576240192180355072,12,"lula, broadcasts, juntos, ato, broadcasts lula"
1576259589556690944,0,"brasil, brasildaesperança, povo, país, equipelula"
1576274029635579904,0,"brasil, brasildaesperança, povo, país, equipelula"
1576294895417163776,0,"brasil, brasildaesperança, povo, país, equipelula"
1576310732689670144,4,"broadcasts, lula, broadcasts lula, imprensa, conversa"
1576311127989813248,0,"brasil, brasildaesperança, povo, país, equipelula"
1576315856430063616,1,"povo, presidente, porque, bolsonaro, gente"
1576316110823075840,5,"dia, amanhã, bom, povo, obrigado"
1576323738018013185,0,"brasil, brasildaesperança, povo, país, equipelula"
1576323974694256642,9,"educação, escola, universidades, estudantes, ensino"
1576324354581102593,1,"povo, presidente, porque, bolsonaro, gente"
1576324904395235328,1,"povo, presidente, porque, bolsonaro, gente"
1576325341345300480,0,"brasil, brasildaesperança, povo, país, equipelula"
1576325875498651649,0,"brasil, brasildaesperança, povo, país, equipelula"
1576326294769668096,5,"dia, amanhã, bom, povo, obrigado"
1576326797578625024,0,"brasil, brasildaesperança, povo, país, equipelula"
1576327244494307328,1,"povo, presidente, porque, bolsonaro, gente"
1576327685789216769,0,"brasil, brasildaesperança, povo, país, equipelula"
1576328170034593792,0,"brasil, brasildaesperança, povo, país, equipelula"
1576328578563989505,0,"brasil, brasildaesperança, povo, país, equipelula"
1576353890592849920,1,"povo, presidente, porque, bolsonaro, gente"
1576357887147880448,0,"brasil, brasildaesperança, povo, país, equipelula"
1576361434811748352,5,"dia, amanhã, bom, povo, obrigado"
1576365315327373313,5,"dia, amanhã, bom, povo, obrigado"
1576368932440924160,0,"brasil, brasildaesperança, povo, país, equipelula"
1576374056496111616,0,"brasil, brasildaesperança, povo, país, equipelula"
1576375537022689281,5,"dia, amanhã, bom, povo, obrigado"
1576579405777813504,1,"povo, presidente, porque, bolsonaro, gente"
1576738984293961729,4,"broadcasts, lula, broadcasts lula, imprensa, conversa"
1576741406236102656,1,"povo, presidente, porque, bolsonaro, gente"
1576741597386973184,0,"brasil, brasildaesperança, povo, país, equipelula"
1576750548170444800,4,"broadcasts, lula, broadcasts lula, imprensa, conversa"
1576751780720914432,1,"povo, presidente, porque, bolsonaro, gente"
1576751998447550464,0,"brasil, brasildaesperança, povo, país, equipelula"
1576766314323988480,0,"brasil, brasildaesperança, povo, país, equipelula"
1576895821899272193,0,"brasil, brasildaesperança, povo, país, equipelula"
1576941048185597953,1,"povo, presidente, porque, bolsonaro, gente"
1577022395566563329,0,"brasil, brasildaesperança, povo, país, equipelula"
1577045347893116928,4,"broadcasts, lula, broadcasts lula, imprensa, conversa"
1577046591310921729,1,"povo, presidente, porque, bolsonaro, gente"
1577046918152454144,8,"bolsonaro, saúde, vacina, pessoas, pandemia"
1577047262307692544,0,"brasil, brasildaesperança, povo, país, equipelula"
1577050696360157184,1,"povo, presidente, porque, bolsonaro, gente"
1577089961253572609,1,"povo, presidente, porque, bolsonaro, gente"
1577113096703074304,0,"brasil, brasildaesperança, povo, país, equipelula"
1577133741377343488,5,"dia, amanhã, bom, povo, obrigado"
1577249199024132097,0,"brasil, brasildaesperança, povo, país, equipelula"
1577283299713507328,0,"brasil, brasildaesperança, povo, país, equipelula"
1577294090902933505,5,"dia, amanhã, bom, povo, obrigado"
1577373334223945729,11,"fake, fake news, news, verdade, mentiras"
1577378947792506880,4,"broadcasts, lula, broadcasts lula, imprensa, conversa"
1577383960732205059,5,"dia, amanhã, bom, povo, obrigado"
1577384836028895232,1,"povo, presidente, porque, bolsonaro, gente"
1577385125880336384,5,"dia, amanhã, bom, povo, obrigado"
1577385358391664640,9,"educação, escola, universidades, estudantes, ensino"
1577385570648657926,1,"povo, presidente, porque, bolsonaro, gente"
1577385824131293185,7,"educação, brasil, crianças, ensino, melhores"
1577386497145245706,9,"educação, escola, universidades, estudantes, ensino"
1577390950724341761,1,"povo, presidente, porque, bolsonaro, gente"
1577391139518353417,0,"brasil, brasildaesperança, povo, país, equipelula"
1577391508927533058,1,"povo, presidente, porque, bolsonaro, gente"
1577407359709679616,0,"brasil, brasildaesperança, povo, país, equipelula"
1577430054577278976,0,"brasil, brasildaesperança, povo, país, equipelula"
1577448218878791681,10,"indígenas, povos, precisamos, desenvolvimento, ilegal"
1577472095348326400,0,"brasil, brasildaesperança, povo, país, equipelula"
1577610160348057602,9,"educação, escola, universidades, estudantes, ensino"
1577658499093463041,0,"brasil, brasildaesperança, povo, país, equipelula"
1577728372481953807,1,"povo, presidente, porque, bolsonaro, gente"
1577731942904205328,1,"povo, presidente, porque, bolsonaro, gente"
1577736399796817922,0,"brasil, brasildaesperança, povo, país, equipelula"
1577740831288864768,0,"brasil, brasildaesperança, povo, país, equipelula"
1577759004184420356,0,"brasil, brasildaesperança, povo, país, equipelula"
1577770388347621382,1,"povo, presidente, porque, bolsonaro, gente"
1577771284049584128,1,"povo, presidente, porque, bolsonaro, gente"
1577774292661686272,2,"governo, renda, salário, mínimo, aumento"
1577774584773967873,5,"dia, amanhã, bom, povo, obrigado"
1577774937212846082,1,"povo, presidente, porque, bolsonaro, gente"
1577775157762031617,2,"governo, renda, salário, mínimo, aumento"
1577775865836064768,1,"povo, presidente, porque, bolsonaro, gente"
1577792992982847492,0,"brasil, brasildaesperança, povo, país, equipelula"
1577811057485160449,0,"brasil, brasildaesperança, povo, país, equipelula"
1577835606566223875,0,"brasil, brasildaesperança, povo, país, equipelula"
1577973062472974337,5,"dia, amanhã, bom, povo, obrigado"
1577995431774142466,7,"educação, brasil, crianças, ensino, melhores"
1578029361814732800,8,"bolsonaro, saúde, vacina, pessoas, pandemia"
1578040155126259712,4,"broadcasts, lula, broadcasts lula, imprensa, conversa"
1578045882376851458,0,"brasil, brasildaesperança, povo, país, equipelula"
1578054978257977344,4,"broadcasts, lula, broadcasts lula, imprensa, conversa"
1578058399551569921,0,"brasil, brasildaesperança, povo, país, equipelula"
1578061435606892546,7,"educação, brasil, crianças, ensino, melhores"
1578061851119738881,8,"bolsonaro, saúde, vacina, pessoas, pandemia"
1578062074147749888,0,"brasil, brasildaesperança, povo, país, equipelula"
1578062273213603845,11,"fake, fake news, news, verdade, mentiras"
1578062535919558657,2,"governo, renda, salário, mínimo, aumento"
1578062993828487171,0,"brasil, brasildaesperança, povo, país, equipelula"
1578075884560547842,1,"povo, presidente, porque, bolsonaro, gente"
1578113770278486016,4,"broadcasts, lula, broadcasts lula, imprensa, conversa"
1578120180248576027,1,"povo, presidente, porque, bolsonaro, gente"
1578122362096173057,7,"educação, brasil, crianças, ensino, melhores"
1578122724953784337,9,"educação, escola, universidades, estudantes, ensino"
1578125099655462921,1,"povo, presidente, porque, bolsonaro, gente"
1578125983038816256,1,"povo, presidente, porque, bolsonaro, gente"
1578126129147555840,9,"educação, escola, universidades, estudantes, ensino"
1578126642140119045,2,"governo, renda, salário, mínimo, aumento"
1578126842728513539,1,"povo, presidente, porque, bolsonaro, gente"
1578130724070326300,2,"governo, renda, salário, mínimo, aumento"
1578150895518650368,0,"brasil, brasildaesperança, povo, país, equipelula"
1578198579805569024,0,"brasil, brasildaesperança, povo, país, equipelula"
1578337429165314049,0,"brasil, brasildaesperança, povo, país, equipelula"
1578377720811356160,4,"broadcasts, lula, broadcasts lula, imprensa, conversa"
1578381363287183361,4,"broadcasts, lula, broadcasts lula, imprensa, conversa"
1578384427725606912,1,"povo, presidente, porque, bolsonaro, gente"
1578386701990432772,2,"governo, renda, salário, mínimo, aumento"
1578389158954926081,0,"brasil, brasildaesperança, povo, país, equipelula"
1578394844770312197,1,"povo, presidente, porque, bolsonaro, gente"
1578395017349107712,2,"governo, renda, salário, mínimo, aumento"
1578396565110235138,0,"brasil, brasildaesperança, povo, país, equipelula"
1578398564547534849,0,"brasil, brasildaesperança, povo, país, equipelula"
1578398926503383040,1,"povo, presidente, porque, bolsonaro, gente"
1578400680611643394,0,"brasil, brasildaesperança, povo, país, equipelula"
1578413955730788352,0,"brasil, brasildaesperança, povo, país, equipelula"
1578428631004590080,8,"bolsonaro, saúde, vacina, pessoas, pandemia"
1578464691202166784,4,"broadcasts, lula, broadcasts lula, imprensa, conversa"
1578467077400035328,1,"povo, presidente, porque, bolsonaro, gente"
1578467672823541760,2,"governo, renda, salário, mínimo, aumento"
1578467915179130880,0,"brasil, brasildaesperança, povo, país, equipelula"
1578468839524032512,2,"governo, renda, salário, mínimo, aumento"
1578469240210075649,2,"governo, renda, salário, mínimo, aumento"
1578471553620094977,0,"brasil, brasildaesperança, povo, país, equipelula"
1578472209857011712,1,"povo, presidente, porque, bolsonaro, gente"
1578472564594159616,0,"brasil, brasildaesperança, povo, país, equipelula"
1578473129046732800,1,"povo, presidente, porque, bolsonaro, gente"
1578497429380673537,8,"bolsonaro, saúde, vacina, pessoas, pandemia"
1578503188713328640,1,"povo, presidente, porque, bolsonaro, gente"
1578532899325812737,0,"brasil, brasildaesperança, povo, país, equipelula"
1578556344746930176,0,"brasil, brasildaesperança, povo, país, equipelula"
1578698177527484417,1,"povo, presidente, porque, bolsonaro, gente"
1578725779697176576,10,"indígenas, povos, precisamos, desenvolvimento, ilegal"
1578733797637763075,1,"povo, presidente, porque, bolsonaro, gente"
1578738081255288834,4,"broadcasts, lula, broadcasts lula, imprensa, conversa"
1578742713360736258,1,"povo, presidente, porque, bolsonaro, gente"
1578749913441374211,9,"educação, escola, universidades, estudantes, ensino"
1578750525994303488,4,"broadcasts, lula, broadcasts lula, imprensa, conversa"
1578750654243536905,1,"povo, presidente, porque, bolsonaro, gente"
1578751189230841856,1,"povo, presidente, porque, bolsonaro, gente"
1578751699917090816,1,"povo, presidente, porque, bolsonaro, gente"
1578752207129673728,1,"povo, presidente, porque, bolsonaro, gente"
1578752712082358274,0,"brasil, brasildaesperança, povo, país, equipelula"
1578758558786588672,0,"brasil, brasildaesperança, povo, país, equipelula"
1578770694967394305,7,"educação, brasil, crianças, ensino, melhores"
1578770964607037442,9,"educação, escola, universidades, estudantes, ensino"
1578771261479522305,0,"brasil, brasildaesperança, povo, país, equipelula"
1578772096779710464,9,"educação, escola, universidades, estudantes, ensino"
1578772839385436160,9,"educação, escola, universidades, estudantes, ensino"
1578773233930846208,10,"indígenas, povos, precisamos, desenvolvimento, ilegal"
1578774405056180228,3,"cirotv, vivo, cirotv br, br, acompanhe"
1578782288652996608,0,"brasil, brasildaesperança, povo, país, equipelula"
1578795559674314752,0,"brasil, brasildaesperança, povo, país, equipelula"
1578823700165558274,0,"brasil, brasildaesperança, povo, país, equipelula"
1578837654321664000,8,"bolsonaro, saúde, vacina, pessoas, pandemia"
1578852242853138435,0,"brasil, brasildaesperança, povo, país, equipelula"
1578868137029931008,0,"brasil, brasildaesperança, povo, país, equipelula"
1578883783117635584,0,"brasil, brasildaesperança, povo, país, equipelula"
1578898617565323266,0,"brasil, brasildaesperança, povo, país, equipelula"
1578916945583538176,1,"povo, presidente, porque, bolsonaro, gente"
1579064787467501569,0,"brasil, brasildaesperança, povo, país, equipelula"
1579094370275717120,2,"governo, renda, salário, mínimo, aumento"
1579112053654290433,4,"broadcasts, lula, broadcasts lula, imprensa, conversa"
1579115167287496706,1,"povo, presidente, porque, bolsonaro, gente"
1579115485303480327,1,"povo, presidente, porque, bolsonaro, gente"
1579119318020739073,1,"povo, presidente, porque, bolsonaro, gente"
1579119572741165056,0,"brasil, brasildaesperança, povo, país, equipelula"
1579126110683828226,4,"broadcasts, lula, broadcasts lula, imprensa, conversa"
1579128005024448514,9,"educação, escola, universidades, estudantes, ensino"
1579128573449113600,10,"indígenas, povos, precisamos, desenvolvimento, ilegal"
1579146802762481665,0,"brasil, brasildaesperança, povo, país, equipelula"
1579148797716094977,0,"brasil, brasildaesperança, povo, país, equipelula"
1579150658623922176,5,"dia, amanhã, bom, povo, obrigado"
1579159256871604225,11,"fake, fake news, news, verdade, mentiras"
1579177193833639936,0,"brasil, brasildaesperança, povo, país, equipelula"
1579196183993815041,12,"lula, broadcasts, juntos, ato, broadcasts lula"
1579211790881521665,5,"dia, amanhã, bom, povo, obrigado"
1579242753850241026,0,"brasil, brasildaesperança, povo, país, equipelula"
1579257152610668546,4,"broadcasts, lula, broadcasts lula, imprensa, conversa"
1579265768650219520,0,"brasil, brasildaesperança, povo, país, equipelula"
1579274955644358657,7,"educação, brasil, crianças, ensino, melhores"
1579287124649869312,0,"brasil, brasildaesperança, povo, país, equipelula"
1579305490299121664,0,"brasil, brasildaesperança, povo, país, equipelula"
1579422957818241024,4,"broadcasts, lula, broadcasts lula, imprensa, conversa"
1579425227427442688,0,"brasil, brasildaesperança, povo, país, equipelula"
1579425836218093569,2,"governo, renda, salário, mínimo, aumento"
1579426338012033025,2,"governo, renda, salário, mínimo, aumento"
1579426581013229570,1,"povo, presidente, porque, bolsonaro, gente"
1579426793001746433,0,"brasil, brasildaesperança, povo, país, equipelula"
1579427247278415872,2,"governo, renda, salário, mínimo, aumento"
1579427534600818690,0,"brasil, brasildaesperança, povo, país, equipelula"
1579427735910633472,1,"povo, presidente, porque, bolsonaro, gente"
1579428344579620865,2,"governo, renda, salário, mínimo, aumento"
1579457594716225538,0,"brasil, brasildaesperança, povo, país, equipelula"
1579486993037524992,4,"broadcasts, lula, broadcasts lula, imprensa, conversa"
1579507216260157442,1,"povo, presidente, porque, bolsonaro, gente"
1579532108313280512,5,"dia, amanhã, bom, povo, obrigado"
1579546279386173441,4,"broadcasts, lula, broadcasts lula, imprensa, conversa"
1579567073516486657,5,"dia, amanhã, bom, povo, obrigado"
1579567506531885056,0,"brasil, brasildaesperança, povo, país, equipelula"
1579568822130216960,0,"brasil, brasildaesperança, povo, país, equipelula"
1579569467511955457,0,"brasil, brasildaesperança, povo, país, equipelula"
1579603235148828672,5,"dia, amanhã, bom, povo, obrigado"
1579612292735717376,0,"brasil, brasildaesperança, povo, país, equipelula"
1579633593717968896,0,"brasil, brasildaesperança, povo, país, equipelula"
1579652536717684736,0,"brasil, brasildaesperança, povo, país, equipelula"
1579782203671990272,1,"povo, presidente, porque, bolsonaro, gente"
1579815596522622979,3,"cirotv, vivo, cirotv br, br, acompanhe"
1579833071712759808,11,"fake, fake news, news, verdade, mentiras"
1579850306396921856,1,"povo, presidente, porque, bolsonaro, gente"
1579888399930064899,0,"brasil, brasildaesperança, povo, país, equipelula"
1579907279482392576,0,"brasil, brasildaesperança, povo, país, equipelula"
1579934673501048833,4,"broadcasts, lula, broadcasts lula, imprensa, conversa"
1579940524207001601,9,"educação, escola, universidades, estudantes, ensino"
1579942900422828032,0,"brasil, brasildaesperança, povo, país, equipelula"
1579948655783858176,0,"brasil, brasildaesperança, povo, país, equipelula"
1579957124339490816,4,"broadcasts, lula, broadcasts lula, imprensa, conversa"
1579965091503833093,12,"lula, broadcasts, juntos, ato, broadcasts lula"
1579980537993003008,1,"povo, presidente, porque, bolsonaro, gente"
1579980844776976385,1,"povo, presidente, porque, bolsonaro, gente"
1579981124435988480,0,"brasil, brasildaesperança, povo, país, equipelula"
1579981365441073152,8,"bolsonaro, saúde, vacina, pessoas, pandemia"
1579981566998351872,1,"povo, presidente, porque, bolsonaro, gente"
1579982980290076673,0,"brasil, brasildaesperança, povo, país, equipelula"
1579983766180986880,0,"brasil, brasildaesperança, povo, país, equipelula"
1579985347525906432,2,"governo, renda, salário, mínimo, aumento"
1579996980021178368,3,"cirotv, vivo, cirotv br, br, acompanhe"
1580014025370656768,0,"brasil, brasildaesperança, povo, país, equipelula"
1580143016148627456,1,"povo, presidente, porque, bolsonaro, gente"
1580175240792940544,5,"dia, amanhã, bom, povo, obrigado"
1580180192051724288,4,"broadcasts, lula, broadcasts lula, imprensa, conversa"
1580190307358244865,1,"povo, presidente, porque, bolsonaro, gente"
1580192786443546624,4,"broadcasts, lula, broadcasts lula, imprensa, conversa"
1580211830621753344,2,"governo, renda, salário, mínimo, aumento"
1580212602633826304,2,"governo, renda, salário, mínimo, aumento"
1580214096959373312,9,"educação, escola, universidades, estudantes, ensino"
1580217461453950977,1,"povo, presidente, porque, bolsonaro, gente"
1580233274625884170,0,"brasil, brasildaesperança, povo, país, equipelula"
1580235252009680897,0,"brasil, brasildaesperança, povo, país, equipelula"
1580250949754712064,11,"fake, fake news, news, verdade, mentiras"
1580267129349316608,0,"brasil, brasildaesperança, povo, país, equipelula"
1580277317792075777,4,"broadcasts, lula, broadcasts lula, imprensa, conversa"
1580280344208584706,7,"educação, brasil, crianças, ensino, melhores"
1580284397869142016,2,"governo, renda, salário, mínimo, aumento"
1580285098498617345,2,"governo, renda, salário, mínimo, aumento"
1580285602146418688,2,"governo, renda, salário, mínimo, aumento"
1580286075238371328,2,"governo, renda, salário, mínimo, aumento"
1580292055955537920,4,"broadcasts, lula, broadcasts lula, imprensa, conversa"
1580309089778810880,0,"brasil, brasildaesperança, povo, país, equipelula"
1580318137295118338,0,"brasil, brasildaesperança, povo, país, equipelula"
1580319418323972097,0,"brasil, brasildaesperança, povo, país, equipelula"
1580319615363608577,5,"dia, amanhã, bom, povo, obrigado"
1580320102976655361,1,"povo, presidente, porque, bolsonaro, gente"
1580320584139145217,2,"governo, renda, salário, mínimo, aumento"
1580320899001032705,2,"governo, renda, salário, mínimo, aumento"
1580326934101180416,12,"lula, broadcasts, juntos, ato, broadcasts lula"
1580336125637718016,5,"dia, amanhã, bom, povo, obrigado"
1580352053343232000,0,"brasil, brasildaesperança, povo, país, equipelula"
1580360038602149888,0,"brasil, brasildaesperança, povo, país, equipelula"
1580386630502060033,1,"povo, presidente, porque, bolsonaro, gente"
1580391129001779200,0,"brasil, brasildaesperança, povo, país, equipelula"
1580508333983006720,5,"dia, amanhã, bom, povo, obrigado"
1580548734185676804,0,"brasil, brasildaesperança, povo, país, equipelula"
1580558800729542656,4,"broadcasts, lula, broadcasts lula, imprensa, conversa"
1580562206764470273,2,"governo, renda, salário, mínimo, aumento"
1580562595404484611,1,"povo, presidente, porque, bolsonaro, gente"
1580564429501911043,0,"brasil, brasildaesperança, povo, país, equipelula"
1580564657474969601,2,"governo, renda, salário, mínimo, aumento"
1580565017996693504,2,"governo, renda, salário, mínimo, aumento"
1580572753169911808,4,"broadcasts, lula, broadcasts lula, imprensa, conversa"
1580576235566030852,0,"brasil, brasildaesperança, povo, país, equipelula"
1580591859206094850,1,"povo, presidente, porque, bolsonaro, gente"
1580592857454641152,7,"educação, brasil, crianças, ensino, melhores"
1580593138271256577,1,"povo, presidente, porque, bolsonaro, gente"
1580593390457978885,2,"governo, renda, salário, mínimo, aumento"
1580593621690068992,0,"brasil, brasildaesperança, povo, país, equipelula"
1580594970167152640,9,"educação, escola, universidades, estudantes, ensino"
1580595223582736385,1,"povo, presidente, porque, bolsonaro, gente"
1580604774856024074,5,"dia, amanhã, bom, povo, obrigado"
1580608675621707777,6,"ciro, giro ciro, giro, perca, sp"
1580635978687213568,4,"broadcasts, lula, broadcasts lula, imprensa, conversa"
1580656490771525635,5,"dia, amanhã, bom, povo, obrigado"
1580656703498227712,1,"povo, presidente, porque, bolsonaro, gente"
1580657498692153344,2,"governo, renda, salário, mínimo, aumento"
1580658498634887168,9,"educação, escola, universidades, estudantes, ensino"
1580661515384156161,2,"governo, renda, salário, mínimo, aumento"
1580661853838987264,0,"brasil, brasildaesperança, povo, país, equipelula"
1580673191390810112,0,"brasil, brasildaesperança, povo, país, equipelula"
1580718151981232128,0,"brasil, brasildaesperança, povo, país, equipelula"
1580724140041871361,3,"cirotv, vivo, cirotv br, br, acompanhe"
1580733184127688704,0,"brasil, brasildaesperança, povo, país, equipelula"
1580748365314560000,1,"povo, presidente, porque, bolsonaro, gente"
1580868870121738240,5,"dia, amanhã, bom, povo, obrigado"
1580930844726001664,4,"broadcasts, lula, broadcasts lula, imprensa, conversa"
1580933612727578624,1,"povo, presidente, porque, bolsonaro, gente"
1580935260992245760,0,"brasil, brasildaesperança, povo, país, equipelula"
1580935511715110912,2,"governo, renda, salário, mínimo, aumento"
1580935781111435269,8,"bolsonaro, saúde, vacina, pessoas, pandemia"
1580936724577779714,3,"cirotv, vivo, cirotv br, br, acompanhe"
1580936928093884418,1,"povo, presidente, porque, bolsonaro, gente"
1580942551041081346,2,"governo, renda, salário, mínimo, aumento"
1580943065044295680,2,"governo, renda, salário, mínimo, aumento"
1580943710115618817,7,"educação, brasil, crianças, ensino, melhores"
1580944152589905920,1,"povo, presidente, porque, bolsonaro, gente"
1580944683613581312,2,"governo, renda, salário, mínimo, aumento"
1580953651291787265,4,"broadcasts, lula, broadcasts lula, imprensa, conversa"
1580955321744457728,0,"brasil, brasildaesperança, povo, país, equipelula"
1580965038520557569,6,"ciro, giro ciro, giro, perca, sp"
1580976058652045312,0,"brasil, brasildaesperança, povo, país, equipelula"
1580983709305475072,5,"dia, amanhã, bom, povo, obrigado"
1580984169533825025,1,"povo, presidente, porque, bolsonaro, gente"
1580985119090741249,1,"povo, presidente, porque, bolsonaro, gente"
1580985859716706305,2,"governo, renda, salário, mínimo, aumento"
1580986064042225664,7,"educação, brasil, crianças, ensino, melhores"
1580986235509559296,1,"povo, presidente, porque, bolsonaro, gente"
1580987198253715456,0,"brasil, brasildaesperança, povo, país, equipelula"
1580987471080599553,2,"governo, renda, salário, mínimo, aumento"
1580990680066756609,0,"brasil, brasildaesperança, povo, país, equipelula"
1580991223061696512,1,"povo, presidente, porque, bolsonaro, gente"
1580991790835908608,1,"povo, presidente, porque, bolsonaro, gente"
1580997460843188224,0,"brasil, brasildaesperança, povo, país, equipelula"
1581003443828727808,5,"dia, amanhã, bom, povo, obrigado"
1581014423967535105,4,"broadcasts, lula, broadcasts lula, imprensa, conversa"
1581034125624225792,0,"brasil, brasildaesperança, povo, país, equipelula"
1581055773026955265,0,"brasil, brasildaesperança, povo, país, equipelula"
1581068535832641536,0,"brasil, brasildaesperança, povo, país, equipelula"
1581081585696137218,0,"brasil, brasildaesperança, povo, país, equipelula"
1581087738786258945,0,"brasil, brasildaesperança, povo, país, equipelula"
1581108381418672130,5,"dia, amanhã, bom, povo, obrigado"
1581232871918161920,1,"povo, presidente, porque, bolsonaro, gente"
1581282949986938883,9,"educação, escola, universidades, estudantes, ensino"
1581302611306741763,7,"educação, brasil, crianças, ensino, melhores"
1581321694592917504,7,"educação, brasil, crianças, ensino, melhores"
1581372010441342976,0,"brasil, brasildaesperança, povo, país, equipelula"
1581388401584078848,1,"povo, presidente, porque, bolsonaro, gente"
1581415560268902400,4,"broadcasts, lula, broadcasts lula, imprensa, conversa"
1581429704040411136,7,"educação, brasil, crianças, ensino, melhores"
1581450069198659585,0,"brasil, brasildaesperança, povo, país, equipelula"
1581462735522795520,0,"brasil, brasildaesperança, povo, país, equipelula"
1581598495064018945,1,"povo, presidente, porque, bolsonaro, gente"
1581639229272391681,0,"brasil, brasildaesperança, povo, país, equipelula"
1581658663550214144,2,"governo, renda, salário, mínimo, aumento"
1581690587363037184,0,"brasil, brasildaesperança, povo, país, equipelula"
1581708932556406786,0,"brasil, brasildaesperança, povo, país, equipelula"
1581719019739979777,5,"dia, amanhã, bom, povo, obrigado"
1581743507970363392,3,"cirotv, vivo, cirotv br, br, acompanhe"
1581765639647395840,0,"brasil, brasildaesperança, povo, país, equipelula"
1581784280207740929,2,"governo, renda, salário, mínimo, aumento"
1581785495570624512,2,"governo, renda, salário, mínimo, aumento"
1581785655188721665,2,"governo, renda, salário, mínimo, aumento"
1581785809417424897,9,"educação, escola, universidades, estudantes, ensino"
1581787123568369664,8,"bolsonaro, saúde, vacina, pessoas, pandemia"
1581787346072059904,8,"bolsonaro, saúde, vacina, pessoas, pandemia"
1581787703750045697,8,"bolsonaro, saúde, vacina, pessoas, pandemia"
1581788286359478272,8,"bolsonaro, saúde, vacina, pessoas, pandemia"
1581789022527303682,8,"bolsonaro, saúde, vacina, pessoas, pandemia"
1581790008008396800,1,"povo, presidente, porque, bolsonaro, gente"
1581790262547795969,0,"brasil, brasildaesperança, povo, país, equipelula"
1581790766006824960,6,"ciro, giro ciro, giro, perca, sp"
1581791684622372864,2,"governo, renda, salário, mínimo, aumento"
1581793565512196098,1,"povo, presidente, porque, bolsonaro, gente"
1581796495853961216,11,"fake, fake news, news, verdade, mentiras"
1581798111185629185,1,"povo, presidente, porque, bolsonaro, gente"
1581800982236712962,9,"educação, escola, universidades, estudantes, ensino"
1581801158053888000,9,"educação, escola, universidades, estudantes, ensino"
1581804888983769089,2,"governo, renda, salário, mínimo, aumento"
1581805810191020034,7,"educação, brasil, crianças, ensino, melhores"
1581806082695258114,1,"povo, presidente, porque, bolsonaro, gente"
1581806233694019584,2,"governo, renda, salário, mínimo, aumento"
1581806416100134912,11,"fake, fake news, news, verdade, mentiras"
1581807382367465472,1,"povo, presidente, porque, bolsonaro, gente"
1581819095472742400,5,"dia, amanhã, bom, povo, obrigado"
1581825347137699841,1,"povo, presidente, porque, bolsonaro, gente"
1581829713428783104,8,"bolsonaro, saúde, vacina, pessoas, pandemia"
1581837100768296960,0,"brasil, brasildaesperança, povo, país, equipelula"
1581845313606017026,0,"brasil, brasildaesperança, povo, país, equipelula"
1581963439240773633,1,"povo, presidente, porque, bolsonaro, gente"
1581991426929602561,2,"governo, renda, salário, mínimo, aumento"
1582017981957013504,1,"povo, presidente, porque, bolsonaro, gente"
1582029547473874944,4,"broadcasts, lula, broadcasts lula, imprensa, conversa"
1582034187753648128,7,"educação, brasil, crianças, ensino, melhores"
1582034379370790912,0,"brasil, brasildaesperança, povo, país, equipelula"
1582034716332810240,0,"brasil, brasildaesperança, povo, país, equipelula"
1582041501101850625,1,"povo, presidente, porque, bolsonaro, gente"
1582049637862895622,0,"brasil, brasildaesperança, povo, país, equipelula"
1582061629126025216,0,"brasil, brasildaesperança, povo, país, equipelula"
1582081488568274944,8,"bolsonaro, saúde, vacina, pessoas, pandemia"
1582092900141502464,4,"broadcasts, lula, broadcasts lula, imprensa, conversa"
1582115100269641728,0,"brasil, brasildaesperança, povo, país, equipelula"
1582142571383775232,0,"brasil, brasildaesperança, povo, país, equipelula"
1582152131829719040,0,"brasil, brasildaesperança, povo, país, equipelula"
1582161809901260800,11,"fake, fake news, news, verdade, mentiras"
1582181547402067968,0,"brasil, brasildaesperança, povo, país, equipelula"
1582191113036709892,0,"brasil, brasildaesperança, povo, país, equipelula"
1582324015409922048,0,"brasil, brasildaesperança, povo, país, equipelula"
1582355081655390209,12,"lula, broadcasts, juntos, ato, broadcasts lula"
1582369888210849792,1,"povo, presidente, porque, bolsonaro, gente"
1582370149029462016,1,"povo, presidente, porque, bolsonaro, gente"
1582370322296475652,11,"fake, fake news, news, verdade, mentiras"
1582378550987923456,11,"fake, fake news, news, verdade, mentiras"
1582386809262116864,0,"brasil, brasildaesperança, povo, país, equipelula"
1582430300017000448,8,"bolsonaro, saúde, vacina, pessoas, pandemia"
1582458604678176768,3,"cirotv, vivo, cirotv br, br, acompanhe"
1582473926491660288,0,"brasil, brasildaesperança, povo, país, equipelula"
1582489260904837120,0,"brasil, brasildaesperança, povo, país, equipelula"
1582494009574199296,6,"ciro, giro ciro, giro, perca, sp"
1582495065645387778,4,"broadcasts, lula, broadcasts lula, imprensa, conversa"
1582497499029286913,3,"cirotv, vivo, cirotv br, br, acompanhe"
1582498343628177408,11,"fake, fake news, news, verdade, mentiras"
1582498518698463233,11,"fake, fake news, news, verdade, mentiras"
1582499560886534145,1,"povo, presidente, porque, bolsonaro, gente"
1582499746136043520,1,"povo, presidente, porque, bolsonaro, gente"
1582500494341468160,8,"bolsonaro, saúde, vacina, pessoas, pandemia"
1582501645128069121,0,"brasil, brasildaesperança, povo, país, equipelula"
1582502267445354497,1,"povo, presidente, porque, bolsonaro, gente"
1582504556696510465,12,"lula, broadcasts, juntos, ato, broadcasts lula"
1582505355791081472,1,"povo, presidente, porque, bolsonaro, gente"
1582505525765632000,2,"governo, renda, salário, mínimo, aumento"
1582506355943800833,0,"brasil, brasildaesperança, povo, país, equipelula"
1582510480572108801,2,"governo, renda, salário, mínimo, aumento"
1582510666518528000,1,"povo, presidente, porque, bolsonaro, gente"
1582510883061628928,1,"povo, presidente, porque, bolsonaro, gente"
1582515611166740480,0,"brasil, brasildaesperança, povo, país, equipelula"
1582517842444185600,5,"dia, amanhã, bom, povo, obrigado"
1582519029885210624,6,"ciro, giro ciro, giro, perca, sp"
1582540272973455362,3,"cirotv, vivo, cirotv br, br, acompanhe"
1582554490514784258,0,"brasil, brasildaesperança, povo, país, equipelula"
1582679272140857344,5,"dia, amanhã, bom, povo, obrigado"
1582699592457814017,3,"cirotv, vivo, cirotv br, br, acompanhe"
1582722405696692224,4,"broadcasts, lula, broadcasts lula, imprensa, conversa"
1582741055081848833,0,"brasil, brasildaesperança, povo, país, equipelula"
1582742201859473408,1,"povo, presidente, porque, bolsonaro, gente"
1582742501416325121,9,"educação, escola, universidades, estudantes, ensino"
1582746065043787776,0,"brasil, brasildaesperança, povo, país, equipelula"
1582746251791331329,1,"povo, presidente, porque, bolsonaro, gente"
1582757247737659395,0,"brasil, brasildaesperança, povo, país, equipelula"
1582763016533463040,0,"brasil, brasildaesperança, povo, país, equipelula"
1582787085375012866,0,"brasil, brasildaesperança, povo, país, equipelula"
1582796868404510721,4,"broadcasts, lula, broadcasts lula, imprensa, conversa"
1582804600679432192,0,"brasil, brasildaesperança, povo, país, equipelula"
1582806597486530560,0,"brasil, brasildaesperança, povo, país, equipelula"
1582806862885318657,1,"povo, presidente, porque, bolsonaro, gente"
1582807087717175296,10,"indígenas, povos, precisamos, desenvolvimento, ilegal"
1582809725074567168,4,"broadcasts, lula, broadcasts lula, imprensa, conversa"
1582812061096374272,0,"brasil, brasildaesperança, povo, país, equipelula"
1582812229002727424,1,"povo, presidente, porque, bolsonaro, gente"
1582819036642975744,0,"brasil, brasildaesperança, povo, país, equipelula"
1582831495605288960,0,"brasil, brasildaesperança, povo, país, equipelula"
1582832367906869248,7,"educação, brasil, crianças, ensino, melhores"
1582832719762898945,7,"educação, brasil, crianças, ensino, melhores"
1582833070763229185,2,"governo, renda, salário, mínimo, aumento"
1582838821741207552,5,"dia, amanhã, bom, povo, obrigado"
1582850613104500737,1,"povo, presidente, porque, bolsonaro, gente"
1582874118940024832,0,"brasil, brasildaesperança, povo, país, equipelula"
1582879791799099392,0,"brasil, brasildaesperança, povo, país, equipelula"
1582888558452690944,0,"brasil, brasildaesperança, povo, país, equipelula"
1583043986515963904,1,"povo, presidente, porque, bolsonaro, gente"
1583062882597867521,0,"brasil, brasildaesperança, povo, país, equipelula"
1583082635701911552,4,"broadcasts, lula, broadcasts lula, imprensa, conversa"
1583085979950538753,0,"brasil, brasildaesperança, povo, país, equipelula"
1583093945843994625,11,"fake, fake news, news, verdade, mentiras"
1583094301164474368,2,"governo, renda, salário, mínimo, aumento"
1583094599064899584,1,"povo, presidente, porque, bolsonaro, gente"
1583094868846735360,9,"educação, escola, universidades, estudantes, ensino"
1583095134052179969,11,"fake, fake news, news, verdade, mentiras"
1583106893286764544,8,"bolsonaro, saúde, vacina, pessoas, pandemia"
1583122284801556480,4,"broadcasts, lula, broadcasts lula, imprensa, conversa"
1583124223274278912,0,"brasil, brasildaesperança, povo, país, equipelula"
1583129342326243328,11,"fake, fake news, news, verdade, mentiras"
1583137885896642571,1,"povo, presidente, porque, bolsonaro, gente"
1583138108450951168,1,"povo, presidente, porque, bolsonaro, gente"
1583138249970946050,1,"povo, presidente, porque, bolsonaro, gente"
1583141312311676928,9,"educação, escola, universidades, estudantes, ensino"
1583161811024502786,1,"povo, presidente, porque, bolsonaro, gente"
1583170076290609153,2,"governo, renda, salário, mínimo, aumento"
1583177057290588160,1,"povo, presidente, porque, bolsonaro, gente"
1583216565310611468,4,"broadcasts, lula, broadcasts lula, imprensa, conversa"
1583224133466607616,5,"dia, amanhã, bom, povo, obrigado"
1583235108362153984,1,"povo, presidente, porque, bolsonaro, gente"
1583235940323323904,2,"governo, renda, salário, mínimo, aumento"
1583236315164086272,8,"bolsonaro, saúde, vacina, pessoas, pandemia"
1583236527001591808,2,"governo, renda, salário, mínimo, aumento"
1583236962135474179,2,"governo, renda, salário, mínimo, aumento"
1583238151287341056,9,"educação, escola, universidades, estudantes, ensino"
1583238295294599168,1,"povo, presidente, porque, bolsonaro, gente"
1583239155399950336,5,"dia, amanhã, bom, povo, obrigado"
1583241811497488384,12,"lula, broadcasts, juntos, ato, broadcasts lula"
1583258412946980864,0,"brasil, brasildaesperança, povo, país, equipelula"
1583268435080773632,2,"governo, renda, salário, mínimo, aumento"
1583298097375236098,3,"cirotv, vivo, cirotv br, br, acompanhe"
1583410370588610561,1,"povo, presidente, porque, bolsonaro, gente"
1583423971554660352,2,"governo, renda, salário, mínimo, aumento"
1583462473348550667,4,"broadcasts, lula, broadcasts lula, imprensa, conversa"
1583465673057275904,3,"cirotv, vivo, cirotv br, br, acompanhe"
1583477032125546501,0,"brasil, brasildaesperança, povo, país, equipelula"
1583488334776569856,5,"dia, amanhã, bom, povo, obrigado"
1583490994573828096,9,"educação, escola, universidades, estudantes, ensino"
1583491435214405637,9,"educação, escola, universidades, estudantes, ensino"
1583491765579165696,2,"governo, renda, salário, mínimo, aumento"
1583493742891106306,0,"brasil, brasildaesperança, povo, país, equipelula"
1583494570859724801,0,"brasil, brasildaesperança, povo, país, equipelula"
1583503089616945152,1,"povo, presidente, porque, bolsonaro, gente"
1583518332799811585,0,"brasil, brasildaesperança, povo, país, equipelula"
1583523808899923968,4,"broadcasts, lula, broadcasts lula, imprensa, conversa"
1583528370100662277,1,"povo, presidente, porque, bolsonaro, gente"
1583528581019226113,2,"governo, renda, salário, mínimo, aumento"
1583528813819924481,2,"governo, renda, salário, mínimo, aumento"
1583547527219281921,2,"governo, renda, salário, mínimo, aumento"
1583548088022888448,2,"governo, renda, salário, mínimo, aumento"
1583548596649005058,1,"povo, presidente, porque, bolsonaro, gente"
1583549355638030337,11,"fake, fake news, news, verdade, mentiras"
1583549845885063169,9,"educação, escola, universidades, estudantes, ensino"
1583561580561956865,4,"broadcasts, lula, broadcasts lula, imprensa, conversa"
1583563351560704001,0,"brasil, brasildaesperança, povo, país, equipelula"
1583583333694418944,1,"povo, presidente, porque, bolsonaro, gente"
1583583753099616257,2,"governo, renda, salário, mínimo, aumento"
1583583995413299200,0,"brasil, brasildaesperança, povo, país, equipelula"
1583584364038090752,2,"governo, renda, salário, mínimo, aumento"
1583584619563167744,0,"brasil, brasildaesperança, povo, país, equipelula"
1583586176241262592,9,"educação, escola, universidades, estudantes, ensino"
1583586302015918080,1,"povo, presidente, porque, bolsonaro, gente"
1583586458954133504,9,"educação, escola, universidades, estudantes, ensino"
1583588074625589248,0,"brasil, brasildaesperança, povo, país, equipelula"
1583598204750221313,3,"cirotv, vivo, cirotv br, br, acompanhe"
1583600342733705216,2,"governo, renda, salário, mínimo, aumento"
1583601845649301504,1,"povo, presidente, porque, bolsonaro, gente"
1583608893632319489,1,"povo, presidente, porque, bolsonaro, gente"
1583610278763429888,2,"governo, renda, salário, mínimo, aumento"
1583613564299882496,9,"educação, escola, universidades, estudantes, ensino"
1583627956630716417,1,"povo, presidente, porque, bolsonaro, gente"
1583641419452805121,0,"brasil, brasildaesperança, povo, país, equipelula"
1583768449603751937,1,"povo, presidente, porque, bolsonaro, gente"
1583821659328630785,4,"broadcasts, lula, broadcasts lula, imprensa, conversa"
1583830491693580289,1,"povo, presidente, porque, bolsonaro, gente"
1583832041858400256,1,"povo, presidente, porque, bolsonaro, gente"
1583832290194784257,0,"brasil, brasildaesperança, povo, país, equipelula"
1583832554062643200,1,"povo, presidente, porque, bolsonaro, gente"
1583832840302522368,1,"povo, presidente, porque, bolsonaro, gente"
1583833486900985863,0,"brasil, brasildaesperança, povo, país, equipelula"
1583833823791677441,2,"governo, renda, salário, mínimo, aumento"
1583835372496117760,1,"povo, presidente, porque, bolsonaro, gente"
1583835677808267264,1,"povo, presidente, porque, bolsonaro, gente"
1583836046504386560,2,"governo, renda, salário, mínimo, aumento"
1583836397798330370,1,"povo, presidente, porque, bolsonaro, gente"
1583838058746908674,1,"povo, presidente, porque, bolsonaro, gente"
1583842886457913344,4,"broadcasts, lula, broadcasts lula, imprensa, conversa"
1583853479281692672,0,"brasil, brasildaesperança, povo, país, equipelula"
1583853572068102146,2,"governo, renda, salário, mínimo, aumento"
1583853791967088646,1,"povo, presidente, porque, bolsonaro, gente"
1583857491393548288,0,"brasil, brasildaesperança, povo, país, equipelula"
1583869899331424262,0,"brasil, brasildaesperança, povo, país, equipelula"
1583870093041115136,0,"brasil, brasildaesperança, povo, país, equipelula"
1583870304958308353,1,"povo, presidente, porque, bolsonaro, gente"
1583874167317094401,0,"brasil, brasildaesperança, povo, país, equipelula"
1583881838665166849,1,"povo, presidente, porque, bolsonaro, gente"
1583920564204613635,2,"governo, renda, salário, mínimo, aumento"
1583938323227168769,11,"fake, fake news, news, verdade, mentiras"
1583975984914579457,0,"brasil, brasildaesperança, povo, país, equipelula"
1583988410393325568,1,"povo, presidente, porque, bolsonaro, gente"
1584139585340473347,0,"brasil, brasildaesperança, povo, país, equipelula"
1584155335656321026,11,"fake, fake news, news, verdade, mentiras"
1584177039656919040,0,"brasil, brasildaesperança, povo, país, equipelula"
1584218818108624896,4,"broadcasts, lula, broadcasts lula, imprensa, conversa"
1584224093909397507,1,"povo, presidente, porque, bolsonaro, gente"
1584226517957369858,1,"povo, presidente, porque, bolsonaro, gente"
1584229759763894274,1,"povo, presidente, porque, bolsonaro, gente"
1584255323983859712,1,"povo, presidente, porque, bolsonaro, gente"
1584273176913068034,5,"dia, amanhã, bom, povo, obrigado"
1584326229918113792,3,"cirotv, vivo, cirotv br, br, acompanhe"
1584327710050242561,6,"ciro, giro ciro, giro, perca, sp"
1584329516251770880,1,"povo, presidente, porque, bolsonaro, gente"
1584330518891360256,1,"povo, presidente, porque, bolsonaro, gente"
1584330720356417537,1,"povo, presidente, porque, bolsonaro, gente"
1584331090759540737,2,"governo, renda, salário, mínimo, aumento"
1584331782555545601,2,"governo, renda, salário, mínimo, aumento"
1584333132622274560,2,"governo, renda, salário, mínimo, aumento"
1584334352606822401,8,"bolsonaro, saúde, vacina, pessoas, pandemia"
1584334891332009984,5,"dia, amanhã, bom, povo, obrigado"
1584335721480933378,7,"educação, brasil, crianças, ensino, melhores"
1584336624732643329,6,"ciro, giro ciro, giro, perca, sp"
1584337020314300418,7,"educação, brasil, crianças, ensino, melhores"
1584337963403517953,5,"dia, amanhã, bom, povo, obrigado"
1584338673109041153,3,"cirotv, vivo, cirotv br, br, acompanhe"
1584339542320238592,2,"governo, renda, salário, mínimo, aumento"
1584343544390901760,2,"governo, renda, salário, mínimo, aumento"
1584343806430031872,8,"bolsonaro, saúde, vacina, pessoas, pandemia"
1584344071899709441,2,"governo, renda, salário, mínimo, aumento"
1584344980189216768,0,"brasil, brasildaesperança, povo, país, equipelula"
1584346302858821632,1,"povo, presidente, porque, bolsonaro, gente"
1584348124549877761,0,"brasil, brasildaesperança, povo, país, equipelula"
1584348509578596352,2,"governo, renda, salário, mínimo, aumento"
1584349316239327232,5,"dia, amanhã, bom, povo, obrigado"
1584349903849152512,1,"povo, presidente, porque, bolsonaro, gente"
1584351595621666818,8,"bolsonaro, saúde, vacina, pessoas, pandemia"
1584352246069751808,5,"dia, amanhã, bom, povo, obrigado"
1584353357916884992,7,"educação, brasil, crianças, ensino, melhores"
1584354002174504960,0,"brasil, brasildaesperança, povo, país, equipelula"
1584355772229484544,9,"educação, escola, universidades, estudantes, ensino"
1584356123187896321,0,"brasil, brasildaesperança, povo, país, equipelula"
1584371769091072000,3,"cirotv, vivo, cirotv br, br, acompanhe"
1584376594218463233,1,"povo, presidente, porque, bolsonaro, gente"
1584524131776704513,8,"bolsonaro, saúde, vacina, pessoas, pandemia"
1584546268847951876,4,"broadcasts, lula, broadcasts lula, imprensa, conversa"
1584575684122316800,0,"brasil, brasildaesperança, povo, país, equipelula"
1584601523476398081,4,"broadcasts, lula, broadcasts lula, imprensa, conversa"
1584604814205673472,1,"povo, presidente, porque, bolsonaro, gente"
1584605034628624384,11,"fake, fake news, news, verdade, mentiras"
1584605281371070464,2,"governo, renda, salário, mínimo, aumento"
1584605583877214208,1,"povo, presidente, porque, bolsonaro, gente"
1584606712673472514,9,"educação, escola, universidades, estudantes, ensino"
1584608849494888448,0,"brasil, brasildaesperança, povo, país, equipelula"
1584609073340641280,3,"cirotv, vivo, cirotv br, br, acompanhe"
1584611102502973440,2,"governo, renda, salário, mínimo, aumento"
1584611504610889728,1,"povo, presidente, porque, bolsonaro, gente"
1584627654644629504,0,"brasil, brasildaesperança, povo, país, equipelula"
1584646255527211008,0,"brasil, brasildaesperança, povo, país, equipelula"
1584664431618711552,8,"bolsonaro, saúde, vacina, pessoas, pandemia"
1584676294029348866,1,"povo, presidente, porque, bolsonaro, gente"
1584697903347814400,0,"brasil, brasildaesperança, povo, país, equipelula"
1584708466421030912,1,"povo, presidente, porque, bolsonaro, gente"
1584710117366599681,1,"povo, presidente, porque, bolsonaro, gente"
1584710754271662086,1,"povo, presidente, porque, bolsonaro, gente"
1584710921762787328,1,"povo, presidente, porque, bolsonaro, gente"
1584712175783792641,1,"povo, presidente, porque, bolsonaro, gente"
1584713167208296449,0,"brasil, brasildaesperança, povo, país, equipelula"
1584853788456005634,12,"lula, broadcasts, juntos, ato, broadcasts lula"
1584856265058287616,9,"educação, escola, universidades, estudantes, ensino"
1584857596355223552,1,"povo, presidente, porque, bolsonaro, gente"
1584858423468118022,1,"povo, presidente, porque, bolsonaro, gente"
1584858703622467585,2,"governo, renda, salário, mínimo, aumento"
1584859164735856640,1,"povo, presidente, porque, bolsonaro, gente"
1584860787348500480,0,"brasil, brasildaesperança, povo, país, equipelula"
1584860977644064768,8,"bolsonaro, saúde, vacina, pessoas, pandemia"
1584862281137258496,1,"povo, presidente, porque, bolsonaro, gente"
1584862487547346944,1,"povo, presidente, porque, bolsonaro, gente"
1584864607407312896,2,"governo, renda, salário, mínimo, aumento"
1584864816337805312,0,"brasil, brasildaesperança, povo, país, equipelula"
1584867628476026880,1,"povo, presidente, porque, bolsonaro, gente"
1584892871492370438,0,"brasil, brasildaesperança, povo, país, equipelula"
1584914902401024003,0,"brasil, brasildaesperança, povo, país, equipelula"
1584959388720435201,0,"brasil, brasildaesperança, povo, país, equipelula"
1584980751648718848,0,"brasil, brasildaesperança, povo, país, equipelula"
1585004483787968513,0,"brasil, brasildaesperança, povo, país, equipelula"
1585020475146928128,0,"brasil, brasildaesperança, povo, país, equipelula"
1585042152668598272,0,"brasil, brasildaesperança, povo, país, equipelula"
1585044785181884416,12,"lula, broadcasts, juntos, ato, broadcasts lula"
1585047733844705283,2,"governo, renda, salário, mínimo, aumento"
1585048248947191808,0,"brasil, brasildaesperança, povo, país, equipelula"
1585049151263637504,0,"brasil, brasildaesperança, povo, país, equipelula"
1585049475873378305,0,"brasil, brasildaesperança, povo, país, equipelula"
1585049732921327616,9,"educação, escola, universidades, estudantes, ensino"
1585051217998548992,9,"educação, escola, universidades, estudantes, ensino"
1585053297417019392,1,"povo, presidente, porque, bolsonaro, gente"
1585053478053085184,1,"povo, presidente, porque, bolsonaro, gente"
1585053767140900865,0,"brasil, brasildaesperança, povo, país, equipelula"
1585055108634619904,2,"governo, renda, salário, mínimo, aumento"
1585055406946078720,2,"governo, renda, salário, mínimo, aumento"
1585058181671424000,7,"educação, brasil, crianças, ensino, melhores"
1585063414145372160,9,"educação, escola, universidades, estudantes, ensino"
1585063722539622402,0,"brasil, brasildaesperança, povo, país, equipelula"
1585066477572722688,2,"governo, renda, salário, mínimo, aumento"
1585066707114024960,8,"bolsonaro, saúde, vacina, pessoas, pandemia"
1585066897372221440,0,"brasil, brasildaesperança, povo, país, equipelula"
1585218930410651653,0,"brasil, brasildaesperança, povo, país, equipelula"
1585230093731123200,0,"brasil, brasildaesperança, povo, país, equipelula"
1585241723646935041,4,"broadcasts, lula, broadcasts lula, imprensa, conversa"
1585243202738454528,10,"indígenas, povos, precisamos, desenvolvimento, ilegal"
1585244145584521216,10,"indígenas, povos, precisamos, desenvolvimento, ilegal"
1585245531118661632,7,"educação, brasil, crianças, ensino, melhores"
1585246289629155329,0,"brasil, brasildaesperança, povo, país, equipelula"
1585246911229235207,0,"brasil, brasildaesperança, povo, país, equipelula"
1585247102619090945,0,"brasil, brasildaesperança, povo, país, equipelula"
1585248050460921856,0,"brasil, brasildaesperança, povo, país, equipelula"
1585251650859864066,8,"bolsonaro, saúde, vacina, pessoas, pandemia"
1585253345098313728,1,"povo, presidente, porque, bolsonaro, gente"
1585254532397031424,1,"povo, presidente, porque, bolsonaro, gente"
1585255924075098112,7,"educação, brasil, crianças, ensino, melhores"
1585269520557637633,0,"brasil, brasildaesperança, povo, país, equipelula"
1585281170044063745,0,"brasil, brasildaesperança, povo, país, equipelula"
1585335295490170880,5,"dia, amanhã, bom, povo, obrigado"
1585352094332354560,0,"brasil, brasildaesperança, povo, país, equipelula"
1585363510644867073,4,"broadcasts, lula, broadcasts lula, imprensa, conversa"
1585373043488358400,1,"povo, presidente, porque, bolsonaro, gente"
1585373630179192832,2,"governo, renda, salário, mínimo, aumento"
1585374133935669248,1,"povo, presidente, porque, bolsonaro, gente"
1585378606544719872,12,"lula, broadcasts, juntos, ato, broadcasts lula"
1585382596590342144,0,"brasil, brasildaesperança, povo, país, equipelula"
1585382893505110016,1,"povo, presidente, porque, bolsonaro, gente"
1585383105850126336,1,"povo, presidente, porque, bolsonaro, gente"
1585385125634011136,5,"dia, amanhã, bom, povo, obrigado"
1585385380647272448,1,"povo, presidente, porque, bolsonaro, gente"
1585386934591193088,9,"educação, escola, universidades, estudantes, ensino"
1585387142616068096,5,"dia, amanhã, bom, povo, obrigado"
1585389613853835264,9,"educação, escola, universidades, estudantes, ensino"
1585389970130628609,9,"educação, escola, universidades, estudantes, ensino"
1585390200351789056,9,"educação, escola, universidades, estudantes, ensino"
1585391693276532736,0,"brasil, brasildaesperança, povo, país, equipelula"
1585391882225717249,0,"brasil, brasildaesperança, povo, país, equipelula"
1585392044729831425,1,"povo, presidente, porque, bolsonaro, gente"
1585392234324987905,0,"brasil, brasildaesperança, povo, país, equipelula"
1585392534339346433,0,"brasil, brasildaesperança, povo, país, equipelula"
1585395164256014336,1,"povo, presidente, porque, bolsonaro, gente"
1585395376601071616,2,"governo, renda, salário, mínimo, aumento"
1585395626032123904,1,"povo, presidente, porque, bolsonaro, gente"
1585398995068878872,10,"indígenas, povos, precisamos, desenvolvimento, ilegal"
1585405218988122114,0,"brasil, brasildaesperança, povo, país, equipelula"
1585423266256232448,0,"brasil, brasildaesperança, povo, país, equipelula"
1585436717208965120,0,"brasil, brasildaesperança, povo, país, equipelula"
1585460249502404608,1,"povo, presidente, porque, bolsonaro, gente"
1585576579664576515,5,"dia, amanhã, bom, povo, obrigado"
1585589317485092865,4,"broadcasts, lula, broadcasts lula, imprensa, conversa"
1585593929914793984,1,"povo, presidente, porque, bolsonaro, gente"
1585594608695726080,4,"broadcasts, lula, broadcasts lula, imprensa, conversa"
1585594714576850946,9,"educação, escola, universidades, estudantes, ensino"
1585595038880468992,1,"povo, presidente, porque, bolsonaro, gente"
1585595912000249857,7,"educação, brasil, crianças, ensino, melhores"
1585596265420693508,1,"povo, presidente, porque, bolsonaro, gente"
1585610293308178433,5,"dia, amanhã, bom, povo, obrigado"
1585618969649729537,1,"povo, presidente, porque, bolsonaro, gente"
1585652909697638400,0,"brasil, brasildaesperança, povo, país, equipelula"
1585672572678688769,0,"brasil, brasildaesperança, povo, país, equipelula"
1585698327043182600,0,"brasil, brasildaesperança, povo, país, equipelula"
1585712939851403264,0,"brasil, brasildaesperança, povo, país, equipelula"
1585725372993183745,0,"brasil, brasildaesperança, povo, país, equipelula"
1585756539532582913,0,"brasil, brasildaesperança, povo, país, equipelula"
1585798866200367104,0,"brasil, brasildaesperança, povo, país, equipelula"
1585939567185694727,5,"dia, amanhã, bom, povo, obrigado"
1585972557194432515,8,"bolsonaro, saúde, vacina, pessoas, pandemia"
1585995596351275009,10,"indígenas, povos, precisamos, desenvolvimento, ilegal"
1586017896358092800,1,"povo, presidente, porque, bolsonaro, gente"
1586033491472519170,1,"povo, presidente, porque, bolsonaro, gente"
1586053804172218368,8,"bolsonaro, saúde, vacina, pessoas, pandemia"
1586104000889651200,1,"povo, presidente, porque, bolsonaro, gente"
1586117709657387008,0,"brasil, brasildaesperança, povo, país, equipelula"
1586153931008253956,3,"cirotv, vivo, cirotv br, br, acompanhe"
1586154797073252353,0,"brasil, brasildaesperança, povo, país, equipelula"
1586154989835014144,2,"governo, renda, salário, mínimo, aumento"
1586156236571033601,11,"fake, fake news, news, verdade, mentiras"
1586156635705442305,2,"governo, renda, salário, mínimo, aumento"
1586157086710587392,7,"educação, brasil, crianças, ensino, melhores"
1586157675326283776,2,"governo, renda, salário, mínimo, aumento"
1586158760757583872,0,"brasil, brasildaesperança, povo, país, equipelula"
1586159708448215040,0,"brasil, brasildaesperança, povo, país, equipelula"
1586161070091083776,0,"brasil, brasildaesperança, povo, país, equipelula"
1586161318905749504,1,"povo, presidente, porque, bolsonaro, gente"
1586162790011572224,2,"governo, renda, salário, mínimo, aumento"
1586163335149805568,1,"povo, presidente, porque, bolsonaro, gente"
1586164564588220417,0,"brasil, brasildaesperança, povo, país, equipelula"
1586166942867521537,2,"governo, renda, salário, mínimo, aumento"
1586167339506348032,2,"governo, renda, salário, mínimo, aumento"
1586168015099678720,1,"povo, presidente, porque, bolsonaro, gente"
1586168386630946816,0,"brasil, brasildaesperança, povo, país, equipelula"
1586169261332254720,1,"povo, presidente, porque, bolsonaro, gente"
1586169801298575361,1,"povo, presidente, porque, bolsonaro, gente"
1586170131742429187,2,"governo, renda, salário, mínimo, aumento"
1586171324694614017,3,"cirotv, vivo, cirotv br, br, acompanhe"
1586171813813317632,8,"bolsonaro, saúde, vacina, pessoas, pandemia"
1586172290223546368,8,"bolsonaro, saúde, vacina, pessoas, pandemia"
1586173153205575683,8,"bolsonaro, saúde, vacina, pessoas, pandemia"
1586174051038412800,8,"bolsonaro, saúde, vacina, pessoas, pandemia"
1586174618691256321,0,"brasil, brasildaesperança, povo, país, equipelula"
1586176765705478144,1,"povo, presidente, porque, bolsonaro, gente"
1586176910622531584,1,"povo, presidente, porque, bolsonaro, gente"
1586177174020792320,1,"povo, presidente, porque, bolsonaro, gente"
1586177519169912833,8,"bolsonaro, saúde, vacina, pessoas, pandemia"
1586178734268493824,1,"povo, presidente, porque, bolsonaro, gente"
1586179490622935042,1,"povo, presidente, porque, bolsonaro, gente"
1586180150521393152,11,"fake, fake news, news, verdade, mentiras"
1586182068102647808,1,"povo, presidente, porque, bolsonaro, gente"
1586182234213875714,2,"governo, renda, salário, mínimo, aumento"
1586182656940613633,0,"brasil, brasildaesperança, povo, país, equipelula"
1586183450439995392,2,"governo, renda, salário, mínimo, aumento"
1586183573416992770,1,"povo, presidente, porque, bolsonaro, gente"
1586184625818591233,0,"brasil, brasildaesperança, povo, país, equipelula"
1586186650001977344,10,"indígenas, povos, precisamos, desenvolvimento, ilegal"
1586186864956178433,1,"povo, presidente, porque, bolsonaro, gente"
1586187337612267520,1,"povo, presidente, porque, bolsonaro, gente"
1586188946530340864,1,"povo, presidente, porque, bolsonaro, gente"
1586190666832703488,0,"brasil, brasildaesperança, povo, país, equipelula"
1586211786088488963,0,"brasil, brasildaesperança, povo, país, equipelula"
1586308279977664512,0,"brasil, brasildaesperança, povo, país, equipelula"
1586321966012956672,0,"brasil, brasildaesperança, povo, país, equipelula"
1586330384609947648,2,"governo, renda, salário, mínimo, aumento"
1586348618532810753,0,"brasil, brasildaesperança, povo, país, equipelula"
1586357241321754624,0,"brasil, brasildaesperança, povo, país, equipelula"
1586369634671874049,0,"brasil, brasildaesperança, povo, país, equipelula"
1586391620685123584,5,"dia, amanhã, bom, povo, obrigado"
1586400587838803968,0,"brasil, brasildaesperança, povo, país, equipelula"
1586418453925208065,0,"brasil, brasildaesperança, povo, país, equipelula"
1586425906788466688,4,"broadcasts, lula, broadcasts lula, imprensa, conversa"
1586435014199152641,11,"fake, fake news, news, verdade, mentiras"
1586435647606165504,1,"povo, presidente, porque, bolsonaro, gente"
1586436233428729856,0,"brasil, brasildaesperança, povo, país, equipelula"
1586437087154171906,1,"povo, presidente, porque, bolsonaro, gente"
1586440104679120897,4,"broadcasts, lula, broadcasts lula, imprensa, conversa"
1586446775576977408,0,"brasil, brasildaesperança, povo, país, equipelula"
1586467541450657792,1,"povo, presidente, porque, bolsonaro, gente"
1586484260139065344,0,"brasil, brasildaesperança, povo, país, equipelula"
1586495913513689091,0,"brasil, brasildaesperança, povo, país, equipelula"
1586503919689437184,0,"brasil, brasildaesperança, povo, país, equipelula"
